#include "lvgl.h"

#ifndef LV_ATTRIBUTE_MEM_ALIGN
    #define LV_ATTRIBUTE_MEM_ALIGN
#endif

// IMAGE DATA: found.png
const LV_ATTRIBUTE_MEM_ALIGN uint8_t ui_img_found_block_png_data[] = {
    0x00, 0x00, 0x00, 0x00, 0x00, 0x00, 0x00, 0x00, 0x00, 0x00, 0x00, 0x00, 0x00, 0x00, 0x00, 0x00,
    0x00, 0x00, 0x00, 0x00, 0x00, 0x00, 0x00, 0x00, 0x00, 0x00, 0x00, 0x00, 0x00, 0x00, 0x07, 0xE0,
    0x01, 0x07, 0xE3, 0x35, 0x07, 0xE2, 0x84, 0x07, 0xE3, 0xB8, 0x07, 0xE2, 0xD3, 0x07, 0xE2, 0xEA,
    0x07, 0xE2, 0xFF, 0x07, 0xE2, 0xFF, 0x07, 0xE2, 0xFF, 0x07, 0xE2, 0xFF, 0x07, 0xE2, 0xFF, 0x07,
    0xE2, 0xFF, 0x07, 0xE2, 0xFF, 0x07, 0xE2, 0xFF, 0x07, 0xE2, 0xFF, 0x07, 0xE2, 0xFF, 0x07, 0xE2,
    0xFF, 0x07, 0xE2, 0xFF, 0x07, 0xE2, 0xFF, 0x07, 0xE2, 0xFF, 0x07, 0xE2, 0xFF, 0x07, 0xE2, 0xFF,
    0x07, 0xE2, 0xFF, 0x07, 0xE2, 0xFF, 0x07, 0xE2, 0xFF, 0x07, 0xE2, 0xFF, 0x07, 0xE2, 0xFF, 0x07,
    0xE2, 0xFF, 0x07, 0xE2, 0xFF, 0x07, 0xE2, 0xFF, 0x07, 0xE2, 0xFF, 0x07, 0xE2, 0xFF, 0x07, 0xE2,
    0xFF, 0x07, 0xE2, 0xFF, 0x07, 0xE2, 0xFF, 0x07, 0xE2, 0xFF, 0x07, 0xE2, 0xFF, 0x07, 0xE2, 0xFF,
    0x07, 0xE2, 0xFF, 0x07, 0xE2, 0xFF, 0x07, 0xE2, 0xFF, 0x07, 0xE2, 0xFF, 0x07, 0xE2, 0xFF, 0x07,
    0xE2, 0xFF, 0x07, 0xE2, 0xFF, 0x07, 0xE2, 0xFF, 0x07, 0xE2, 0xFF, 0x07, 0xE2, 0xFF, 0x07, 0xE2,
    0xFF, 0x07, 0xE2, 0xFF, 0x07, 0xE2, 0xFF, 0x07, 0xE2, 0xFF, 0x07, 0xE2, 0xFF, 0x07, 0xE2, 0xFF,
    0x07, 0xE2, 0xFF, 0x07, 0xE2, 0xFF, 0x07, 0xE2, 0xFF, 0x07, 0xE2, 0xFF, 0x07, 0xE2, 0xFF, 0x07,
    0xE2, 0xFF, 0x07, 0xE2, 0xFF, 0x07, 0xE2, 0xFF, 0x07, 0xE2, 0xFF, 0x07, 0xE2, 0xFF, 0x07, 0xE2,
    0xFF, 0x07, 0xE2, 0xFF, 0x07, 0xE2, 0xFF, 0x07, 0xE2, 0xFF, 0x07, 0xE2, 0xFF, 0x07, 0xE2, 0xFF,
    0x07, 0xE2, 0xFF, 0x07, 0xE2, 0xFF, 0x07, 0xE2, 0xFF, 0x07, 0xE2, 0xFF, 0x07, 0xE2, 0xFF, 0x07,
    0xE2, 0xFF, 0x07, 0xE2, 0xFF, 0x07, 0xE2, 0xFF, 0x07, 0xE2, 0xFF, 0x07, 0xE2, 0xFF, 0x07, 0xE2,
    0xFF, 0x07, 0xE2, 0xFF, 0x07, 0xE2, 0xFF, 0x07, 0xE2, 0xFF, 0x07, 0xE2, 0xFF, 0x07, 0xE2, 0xFF,
    0x07, 0xE2, 0xFF, 0x07, 0xE2, 0xFF, 0x07, 0xE2, 0xFF, 0x07, 0xE2, 0xFF, 0x07, 0xE2, 0xFF, 0x07,
    0xE2, 0xFF, 0x07, 0xE2, 0xFF, 0x07, 0xE2, 0xFF, 0x07, 0xE2, 0xFF, 0x07, 0xE2, 0xFF, 0x07, 0xE2,
    0xFF, 0x07, 0xE2, 0xFF, 0x07, 0xE2, 0xFF, 0x07, 0xE2, 0xFF, 0x07, 0xE2, 0xFF, 0x07, 0xE2, 0xFF,
    0x07, 0xE2, 0xFF, 0x07, 0xE2, 0xFF, 0x07, 0xE2, 0xFF, 0x07, 0xE2, 0xFF, 0x07, 0xE2, 0xFF, 0x07,
    0xE2, 0xFF, 0x07, 0xE2, 0xFF, 0x07, 0xE2, 0xFF, 0x07, 0xE2, 0xFF, 0x07, 0xE2, 0xFF, 0x07, 0xE2,
    0xFF, 0x07, 0xE2, 0xFF, 0x07, 0xE2, 0xFF, 0x07, 0xE2, 0xFF, 0x07, 0xE2, 0xFF, 0x07, 0xE2, 0xFF,
    0x07, 0xE2, 0xFF, 0x07, 0xE2, 0xFF, 0x07, 0xE2, 0xFF, 0x07, 0xE2, 0xFF, 0x07, 0xE2, 0xFF, 0x07,
    0xE2, 0xFF, 0x07, 0xE2, 0xFF, 0x07, 0xE2, 0xFF, 0x07, 0xE2, 0xFF, 0x07, 0xE2, 0xFF, 0x07, 0xE2,
    0xFF, 0x07, 0xE2, 0xFF, 0x07, 0xE2, 0xFF, 0x07, 0xE2, 0xFF, 0x07, 0xE2, 0xFF, 0x07, 0xE2, 0xFF,
    0x07, 0xE2, 0xFF, 0x07, 0xE2, 0xFF, 0x07, 0xE2, 0xFF, 0x07, 0xE2, 0xFF, 0x07, 0xE2, 0xFF, 0x07,
    0xE2, 0xFF, 0x07, 0xE2, 0xFF, 0x07, 0xE2, 0xFF, 0x07, 0xE2, 0xFF, 0x07, 0xE2, 0xFF, 0x07, 0xE2,
    0xFF, 0x07, 0xE2, 0xFF, 0x07, 0xE2, 0xFF, 0x07, 0xE2, 0xFF, 0x07, 0xE2, 0xFF, 0x07, 0xE2, 0xFF,
    0x07, 0xE2, 0xFF, 0x07, 0xE2, 0xFF, 0x07, 0xE2, 0xFF, 0x07, 0xE2, 0xFF, 0x07, 0xE2, 0xFF, 0x07,
    0xE2, 0xFF, 0x07, 0xE2, 0xFF, 0x07, 0xE2, 0xFF, 0x07, 0xE2, 0xFF, 0x07, 0xE2, 0xFF, 0x07, 0xE2,
    0xFF, 0x07, 0xE2, 0xFF, 0x07, 0xE2, 0xFF, 0x07, 0xE2, 0xFF, 0x07, 0xE2, 0xFF, 0x07, 0xE2, 0xFF,
    0x07, 0xE2, 0xFF, 0x07, 0xE2, 0xFF, 0x07, 0xE2, 0xFF, 0x07, 0xE2, 0xFF, 0x07, 0xE2, 0xFF, 0x07,
    0xE2, 0xFF, 0x07, 0xE2, 0xFF, 0x07, 0xE2, 0xFF, 0x07, 0xE2, 0xFF, 0x07, 0xE2, 0xFF, 0x07, 0xE2,
    0xFF, 0x07, 0xE2, 0xFF, 0x07, 0xE2, 0xFF, 0x07, 0xE2, 0xFF, 0x07, 0xE2, 0xFF, 0x07, 0xE2, 0xFF,
    0x07, 0xE2, 0xFF, 0x07, 0xE2, 0xFF, 0x07, 0xE2, 0xFF, 0x07, 0xE2, 0xFF, 0x07, 0xE2, 0xFF, 0x07,
    0xE2, 0xFF, 0x07, 0xE2, 0xFF, 0x07, 0xE2, 0xFF, 0x07, 0xE2, 0xFF, 0x07, 0xE2, 0xFF, 0x07, 0xE2,
    0xFF, 0x07, 0xE2, 0xFF, 0x07, 0xE2, 0xFF, 0x07, 0xE2, 0xFF, 0x07, 0xE2, 0xFF, 0x07, 0xE2, 0xFF,
    0x07, 0xE2, 0xFF, 0x07, 0xE2, 0xFF, 0x07, 0xE2, 0xFF, 0x07, 0xE2, 0xFF, 0x07, 0xE2, 0xFF, 0x07,
    0xE2, 0xFF, 0x07, 0xE2, 0xFF, 0x07, 0xE2, 0xFF, 0x07, 0xE2, 0xFF, 0x07, 0xE2, 0xFF, 0x07, 0xE2,
    0xFF, 0x07, 0xE2, 0xFF, 0x07, 0xE2, 0xFF, 0x07, 0xE2, 0xFF, 0x07, 0xE2, 0xFF, 0x07, 0xE2, 0xFF,
    0x07, 0xE2, 0xFF, 0x07, 0xE2, 0xFF, 0x07, 0xE2, 0xFF, 0x07, 0xE2, 0xFF, 0x07, 0xE2, 0xFF, 0x07,
    0xE2, 0xFF, 0x07, 0xE2, 0xFF, 0x07, 0xE2, 0xFF, 0x07, 0xE2, 0xFF, 0x07, 0xE2, 0xFF, 0x07, 0xE2,
    0xFF, 0x07, 0xE2, 0xFF, 0x07, 0xE2, 0xFF, 0x07, 0xE2, 0xFF, 0x07, 0xE2, 0xFF, 0x07, 0xE2, 0xFF,
    0x07, 0xE2, 0xFF, 0x07, 0xE2, 0xFF, 0x07, 0xE2, 0xFF, 0x07, 0xE2, 0xFF, 0x07, 0xE2, 0xFF, 0x07,
    0xE2, 0xFF, 0x07, 0xE2, 0xFF, 0x07, 0xE2, 0xFF, 0x07, 0xE2, 0xFF, 0x07, 0xE2, 0xFF, 0x07, 0xE2,
    0xFF, 0x07, 0xE2, 0xFF, 0x07, 0xE2, 0xFF, 0x07, 0xE2, 0xFF, 0x07, 0xE2, 0xFF, 0x07, 0xE2, 0xFF,
    0x07, 0xE2, 0xFF, 0x07, 0xE2, 0xFF, 0x07, 0xE2, 0xFF, 0x07, 0xE2, 0xFF, 0x07, 0xE2, 0xFF, 0x07,
    0xE2, 0xFF, 0x07, 0xE2, 0xFF, 0x07, 0xE2, 0xFF, 0x07, 0xE2, 0xFF, 0x07, 0xE2, 0xFF, 0x07, 0xE2,
    0xFF, 0x07, 0xE2, 0xFF, 0x07, 0xE2, 0xFF, 0x07, 0xE2, 0xFF, 0x07, 0xE2, 0xFF, 0x07, 0xE2, 0xFF,
    0x07, 0xE2, 0xFF, 0x07, 0xE2, 0xFF, 0x07, 0xE2, 0xFF, 0x07, 0xE2, 0xFF, 0x07, 0xE2, 0xFF, 0x07,
    0xE2, 0xFF, 0x07, 0xE2, 0xFF, 0x07, 0xE2, 0xFF, 0x07, 0xE2, 0xFF, 0x07, 0xE2, 0xFF, 0x07, 0xE2,
    0xFF, 0x07, 0xE2, 0xFF, 0x07, 0xE2, 0xFF, 0x07, 0xE2, 0xFF, 0x07, 0xE2, 0xFF, 0x07, 0xE2, 0xFF,
    0x07, 0xE2, 0xFF, 0x07, 0xE2, 0xFF, 0x07, 0xE2, 0xFF, 0x07, 0xE2, 0xFF, 0x07, 0xE2, 0xFF, 0x07,
    0xE2, 0xFF, 0x07, 0xE2, 0xEA, 0x07, 0xE2, 0xD3, 0x07, 0xE3, 0xB8, 0x07, 0xE2, 0x84, 0x07, 0xE3,
    0x35, 0x07, 0xE0, 0x01, 0x00, 0x00, 0x00, 0x00, 0x00, 0x00, 0x00, 0x00, 0x00, 0x00, 0x00, 0x00,
    0x00, 0x00, 0x00, 0x00, 0x00, 0x00, 0x00, 0x00, 0x00, 0x00, 0x00, 0x00, 0x00, 0x00, 0x00, 0x00,
    0x00, 0x00, 0x00, 0x00, 0x00, 0x00, 0x00, 0x00, 0x00, 0x00, 0x00, 0x00, 0x00, 0x00, 0x00, 0x00,
    0x00, 0x00, 0x00, 0x00, 0x00, 0x00, 0x00, 0x00, 0x00, 0x00, 0x07, 0xE2, 0x0B, 0x07, 0xE2, 0x7C,
    0x07, 0xE2, 0xE4, 0x07, 0xE2, 0xFF, 0x07, 0xE2, 0xFF, 0x07, 0xE2, 0xFF, 0x07, 0xE2, 0xFF, 0x07,
    0xE2, 0xFF, 0x07, 0xE2, 0xFF, 0x07, 0xE2, 0xFF, 0x07, 0xE2, 0xFF, 0x07, 0xE2, 0xFF, 0x07, 0xE2,
    0xFF, 0x07, 0xE2, 0xFF, 0x07, 0xE2, 0xFF, 0x07, 0xE2, 0xFF, 0x07, 0xE2, 0xFF, 0x07, 0xE2, 0xFF,
    0x07, 0xE2, 0xFF, 0x07, 0xE2, 0xFF, 0x07, 0xE2, 0xFF, 0x07, 0xE2, 0xFF, 0x07, 0xE2, 0xFF, 0x07,
    0xE2, 0xFF, 0x07, 0xE2, 0xFF, 0x07, 0xE2, 0xFF, 0x07, 0xE2, 0xFF, 0x07, 0xE2, 0xFF, 0x07, 0xE2,
    0xFF, 0x07, 0xE2, 0xFF, 0x07, 0xE2, 0xFF, 0x07, 0xE2, 0xFF, 0x07, 0xE2, 0xFF, 0x07, 0xE2, 0xFF,
    0x07, 0xE2, 0xFF, 0x07, 0xE2, 0xFF, 0x07, 0xE2, 0xFF, 0x07, 0xE2, 0xFF, 0x07, 0xE2, 0xFF, 0x07,
    0xE2, 0xFF, 0x07, 0xE2, 0xFF, 0x07, 0xE2, 0xFF, 0x07, 0xE2, 0xFF, 0x07, 0xE2, 0xFF, 0x07, 0xE2,
    0xFF, 0x07, 0xE2, 0xFF, 0x07, 0xE2, 0xFF, 0x07, 0xE2, 0xFF, 0x07, 0xE2, 0xFF, 0x07, 0xE2, 0xFF,
    0x07, 0xE2, 0xFF, 0x07, 0xE2, 0xFF, 0x07, 0xE2, 0xFF, 0x07, 0xE2, 0xFF, 0x07, 0xE2, 0xFF, 0x07,
    0xE2, 0xFF, 0x07, 0xE2, 0xFF, 0x07, 0xE2, 0xFF, 0x07, 0xE2, 0xFF, 0x07, 0xE2, 0xFF, 0x07, 0xE2,
    0xFF, 0x07, 0xE2, 0xFF, 0x07, 0xE2, 0xFF, 0x07, 0xE2, 0xFF, 0x07, 0xE2, 0xFF, 0x07, 0xE2, 0xFF,
    0x07, 0xE2, 0xFF, 0x07, 0xE2, 0xFF, 0x07, 0xE2, 0xFF, 0x07, 0xE2, 0xFF, 0x07, 0xE2, 0xFF, 0x07,
    0xE2, 0xFF, 0x07, 0xE2, 0xFF, 0x07, 0xE2, 0xFF, 0x07, 0xE2, 0xFF, 0x07, 0xE2, 0xFF, 0x07, 0xE2,
    0xFF, 0x07, 0xE2, 0xFF, 0x07, 0xE2, 0xFF, 0x07, 0xE2, 0xFF, 0x07, 0xE2, 0xFF, 0x07, 0xE2, 0xFF,
    0x07, 0xE2, 0xFF, 0x07, 0xE2, 0xFF, 0x07, 0xE2, 0xFF, 0x07, 0xE2, 0xFF, 0x07, 0xE2, 0xFF, 0x07,
    0xE2, 0xFF, 0x07, 0xE2, 0xFF, 0x07, 0xE2, 0xFF, 0x07, 0xE2, 0xFF, 0x07, 0xE2, 0xFF, 0x07, 0xE2,
    0xFF, 0x07, 0xE2, 0xFF, 0x07, 0xE2, 0xFF, 0x07, 0xE2, 0xFF, 0x07, 0xE2, 0xFF, 0x07, 0xE2, 0xFF,
    0x07, 0xE2, 0xFF, 0x07, 0xE2, 0xFF, 0x07, 0xE2, 0xFF, 0x07, 0xE2, 0xFF, 0x07, 0xE2, 0xFF, 0x07,
    0xE2, 0xFF, 0x07, 0xE2, 0xFF, 0x07, 0xE2, 0xFF, 0x07, 0xE2, 0xFF, 0x07, 0xE2, 0xFF, 0x07, 0xE2,
    0xFF, 0x07, 0xE2, 0xFF, 0x07, 0xE2, 0xFF, 0x07, 0xE2, 0xFF, 0x07, 0xE2, 0xFF, 0x07, 0xE2, 0xFF,
    0x07, 0xE2, 0xFF, 0x07, 0xE2, 0xFF, 0x07, 0xE2, 0xFF, 0x07, 0xE2, 0xFF, 0x07, 0xE2, 0xFF, 0x07,
    0xE2, 0xFF, 0x07, 0xE2, 0xFF, 0x07, 0xE2, 0xFF, 0x07, 0xE2, 0xFF, 0x07, 0xE2, 0xFF, 0x07, 0xE2,
    0xFF, 0x07, 0xE2, 0xFF, 0x07, 0xE2, 0xFF, 0x07, 0xE2, 0xFF, 0x07, 0xE2, 0xFF, 0x07, 0xE2, 0xFF,
    0x07, 0xE2, 0xFF, 0x07, 0xE2, 0xFF, 0x07, 0xE2, 0xFF, 0x07, 0xE2, 0xFF, 0x07, 0xE2, 0xFF, 0x07,
    0xE2, 0xFF, 0x07, 0xE2, 0xFF, 0x07, 0xE2, 0xFF, 0x07, 0xE2, 0xFF, 0x07, 0xE2, 0xFF, 0x07, 0xE2,
    0xFF, 0x07, 0xE2, 0xFF, 0x07, 0xE2, 0xFF, 0x07, 0xE2, 0xFF, 0x07, 0xE2, 0xFF, 0x07, 0xE2, 0xFF,
    0x07, 0xE2, 0xFF, 0x07, 0xE2, 0xFF, 0x07, 0xE2, 0xFF, 0x07, 0xE2, 0xFF, 0x07, 0xE2, 0xFF, 0x07,
    0xE2, 0xFF, 0x07, 0xE2, 0xFF, 0x07, 0xE2, 0xFF, 0x07, 0xE2, 0xFF, 0x07, 0xE2, 0xFF, 0x07, 0xE2,
    0xFF, 0x07, 0xE2, 0xFF, 0x07, 0xE2, 0xFF, 0x07, 0xE2, 0xFF, 0x07, 0xE2, 0xFF, 0x07, 0xE2, 0xFF,
    0x07, 0xE2, 0xFF, 0x07, 0xE2, 0xFF, 0x07, 0xE2, 0xFF, 0x07, 0xE2, 0xFF, 0x07, 0xE2, 0xFF, 0x07,
    0xE2, 0xFF, 0x07, 0xE2, 0xFF, 0x07, 0xE2, 0xFF, 0x07, 0xE2, 0xFF, 0x07, 0xE2, 0xFF, 0x07, 0xE2,
    0xFF, 0x07, 0xE2, 0xFF, 0x07, 0xE2, 0xFF, 0x07, 0xE2, 0xFF, 0x07, 0xE2, 0xFF, 0x07, 0xE2, 0xFF,
    0x07, 0xE2, 0xFF, 0x07, 0xE2, 0xFF, 0x07, 0xE2, 0xFF, 0x07, 0xE2, 0xFF, 0x07, 0xE2, 0xFF, 0x07,
    0xE2, 0xFF, 0x07, 0xE2, 0xFF, 0x07, 0xE2, 0xFF, 0x07, 0xE2, 0xFF, 0x07, 0xE2, 0xFF, 0x07, 0xE2,
    0xFF, 0x07, 0xE2, 0xFF, 0x07, 0xE2, 0xFF, 0x07, 0xE2, 0xFF, 0x07, 0xE2, 0xFF, 0x07, 0xE2, 0xFF,
    0x07, 0xE2, 0xFF, 0x07, 0xE2, 0xFF, 0x07, 0xE2, 0xFF, 0x07, 0xE2, 0xFF, 0x07, 0xE2, 0xFF, 0x07,
    0xE2, 0xFF, 0x07, 0xE2, 0xFF, 0x07, 0xE2, 0xFF, 0x07, 0xE2, 0xFF, 0x07, 0xE2, 0xFF, 0x07, 0xE2,
    0xFF, 0x07, 0xE2, 0xFF, 0x07, 0xE2, 0xFF, 0x07, 0xE2, 0xFF, 0x07, 0xE2, 0xFF, 0x07, 0xE2, 0xFF,
    0x07, 0xE2, 0xFF, 0x07, 0xE2, 0xFF, 0x07, 0xE2, 0xFF, 0x07, 0xE2, 0xFF, 0x07, 0xE2, 0xFF, 0x07,
    0xE2, 0xFF, 0x07, 0xE2, 0xFF, 0x07, 0xE2, 0xFF, 0x07, 0xE2, 0xFF, 0x07, 0xE2, 0xFF, 0x07, 0xE2,
    0xFF, 0x07, 0xE2, 0xFF, 0x07, 0xE2, 0xFF, 0x07, 0xE2, 0xFF, 0x07, 0xE2, 0xFF, 0x07, 0xE2, 0xFF,
    0x07, 0xE2, 0xFF, 0x07, 0xE2, 0xFF, 0x07, 0xE2, 0xFF, 0x07, 0xE2, 0xFF, 0x07, 0xE2, 0xFF, 0x07,
    0xE2, 0xFF, 0x07, 0xE2, 0xFF, 0x07, 0xE2, 0xFF, 0x07, 0xE2, 0xFF, 0x07, 0xE2, 0xFF, 0x07, 0xE2,
    0xFF, 0x07, 0xE2, 0xFF, 0x07, 0xE2, 0xFF, 0x07, 0xE2, 0xFF, 0x07, 0xE2, 0xFF, 0x07, 0xE2, 0xFF,
    0x07, 0xE2, 0xFF, 0x07, 0xE2, 0xFF, 0x07, 0xE2, 0xFF, 0x07, 0xE2, 0xFF, 0x07, 0xE2, 0xFF, 0x07,
    0xE2, 0xFF, 0x07, 0xE2, 0xFF, 0x07, 0xE2, 0xFF, 0x07, 0xE2, 0xFF, 0x07, 0xE2, 0xFF, 0x07, 0xE2,
    0xFF, 0x07, 0xE2, 0xFF, 0x07, 0xE2, 0xFF, 0x07, 0xE2, 0xFF, 0x07, 0xE2, 0xFF, 0x07, 0xE2, 0xFF,
    0x07, 0xE2, 0xFF, 0x07, 0xE2, 0xFF, 0x07, 0xE2, 0xFF, 0x07, 0xE2, 0xFF, 0x07, 0xE2, 0xFF, 0x07,
    0xE2, 0xFF, 0x07, 0xE2, 0xFF, 0x07, 0xE2, 0xFF, 0x07, 0xE2, 0xFF, 0x07, 0xE2, 0xFF, 0x07, 0xE2,
    0xFF, 0x07, 0xE2, 0xFF, 0x07, 0xE2, 0xFF, 0x07, 0xE2, 0xFF, 0x07, 0xE2, 0xFF, 0x07, 0xE2, 0xFF,
    0x07, 0xE2, 0xFF, 0x07, 0xE2, 0xFF, 0x07, 0xE2, 0xFF, 0x07, 0xE2, 0xFF, 0x07, 0xE2, 0xFF, 0x07,
    0xE2, 0xFF, 0x07, 0xE2, 0xFF, 0x07, 0xE2, 0xFF, 0x07, 0xE2, 0xFF, 0x07, 0xE2, 0xFF, 0x07, 0xE2,
    0xFF, 0x07, 0xE2, 0xFF, 0x07, 0xE2, 0xFF, 0x07, 0xE2, 0xFF, 0x07, 0xE2, 0xFF, 0x07, 0xE2, 0xFF,
    0x07, 0xE2, 0xFF, 0x07, 0xE2, 0xE4, 0x07, 0xE2, 0x7B, 0x07, 0xE2, 0x0B, 0x00, 0x00, 0x00, 0x00,
    0x00, 0x00, 0x00, 0x00, 0x00, 0x00, 0x00, 0x00, 0x00, 0x00, 0x00, 0x00, 0x00, 0x00, 0x00, 0x00,
    0x00, 0x00, 0x00, 0x00, 0x00, 0x00, 0x00, 0x00, 0x00, 0x00, 0x00, 0x00, 0x00, 0x00, 0x00, 0x00,
    0x00, 0x00, 0x00, 0x00, 0x00, 0x00, 0x07, 0xE0, 0x01, 0x07, 0xE2, 0x66, 0x07, 0xE2, 0xE6, 0x07,
    0xE2, 0xFF, 0x07, 0xE2, 0xFF, 0x07, 0xE2, 0xFF, 0x07, 0xE2, 0xFF, 0x07, 0xE2, 0xFF, 0x07, 0xE2,
    0xFF, 0x07, 0xE2, 0xFF, 0x07, 0xE2, 0xFF, 0x07, 0xE2, 0xFF, 0x07, 0xE2, 0xFF, 0x07, 0xE2, 0xFF,
    0x07, 0xE2, 0xFF, 0x07, 0xE2, 0xFF, 0x07, 0xE2, 0xFF, 0x07, 0xE2, 0xFF, 0x07, 0xE2, 0xFF, 0x07,
    0xE2, 0xFF, 0x07, 0xE2, 0xFF, 0x07, 0xE2, 0xFF, 0x07, 0xE2, 0xFF, 0x07, 0xE2, 0xFF, 0x07, 0xE2,
    0xFF, 0x07, 0xE2, 0xFF, 0x07, 0xE2, 0xFF, 0x07, 0xE2, 0xFF, 0x07, 0xE2, 0xFF, 0x07, 0xE2, 0xFF,
    0x07, 0xE2, 0xFF, 0x07, 0xE2, 0xFF, 0x07, 0xE2, 0xFF, 0x07, 0xE2, 0xFF, 0x07, 0xE2, 0xFF, 0x07,
    0xE2, 0xFF, 0x07, 0xE2, 0xFF, 0x07, 0xE2, 0xFF, 0x07, 0xE2, 0xFF, 0x07, 0xE2, 0xFF, 0x07, 0xE2,
    0xFF, 0x07, 0xE2, 0xFF, 0x07, 0xE2, 0xFF, 0x07, 0xE2, 0xFF, 0x07, 0xE2, 0xFF, 0x07, 0xE2, 0xFF,
    0x07, 0xE2, 0xFF, 0x07, 0xE2, 0xFF, 0x07, 0xE2, 0xFF, 0x07, 0xE2, 0xFF, 0x07, 0xE2, 0xFF, 0x07,
    0xE2, 0xFF, 0x07, 0xE2, 0xFF, 0x07, 0xE2, 0xFF, 0x07, 0xE2, 0xFF, 0x07, 0xE2, 0xFF, 0x07, 0xE2,
    0xFF, 0x07, 0xE2, 0xFF, 0x07, 0xE2, 0xFF, 0x07, 0xE2, 0xFF, 0x07, 0xE2, 0xFF, 0x07, 0xE2, 0xFF,
    0x07, 0xE2, 0xFF, 0x07, 0xE2, 0xFF, 0x07, 0xE2, 0xFF, 0x07, 0xE2, 0xFF, 0x07, 0xE2, 0xFF, 0x07,
    0xE2, 0xFF, 0x07, 0xE2, 0xFF, 0x07, 0xE2, 0xFF, 0x07, 0xE2, 0xFF, 0x07, 0xE2, 0xFF, 0x07, 0xE2,
    0xFF, 0x07, 0xE2, 0xFF, 0x07, 0xE2, 0xFF, 0x07, 0xE2, 0xFF, 0x07, 0xE2, 0xFF, 0x07, 0xE2, 0xFF,
    0x07, 0xE2, 0xFF, 0x07, 0xE2, 0xFF, 0x07, 0xE2, 0xFF, 0x07, 0xE2, 0xFF, 0x07, 0xE2, 0xFF, 0x07,
    0xE2, 0xFF, 0x07, 0xE2, 0xFF, 0x07, 0xE2, 0xFF, 0x07, 0xE2, 0xFF, 0x07, 0xE2, 0xFF, 0x07, 0xE2,
    0xFF, 0x07, 0xE2, 0xFF, 0x07, 0xE2, 0xFF, 0x07, 0xE2, 0xFF, 0x07, 0xE2, 0xFF, 0x07, 0xE2, 0xFF,
    0x07, 0xE2, 0xFF, 0x07, 0xE2, 0xFF, 0x07, 0xE2, 0xFF, 0x07, 0xE2, 0xFF, 0x07, 0xE2, 0xFF, 0x07,
    0xE2, 0xFF, 0x07, 0xE2, 0xFF, 0x07, 0xE2, 0xFF, 0x07, 0xE2, 0xFF, 0x07, 0xE2, 0xFF, 0x07, 0xE2,
    0xFF, 0x07, 0xE2, 0xFF, 0x07, 0xE2, 0xFF, 0x07, 0xE2, 0xFF, 0x07, 0xE2, 0xFF, 0x07, 0xE2, 0xFF,
    0x07, 0xE2, 0xFF, 0x07, 0xE2, 0xFF, 0x07, 0xE2, 0xFF, 0x07, 0xE2, 0xFF, 0x07, 0xE2, 0xFF, 0x07,
    0xE2, 0xFF, 0x07, 0xE2, 0xFF, 0x07, 0xE2, 0xFF, 0x07, 0xE2, 0xFF, 0x07, 0xE2, 0xFF, 0x07, 0xE2,
    0xFF, 0x07, 0xE2, 0xFF, 0x07, 0xE2, 0xFF, 0x07, 0xE2, 0xFF, 0x07, 0xE2, 0xFF, 0x07, 0xE2, 0xFF,
    0x07, 0xE2, 0xFF, 0x07, 0xE2, 0xFF, 0x07, 0xE2, 0xFF, 0x07, 0xE2, 0xFF, 0x07, 0xE2, 0xFF, 0x07,
    0xE2, 0xFF, 0x07, 0xE2, 0xFF, 0x07, 0xE2, 0xFF, 0x07, 0xE2, 0xFF, 0x07, 0xE2, 0xFF, 0x07, 0xE2,
    0xFF, 0x07, 0xE2, 0xFF, 0x07, 0xE2, 0xFF, 0x07, 0xE2, 0xFF, 0x07, 0xE2, 0xFF, 0x07, 0xE2, 0xFF,
    0x07, 0xE2, 0xFF, 0x07, 0xE2, 0xFF, 0x07, 0xE2, 0xFF, 0x07, 0xE2, 0xFF, 0x07, 0xE2, 0xFF, 0x07,
    0xE2, 0xFF, 0x07, 0xE2, 0xFF, 0x07, 0xE2, 0xFF, 0x07, 0xE2, 0xFF, 0x07, 0xE2, 0xFF, 0x07, 0xE2,
    0xFF, 0x07, 0xE2, 0xFF, 0x07, 0xE2, 0xFF, 0x07, 0xE2, 0xFF, 0x07, 0xE2, 0xFF, 0x07, 0xE2, 0xFF,
    0x07, 0xE2, 0xFF, 0x07, 0xE2, 0xFF, 0x07, 0xE2, 0xFF, 0x07, 0xE2, 0xFF, 0x07, 0xE2, 0xFF, 0x07,
    0xE2, 0xFF, 0x07, 0xE2, 0xFF, 0x07, 0xE2, 0xFF, 0x07, 0xE2, 0xFF, 0x07, 0xE2, 0xFF, 0x07, 0xE2,
    0xFF, 0x07, 0xE2, 0xFF, 0x07, 0xE2, 0xFF, 0x07, 0xE2, 0xFF, 0x07, 0xE2, 0xFF, 0x07, 0xE2, 0xFF,
    0x07, 0xE2, 0xFF, 0x07, 0xE2, 0xFF, 0x07, 0xE2, 0xFF, 0x07, 0xE2, 0xFF, 0x07, 0xE2, 0xFF, 0x07,
    0xE2, 0xFF, 0x07, 0xE2, 0xFF, 0x07, 0xE2, 0xFF, 0x07, 0xE2, 0xFF, 0x07, 0xE2, 0xFF, 0x07, 0xE2,
    0xFF, 0x07, 0xE2, 0xFF, 0x07, 0xE2, 0xFF, 0x07, 0xE2, 0xFF, 0x07, 0xE2, 0xFF, 0x07, 0xE2, 0xFF,
    0x07, 0xE2, 0xFF, 0x07, 0xE2, 0xFF, 0x07, 0xE2, 0xFF, 0x07, 0xE2, 0xFF, 0x07, 0xE2, 0xFF, 0x07,
    0xE2, 0xFF, 0x07, 0xE2, 0xFF, 0x07, 0xE2, 0xFF, 0x07, 0xE2, 0xFF, 0x07, 0xE2, 0xFF, 0x07, 0xE2,
    0xFF, 0x07, 0xE2, 0xFF, 0x07, 0xE2, 0xFF, 0x07, 0xE2, 0xFF, 0x07, 0xE2, 0xFF, 0x07, 0xE2, 0xFF,
    0x07, 0xE2, 0xFF, 0x07, 0xE2, 0xFF, 0x07, 0xE2, 0xFF, 0x07, 0xE2, 0xFF, 0x07, 0xE2, 0xFF, 0x07,
    0xE2, 0xFF, 0x07, 0xE2, 0xFF, 0x07, 0xE2, 0xFF, 0x07, 0xE2, 0xFF, 0x07, 0xE2, 0xFF, 0x07, 0xE2,
    0xFF, 0x07, 0xE2, 0xFF, 0x07, 0xE2, 0xFF, 0x07, 0xE2, 0xFF, 0x07, 0xE2, 0xFF, 0x07, 0xE2, 0xFF,
    0x07, 0xE2, 0xFF, 0x07, 0xE2, 0xFF, 0x07, 0xE2, 0xFF, 0x07, 0xE2, 0xFF, 0x07, 0xE2, 0xFF, 0x07,
    0xE2, 0xFF, 0x07, 0xE2, 0xFF, 0x07, 0xE2, 0xFF, 0x07, 0xE2, 0xFF, 0x07, 0xE2, 0xFF, 0x07, 0xE2,
    0xFF, 0x07, 0xE2, 0xFF, 0x07, 0xE2, 0xFF, 0x07, 0xE2, 0xFF, 0x07, 0xE2, 0xFF, 0x07, 0xE2, 0xFF,
    0x07, 0xE2, 0xFF, 0x07, 0xE2, 0xFF, 0x07, 0xE2, 0xFF, 0x07, 0xE2, 0xFF, 0x07, 0xE2, 0xFF, 0x07,
    0xE2, 0xFF, 0x07, 0xE2, 0xFF, 0x07, 0xE2, 0xFF, 0x07, 0xE2, 0xFF, 0x07, 0xE2, 0xFF, 0x07, 0xE2,
    0xFF, 0x07, 0xE2, 0xFF, 0x07, 0xE2, 0xFF, 0x07, 0xE2, 0xFF, 0x07, 0xE2, 0xFF, 0x07, 0xE2, 0xFF,
    0x07, 0xE2, 0xFF, 0x07, 0xE2, 0xFF, 0x07, 0xE2, 0xFF, 0x07, 0xE2, 0xFF, 0x07, 0xE2, 0xFF, 0x07,
    0xE2, 0xFF, 0x07, 0xE2, 0xFF, 0x07, 0xE2, 0xFF, 0x07, 0xE2, 0xFF, 0x07, 0xE2, 0xFF, 0x07, 0xE2,
    0xFF, 0x07, 0xE2, 0xFF, 0x07, 0xE2, 0xFF, 0x07, 0xE2, 0xFF, 0x07, 0xE2, 0xFF, 0x07, 0xE2, 0xFF,
    0x07, 0xE2, 0xFF, 0x07, 0xE2, 0xFF, 0x07, 0xE2, 0xFF, 0x07, 0xE2, 0xFF, 0x07, 0xE2, 0xFF, 0x07,
    0xE2, 0xFF, 0x07, 0xE2, 0xFF, 0x07, 0xE2, 0xFF, 0x07, 0xE2, 0xFF, 0x07, 0xE2, 0xFF, 0x07, 0xE2,
    0xFF, 0x07, 0xE2, 0xFF, 0x07, 0xE2, 0xFF, 0x07, 0xE2, 0xFF, 0x07, 0xE2, 0xFF, 0x07, 0xE2, 0xFF,
    0x07, 0xE2, 0xFF, 0x07, 0xE2, 0xFF, 0x07, 0xE2, 0xFF, 0x07, 0xE2, 0xFF, 0x07, 0xE2, 0xFF, 0x07,
    0xE2, 0xFF, 0x07, 0xE2, 0xFF, 0x07, 0xE2, 0xFF, 0x07, 0xE2, 0xFF, 0x07, 0xE2, 0xE6, 0x07, 0xE2,
    0x65, 0x07, 0xE0, 0x01, 0x00, 0x00, 0x00, 0x00, 0x00, 0x00, 0x00, 0x00, 0x00, 0x00, 0x00, 0x00,
    0x00, 0x00, 0x00, 0x00, 0x00, 0x00, 0x00, 0x00, 0x00, 0x00, 0x00, 0x00, 0x00, 0x00, 0x00, 0x00,
    0x00, 0x00, 0x00, 0x00, 0x00, 0x07, 0xE4, 0x08, 0x07, 0xE2, 0xA3, 0x07, 0xE2, 0xFF, 0x07, 0xE2,
    0xFF, 0x07, 0xE2, 0xFF, 0x07, 0xE2, 0xFF, 0x07, 0xE2, 0xFF, 0x07, 0xE2, 0xFF, 0x07, 0xE2, 0xFF,
    0x07, 0xE2, 0xFF, 0x07, 0xE2, 0xFF, 0x07, 0xE2, 0xFF, 0x07, 0xE2, 0xFF, 0x07, 0xE2, 0xFF, 0x07,
    0xE2, 0xFF, 0x07, 0xE2, 0xFF, 0x07, 0xE2, 0xFF, 0x07, 0xE2, 0xFF, 0x07, 0xE2, 0xFF, 0x07, 0xE2,
    0xFF, 0x07, 0xE2, 0xFF, 0x07, 0xE2, 0xFF, 0x07, 0xE2, 0xFF, 0x07, 0xE2, 0xFF, 0x07, 0xE2, 0xFF,
    0x07, 0xE2, 0xFF, 0x07, 0xE2, 0xFF, 0x07, 0xE2, 0xFF, 0x07, 0xE2, 0xFF, 0x07, 0xE2, 0xFF, 0x07,
    0xE2, 0xFF, 0x07, 0xE2, 0xFF, 0x07, 0xE2, 0xFF, 0x07, 0xE2, 0xFF, 0x07, 0xE2, 0xFF, 0x07, 0xE2,
    0xFF, 0x07, 0xE2, 0xFF, 0x07, 0xE2, 0xFF, 0x07, 0xE2, 0xFF, 0x07, 0xE2, 0xFF, 0x07, 0xE2, 0xFF,
    0x07, 0xE2, 0xFF, 0x07, 0xE2, 0xFF, 0x07, 0xE2, 0xFF, 0x07, 0xE2, 0xFF, 0x07, 0xE2, 0xFF, 0x07,
    0xE2, 0xFF, 0x07, 0xE2, 0xFF, 0x07, 0xE2, 0xFF, 0x07, 0xE2, 0xFF, 0x07, 0xE2, 0xFF, 0x07, 0xE2,
    0xFF, 0x07, 0xE2, 0xFF, 0x07, 0xE2, 0xFF, 0x07, 0xE2, 0xFF, 0x07, 0xE2, 0xFF, 0x07, 0xE2, 0xFF,
    0x07, 0xE2, 0xFF, 0x07, 0xE2, 0xFF, 0x07, 0xE2, 0xFF, 0x07, 0xE2, 0xFF, 0x07, 0xE2, 0xFF, 0x07,
    0xE2, 0xFF, 0x07, 0xE2, 0xFF, 0x07, 0xE2, 0xFF, 0x07, 0xE2, 0xFF, 0x07, 0xE2, 0xFF, 0x07, 0xE2,
    0xFF, 0x07, 0xE2, 0xFF, 0x07, 0xE2, 0xFF, 0x07, 0xE2, 0xFF, 0x07, 0xE2, 0xFF, 0x07, 0xE2, 0xFF,
    0x07, 0xE2, 0xFF, 0x07, 0xE2, 0xFF, 0x07, 0xE2, 0xFF, 0x07, 0xE2, 0xFF, 0x07, 0xE2, 0xFF, 0x07,
    0xE2, 0xFF, 0x07, 0xE2, 0xFF, 0x07, 0xE2, 0xFF, 0x07, 0xE2, 0xFF, 0x07, 0xE2, 0xFF, 0x07, 0xE2,
    0xFF, 0x07, 0xE2, 0xFF, 0x07, 0xE2, 0xFF, 0x07, 0xE2, 0xFF, 0x07, 0xE2, 0xFF, 0x07, 0xE2, 0xFF,
    0x07, 0xE2, 0xFF, 0x07, 0xE2, 0xFF, 0x07, 0xE2, 0xFF, 0x07, 0xE2, 0xFF, 0x07, 0xE2, 0xFF, 0x07,
    0xE2, 0xFF, 0x07, 0xE2, 0xFF, 0x07, 0xE2, 0xFF, 0x07, 0xE2, 0xFF, 0x07, 0xE2, 0xFF, 0x07, 0xE2,
    0xFF, 0x07, 0xE2, 0xFF, 0x07, 0xE2, 0xFF, 0x07, 0xE2, 0xFF, 0x07, 0xE2, 0xFF, 0x07, 0xE2, 0xFF,
    0x07, 0xE2, 0xFF, 0x07, 0xE2, 0xFF, 0x07, 0xE2, 0xFF, 0x07, 0xE2, 0xFF, 0x07, 0xE2, 0xFF, 0x07,
    0xE2, 0xFF, 0x07, 0xE2, 0xFF, 0x07, 0xE2, 0xFF, 0x07, 0xE2, 0xFF, 0x07, 0xE2, 0xFF, 0x07, 0xE2,
    0xFF, 0x07, 0xE2, 0xFF, 0x07, 0xE2, 0xFF, 0x07, 0xE2, 0xFF, 0x07, 0xE2, 0xFF, 0x07, 0xE2, 0xFF,
    0x07, 0xE2, 0xFF, 0x07, 0xE2, 0xFF, 0x07, 0xE2, 0xFF, 0x07, 0xE2, 0xFF, 0x07, 0xE2, 0xFF, 0x07,
    0xE2, 0xFF, 0x07, 0xE2, 0xFF, 0x07, 0xE2, 0xFF, 0x07, 0xE2, 0xFF, 0x07, 0xE2, 0xFF, 0x07, 0xE2,
    0xFF, 0x07, 0xE2, 0xFF, 0x07, 0xE2, 0xFF, 0x07, 0xE2, 0xFF, 0x07, 0xE2, 0xFF, 0x07, 0xE2, 0xFF,
    0x07, 0xE2, 0xFF, 0x07, 0xE2, 0xFF, 0x07, 0xE2, 0xFF, 0x07, 0xE2, 0xFF, 0x07, 0xE2, 0xFF, 0x07,
    0xE2, 0xFF, 0x07, 0xE2, 0xFF, 0x07, 0xE2, 0xFF, 0x07, 0xE2, 0xFF, 0x07, 0xE2, 0xFF, 0x07, 0xE2,
    0xFF, 0x07, 0xE2, 0xFF, 0x07, 0xE2, 0xFF, 0x07, 0xE2, 0xFF, 0x07, 0xE2, 0xFF, 0x07, 0xE2, 0xFF,
    0x07, 0xE2, 0xFF, 0x07, 0xE2, 0xFF, 0x07, 0xE2, 0xFF, 0x07, 0xE2, 0xFF, 0x07, 0xE2, 0xFF, 0x07,
    0xE2, 0xFF, 0x07, 0xE2, 0xFF, 0x07, 0xE2, 0xFF, 0x07, 0xE2, 0xFF, 0x07, 0xE2, 0xFF, 0x07, 0xE2,
    0xFF, 0x07, 0xE2, 0xFF, 0x07, 0xE2, 0xFF, 0x07, 0xE2, 0xFF, 0x07, 0xE2, 0xFF, 0x07, 0xE2, 0xFF,
    0x07, 0xE2, 0xFF, 0x07, 0xE2, 0xFF, 0x07, 0xE2, 0xFF, 0x07, 0xE2, 0xFF, 0x07, 0xE2, 0xFF, 0x07,
    0xE2, 0xFF, 0x07, 0xE2, 0xFF, 0x07, 0xE2, 0xFF, 0x07, 0xE2, 0xFF, 0x07, 0xE2, 0xFF, 0x07, 0xE2,
    0xFF, 0x07, 0xE2, 0xFF, 0x07, 0xE2, 0xFF, 0x07, 0xE2, 0xFF, 0x07, 0xE2, 0xFF, 0x07, 0xE2, 0xFF,
    0x07, 0xE2, 0xFF, 0x07, 0xE2, 0xFF, 0x07, 0xE2, 0xFF, 0x07, 0xE2, 0xFF, 0x07, 0xE2, 0xFF, 0x07,
    0xE2, 0xFF, 0x07, 0xE2, 0xFF, 0x07, 0xE2, 0xFF, 0x07, 0xE2, 0xFF, 0x07, 0xE2, 0xFF, 0x07, 0xE2,
    0xFF, 0x07, 0xE2, 0xFF, 0x07, 0xE2, 0xFF, 0x07, 0xE2, 0xFF, 0x07, 0xE2, 0xFF, 0x07, 0xE2, 0xFF,
    0x07, 0xE2, 0xFF, 0x07, 0xE2, 0xFF, 0x07, 0xE2, 0xFF, 0x07, 0xE2, 0xFF, 0x07, 0xE2, 0xFF, 0x07,
    0xE2, 0xFF, 0x07, 0xE2, 0xFF, 0x07, 0xE2, 0xFF, 0x07, 0xE2, 0xFF, 0x07, 0xE2, 0xFF, 0x07, 0xE2,
    0xFF, 0x07, 0xE2, 0xFF, 0x07, 0xE2, 0xFF, 0x07, 0xE2, 0xFF, 0x07, 0xE2, 0xFF, 0x07, 0xE2, 0xFF,
    0x07, 0xE2, 0xFF, 0x07, 0xE2, 0xFF, 0x07, 0xE2, 0xFF, 0x07, 0xE2, 0xFF, 0x07, 0xE2, 0xFF, 0x07,
    0xE2, 0xFF, 0x07, 0xE2, 0xFF, 0x07, 0xE2, 0xFF, 0x07, 0xE2, 0xFF, 0x07, 0xE2, 0xFF, 0x07, 0xE2,
    0xFF, 0x07, 0xE2, 0xFF, 0x07, 0xE2, 0xFF, 0x07, 0xE2, 0xFF, 0x07, 0xE2, 0xFF, 0x07, 0xE2, 0xFF,
    0x07, 0xE2, 0xFF, 0x07, 0xE2, 0xFF, 0x07, 0xE2, 0xFF, 0x07, 0xE2, 0xFF, 0x07, 0xE2, 0xFF, 0x07,
    0xE2, 0xFF, 0x07, 0xE2, 0xFF, 0x07, 0xE2, 0xFF, 0x07, 0xE2, 0xFF, 0x07, 0xE2, 0xFF, 0x07, 0xE2,
    0xFF, 0x07, 0xE2, 0xFF, 0x07, 0xE2, 0xFF, 0x07, 0xE2, 0xFF, 0x07, 0xE2, 0xFF, 0x07, 0xE2, 0xFF,
    0x07, 0xE2, 0xFF, 0x07, 0xE2, 0xFF, 0x07, 0xE2, 0xFF, 0x07, 0xE2, 0xFF, 0x07, 0xE2, 0xFF, 0x07,
    0xE2, 0xFF, 0x07, 0xE2, 0xFF, 0x07, 0xE2, 0xFF, 0x07, 0xE2, 0xFF, 0x07, 0xE2, 0xFF, 0x07, 0xE2,
    0xFF, 0x07, 0xE2, 0xFF, 0x07, 0xE2, 0xFF, 0x07, 0xE2, 0xFF, 0x07, 0xE2, 0xFF, 0x07, 0xE2, 0xFF,
    0x07, 0xE2, 0xFF, 0x07, 0xE2, 0xFF, 0x07, 0xE2, 0xFF, 0x07, 0xE2, 0xFF, 0x07, 0xE2, 0xFF, 0x07,
    0xE2, 0xFF, 0x07, 0xE2, 0xFF, 0x07, 0xE2, 0xFF, 0x07, 0xE2, 0xFF, 0x07, 0xE2, 0xFF, 0x07, 0xE2,
    0xFF, 0x07, 0xE2, 0xFF, 0x07, 0xE2, 0xFF, 0x07, 0xE2, 0xFF, 0x07, 0xE2, 0xFF, 0x07, 0xE2, 0xFF,
    0x07, 0xE2, 0xFF, 0x07, 0xE2, 0xFF, 0x07, 0xE2, 0xFF, 0x07, 0xE2, 0xFF, 0x07, 0xE2, 0xFF, 0x07,
    0xE2, 0xFF, 0x07, 0xE2, 0xFF, 0x07, 0xE2, 0xFF, 0x07, 0xE2, 0xFF, 0x07, 0xE2, 0xFF, 0x07, 0xE2,
    0xFF, 0x07, 0xE2, 0xFF, 0x07, 0xE2, 0xFF, 0x07, 0xE2, 0xFF, 0x07, 0xE2, 0xFF, 0x07, 0xE2, 0xFF,
    0x07, 0xE2, 0xFF, 0x07, 0xE2, 0xAA, 0x07, 0xE3, 0x0A, 0x00, 0x00, 0x00, 0x00, 0x00, 0x00, 0x00,
    0x00, 0x00, 0x00, 0x00, 0x00, 0x00, 0x00, 0x00, 0x00, 0x00, 0x00, 0x00, 0x00, 0x00, 0x00, 0x00,
    0x00, 0x00, 0x00, 0x00, 0x07, 0xE2, 0x1A, 0x07, 0xE2, 0xCD, 0x07, 0xE2, 0xFF, 0x07, 0xE2, 0xFF,
    0x07, 0xE2, 0xFF, 0x07, 0xE2, 0xFF, 0x07, 0xE2, 0xFF, 0x07, 0xE2, 0xFF, 0x07, 0xE2, 0xFF, 0x07,
    0xE2, 0xFF, 0x07, 0xE2, 0xFF, 0x07, 0xE2, 0xFF, 0x07, 0xE2, 0xFF, 0x07, 0xE2, 0xFF, 0x07, 0xE2,
    0xFF, 0x07, 0xE2, 0xFF, 0x07, 0xE2, 0xFF, 0x07, 0xE2, 0xFF, 0x07, 0xE2, 0xFF, 0x07, 0xE2, 0xFF,
    0x07, 0xE2, 0xFF, 0x07, 0xE2, 0xFF, 0x07, 0xE2, 0xFF, 0x07, 0xE2, 0xFF, 0x07, 0xE2, 0xFF, 0x07,
    0xE2, 0xFF, 0x07, 0xE2, 0xFF, 0x07, 0xE2, 0xFF, 0x07, 0xE2, 0xFF, 0x07, 0xE2, 0xFF, 0x07, 0xE2,
    0xFF, 0x07, 0xE2, 0xFF, 0x07, 0xE2, 0xFF, 0x07, 0xE2, 0xFF, 0x07, 0xE2, 0xFF, 0x07, 0xE2, 0xFF,
    0x07, 0xE2, 0xFF, 0x07, 0xE2, 0xFF, 0x07, 0xE2, 0xFF, 0x07, 0xE2, 0xFF, 0x07, 0xE2, 0xFF, 0x07,
    0xE2, 0xFF, 0x07, 0xE2, 0xFF, 0x07, 0xE2, 0xFF, 0x07, 0xE2, 0xFF, 0x07, 0xE2, 0xFF, 0x07, 0xE2,
    0xFF, 0x07, 0xE2, 0xFF, 0x07, 0xE2, 0xFF, 0x07, 0xE2, 0xFF, 0x07, 0xE2, 0xFF, 0x07, 0xE2, 0xFF,
    0x07, 0xE2, 0xFF, 0x07, 0xE2, 0xFF, 0x07, 0xE2, 0xFF, 0x07, 0xE2, 0xFF, 0x07, 0xE2, 0xFF, 0x07,
    0xE2, 0xFF, 0x07, 0xE2, 0xFF, 0x07, 0xE2, 0xFF, 0x07, 0xE2, 0xFF, 0x07, 0xE2, 0xFF, 0x07, 0xE2,
    0xFF, 0x07, 0xE2, 0xFF, 0x07, 0xE2, 0xFF, 0x07, 0xE2, 0xFF, 0x07, 0xE2, 0xFF, 0x07, 0xE2, 0xFF,
    0x07, 0xE2, 0xFF, 0x07, 0xE2, 0xFF, 0x07, 0xE2, 0xFF, 0x07, 0xE2, 0xFF, 0x07, 0xE2, 0xFF, 0x07,
    0xE2, 0xFF, 0x07, 0xE2, 0xFF, 0x07, 0xE2, 0xFF, 0x07, 0xE2, 0xFF, 0x07, 0xE2, 0xFF, 0x07, 0xE2,
    0xFF, 0x07, 0xE2, 0xFF, 0x07, 0xE2, 0xFF, 0x07, 0xE2, 0xFF, 0x07, 0xE2, 0xFF, 0x07, 0xE2, 0xFF,
    0x07, 0xE2, 0xFF, 0x07, 0xE2, 0xFF, 0x07, 0xE2, 0xFF, 0x07, 0xE2, 0xFF, 0x07, 0xE2, 0xFF, 0x07,
    0xE2, 0xFF, 0x07, 0xE2, 0xFF, 0x07, 0xE2, 0xFF, 0x07, 0xE2, 0xFF, 0x07, 0xE2, 0xFF, 0x07, 0xE2,
    0xFF, 0x07, 0xE2, 0xFF, 0x07, 0xE2, 0xFF, 0x07, 0xE2, 0xFF, 0x07, 0xE2, 0xFF, 0x07, 0xE2, 0xFF,
    0x07, 0xE2, 0xFF, 0x07, 0xE2, 0xFF, 0x07, 0xE2, 0xFF, 0x07, 0xE2, 0xFF, 0x07, 0xE2, 0xFF, 0x07,
    0xE2, 0xFF, 0x07, 0xE2, 0xFF, 0x07, 0xE2, 0xFF, 0x07, 0xE2, 0xFF, 0x07, 0xE2, 0xFF, 0x07, 0xE2,
    0xFF, 0x07, 0xE2, 0xFF, 0x07, 0xE2, 0xFF, 0x07, 0xE2, 0xFF, 0x07, 0xE2, 0xFF, 0x07, 0xE2, 0xFF,
    0x07, 0xE2, 0xFF, 0x07, 0xE2, 0xFF, 0x07, 0xE2, 0xFF, 0x07, 0xE2, 0xFF, 0x07, 0xE2, 0xFF, 0x07,
    0xE2, 0xFF, 0x07, 0xE2, 0xFF, 0x07, 0xE2, 0xFF, 0x07, 0xE2, 0xFF, 0x07, 0xE2, 0xFF, 0x07, 0xE2,
    0xFF, 0x07, 0xE2, 0xFF, 0x07, 0xE2, 0xFF, 0x07, 0xE2, 0xFF, 0x07, 0xE2, 0xFF, 0x07, 0xE2, 0xFF,
    0x07, 0xE2, 0xFF, 0x07, 0xE2, 0xFF, 0x07, 0xE2, 0xFF, 0x07, 0xE2, 0xFF, 0x07, 0xE2, 0xFF, 0x07,
    0xE2, 0xFF, 0x07, 0xE2, 0xFF, 0x07, 0xE2, 0xFF, 0x07, 0xE2, 0xFF, 0x07, 0xE2, 0xFF, 0x07, 0xE2,
    0xFF, 0x07, 0xE2, 0xFF, 0x07, 0xE2, 0xFF, 0x07, 0xE2, 0xFF, 0x07, 0xE2, 0xFF, 0x07, 0xE2, 0xFF,
    0x07, 0xE2, 0xFF, 0x07, 0xE2, 0xFF, 0x07, 0xE2, 0xFF, 0x07, 0xE2, 0xFF, 0x07, 0xE2, 0xFF, 0x07,
    0xE2, 0xFF, 0x07, 0xE2, 0xFF, 0x07, 0xE2, 0xFF, 0x07, 0xE2, 0xFF, 0x07, 0xE2, 0xFF, 0x07, 0xE2,
    0xFF, 0x07, 0xE2, 0xFF, 0x07, 0xE2, 0xFF, 0x07, 0xE2, 0xFF, 0x07, 0xE2, 0xFF, 0x07, 0xE2, 0xFF,
    0x07, 0xE2, 0xFF, 0x07, 0xE2, 0xFF, 0x07, 0xE2, 0xFF, 0x07, 0xE2, 0xFF, 0x07, 0xE2, 0xFF, 0x07,
    0xE2, 0xFF, 0x07, 0xE2, 0xFF, 0x07, 0xE2, 0xFF, 0x07, 0xE2, 0xFF, 0x07, 0xE2, 0xFF, 0x07, 0xE2,
    0xFF, 0x07, 0xE2, 0xFF, 0x07, 0xE2, 0xFF, 0x07, 0xE2, 0xFF, 0x07, 0xE2, 0xFF, 0x07, 0xE2, 0xFF,
    0x07, 0xE2, 0xFF, 0x07, 0xE2, 0xFF, 0x07, 0xE2, 0xFF, 0x07, 0xE2, 0xFF, 0x07, 0xE2, 0xFF, 0x07,
    0xE2, 0xFF, 0x07, 0xE2, 0xFF, 0x07, 0xE2, 0xFF, 0x07, 0xE2, 0xFF, 0x07, 0xE2, 0xFF, 0x07, 0xE2,
    0xFF, 0x07, 0xE2, 0xFF, 0x07, 0xE2, 0xFF, 0x07, 0xE2, 0xFF, 0x07, 0xE2, 0xFF, 0x07, 0xE2, 0xFF,
    0x07, 0xE2, 0xFF, 0x07, 0xE2, 0xFF, 0x07, 0xE2, 0xFF, 0x07, 0xE2, 0xFF, 0x07, 0xE2, 0xFF, 0x07,
    0xE2, 0xFF, 0x07, 0xE2, 0xFF, 0x07, 0xE2, 0xFF, 0x07, 0xE2, 0xFF, 0x07, 0xE2, 0xFF, 0x07, 0xE2,
    0xFF, 0x07, 0xE2, 0xFF, 0x07, 0xE2, 0xFF, 0x07, 0xE2, 0xFF, 0x07, 0xE2, 0xFF, 0x07, 0xE2, 0xFF,
    0x07, 0xE2, 0xFF, 0x07, 0xE2, 0xFF, 0x07, 0xE2, 0xFF, 0x07, 0xE2, 0xFF, 0x07, 0xE2, 0xFF, 0x07,
    0xE2, 0xFF, 0x07, 0xE2, 0xFF, 0x07, 0xE2, 0xFF, 0x07, 0xE2, 0xFF, 0x07, 0xE2, 0xFF, 0x07, 0xE2,
    0xFF, 0x07, 0xE2, 0xFF, 0x07, 0xE2, 0xFF, 0x07, 0xE2, 0xFF, 0x07, 0xE2, 0xFF, 0x07, 0xE2, 0xFF,
    0x07, 0xE2, 0xFF, 0x07, 0xE2, 0xFF, 0x07, 0xE2, 0xFF, 0x07, 0xE2, 0xFF, 0x07, 0xE2, 0xFF, 0x07,
    0xE2, 0xFF, 0x07, 0xE2, 0xFF, 0x07, 0xE2, 0xFF, 0x07, 0xE2, 0xFF, 0x07, 0xE2, 0xFF, 0x07, 0xE2,
    0xFF, 0x07, 0xE2, 0xFF, 0x07, 0xE2, 0xFF, 0x07, 0xE2, 0xFF, 0x07, 0xE2, 0xFF, 0x07, 0xE2, 0xFF,
    0x07, 0xE2, 0xFF, 0x07, 0xE2, 0xFF, 0x07, 0xE2, 0xFF, 0x07, 0xE2, 0xFF, 0x07, 0xE2, 0xFF, 0x07,
    0xE2, 0xFF, 0x07, 0xE2, 0xFF, 0x07, 0xE2, 0xFF, 0x07, 0xE2, 0xFF, 0x07, 0xE2, 0xFF, 0x07, 0xE2,
    0xFF, 0x07, 0xE2, 0xFF, 0x07, 0xE2, 0xFF, 0x07, 0xE2, 0xFF, 0x07, 0xE2, 0xFF, 0x07, 0xE2, 0xFF,
    0x07, 0xE2, 0xFF, 0x07, 0xE2, 0xFF, 0x07, 0xE2, 0xFF, 0x07, 0xE2, 0xFF, 0x07, 0xE2, 0xFF, 0x07,
    0xE2, 0xFF, 0x07, 0xE2, 0xFF, 0x07, 0xE2, 0xFF, 0x07, 0xE2, 0xFF, 0x07, 0xE2, 0xFF, 0x07, 0xE2,
    0xFF, 0x07, 0xE2, 0xFF, 0x07, 0xE2, 0xFF, 0x07, 0xE2, 0xFF, 0x07, 0xE2, 0xFF, 0x07, 0xE2, 0xFF,
    0x07, 0xE2, 0xFF, 0x07, 0xE2, 0xFF, 0x07, 0xE2, 0xFF, 0x07, 0xE2, 0xFF, 0x07, 0xE2, 0xFF, 0x07,
    0xE2, 0xFF, 0x07, 0xE2, 0xFF, 0x07, 0xE2, 0xFF, 0x07, 0xE2, 0xFF, 0x07, 0xE2, 0xFF, 0x07, 0xE2,
    0xFF, 0x07, 0xE2, 0xFF, 0x07, 0xE2, 0xFF, 0x07, 0xE2, 0xFF, 0x07, 0xE2, 0xFF, 0x07, 0xE2, 0xFF,
    0x07, 0xE2, 0xFF, 0x07, 0xE2, 0xFF, 0x07, 0xE2, 0xFF, 0x07, 0xE2, 0xFF, 0x07, 0xE2, 0xFF, 0x07,
    0xE2, 0xFF, 0x07, 0xE2, 0xFF, 0x07, 0xE2, 0xFF, 0x07, 0xE2, 0xCD, 0x07, 0xE2, 0x19, 0x00, 0x00,
    0x00, 0x00, 0x00, 0x00, 0x00, 0x00, 0x00, 0x00, 0x00, 0x00, 0x00, 0x00, 0x00, 0x00, 0x00, 0x00,
    0x00, 0x00, 0x00, 0x07, 0xE3, 0x0A, 0x07, 0xE2, 0xCD, 0x07, 0xE2, 0xFF, 0x07, 0xE2, 0xFF, 0x07,
    0xE2, 0xFF, 0x07, 0xE2, 0xFF, 0x07, 0xE2, 0xFF, 0x07, 0xE2, 0xFF, 0x07, 0xE2, 0xFF, 0x07, 0xE2,
    0xFF, 0x07, 0xE2, 0xFF, 0x07, 0xE2, 0xFF, 0x07, 0xC2, 0xFD, 0x07, 0x82, 0xFB, 0x07, 0x82, 0xFB,
    0x07, 0x82, 0xFB, 0x07, 0x82, 0xFB, 0x07, 0x82, 0xFB, 0x07, 0x82, 0xFB, 0x07, 0x82, 0xFB, 0x07,
    0x82, 0xFB, 0x07, 0x82, 0xFB, 0x07, 0x82, 0xFB, 0x07, 0x82, 0xFB, 0x07, 0x82, 0xFB, 0x07, 0x82,
    0xFB, 0x07, 0x82, 0xFB, 0x07, 0x82, 0xFB, 0x07, 0x82, 0xFB, 0x07, 0x82, 0xFB, 0x07, 0x82, 0xFB,
    0x07, 0x82, 0xFB, 0x07, 0x82, 0xFB, 0x07, 0x82, 0xFB, 0x07, 0x82, 0xFB, 0x07, 0x82, 0xFB, 0x07,
    0x82, 0xFB, 0x07, 0x82, 0xFB, 0x07, 0x82, 0xFB, 0x07, 0x82, 0xFB, 0x07, 0x82, 0xFB, 0x07, 0x82,
    0xFB, 0x07, 0x82, 0xFB, 0x07, 0x82, 0xFB, 0x07, 0x82, 0xFB, 0x07, 0x82, 0xFB, 0x07, 0x82, 0xFB,
    0x07, 0x82, 0xFB, 0x07, 0x82, 0xFB, 0x07, 0x82, 0xFB, 0x07, 0x82, 0xFB, 0x07, 0x82, 0xFB, 0x07,
    0x82, 0xFB, 0x07, 0x82, 0xFB, 0x07, 0x82, 0xFB, 0x07, 0x82, 0xFB, 0x07, 0x82, 0xFB, 0x07, 0x82,
    0xFB, 0x07, 0x82, 0xFB, 0x07, 0x82, 0xFB, 0x07, 0x82, 0xFB, 0x07, 0x82, 0xFB, 0x07, 0x82, 0xFB,
    0x07, 0x82, 0xFB, 0x07, 0x82, 0xFB, 0x07, 0x82, 0xFB, 0x07, 0x82, 0xFB, 0x07, 0x82, 0xFB, 0x07,
    0x82, 0xFB, 0x07, 0x82, 0xFB, 0x07, 0x82, 0xFB, 0x07, 0x82, 0xFB, 0x07, 0x82, 0xFB, 0x07, 0x82,
    0xFB, 0x07, 0x82, 0xFB, 0x07, 0x82, 0xFB, 0x07, 0x82, 0xFB, 0x07, 0x82, 0xFB, 0x07, 0x82, 0xFB,
    0x07, 0x82, 0xFB, 0x07, 0x82, 0xFB, 0x07, 0x82, 0xFB, 0x07, 0x82, 0xFB, 0x07, 0x82, 0xFB, 0x07,
    0x82, 0xFB, 0x07, 0x82, 0xFB, 0x07, 0x82, 0xFB, 0x07, 0x82, 0xFB, 0x07, 0x82, 0xFB, 0x07, 0x82,
    0xFB, 0x07, 0x82, 0xFB, 0x07, 0x82, 0xFB, 0x07, 0x82, 0xFB, 0x07, 0x82, 0xFB, 0x07, 0x82, 0xFB,
    0x07, 0x82, 0xFB, 0x07, 0x82, 0xFB, 0x07, 0x82, 0xFB, 0x07, 0x82, 0xFB, 0x07, 0x82, 0xFB, 0x07,
    0x82, 0xFB, 0x07, 0x82, 0xFB, 0x07, 0x82, 0xFB, 0x07, 0x82, 0xFB, 0x07, 0x82, 0xFB, 0x07, 0x82,
    0xFB, 0x07, 0x82, 0xFB, 0x07, 0x82, 0xFB, 0x07, 0x82, 0xFB, 0x07, 0x82, 0xFB, 0x07, 0x82, 0xFB,
    0x07, 0x82, 0xFB, 0x07, 0x82, 0xFB, 0x07, 0x82, 0xFB, 0x07, 0x82, 0xFB, 0x07, 0x82, 0xFB, 0x07,
    0x82, 0xFB, 0x07, 0x82, 0xFB, 0x07, 0x82, 0xFB, 0x07, 0x82, 0xFB, 0x07, 0x82, 0xFB, 0x07, 0x82,
    0xFB, 0x07, 0x82, 0xFB, 0x07, 0x82, 0xFB, 0x07, 0x82, 0xFB, 0x07, 0x82, 0xFB, 0x07, 0x82, 0xFB,
    0x07, 0x82, 0xFB, 0x07, 0x82, 0xFB, 0x07, 0x82, 0xFB, 0x07, 0x82, 0xFB, 0x07, 0x82, 0xFB, 0x07,
    0x82, 0xFB, 0x07, 0x82, 0xFB, 0x07, 0x82, 0xFB, 0x07, 0x82, 0xFB, 0x07, 0x82, 0xFB, 0x07, 0x82,
    0xFB, 0x07, 0x82, 0xFB, 0x07, 0x82, 0xFB, 0x07, 0x82, 0xFB, 0x07, 0x82, 0xFB, 0x07, 0x82, 0xFB,
    0x07, 0x82, 0xFB, 0x07, 0x82, 0xFB, 0x07, 0x82, 0xFB, 0x07, 0x82, 0xFB, 0x07, 0x82, 0xFB, 0x07,
    0x82, 0xFB, 0x07, 0x82, 0xFB, 0x07, 0x82, 0xFB, 0x07, 0x82, 0xFB, 0x07, 0x82, 0xFB, 0x07, 0x82,
    0xFB, 0x07, 0x82, 0xFB, 0x07, 0x82, 0xFB, 0x07, 0x82, 0xFB, 0x07, 0x82, 0xFB, 0x07, 0x82, 0xFB,
    0x07, 0x82, 0xFB, 0x07, 0x82, 0xFB, 0x07, 0x82, 0xFB, 0x07, 0x82, 0xFB, 0x07, 0x82, 0xFB, 0x07,
    0x82, 0xFB, 0x07, 0x82, 0xFB, 0x07, 0x82, 0xFB, 0x07, 0x82, 0xFB, 0x07, 0x82, 0xFB, 0x07, 0x82,
    0xFB, 0x07, 0x82, 0xFB, 0x07, 0x82, 0xFB, 0x07, 0x82, 0xFB, 0x07, 0x82, 0xFB, 0x07, 0x82, 0xFB,
    0x07, 0x82, 0xFB, 0x07, 0x82, 0xFB, 0x07, 0x82, 0xFB, 0x07, 0x82, 0xFB, 0x07, 0x82, 0xFB, 0x07,
    0x82, 0xFB, 0x07, 0x82, 0xFB, 0x07, 0x82, 0xFB, 0x07, 0x82, 0xFB, 0x07, 0x82, 0xFB, 0x07, 0x82,
    0xFB, 0x07, 0x82, 0xFB, 0x07, 0x82, 0xFB, 0x07, 0x82, 0xFB, 0x07, 0x82, 0xFB, 0x07, 0x82, 0xFB,
    0x07, 0x82, 0xFB, 0x07, 0x82, 0xFB, 0x07, 0x82, 0xFB, 0x07, 0x82, 0xFB, 0x07, 0x82, 0xFB, 0x07,
    0x82, 0xFB, 0x07, 0x82, 0xFB, 0x07, 0x82, 0xFB, 0x07, 0x82, 0xFB, 0x07, 0x82, 0xFB, 0x07, 0x82,
    0xFB, 0x07, 0x82, 0xFB, 0x07, 0x82, 0xFB, 0x07, 0x82, 0xFB, 0x07, 0x82, 0xFB, 0x07, 0x82, 0xFB,
    0x07, 0x82, 0xFB, 0x07, 0x82, 0xFB, 0x07, 0x82, 0xFB, 0x07, 0x82, 0xFB, 0x07, 0x82, 0xFB, 0x07,
    0x82, 0xFB, 0x07, 0x82, 0xFB, 0x07, 0x82, 0xFB, 0x07, 0x82, 0xFB, 0x07, 0x82, 0xFB, 0x07, 0x82,
    0xFB, 0x07, 0x82, 0xFB, 0x07, 0x82, 0xFB, 0x07, 0x82, 0xFB, 0x07, 0x82, 0xFB, 0x07, 0x82, 0xFB,
    0x07, 0x82, 0xFB, 0x07, 0x82, 0xFB, 0x07, 0x82, 0xFB, 0x07, 0x82, 0xFB, 0x07, 0x82, 0xFB, 0x07,
    0x82, 0xFB, 0x07, 0x82, 0xFB, 0x07, 0x82, 0xFB, 0x07, 0x82, 0xFB, 0x07, 0x82, 0xFB, 0x07, 0x82,
    0xFB, 0x07, 0x82, 0xFB, 0x07, 0x82, 0xFB, 0x07, 0x82, 0xFB, 0x07, 0x82, 0xFB, 0x07, 0x82, 0xFB,
    0x07, 0x82, 0xFB, 0x07, 0x82, 0xFB, 0x07, 0x82, 0xFB, 0x07, 0x82, 0xFB, 0x07, 0x82, 0xFB, 0x07,
    0x82, 0xFB, 0x07, 0x82, 0xFB, 0x07, 0x82, 0xFB, 0x07, 0x82, 0xFB, 0x07, 0x82, 0xFB, 0x07, 0x82,
    0xFB, 0x07, 0x82, 0xFB, 0x07, 0x82, 0xFB, 0x07, 0x82, 0xFB, 0x07, 0x82, 0xFB, 0x07, 0x82, 0xFB,
    0x07, 0x82, 0xFB, 0x07, 0x82, 0xFB, 0x07, 0x82, 0xFB, 0x07, 0x82, 0xFB, 0x07, 0x82, 0xFB, 0x07,
    0x82, 0xFB, 0x07, 0x82, 0xFB, 0x07, 0x82, 0xFB, 0x07, 0x82, 0xFB, 0x07, 0x82, 0xFB, 0x07, 0x82,
    0xFB, 0x07, 0x82, 0xFB, 0x07, 0x82, 0xFB, 0x07, 0x82, 0xFB, 0x07, 0x82, 0xFB, 0x07, 0x82, 0xFB,
    0x07, 0x82, 0xFB, 0x07, 0x82, 0xFB, 0x07, 0x82, 0xFB, 0x07, 0x82, 0xFB, 0x07, 0x82, 0xFB, 0x07,
    0x82, 0xFB, 0x07, 0x82, 0xFB, 0x07, 0x82, 0xFB, 0x07, 0x82, 0xFB, 0x07, 0x82, 0xFB, 0x07, 0x82,
    0xFB, 0x07, 0x82, 0xFB, 0x07, 0x82, 0xFB, 0x07, 0x82, 0xFB, 0x07, 0x82, 0xFB, 0x07, 0x82, 0xFB,
    0x07, 0x82, 0xFB, 0x07, 0x82, 0xFB, 0x07, 0x82, 0xFB, 0x07, 0x82, 0xFB, 0x07, 0xC2, 0xFE, 0x07,
    0xE2, 0xFF, 0x07, 0xE2, 0xFF, 0x07, 0xE2, 0xFF, 0x07, 0xE2, 0xFF, 0x07, 0xE2, 0xFF, 0x07, 0xE2,
    0xFF, 0x07, 0xE2, 0xFF, 0x07, 0xE2, 0xFF, 0x07, 0xE2, 0xFF, 0x07, 0xE2, 0xFF, 0x07, 0xE2, 0xCC,
    0x07, 0xE3, 0x0A, 0x00, 0x00, 0x00, 0x00, 0x00, 0x00, 0x00, 0x00, 0x00, 0x00, 0x00, 0x00, 0x00,
    0x00, 0x00, 0x07, 0xE0, 0x01, 0x07, 0xE2, 0xAA, 0x07, 0xE2, 0xFF, 0x07, 0xE2, 0xFF, 0x07, 0xE2,
    0xFF, 0x07, 0xE2, 0xFF, 0x07, 0xE2, 0xFF, 0x07, 0xE2, 0xFF, 0x07, 0xE2, 0xFF, 0x07, 0xC2, 0xFD,
    0x05, 0x82, 0xE8, 0x03, 0x21, 0xD4, 0x00, 0xE0, 0xC5, 0x00, 0x00, 0xBF, 0x00, 0x00, 0xBF, 0x00,
    0x00, 0xBF, 0x00, 0x00, 0xBF, 0x00, 0x00, 0xBF, 0x00, 0x00, 0xBF, 0x00, 0x00, 0xBF, 0x00, 0x00,
    0xBF, 0x00, 0x00, 0xBF, 0x00, 0x00, 0xBF, 0x00, 0x00, 0xBF, 0x00, 0x00, 0xBF, 0x00, 0x00, 0xBF,
    0x00, 0x00, 0xBF, 0x00, 0x00, 0xBF, 0x00, 0x00, 0xBF, 0x00, 0x00, 0xBF, 0x00, 0x00, 0xBF, 0x00,
    0x00, 0xBF, 0x00, 0x00, 0xBF, 0x00, 0x00, 0xBF, 0x00, 0x00, 0xBF, 0x00, 0x00, 0xBF, 0x00, 0x00,
    0xBF, 0x00, 0x00, 0xBF, 0x00, 0x00, 0xBF, 0x00, 0x00, 0xBF, 0x00, 0x00, 0xBF, 0x00, 0x00, 0xBF,
    0x00, 0x00, 0xBF, 0x00, 0x00, 0xBF, 0x00, 0x00, 0xBF, 0x00, 0x00, 0xBF, 0x00, 0x00, 0xBF, 0x00,
    0x00, 0xBF, 0x00, 0x00, 0xBF, 0x00, 0x00, 0xBF, 0x00, 0x00, 0xBF, 0x00, 0x00, 0xBF, 0x00, 0x00,
    0xBF, 0x00, 0x00, 0xBF, 0x00, 0x00, 0xBF, 0x00, 0x00, 0xBF, 0x00, 0x00, 0xBF, 0x00, 0x00, 0xBF,
    0x00, 0x00, 0xBF, 0x00, 0x00, 0xBF, 0x00, 0x00, 0xBF, 0x00, 0x00, 0xBF, 0x00, 0x00, 0xBF, 0x00,
    0x00, 0xBF, 0x00, 0x00, 0xBF, 0x00, 0x00, 0xBF, 0x00, 0x00, 0xBF, 0x00, 0x00, 0xBF, 0x00, 0x00,
    0xBF, 0x00, 0x00, 0xBF, 0x00, 0x00, 0xBF, 0x00, 0x00, 0xBF, 0x00, 0x00, 0xBF, 0x00, 0x00, 0xBF,
    0x00, 0x00, 0xBF, 0x00, 0x00, 0xBF, 0x00, 0x00, 0xBF, 0x00, 0x00, 0xBF, 0x00, 0x00, 0xBF, 0x00,
    0x00, 0xBF, 0x00, 0x00, 0xBF, 0x00, 0x00, 0xBF, 0x00, 0x00, 0xBF, 0x00, 0x00, 0xBF, 0x00, 0x00,
    0xBF, 0x00, 0x00, 0xBF, 0x00, 0x00, 0xBF, 0x00, 0x00, 0xBF, 0x00, 0x00, 0xBF, 0x00, 0x00, 0xBF,
    0x00, 0x00, 0xBF, 0x00, 0x00, 0xBF, 0x00, 0x00, 0xBF, 0x00, 0x00, 0xBF, 0x00, 0x00, 0xBF, 0x00,
    0x00, 0xBF, 0x00, 0x00, 0xBF, 0x00, 0x00, 0xBF, 0x00, 0x00, 0xBF, 0x00, 0x00, 0xBF, 0x00, 0x00,
    0xBF, 0x00, 0x00, 0xBF, 0x00, 0x00, 0xBF, 0x00, 0x00, 0xBF, 0x00, 0x00, 0xBF, 0x00, 0x00, 0xBF,
    0x00, 0x00, 0xBF, 0x00, 0x00, 0xBF, 0x00, 0x00, 0xBF, 0x00, 0x00, 0xBF, 0x00, 0x00, 0xBF, 0x00,
    0x00, 0xBF, 0x00, 0x00, 0xBF, 0x00, 0x00, 0xBF, 0x00, 0x00, 0xBF, 0x00, 0x00, 0xBF, 0x00, 0x00,
    0xBF, 0x00, 0x00, 0xBF, 0x00, 0x00, 0xBF, 0x00, 0x00, 0xBF, 0x00, 0x00, 0xBF, 0x00, 0x00, 0xBF,
    0x00, 0x00, 0xBF, 0x00, 0x00, 0xBF, 0x00, 0x00, 0xBF, 0x00, 0x00, 0xBF, 0x00, 0x00, 0xBF, 0x00,
    0x00, 0xBF, 0x00, 0x00, 0xBF, 0x00, 0x00, 0xBF, 0x00, 0x00, 0xBF, 0x00, 0x00, 0xBF, 0x00, 0x00,
    0xBF, 0x00, 0x00, 0xBF, 0x00, 0x00, 0xBF, 0x00, 0x00, 0xBF, 0x00, 0x00, 0xBF, 0x00, 0x00, 0xBF,
    0x00, 0x00, 0xBF, 0x00, 0x00, 0xBF, 0x00, 0x00, 0xBF, 0x00, 0x00, 0xBF, 0x00, 0x00, 0xBF, 0x00,
    0x00, 0xBF, 0x00, 0x00, 0xBF, 0x00, 0x00, 0xBF, 0x00, 0x00, 0xBF, 0x00, 0x00, 0xBF, 0x00, 0x00,
    0xBF, 0x00, 0x00, 0xBF, 0x00, 0x00, 0xBF, 0x00, 0x00, 0xBF, 0x00, 0x00, 0xBF, 0x00, 0x00, 0xBF,
    0x00, 0x00, 0xBF, 0x00, 0x00, 0xBF, 0x00, 0x00, 0xBF, 0x00, 0x00, 0xBF, 0x00, 0x00, 0xBF, 0x00,
    0x00, 0xBF, 0x00, 0x00, 0xBF, 0x00, 0x00, 0xBF, 0x00, 0x00, 0xBF, 0x00, 0x00, 0xBF, 0x00, 0x00,
    0xBF, 0x00, 0x00, 0xBF, 0x00, 0x00, 0xBF, 0x00, 0x00, 0xBF, 0x00, 0x00, 0xBF, 0x00, 0x00, 0xBF,
    0x00, 0x00, 0xBF, 0x00, 0x00, 0xBF, 0x00, 0x00, 0xBF, 0x00, 0x00, 0xBF, 0x00, 0x00, 0xBF, 0x00,
    0x00, 0xBF, 0x00, 0x00, 0xBF, 0x00, 0x00, 0xBF, 0x00, 0x00, 0xBF, 0x00, 0x00, 0xBF, 0x00, 0x00,
    0xBF, 0x00, 0x00, 0xBF, 0x00, 0x00, 0xBF, 0x00, 0x00, 0xBF, 0x00, 0x00, 0xBF, 0x00, 0x00, 0xBF,
    0x00, 0x00, 0xBF, 0x00, 0x00, 0xBF, 0x00, 0x00, 0xBF, 0x00, 0x00, 0xBF, 0x00, 0x00, 0xBF, 0x00,
    0x00, 0xBF, 0x00, 0x00, 0xBF, 0x00, 0x00, 0xBF, 0x00, 0x00, 0xBF, 0x00, 0x00, 0xBF, 0x00, 0x00,
    0xBF, 0x00, 0x00, 0xBF, 0x00, 0x00, 0xBF, 0x00, 0x00, 0xBF, 0x00, 0x00, 0xBF, 0x00, 0x00, 0xBF,
    0x00, 0x00, 0xBF, 0x00, 0x00, 0xBF, 0x00, 0x00, 0xBF, 0x00, 0x00, 0xBF, 0x00, 0x00, 0xBF, 0x00,
    0x00, 0xBF, 0x00, 0x00, 0xBF, 0x00, 0x00, 0xBF, 0x00, 0x00, 0xBF, 0x00, 0x00, 0xBF, 0x00, 0x00,
    0xBF, 0x00, 0x00, 0xBF, 0x00, 0x00, 0xBF, 0x00, 0x00, 0xBF, 0x00, 0x00, 0xBF, 0x00, 0x00, 0xBF,
    0x00, 0x00, 0xBF, 0x00, 0x00, 0xBF, 0x00, 0x00, 0xBF, 0x00, 0x00, 0xBF, 0x00, 0x00, 0xBF, 0x00,
    0x00, 0xBF, 0x00, 0x00, 0xBF, 0x00, 0x00, 0xBF, 0x00, 0x00, 0xBF, 0x00, 0x00, 0xBF, 0x00, 0x00,
    0xBF, 0x00, 0x00, 0xBF, 0x00, 0x00, 0xBF, 0x00, 0x00, 0xBF, 0x00, 0x00, 0xBF, 0x00, 0x00, 0xBF,
    0x00, 0x00, 0xBF, 0x00, 0x00, 0xBF, 0x00, 0x00, 0xBF, 0x00, 0x00, 0xBF, 0x00, 0x00, 0xBF, 0x00,
    0x00, 0xBF, 0x00, 0x00, 0xBF, 0x00, 0x00, 0xBF, 0x00, 0x00, 0xBF, 0x00, 0x00, 0xBF, 0x00, 0x00,
    0xBF, 0x00, 0x00, 0xBF, 0x00, 0x00, 0xBF, 0x00, 0x00, 0xBF, 0x00, 0x00, 0xBF, 0x00, 0x00, 0xBF,
    0x00, 0x00, 0xBF, 0x00, 0x00, 0xBF, 0x00, 0x00, 0xBF, 0x00, 0x00, 0xBF, 0x00, 0x00, 0xBF, 0x00,
    0x00, 0xBF, 0x00, 0x00, 0xBF, 0x00, 0x00, 0xBF, 0x00, 0x00, 0xBF, 0x00, 0x00, 0xBF, 0x00, 0x00,
    0xBF, 0x00, 0x00, 0xBF, 0x00, 0x00, 0xBF, 0x00, 0x00, 0xBF, 0x00, 0x00, 0xBF, 0x00, 0x00, 0xBF,
    0x00, 0x00, 0xBF, 0x00, 0x00, 0xBF, 0x00, 0x00, 0xBF, 0x00, 0x00, 0xBF, 0x00, 0x00, 0xBF, 0x00,
    0x00, 0xBF, 0x00, 0x00, 0xBF, 0x00, 0x00, 0xBF, 0x00, 0x00, 0xBF, 0x00, 0x00, 0xBF, 0x00, 0x00,
    0xBF, 0x00, 0x00, 0xBF, 0x00, 0x00, 0xBF, 0x00, 0x00, 0xBF, 0x00, 0x00, 0xBF, 0x00, 0x00, 0xBF,
    0x00, 0x00, 0xBF, 0x00, 0x00, 0xBF, 0x00, 0x00, 0xBF, 0x00, 0x00, 0xBF, 0x00, 0x00, 0xBF, 0x00,
    0x00, 0xBF, 0x00, 0x00, 0xBF, 0x00, 0x00, 0xBF, 0x00, 0x00, 0xBF, 0x00, 0x00, 0xBF, 0x00, 0x00,
    0xBF, 0x00, 0xE0, 0xC5, 0x03, 0x21, 0xD4, 0x05, 0x82, 0xE8, 0x07, 0xC2, 0xFE, 0x07, 0xE2, 0xFF,
    0x07, 0xE2, 0xFF, 0x07, 0xE2, 0xFF, 0x07, 0xE2, 0xFF, 0x07, 0xE2, 0xFF, 0x07, 0xE2, 0xFF, 0x07,
    0xE2, 0xFF, 0x07, 0xE2, 0xA8, 0x07, 0xE0, 0x01, 0x00, 0x00, 0x00, 0x00, 0x00, 0x00, 0x00, 0x00,
    0x00, 0x00, 0x00, 0x00, 0x07, 0xE2, 0x66, 0x07, 0xE2, 0xFF, 0x07, 0xE2, 0xFF, 0x07, 0xE2, 0xFF,
    0x07, 0xE2, 0xFF, 0x07, 0xE2, 0xFF, 0x07, 0xE2, 0xFF, 0x07, 0xE2, 0xFF, 0x05, 0xE2, 0xEB, 0x01,
    0x60, 0xC8, 0x00, 0x00, 0xBF, 0x00, 0x00, 0xBF, 0x00, 0x00, 0xBF, 0x00, 0x00, 0xBF, 0x00, 0x00,
    0xBF, 0x00, 0x00, 0xBF, 0x00, 0x00, 0xBF, 0x00, 0x00, 0xBF, 0x00, 0x00, 0xBF, 0x00, 0x00, 0xBF,
    0x00, 0x00, 0xBF, 0x00, 0x00, 0xBF, 0x00, 0x00, 0xBF, 0x00, 0x00, 0xBF, 0x00, 0x00, 0xBF, 0x00,
    0x00, 0xBF, 0x00, 0x00, 0xBF, 0x00, 0x00, 0xBF, 0x00, 0x00, 0xBF, 0x00, 0x00, 0xBF, 0x00, 0x00,
    0xBF, 0x00, 0x00, 0xBF, 0x00, 0x00, 0xBF, 0x00, 0x00, 0xBF, 0x00, 0x00, 0xBF, 0x00, 0x00, 0xBF,
    0x00, 0x00, 0xBF, 0x00, 0x00, 0xBF, 0x00, 0x00, 0xBF, 0x00, 0x00, 0xBF, 0x00, 0x00, 0xBF, 0x00,
    0x00, 0xBF, 0x00, 0x00, 0xBF, 0x00, 0x00, 0xBF, 0x00, 0x00, 0xBF, 0x00, 0x00, 0xBF, 0x00, 0x00,
    0xBF, 0x00, 0x00, 0xBF, 0x00, 0x00, 0xBF, 0x00, 0x00, 0xBF, 0x00, 0x00, 0xBF, 0x00, 0x00, 0xBF,
    0x00, 0x00, 0xBF, 0x00, 0x00, 0xBF, 0x00, 0x00, 0xBF, 0x00, 0x00, 0xBF, 0x00, 0x00, 0xBF, 0x00,
    0x00, 0xBF, 0x00, 0x00, 0xBF, 0x00, 0x00, 0xBF, 0x00, 0x00, 0xBF, 0x00, 0x00, 0xBF, 0x00, 0x00,
    0xBF, 0x00, 0x00, 0xBF, 0x00, 0x00, 0xBF, 0x00, 0x00, 0xBF, 0x00, 0x00, 0xBF, 0x00, 0x00, 0xBF,
    0x00, 0x00, 0xBF, 0x00, 0x00, 0xBF, 0x00, 0x00, 0xBF, 0x00, 0x00, 0xBF, 0x00, 0x00, 0xBF, 0x00,
    0x00, 0xBF, 0x00, 0x00, 0xBF, 0x00, 0x00, 0xBF, 0x00, 0x00, 0xBF, 0x00, 0x00, 0xBF, 0x00, 0x00,
    0xBF, 0x00, 0x00, 0xBF, 0x00, 0x00, 0xBF, 0x00, 0x00, 0xBF, 0x00, 0x00, 0xBF, 0x00, 0x00, 0xBF,
    0x00, 0x00, 0xBF, 0x00, 0x00, 0xBF, 0x00, 0x00, 0xBF, 0x00, 0x00, 0xBF, 0x00, 0x00, 0xBF, 0x00,
    0x00, 0xBF, 0x00, 0x00, 0xBF, 0x00, 0x00, 0xBF, 0x00, 0x00, 0xBF, 0x00, 0x00, 0xBF, 0x00, 0x00,
    0xBF, 0x00, 0x00, 0xBF, 0x00, 0x00, 0xBF, 0x00, 0x00, 0xBF, 0x00, 0x00, 0xBF, 0x00, 0x00, 0xBF,
    0x00, 0x00, 0xBF, 0x00, 0x00, 0xBF, 0x00, 0x00, 0xBF, 0x00, 0x00, 0xBF, 0x00, 0x00, 0xBF, 0x00,
    0x00, 0xBF, 0x00, 0x00, 0xBF, 0x00, 0x00, 0xBF, 0x00, 0x00, 0xBF, 0x00, 0x00, 0xBF, 0x00, 0x00,
    0xBF, 0x00, 0x00, 0xBF, 0x00, 0x00, 0xBF, 0x00, 0x00, 0xBF, 0x00, 0x00, 0xBF, 0x00, 0x00, 0xBF,
    0x00, 0x00, 0xBF, 0x00, 0x00, 0xBF, 0x00, 0x00, 0xBF, 0x00, 0x00, 0xBF, 0x00, 0x00, 0xBF, 0x00,
    0x00, 0xBF, 0x00, 0x00, 0xBF, 0x00, 0x00, 0xBF, 0x00, 0x00, 0xBF, 0x00, 0x00, 0xBF, 0x00, 0x00,
    0xBF, 0x00, 0x00, 0xBF, 0x00, 0x00, 0xBF, 0x00, 0x00, 0xBF, 0x00, 0x00, 0xBF, 0x00, 0x00, 0xBF,
    0x00, 0x00, 0xBF, 0x00, 0x00, 0xBF, 0x00, 0x00, 0xBF, 0x00, 0x00, 0xBF, 0x00, 0x00, 0xBF, 0x00,
    0x00, 0xBF, 0x00, 0x00, 0xBF, 0x00, 0x00, 0xBF, 0x00, 0x00, 0xBF, 0x00, 0x00, 0xBF, 0x00, 0x00,
    0xBF, 0x00, 0x00, 0xBF, 0x00, 0x00, 0xBF, 0x00, 0x00, 0xBF, 0x00, 0x00, 0xBF, 0x00, 0x00, 0xBF,
    0x00, 0x00, 0xBF, 0x00, 0x00, 0xBF, 0x00, 0x00, 0xBF, 0x00, 0x00, 0xBF, 0x00, 0x00, 0xBF, 0x00,
    0x00, 0xBF, 0x00, 0x00, 0xBF, 0x00, 0x00, 0xBF, 0x00, 0x00, 0xBF, 0x00, 0x00, 0xBF, 0x00, 0x00,
    0xBF, 0x00, 0x00, 0xBF, 0x00, 0x00, 0xBF, 0x00, 0x00, 0xBF, 0x00, 0x00, 0xBF, 0x00, 0x00, 0xBF,
    0x00, 0x00, 0xBF, 0x00, 0x00, 0xBF, 0x00, 0x00, 0xBF, 0x00, 0x00, 0xBF, 0x00, 0x00, 0xBF, 0x00,
    0x00, 0xBF, 0x00, 0x00, 0xBF, 0x00, 0x00, 0xBF, 0x00, 0x00, 0xBF, 0x00, 0x00, 0xBF, 0x00, 0x00,
    0xBF, 0x00, 0x00, 0xBF, 0x00, 0x00, 0xBF, 0x00, 0x00, 0xBF, 0x00, 0x00, 0xBF, 0x00, 0x00, 0xBF,
    0x00, 0x00, 0xBF, 0x00, 0x00, 0xBF, 0x00, 0x00, 0xBF, 0x00, 0x00, 0xBF, 0x00, 0x00, 0xBF, 0x00,
    0x00, 0xBF, 0x00, 0x00, 0xBF, 0x00, 0x00, 0xBF, 0x00, 0x00, 0xBF, 0x00, 0x00, 0xBF, 0x00, 0x00,
    0xBF, 0x00, 0x00, 0xBF, 0x00, 0x00, 0xBF, 0x00, 0x00, 0xBF, 0x00, 0x00, 0xBF, 0x00, 0x00, 0xBF,
    0x00, 0x00, 0xBF, 0x00, 0x00, 0xBF, 0x00, 0x00, 0xBF, 0x00, 0x00, 0xBF, 0x00, 0x00, 0xBF, 0x00,
    0x00, 0xBF, 0x00, 0x00, 0xBF, 0x00, 0x00, 0xBF, 0x00, 0x00, 0xBF, 0x00, 0x00, 0xBF, 0x00, 0x00,
    0xBF, 0x00, 0x00, 0xBF, 0x00, 0x00, 0xBF, 0x00, 0x00, 0xBF, 0x00, 0x00, 0xBF, 0x00, 0x00, 0xBF,
    0x00, 0x00, 0xBF, 0x00, 0x00, 0xBF, 0x00, 0x00, 0xBF, 0x00, 0x00, 0xBF, 0x00, 0x00, 0xBF, 0x00,
    0x00, 0xBF, 0x00, 0x00, 0xBF, 0x00, 0x00, 0xBF, 0x00, 0x00, 0xBF, 0x00, 0x00, 0xBF, 0x00, 0x00,
    0xBF, 0x00, 0x00, 0xBF, 0x00, 0x00, 0xBF, 0x00, 0x00, 0xBF, 0x00, 0x00, 0xBF, 0x00, 0x00, 0xBF,
    0x00, 0x00, 0xBF, 0x00, 0x00, 0xBF, 0x00, 0x00, 0xBF, 0x00, 0x00, 0xBF, 0x00, 0x00, 0xBF, 0x00,
    0x00, 0xBF, 0x00, 0x00, 0xBF, 0x00, 0x00, 0xBF, 0x00, 0x00, 0xBF, 0x00, 0x00, 0xBF, 0x00, 0x00,
    0xBF, 0x00, 0x00, 0xBF, 0x00, 0x00, 0xBF, 0x00, 0x00, 0xBF, 0x00, 0x00, 0xBF, 0x00, 0x00, 0xBF,
    0x00, 0x00, 0xBF, 0x00, 0x00, 0xBF, 0x00, 0x00, 0xBF, 0x00, 0x00, 0xBF, 0x00, 0x00, 0xBF, 0x00,
    0x00, 0xBF, 0x00, 0x00, 0xBF, 0x00, 0x00, 0xBF, 0x00, 0x00, 0xBF, 0x00, 0x00, 0xBF, 0x00, 0x00,
    0xBF, 0x00, 0x00, 0xBF, 0x00, 0x00, 0xBF, 0x00, 0x00, 0xBF, 0x00, 0x00, 0xBF, 0x00, 0x00, 0xBF,
    0x00, 0x00, 0xBF, 0x00, 0x00, 0xBF, 0x00, 0x00, 0xBF, 0x00, 0x00, 0xBF, 0x00, 0x00, 0xBF, 0x00,
    0x00, 0xBF, 0x00, 0x00, 0xBF, 0x00, 0x00, 0xBF, 0x00, 0x00, 0xBF, 0x00, 0x00, 0xBF, 0x00, 0x00,
    0xBF, 0x00, 0x00, 0xBF, 0x00, 0x00, 0xBF, 0x00, 0x00, 0xBF, 0x00, 0x00, 0xBF, 0x00, 0x00, 0xBF,
    0x00, 0x00, 0xBF, 0x00, 0x00, 0xBF, 0x00, 0x00, 0xBF, 0x00, 0x00, 0xBF, 0x00, 0x00, 0xBF, 0x00,
    0x00, 0xBF, 0x00, 0x00, 0xBF, 0x00, 0x00, 0xBF, 0x00, 0x00, 0xBF, 0x00, 0x00, 0xBF, 0x00, 0x00,
    0xBF, 0x00, 0x00, 0xBF, 0x00, 0x00, 0xBF, 0x00, 0x00, 0xBF, 0x00, 0x00, 0xBF, 0x00, 0x00, 0xBF,
    0x00, 0x00, 0xBF, 0x00, 0x00, 0xBF, 0x00, 0x00, 0xBF, 0x00, 0x00, 0xBF, 0x01, 0x60, 0xC8, 0x05,
    0xE2, 0xEB, 0x07, 0xE2, 0xFF, 0x07, 0xE2, 0xFF, 0x07, 0xE2, 0xFF, 0x07, 0xE2, 0xFF, 0x07, 0xE2,
    0xFF, 0x07, 0xE2, 0xFF, 0x07, 0xE2, 0xFF, 0x07, 0xE2, 0x62, 0x00, 0x00, 0x00, 0x00, 0x00, 0x00,
    0x00, 0x00, 0x00, 0x07, 0xE2, 0x0B, 0x07, 0xE2, 0xE6, 0x07, 0xE2, 0xFF, 0x07, 0xE2, 0xFF, 0x07,
    0xE2, 0xFF, 0x07, 0xE2, 0xFF, 0x07, 0xE2, 0xFF, 0x07, 0xE2, 0xFE, 0x04, 0x41, 0xDD, 0x00, 0x00,
    0xBF, 0x00, 0x00, 0xBF, 0x00, 0x00, 0xBF, 0x00, 0x00, 0xBF, 0x00, 0x00, 0xBF, 0x00, 0x00, 0xBF,
    0x00, 0x00, 0xBF, 0x00, 0x00, 0xBF, 0x00, 0x00, 0xBF, 0x00, 0x00, 0xBF, 0x00, 0x00, 0xBF, 0x00,
    0x00, 0xBF, 0x00, 0x00, 0xBF, 0x00, 0x00, 0xBF, 0x00, 0x00, 0xBF, 0x00, 0x00, 0xBF, 0x00, 0x00,
    0xBF, 0x00, 0x00, 0xBF, 0x00, 0x00, 0xBF, 0x00, 0x00, 0xBF, 0x00, 0x00, 0xBF, 0x00, 0x00, 0xBF,
    0x00, 0x00, 0xBF, 0x00, 0x00, 0xBF, 0x00, 0x00, 0xBF, 0x00, 0x00, 0xBF, 0x00, 0x00, 0xBF, 0x00,
    0x00, 0xBF, 0x00, 0x00, 0xBF, 0x00, 0x00, 0xBF, 0x00, 0x00, 0xBF, 0x00, 0x00, 0xBF, 0x00, 0x00,
    0xBF, 0x00, 0x00, 0xBF, 0x00, 0x00, 0xBF, 0x00, 0x00, 0xBF, 0x00, 0x00, 0xBF, 0x00, 0x00, 0xBF,
    0x00, 0x00, 0xBF, 0x00, 0x00, 0xBF, 0x00, 0x00, 0xBF, 0x00, 0x00, 0xBF, 0x00, 0x00, 0xBF, 0x00,
    0x00, 0xBF, 0x00, 0x00, 0xBF, 0x00, 0x00, 0xBF, 0x00, 0x00, 0xBF, 0x00, 0x00, 0xBF, 0x00, 0x00,
    0xBF, 0x00, 0x00, 0xBF, 0x00, 0x00, 0xBF, 0x00, 0x00, 0xBF, 0x00, 0x00, 0xBF, 0x00, 0x00, 0xBF,
    0x00, 0x00, 0xBF, 0x00, 0x00, 0xBF, 0x00, 0x00, 0xBF, 0x00, 0x00, 0xBF, 0x00, 0x00, 0xBF, 0x00,
    0x00, 0xBF, 0x00, 0x00, 0xBF, 0x00, 0x00, 0xBF, 0x00, 0x00, 0xBF, 0x00, 0x00, 0xBF, 0x00, 0x00,
    0xBF, 0x00, 0x00, 0xBF, 0x00, 0x00, 0xBF, 0x00, 0x00, 0xBF, 0x00, 0x00, 0xBF, 0x00, 0x00, 0xBF,
    0x00, 0x00, 0xBF, 0x00, 0x00, 0xBF, 0x00, 0x00, 0xBF, 0x00, 0x00, 0xBF, 0x00, 0x00, 0xBF, 0x00,
    0x00, 0xBF, 0x00, 0x00, 0xBF, 0x00, 0x00, 0xBF, 0x00, 0x00, 0xBF, 0x00, 0x00, 0xBF, 0x00, 0x00,
    0xBF, 0x00, 0x00, 0xBF, 0x00, 0x00, 0xBF, 0x00, 0x00, 0xBF, 0x00, 0x00, 0xBF, 0x00, 0x00, 0xBF,
    0x00, 0x00, 0xBF, 0x00, 0x00, 0xBF, 0x00, 0x00, 0xBF, 0x00, 0x00, 0xBF, 0x00, 0x00, 0xBF, 0x00,
    0x00, 0xBF, 0x00, 0x00, 0xBF, 0x00, 0x00, 0xBF, 0x00, 0x00, 0xBF, 0x00, 0x00, 0xBF, 0x00, 0x00,
    0xBF, 0x00, 0x00, 0xBF, 0x00, 0x00, 0xBF, 0x00, 0x00, 0xBF, 0x00, 0x00, 0xBF, 0x00, 0x00, 0xBF,
    0x00, 0x00, 0xBF, 0x00, 0x00, 0xBF, 0x00, 0x00, 0xBF, 0x00, 0x00, 0xBF, 0x00, 0x00, 0xBF, 0x00,
    0x00, 0xBF, 0x00, 0x00, 0xBF, 0x00, 0x00, 0xBF, 0x00, 0x00, 0xBF, 0x00, 0x00, 0xBF, 0x00, 0x00,
    0xBF, 0x00, 0x00, 0xBF, 0x00, 0x00, 0xBF, 0x00, 0x00, 0xBF, 0x00, 0x00, 0xBF, 0x00, 0x00, 0xBF,
    0x00, 0x00, 0xBF, 0x00, 0x00, 0xBF, 0x00, 0x00, 0xBF, 0x00, 0x00, 0xBF, 0x00, 0x00, 0xBF, 0x00,
    0x00, 0xBF, 0x00, 0x00, 0xBF, 0x00, 0x00, 0xBF, 0x00, 0x00, 0xBF, 0x00, 0x00, 0xBF, 0x00, 0x00,
    0xBF, 0x00, 0x00, 0xBF, 0x00, 0x00, 0xBF, 0x00, 0x00, 0xBF, 0x00, 0x00, 0xBF, 0x00, 0x00, 0xBF,
    0x00, 0x00, 0xBF, 0x00, 0x00, 0xBF, 0x00, 0x00, 0xBF, 0x00, 0x00, 0xBF, 0x00, 0x00, 0xBF, 0x00,
    0x00, 0xBF, 0x00, 0x00, 0xBF, 0x00, 0x00, 0xBF, 0x00, 0x00, 0xBF, 0x00, 0x00, 0xBF, 0x00, 0x00,
    0xBF, 0x00, 0x00, 0xBF, 0x00, 0x00, 0xBF, 0x00, 0x00, 0xBF, 0x00, 0x00, 0xBF, 0x00, 0x00, 0xBF,
    0x00, 0x00, 0xBF, 0x00, 0x00, 0xBF, 0x00, 0x00, 0xBF, 0x00, 0x00, 0xBF, 0x00, 0x00, 0xBF, 0x00,
    0x00, 0xBF, 0x00, 0x00, 0xBF, 0x00, 0x00, 0xBF, 0x00, 0x00, 0xBF, 0x00, 0x00, 0xBF, 0x00, 0x00,
    0xBF, 0x00, 0x00, 0xBF, 0x00, 0x00, 0xBF, 0x00, 0x00, 0xBF, 0x00, 0x00, 0xBF, 0x00, 0x00, 0xBF,
    0x00, 0x00, 0xBF, 0x00, 0x00, 0xBF, 0x00, 0x00, 0xBF, 0x00, 0x00, 0xBF, 0x00, 0x00, 0xBF, 0x00,
    0x00, 0xBF, 0x00, 0x00, 0xBF, 0x00, 0x00, 0xBF, 0x00, 0x00, 0xBF, 0x00, 0x00, 0xBF, 0x00, 0x00,
    0xBF, 0x00, 0x00, 0xBF, 0x00, 0x00, 0xBF, 0x00, 0x00, 0xBF, 0x00, 0x00, 0xBF, 0x00, 0x00, 0xBF,
    0x00, 0x00, 0xBF, 0x00, 0x00, 0xBF, 0x00, 0x00, 0xBF, 0x00, 0x00, 0xBF, 0x00, 0x00, 0xBF, 0x00,
    0x00, 0xBF, 0x00, 0x00, 0xBF, 0x00, 0x00, 0xBF, 0x00, 0x00, 0xBF, 0x00, 0x00, 0xBF, 0x00, 0x00,
    0xBF, 0x00, 0x00, 0xBF, 0x00, 0x00, 0xBF, 0x00, 0x00, 0xBF, 0x00, 0x00, 0xBF, 0x00, 0x00, 0xBF,
    0x00, 0x00, 0xBF, 0x00, 0x00, 0xBF, 0x00, 0x00, 0xBF, 0x00, 0x00, 0xBF, 0x00, 0x00, 0xBF, 0x00,
    0x00, 0xBF, 0x00, 0x00, 0xBF, 0x00, 0x00, 0xBF, 0x00, 0x00, 0xBF, 0x00, 0x00, 0xBF, 0x00, 0x00,
    0xBF, 0x00, 0x00, 0xBF, 0x00, 0x00, 0xBF, 0x00, 0x00, 0xBF, 0x00, 0x00, 0xBF, 0x00, 0x00, 0xBF,
    0x00, 0x00, 0xBF, 0x00, 0x00, 0xBF, 0x00, 0x00, 0xBF, 0x00, 0x00, 0xBF, 0x00, 0x00, 0xBF, 0x00,
    0x00, 0xBF, 0x00, 0x00, 0xBF, 0x00, 0x00, 0xBF, 0x00, 0x00, 0xBF, 0x00, 0x00, 0xBF, 0x00, 0x00,
    0xBF, 0x00, 0x00, 0xBF, 0x00, 0x00, 0xBF, 0x00, 0x00, 0xBF, 0x00, 0x00, 0xBF, 0x00, 0x00, 0xBF,
    0x00, 0x00, 0xBF, 0x00, 0x00, 0xBF, 0x00, 0x00, 0xBF, 0x00, 0x00, 0xBF, 0x00, 0x00, 0xBF, 0x00,
    0x00, 0xBF, 0x00, 0x00, 0xBF, 0x00, 0x00, 0xBF, 0x00, 0x00, 0xBF, 0x00, 0x00, 0xBF, 0x00, 0x00,
    0xBF, 0x00, 0x00, 0xBF, 0x00, 0x00, 0xBF, 0x00, 0x00, 0xBF, 0x00, 0x00, 0xBF, 0x00, 0x00, 0xBF,
    0x00, 0x00, 0xBF, 0x00, 0x00, 0xBF, 0x00, 0x00, 0xBF, 0x00, 0x00, 0xBF, 0x00, 0x00, 0xBF, 0x00,
    0x00, 0xBF, 0x00, 0x00, 0xBF, 0x00, 0x00, 0xBF, 0x00, 0x00, 0xBF, 0x00, 0x00, 0xBF, 0x00, 0x00,
    0xBF, 0x00, 0x00, 0xBF, 0x00, 0x00, 0xBF, 0x00, 0x00, 0xBF, 0x00, 0x00, 0xBF, 0x00, 0x00, 0xBF,
    0x00, 0x00, 0xBF, 0x00, 0x00, 0xBF, 0x00, 0x00, 0xBF, 0x00, 0x00, 0xBF, 0x00, 0x00, 0xBF, 0x00,
    0x00, 0xBF, 0x00, 0x00, 0xBF, 0x00, 0x00, 0xBF, 0x00, 0x00, 0xBF, 0x00, 0x00, 0xBF, 0x00, 0x00,
    0xBF, 0x00, 0x00, 0xBF, 0x00, 0x00, 0xBF, 0x00, 0x00, 0xBF, 0x00, 0x00, 0xBF, 0x00, 0x00, 0xBF,
    0x00, 0x00, 0xBF, 0x00, 0x00, 0xBF, 0x00, 0x00, 0xBF, 0x00, 0x00, 0xBF, 0x00, 0x00, 0xBF, 0x00,
    0x00, 0xBF, 0x00, 0x00, 0xBF, 0x00, 0x00, 0xBF, 0x00, 0x00, 0xBF, 0x00, 0x00, 0xBF, 0x00, 0x00,
    0xBF, 0x00, 0x00, 0xBF, 0x04, 0x61, 0xDE, 0x07, 0xE2, 0xFF, 0x07, 0xE2, 0xFF, 0x07, 0xE2, 0xFF,
    0x07, 0xE2, 0xFF, 0x07, 0xE2, 0xFF, 0x07, 0xE2, 0xFF, 0x07, 0xE2, 0xE4, 0x07, 0xE3, 0x0A, 0x00,
    0x00, 0x00, 0x00, 0x00, 0x00, 0x07, 0xE2, 0x7B, 0x07, 0xE2, 0xFF, 0x07, 0xE2, 0xFF, 0x07, 0xE2,
    0xFF, 0x07, 0xE2, 0xFF, 0x07, 0xE2, 0xFF, 0x07, 0xE2, 0xFF, 0x04, 0x41, 0xDD, 0x00, 0x00, 0xBF,
    0x00, 0x00, 0xBF, 0x00, 0x00, 0xBF, 0x00, 0x00, 0xBF, 0x00, 0x00, 0xBF, 0x00, 0x00, 0xBF, 0x00,
    0x00, 0xBF, 0x00, 0x00, 0xBF, 0x00, 0x00, 0xBF, 0x00, 0x00, 0xBF, 0x00, 0x00, 0xBF, 0x00, 0x00,
    0xBF, 0x00, 0x00, 0xBF, 0x00, 0x00, 0xBF, 0x00, 0x00, 0xBF, 0x00, 0x00, 0xBF, 0x00, 0x00, 0xBF,
    0x00, 0x00, 0xBF, 0x00, 0x00, 0xBF, 0x00, 0x00, 0xBF, 0x00, 0x00, 0xBF, 0x00, 0x00, 0xBF, 0x00,
    0x00, 0xBF, 0x00, 0x00, 0xBF, 0x00, 0x00, 0xBF, 0x00, 0x00, 0xBF, 0x00, 0x00, 0xBF, 0x00, 0x00,
    0xBF, 0x00, 0x00, 0xBF, 0x00, 0x00, 0xBF, 0x00, 0x00, 0xBF, 0x00, 0x00, 0xBF, 0x00, 0x00, 0xBF,
    0x00, 0x00, 0xBF, 0x00, 0x00, 0xBF, 0x00, 0x00, 0xBF, 0x00, 0x00, 0xBF, 0x00, 0x00, 0xBF, 0x00,
    0x00, 0xBF, 0x00, 0x00, 0xBF, 0x00, 0x00, 0xBF, 0x00, 0x00, 0xBF, 0x00, 0x00, 0xBF, 0x00, 0x00,
    0xBF, 0x00, 0x00, 0xBF, 0x00, 0x00, 0xBF, 0x00, 0x00, 0xBF, 0x00, 0x00, 0xBF, 0x00, 0x00, 0xBF,
    0x00, 0x00, 0xBF, 0x00, 0x00, 0xBF, 0x00, 0x00, 0xBF, 0x00, 0x00, 0xBF, 0x00, 0x00, 0xBF, 0x00,
    0x00, 0xBF, 0x00, 0x00, 0xBF, 0x00, 0x00, 0xBF, 0x00, 0x00, 0xBF, 0x00, 0x00, 0xBF, 0x00, 0x00,
    0xBF, 0x00, 0x00, 0xBF, 0x00, 0x00, 0xBF, 0x00, 0x00, 0xBF, 0x00, 0x00, 0xBF, 0x00, 0x00, 0xBF,
    0x00, 0x00, 0xBF, 0x00, 0x00, 0xBF, 0x00, 0x00, 0xBF, 0x00, 0x00, 0xBF, 0x00, 0x00, 0xBF, 0x00,
    0x00, 0xBF, 0x00, 0x00, 0xBF, 0x00, 0x00, 0xBF, 0x00, 0x00, 0xBF, 0x00, 0x00, 0xBF, 0x00, 0x00,
    0xBF, 0x00, 0x00, 0xBF, 0x00, 0x00, 0xBF, 0x00, 0x00, 0xBF, 0x00, 0x00, 0xBF, 0x00, 0x00, 0xBF,
    0x00, 0x00, 0xBF, 0x00, 0x00, 0xBF, 0x00, 0x00, 0xBF, 0x00, 0x00, 0xBF, 0x00, 0x00, 0xBF, 0x00,
    0x00, 0xBF, 0x00, 0x00, 0xBF, 0x00, 0x00, 0xBF, 0x00, 0x00, 0xBF, 0x00, 0x00, 0xBF, 0x00, 0x00,
    0xBF, 0x00, 0x00, 0xBF, 0x00, 0x00, 0xBF, 0x00, 0x00, 0xBF, 0x00, 0x00, 0xBF, 0x00, 0x00, 0xBF,
    0x00, 0x00, 0xBF, 0x00, 0x00, 0xBF, 0x00, 0x00, 0xBF, 0x00, 0x00, 0xBF, 0x00, 0x00, 0xBF, 0x00,
    0x00, 0xBF, 0x00, 0x00, 0xBF, 0x00, 0x00, 0xBF, 0x00, 0x00, 0xBF, 0x00, 0x00, 0xBF, 0x00, 0x00,
    0xBF, 0x00, 0x00, 0xBF, 0x00, 0x00, 0xBF, 0x00, 0x00, 0xBF, 0x00, 0x00, 0xBF, 0x00, 0x00, 0xBF,
    0x00, 0x00, 0xBF, 0x00, 0x00, 0xBF, 0x00, 0x00, 0xBF, 0x00, 0x00, 0xBF, 0x00, 0x00, 0xBF, 0x00,
    0x00, 0xBF, 0x00, 0x00, 0xBF, 0x00, 0x00, 0xBF, 0x00, 0x00, 0xBF, 0x00, 0x00, 0xBF, 0x00, 0x00,
    0xBF, 0x00, 0x00, 0xBF, 0x00, 0x00, 0xBF, 0x00, 0x00, 0xBF, 0x00, 0x00, 0xBF, 0x00, 0x00, 0xBF,
    0x00, 0x00, 0xBF, 0x00, 0x00, 0xBF, 0x00, 0x00, 0xBF, 0x00, 0x00, 0xBF, 0x00, 0x00, 0xBF, 0x00,
    0x00, 0xBF, 0x00, 0x00, 0xBF, 0x00, 0x00, 0xBF, 0x00, 0x00, 0xBF, 0x00, 0x00, 0xBF, 0x00, 0x00,
    0xBF, 0x00, 0x00, 0xBF, 0x00, 0x00, 0xBF, 0x00, 0x00, 0xBF, 0x00, 0x00, 0xBF, 0x00, 0x00, 0xBF,
    0x00, 0x00, 0xBF, 0x00, 0x00, 0xBF, 0x00, 0x00, 0xBF, 0x00, 0x00, 0xBF, 0x00, 0x00, 0xBF, 0x00,
    0x00, 0xBF, 0x00, 0x00, 0xBF, 0x00, 0x00, 0xBF, 0x00, 0x00, 0xBF, 0x00, 0x00, 0xBF, 0x00, 0x00,
    0xBF, 0x00, 0x00, 0xBF, 0x00, 0x00, 0xBF, 0x00, 0x00, 0xBF, 0x00, 0x00, 0xBF, 0x00, 0x00, 0xBF,
    0x00, 0x00, 0xBF, 0x00, 0x00, 0xBF, 0x00, 0x00, 0xBF, 0x00, 0x00, 0xBF, 0x00, 0x00, 0xBF, 0x00,
    0x00, 0xBF, 0x00, 0x00, 0xBF, 0x00, 0x00, 0xBF, 0x00, 0x00, 0xBF, 0x00, 0x00, 0xBF, 0x00, 0x00,
    0xBF, 0x00, 0x00, 0xBF, 0x00, 0x00, 0xBF, 0x00, 0x00, 0xBF, 0x00, 0x00, 0xBF, 0x00, 0x00, 0xBF,
    0x00, 0x00, 0xBF, 0x00, 0x00, 0xBF, 0x00, 0x00, 0xBF, 0x00, 0x00, 0xBF, 0x00, 0x00, 0xBF, 0x00,
    0x00, 0xBF, 0x00, 0x00, 0xBF, 0x00, 0x00, 0xBF, 0x00, 0x00, 0xBF, 0x00, 0x00, 0xBF, 0x00, 0x00,
    0xBF, 0x00, 0x00, 0xBF, 0x00, 0x00, 0xBF, 0x00, 0x00, 0xBF, 0x00, 0x00, 0xBF, 0x00, 0x00, 0xBF,
    0x00, 0x00, 0xBF, 0x00, 0x00, 0xBF, 0x00, 0x00, 0xBF, 0x00, 0x00, 0xBF, 0x00, 0x00, 0xBF, 0x00,
    0x00, 0xBF, 0x00, 0x00, 0xBF, 0x00, 0x00, 0xBF, 0x00, 0x00, 0xBF, 0x00, 0x00, 0xBF, 0x00, 0x00,
    0xBF, 0x00, 0x00, 0xBF, 0x00, 0x00, 0xBF, 0x00, 0x00, 0xBF, 0x00, 0x00, 0xBF, 0x00, 0x00, 0xBF,
    0x00, 0x00, 0xBF, 0x00, 0x00, 0xBF, 0x00, 0x00, 0xBF, 0x00, 0x00, 0xBF, 0x00, 0x00, 0xBF, 0x00,
    0x00, 0xBF, 0x00, 0x00, 0xBF, 0x00, 0x00, 0xBF, 0x00, 0x00, 0xBF, 0x00, 0x00, 0xBF, 0x00, 0x00,
    0xBF, 0x00, 0x00, 0xBF, 0x00, 0x00, 0xBF, 0x00, 0x00, 0xBF, 0x00, 0x00, 0xBF, 0x00, 0x00, 0xBF,
    0x00, 0x00, 0xBF, 0x00, 0x00, 0xBF, 0x00, 0x00, 0xBF, 0x00, 0x00, 0xBF, 0x00, 0x00, 0xBF, 0x00,
    0x00, 0xBF, 0x00, 0x00, 0xBF, 0x00, 0x00, 0xBF, 0x00, 0x00, 0xBF, 0x00, 0x00, 0xBF, 0x00, 0x00,
    0xBF, 0x00, 0x00, 0xBF, 0x00, 0x00, 0xBF, 0x00, 0x00, 0xBF, 0x00, 0x00, 0xBF, 0x00, 0x00, 0xBF,
    0x00, 0x00, 0xBF, 0x00, 0x00, 0xBF, 0x00, 0x00, 0xBF, 0x00, 0x00, 0xBF, 0x00, 0x00, 0xBF, 0x00,
    0x00, 0xBF, 0x00, 0x00, 0xBF, 0x00, 0x00, 0xBF, 0x00, 0x00, 0xBF, 0x00, 0x00, 0xBF, 0x00, 0x00,
    0xBF, 0x00, 0x00, 0xBF, 0x00, 0x00, 0xBF, 0x00, 0x00, 0xBF, 0x00, 0x00, 0xBF, 0x00, 0x00, 0xBF,
    0x00, 0x00, 0xBF, 0x00, 0x00, 0xBF, 0x00, 0x00, 0xBF, 0x00, 0x00, 0xBF, 0x00, 0x00, 0xBF, 0x00,
    0x00, 0xBF, 0x00, 0x00, 0xBF, 0x00, 0x00, 0xBF, 0x00, 0x00, 0xBF, 0x00, 0x00, 0xBF, 0x00, 0x00,
    0xBF, 0x00, 0x00, 0xBF, 0x00, 0x00, 0xBF, 0x00, 0x00, 0xBF, 0x00, 0x00, 0xBF, 0x00, 0x00, 0xBF,
    0x00, 0x00, 0xBF, 0x00, 0x00, 0xBF, 0x00, 0x00, 0xBF, 0x00, 0x00, 0xBF, 0x00, 0x00, 0xBF, 0x00,
    0x00, 0xBF, 0x00, 0x00, 0xBF, 0x00, 0x00, 0xBF, 0x00, 0x00, 0xBF, 0x00, 0x00, 0xBF, 0x00, 0x00,
    0xBF, 0x00, 0x00, 0xBF, 0x00, 0x00, 0xBF, 0x00, 0x00, 0xBF, 0x00, 0x00, 0xBF, 0x00, 0x00, 0xBF,
    0x00, 0x00, 0xBF, 0x00, 0x00, 0xBF, 0x00, 0x00, 0xBF, 0x04, 0x61, 0xDE, 0x07, 0xE2, 0xFF, 0x07,
    0xE2, 0xFF, 0x07, 0xE2, 0xFF, 0x07, 0xE2, 0xFF, 0x07, 0xE2, 0xFF, 0x07, 0xE2, 0xFF, 0x07, 0xE2,
    0x79, 0x00, 0x00, 0x00, 0x07, 0xE0, 0x01, 0x07, 0xE2, 0xE4, 0x07, 0xE2, 0xFF, 0x07, 0xE2, 0xFF,
    0x07, 0xE2, 0xFF, 0x07, 0xE2, 0xFF, 0x07, 0xE2, 0xFF, 0x05, 0xC2, 0xEA, 0x00, 0x00, 0xBF, 0x00,
    0x00, 0xBF, 0x00, 0x00, 0xBF, 0x00, 0x00, 0xBF, 0x00, 0x00, 0xBF, 0x00, 0x00, 0xBF, 0x00, 0x00,
    0xBF, 0x00, 0x00, 0xBF, 0x00, 0x00, 0xBF, 0x00, 0x00, 0xBF, 0x00, 0x00, 0xBF, 0x00, 0x00, 0xBF,
    0x00, 0x00, 0xBF, 0x00, 0x00, 0xBF, 0x00, 0x00, 0xBF, 0x00, 0x00, 0xBF, 0x00, 0x00, 0xBF, 0x00,
    0x00, 0xBF, 0x00, 0x00, 0xBF, 0x00, 0x00, 0xBF, 0x00, 0x00, 0xBF, 0x00, 0x00, 0xBF, 0x00, 0x00,
    0xBF, 0x00, 0x00, 0xBF, 0x00, 0x00, 0xBF, 0x00, 0x00, 0xBF, 0x00, 0x00, 0xBF, 0x00, 0x00, 0xBF,
    0x00, 0x00, 0xBF, 0x00, 0x00, 0xBF, 0x00, 0x00, 0xBF, 0x00, 0x00, 0xBF, 0x00, 0x00, 0xBF, 0x00,
    0x00, 0xBF, 0x00, 0x00, 0xBF, 0x00, 0x00, 0xBF, 0x00, 0x00, 0xBF, 0x00, 0x00, 0xBF, 0x00, 0x00,
    0xBF, 0x00, 0x00, 0xBF, 0x00, 0x00, 0xBF, 0x00, 0x00, 0xBF, 0x00, 0x00, 0xBF, 0x00, 0x00, 0xBF,
    0x00, 0x00, 0xBF, 0x00, 0x00, 0xBF, 0x00, 0x00, 0xBF, 0x00, 0x00, 0xBF, 0x00, 0x00, 0xBF, 0x00,
    0x00, 0xBF, 0x00, 0x00, 0xBF, 0x00, 0x00, 0xBF, 0x00, 0x00, 0xBF, 0x00, 0x00, 0xBF, 0x00, 0x00,
    0xBF, 0x00, 0x00, 0xBF, 0x00, 0x00, 0xBF, 0x00, 0x00, 0xBF, 0x00, 0x00, 0xBF, 0x00, 0x00, 0xBF,
    0x00, 0x00, 0xBF, 0x00, 0x00, 0xBF, 0x00, 0x00, 0xBF, 0x00, 0x00, 0xBF, 0x00, 0x00, 0xBF, 0x00,
    0x00, 0xBF, 0x00, 0x00, 0xBF, 0x00, 0x00, 0xBF, 0x00, 0x00, 0xBF, 0x00, 0x00, 0xBF, 0x00, 0x00,
    0xBF, 0x00, 0x00, 0xBF, 0x00, 0x00, 0xBF, 0x00, 0x00, 0xBF, 0x00, 0x00, 0xBF, 0x00, 0x00, 0xBF,
    0x00, 0x00, 0xBF, 0x00, 0x00, 0xBF, 0x00, 0x00, 0xBF, 0x00, 0x00, 0xBF, 0x00, 0x00, 0xBF, 0x00,
    0x00, 0xBF, 0x00, 0x00, 0xBF, 0x00, 0x00, 0xBF, 0x00, 0x00, 0xBF, 0x00, 0x00, 0xBF, 0x00, 0x00,
    0xBF, 0x00, 0x00, 0xBF, 0x00, 0x00, 0xBF, 0x00, 0x00, 0xBF, 0x00, 0x00, 0xBF, 0x00, 0x00, 0xBF,
    0x00, 0x00, 0xBF, 0x00, 0x00, 0xBF, 0x00, 0x00, 0xBF, 0x00, 0x00, 0xBF, 0x00, 0x00, 0xBF, 0x00,
    0x00, 0xBF, 0x00, 0x00, 0xBF, 0x00, 0x00, 0xBF, 0x00, 0x00, 0xBF, 0x00, 0x00, 0xBF, 0x00, 0x00,
    0xBF, 0x00, 0x00, 0xBF, 0x00, 0x00, 0xBF, 0x00, 0x00, 0xBF, 0x00, 0x00, 0xBF, 0x00, 0x00, 0xBF,
    0x00, 0x00, 0xBF, 0x00, 0x00, 0xBF, 0x00, 0x00, 0xBF, 0x00, 0x00, 0xBF, 0x00, 0x00, 0xBF, 0x00,
    0x00, 0xBF, 0x00, 0x00, 0xBF, 0x00, 0x00, 0xBF, 0x00, 0x00, 0xBF, 0x00, 0x00, 0xBF, 0x00, 0x00,
    0xBF, 0x00, 0x00, 0xBF, 0x00, 0x00, 0xBF, 0x00, 0x00, 0xBF, 0x00, 0x00, 0xBF, 0x00, 0x00, 0xBF,
    0x00, 0x00, 0xBF, 0x00, 0x00, 0xBF, 0x00, 0x00, 0xBF, 0x00, 0x00, 0xBF, 0x00, 0x00, 0xBF, 0x00,
    0x00, 0xBF, 0x00, 0x00, 0xBF, 0x00, 0x00, 0xBF, 0x00, 0x00, 0xBF, 0x00, 0x00, 0xBF, 0x00, 0x00,
    0xBF, 0x00, 0x00, 0xBF, 0x00, 0x00, 0xBF, 0x00, 0x00, 0xBF, 0x00, 0x00, 0xBF, 0x00, 0x00, 0xBF,
    0x00, 0x00, 0xBF, 0x00, 0x00, 0xBF, 0x00, 0x00, 0xBF, 0x00, 0x00, 0xBF, 0x00, 0x00, 0xBF, 0x00,
    0x00, 0xBF, 0x00, 0x00, 0xBF, 0x00, 0x00, 0xBF, 0x00, 0x00, 0xBF, 0x00, 0x00, 0xBF, 0x00, 0x00,
    0xBF, 0x00, 0x00, 0xBF, 0x00, 0x00, 0xBF, 0x00, 0x00, 0xBF, 0x00, 0x00, 0xBF, 0x00, 0x00, 0xBF,
    0x00, 0x00, 0xBF, 0x00, 0x00, 0xBF, 0x00, 0x00, 0xBF, 0x00, 0x00, 0xBF, 0x00, 0x00, 0xBF, 0x00,
    0x00, 0xBF, 0x00, 0x00, 0xBF, 0x00, 0x00, 0xBF, 0x00, 0x00, 0xBF, 0x00, 0x00, 0xBF, 0x00, 0x00,
    0xBF, 0x00, 0x00, 0xBF, 0x00, 0x00, 0xBF, 0x00, 0x00, 0xBF, 0x00, 0x00, 0xBF, 0x00, 0x00, 0xBF,
    0x00, 0x00, 0xBF, 0x00, 0x00, 0xBF, 0x00, 0x00, 0xBF, 0x00, 0x00, 0xBF, 0x00, 0x00, 0xBF, 0x00,
    0x00, 0xBF, 0x00, 0x00, 0xBF, 0x00, 0x00, 0xBF, 0x00, 0x00, 0xBF, 0x00, 0x00, 0xBF, 0x00, 0x00,
    0xBF, 0x00, 0x00, 0xBF, 0x00, 0x00, 0xBF, 0x00, 0x00, 0xBF, 0x00, 0x00, 0xBF, 0x00, 0x00, 0xBF,
    0x00, 0x00, 0xBF, 0x00, 0x00, 0xBF, 0x00, 0x00, 0xBF, 0x00, 0x00, 0xBF, 0x00, 0x00, 0xBF, 0x00,
    0x00, 0xBF, 0x00, 0x00, 0xBF, 0x00, 0x00, 0xBF, 0x00, 0x00, 0xBF, 0x00, 0x00, 0xBF, 0x00, 0x00,
    0xBF, 0x00, 0x00, 0xBF, 0x00, 0x00, 0xBF, 0x00, 0x00, 0xBF, 0x00, 0x00, 0xBF, 0x00, 0x00, 0xBF,
    0x00, 0x00, 0xBF, 0x00, 0x00, 0xBF, 0x00, 0x00, 0xBF, 0x00, 0x00, 0xBF, 0x00, 0x00, 0xBF, 0x00,
    0x00, 0xBF, 0x00, 0x00, 0xBF, 0x00, 0x00, 0xBF, 0x00, 0x00, 0xBF, 0x00, 0x00, 0xBF, 0x00, 0x00,
    0xBF, 0x00, 0x00, 0xBF, 0x00, 0x00, 0xBF, 0x00, 0x00, 0xBF, 0x00, 0x00, 0xBF, 0x00, 0x00, 0xBF,
    0x00, 0x00, 0xBF, 0x00, 0x00, 0xBF, 0x00, 0x00, 0xBF, 0x00, 0x00, 0xBF, 0x00, 0x00, 0xBF, 0x00,
    0x00, 0xBF, 0x00, 0x00, 0xBF, 0x00, 0x00, 0xBF, 0x00, 0x00, 0xBF, 0x00, 0x00, 0xBF, 0x00, 0x00,
    0xBF, 0x00, 0x00, 0xBF, 0x00, 0x00, 0xBF, 0x00, 0x00, 0xBF, 0x00, 0x00, 0xBF, 0x00, 0x00, 0xBF,
    0x00, 0x00, 0xBF, 0x00, 0x00, 0xBF, 0x00, 0x00, 0xBF, 0x00, 0x00, 0xBF, 0x00, 0x00, 0xBF, 0x00,
    0x00, 0xBF, 0x00, 0x00, 0xBF, 0x00, 0x00, 0xBF, 0x00, 0x00, 0xBF, 0x00, 0x00, 0xBF, 0x00, 0x00,
    0xBF, 0x00, 0x00, 0xBF, 0x00, 0x00, 0xBF, 0x00, 0x00, 0xBF, 0x00, 0x00, 0xBF, 0x00, 0x00, 0xBF,
    0x00, 0x00, 0xBF, 0x00, 0x00, 0xBF, 0x00, 0x00, 0xBF, 0x00, 0x00, 0xBF, 0x00, 0x00, 0xBF, 0x00,
    0x00, 0xBF, 0x00, 0x00, 0xBF, 0x00, 0x00, 0xBF, 0x00, 0x00, 0xBF, 0x00, 0x00, 0xBF, 0x00, 0x00,
    0xBF, 0x00, 0x00, 0xBF, 0x00, 0x00, 0xBF, 0x00, 0x00, 0xBF, 0x00, 0x00, 0xBF, 0x00, 0x00, 0xBF,
    0x00, 0x00, 0xBF, 0x00, 0x00, 0xBF, 0x00, 0x00, 0xBF, 0x00, 0x00, 0xBF, 0x00, 0x00, 0xBF, 0x00,
    0x00, 0xBF, 0x00, 0x00, 0xBF, 0x00, 0x00, 0xBF, 0x00, 0x00, 0xBF, 0x00, 0x00, 0xBF, 0x00, 0x00,
    0xBF, 0x00, 0x00, 0xBF, 0x00, 0x00, 0xBF, 0x00, 0x00, 0xBF, 0x00, 0x00, 0xBF, 0x00, 0x00, 0xBF,
    0x00, 0x00, 0xBF, 0x00, 0x00, 0xBF, 0x00, 0x00, 0xBF, 0x00, 0x00, 0xBF, 0x00, 0x00, 0xBF, 0x00,
    0x00, 0xBF, 0x00, 0x00, 0xBF, 0x00, 0x00, 0xBF, 0x00, 0x00, 0xBF, 0x00, 0x00, 0xBF, 0x05, 0xE2,
    0xEB, 0x07, 0xE2, 0xFF, 0x07, 0xE2, 0xFF, 0x07, 0xE2, 0xFF, 0x07, 0xE2, 0xFF, 0x07, 0xE2, 0xFF,
    0x07, 0xE2, 0xE2, 0x07, 0xE0, 0x01, 0x07, 0xE3, 0x36, 0x07, 0xE2, 0xFF, 0x07, 0xE2, 0xFF, 0x07,
    0xE2, 0xFF, 0x07, 0xE2, 0xFF, 0x07, 0xE2, 0xFF, 0x07, 0xC2, 0xFD, 0x01, 0x60, 0xC8, 0x00, 0x00,
    0xBF, 0x00, 0x00, 0xBF, 0x00, 0x00, 0xBF, 0x00, 0x00, 0xBF, 0x00, 0x00, 0xBF, 0x00, 0x00, 0xBF,
    0x00, 0x00, 0xBF, 0x00, 0x00, 0xBF, 0x00, 0x00, 0xBF, 0x00, 0x00, 0xBF, 0x00, 0x00, 0xBF, 0x00,
    0x00, 0xBF, 0x00, 0x00, 0xBF, 0x00, 0x00, 0xBF, 0x00, 0x00, 0xBF, 0x00, 0x00, 0xBF, 0x00, 0x00,
    0xBF, 0x00, 0x00, 0xBF, 0x00, 0x00, 0xBF, 0x00, 0x00, 0xBF, 0x00, 0x00, 0xBF, 0x00, 0x00, 0xBF,
    0x00, 0x00, 0xBF, 0x00, 0x00, 0xBF, 0x00, 0x00, 0xBF, 0x00, 0x00, 0xBF, 0x00, 0x00, 0xBF, 0x00,
    0x00, 0xBF, 0x00, 0x00, 0xBF, 0x00, 0x00, 0xBF, 0x00, 0x00, 0xBF, 0x00, 0x00, 0xBF, 0x00, 0x00,
    0xBF, 0x00, 0x00, 0xBF, 0x00, 0x00, 0xBF, 0x00, 0x00, 0xBF, 0x00, 0x00, 0xBF, 0x00, 0x00, 0xBF,
    0x00, 0x00, 0xBF, 0x00, 0x00, 0xBF, 0x00, 0x00, 0xBF, 0x00, 0x00, 0xBF, 0x00, 0x00, 0xBF, 0x00,
    0x00, 0xBF, 0x00, 0x00, 0xBF, 0x00, 0x00, 0xBF, 0x00, 0x00, 0xBF, 0x00, 0x00, 0xBF, 0x00, 0x00,
    0xBF, 0x00, 0x00, 0xBF, 0x00, 0x00, 0xBF, 0x00, 0x00, 0xBF, 0x00, 0x00, 0xBF, 0x00, 0x00, 0xBF,
    0x00, 0x00, 0xBF, 0x00, 0x00, 0xBF, 0x00, 0x00, 0xBF, 0x00, 0x00, 0xBF, 0x00, 0x00, 0xBF, 0x00,
    0x00, 0xBF, 0x00, 0x00, 0xBF, 0x00, 0x00, 0xBF, 0x00, 0x00, 0xBF, 0x00, 0x00, 0xBF, 0x00, 0x00,
    0xBF, 0x00, 0x00, 0xBF, 0x00, 0x00, 0xBF, 0x00, 0x00, 0xBF, 0x00, 0x00, 0xBF, 0x00, 0x00, 0xBF,
    0x00, 0x00, 0xBF, 0x00, 0x00, 0xBF, 0x00, 0x00, 0xBF, 0x00, 0x00, 0xBF, 0x00, 0x00, 0xBF, 0x00,
    0x00, 0xBF, 0x00, 0x00, 0xBF, 0x00, 0x00, 0xBF, 0x00, 0x00, 0xBF, 0x00, 0x00, 0xBF, 0x00, 0x00,
    0xBF, 0x00, 0x00, 0xBF, 0x00, 0x00, 0xBF, 0x00, 0x00, 0xBF, 0x00, 0x00, 0xBF, 0x00, 0x00, 0xBF,
    0x00, 0x00, 0xBF, 0x00, 0x00, 0xBF, 0x00, 0x00, 0xBF, 0x00, 0x00, 0xBF, 0x00, 0x00, 0xBF, 0x00,
    0x00, 0xBF, 0x00, 0x00, 0xBF, 0x00, 0x00, 0xBF, 0x00, 0x00, 0xBF, 0x00, 0x00, 0xBF, 0x00, 0x00,
    0xBF, 0x00, 0x00, 0xBF, 0x00, 0x00, 0xBF, 0x00, 0x00, 0xBF, 0x00, 0x00, 0xBF, 0x00, 0x00, 0xBF,
    0x00, 0x00, 0xBF, 0x00, 0x00, 0xBF, 0x00, 0x00, 0xBF, 0x00, 0x00, 0xBF, 0x00, 0x00, 0xBF, 0x00,
    0x00, 0xBF, 0x00, 0x00, 0xBF, 0x00, 0x00, 0xBF, 0x00, 0x00, 0xBF, 0x00, 0x00, 0xBF, 0x00, 0x00,
    0xBF, 0x00, 0x00, 0xBF, 0x00, 0x00, 0xBF, 0x00, 0x00, 0xBF, 0x00, 0x00, 0xBF, 0x00, 0x00, 0xBF,
    0x00, 0x00, 0xBF, 0x00, 0x00, 0xBF, 0x00, 0x00, 0xBF, 0x00, 0x00, 0xBF, 0x00, 0x00, 0xBF, 0x00,
    0x00, 0xBF, 0x00, 0x00, 0xBF, 0x00, 0x00, 0xBF, 0x00, 0x00, 0xBF, 0x00, 0x00, 0xBF, 0x00, 0x00,
    0xBF, 0x00, 0x00, 0xBF, 0x00, 0x00, 0xBF, 0x00, 0x00, 0xBF, 0x00, 0x00, 0xBF, 0x00, 0x00, 0xBF,
    0x00, 0x00, 0xBF, 0x00, 0x00, 0xBF, 0x00, 0x00, 0xBF, 0x00, 0x00, 0xBF, 0x00, 0x00, 0xBF, 0x00,
    0x00, 0xBF, 0x00, 0x00, 0xBF, 0x00, 0x00, 0xBF, 0x00, 0x00, 0xBF, 0x00, 0x00, 0xBF, 0x00, 0x00,
    0xBF, 0x00, 0x00, 0xBF, 0x00, 0x00, 0xBF, 0x00, 0x00, 0xBF, 0x00, 0x00, 0xBF, 0x00, 0x00, 0xBF,
    0x00, 0x00, 0xBF, 0x00, 0x00, 0xBF, 0x00, 0x00, 0xBF, 0x00, 0x00, 0xBF, 0x00, 0x00, 0xBF, 0x00,
    0x00, 0xBF, 0x00, 0x00, 0xBF, 0x00, 0x00, 0xBF, 0x00, 0x00, 0xBF, 0x00, 0x00, 0xBF, 0x00, 0x00,
    0xBF, 0x00, 0x00, 0xBF, 0x00, 0x00, 0xBF, 0x00, 0x00, 0xBF, 0x00, 0x00, 0xBF, 0x00, 0x00, 0xBF,
    0x00, 0x00, 0xBF, 0x00, 0x00, 0xBF, 0x00, 0x00, 0xBF, 0x00, 0x00, 0xBF, 0x00, 0x00, 0xBF, 0x00,
    0x00, 0xBF, 0x00, 0x00, 0xBF, 0x00, 0x00, 0xBF, 0x00, 0x00, 0xBF, 0x00, 0x00, 0xBF, 0x00, 0x00,
    0xBF, 0x00, 0x00, 0xBF, 0x00, 0x00, 0xBF, 0x00, 0x00, 0xBF, 0x00, 0x00, 0xBF, 0x00, 0x00, 0xBF,
    0x00, 0x00, 0xBF, 0x00, 0x00, 0xBF, 0x00, 0x00, 0xBF, 0x00, 0x00, 0xBF, 0x00, 0x00, 0xBF, 0x00,
    0x00, 0xBF, 0x00, 0x00, 0xBF, 0x00, 0x00, 0xBF, 0x00, 0x00, 0xBF, 0x00, 0x00, 0xBF, 0x00, 0x00,
    0xBF, 0x00, 0x00, 0xBF, 0x00, 0x00, 0xBF, 0x00, 0x00, 0xBF, 0x00, 0x00, 0xBF, 0x00, 0x00, 0xBF,
    0x00, 0x00, 0xBF, 0x00, 0x00, 0xBF, 0x00, 0x00, 0xBF, 0x00, 0x00, 0xBF, 0x00, 0x00, 0xBF, 0x00,
    0x00, 0xBF, 0x00, 0x00, 0xBF, 0x00, 0x00, 0xBF, 0x00, 0x00, 0xBF, 0x00, 0x00, 0xBF, 0x00, 0x00,
    0xBF, 0x00, 0x00, 0xBF, 0x00, 0x00, 0xBF, 0x00, 0x00, 0xBF, 0x00, 0x00, 0xBF, 0x00, 0x00, 0xBF,
    0x00, 0x00, 0xBF, 0x00, 0x00, 0xBF, 0x00, 0x00, 0xBF, 0x00, 0x00, 0xBF, 0x00, 0x00, 0xBF, 0x00,
    0x00, 0xBF, 0x00, 0x00, 0xBF, 0x00, 0x00, 0xBF, 0x00, 0x00, 0xBF, 0x00, 0x00, 0xBF, 0x00, 0x00,
    0xBF, 0x00, 0x00, 0xBF, 0x00, 0x00, 0xBF, 0x00, 0x00, 0xBF, 0x00, 0x00, 0xBF, 0x00, 0x00, 0xBF,
    0x00, 0x00, 0xBF, 0x00, 0x00, 0xBF, 0x00, 0x00, 0xBF, 0x00, 0x00, 0xBF, 0x00, 0x00, 0xBF, 0x00,
    0x00, 0xBF, 0x00, 0x00, 0xBF, 0x00, 0x00, 0xBF, 0x00, 0x00, 0xBF, 0x00, 0x00, 0xBF, 0x00, 0x00,
    0xBF, 0x00, 0x00, 0xBF, 0x00, 0x00, 0xBF, 0x00, 0x00, 0xBF, 0x00, 0x00, 0xBF, 0x00, 0x00, 0xBF,
    0x00, 0x00, 0xBF, 0x00, 0x00, 0xBF, 0x00, 0x00, 0xBF, 0x00, 0x00, 0xBF, 0x00, 0x00, 0xBF, 0x00,
    0x00, 0xBF, 0x00, 0x00, 0xBF, 0x00, 0x00, 0xBF, 0x00, 0x00, 0xBF, 0x00, 0x00, 0xBF, 0x00, 0x00,
    0xBF, 0x00, 0x00, 0xBF, 0x00, 0x00, 0xBF, 0x00, 0x00, 0xBF, 0x00, 0x00, 0xBF, 0x00, 0x00, 0xBF,
    0x00, 0x00, 0xBF, 0x00, 0x00, 0xBF, 0x00, 0x00, 0xBF, 0x00, 0x00, 0xBF, 0x00, 0x00, 0xBF, 0x00,
    0x00, 0xBF, 0x00, 0x00, 0xBF, 0x00, 0x00, 0xBF, 0x00, 0x00, 0xBF, 0x00, 0x00, 0xBF, 0x00, 0x00,
    0xBF, 0x00, 0x00, 0xBF, 0x00, 0x00, 0xBF, 0x00, 0x00, 0xBF, 0x00, 0x00, 0xBF, 0x00, 0x00, 0xBF,
    0x00, 0x00, 0xBF, 0x00, 0x00, 0xBF, 0x00, 0x00, 0xBF, 0x00, 0x00, 0xBF, 0x00, 0x00, 0xBF, 0x00,
    0x00, 0xBF, 0x00, 0x00, 0xBF, 0x00, 0x00, 0xBF, 0x00, 0x00, 0xBF, 0x00, 0x00, 0xBF, 0x00, 0x00,
    0xBF, 0x00, 0x00, 0xBF, 0x00, 0x00, 0xBF, 0x00, 0x00, 0xBF, 0x00, 0x00, 0xBF, 0x00, 0x00, 0xBF,
    0x01, 0x40, 0xC7, 0x07, 0xC2, 0xFD, 0x07, 0xE2, 0xFF, 0x07, 0xE2, 0xFF, 0x07, 0xE2, 0xFF, 0x07,
    0xE2, 0xFF, 0x07, 0xE2, 0xFF, 0x07, 0xE3, 0x33, 0x07, 0xE2, 0x84, 0x07, 0xE2, 0xFF, 0x07, 0xE2,
    0xFF, 0x07, 0xE2, 0xFF, 0x07, 0xE2, 0xFF, 0x07, 0xE2, 0xFF, 0x05, 0x82, 0xE8, 0x00, 0x00, 0xBF,
    0x00, 0x00, 0xBF, 0x00, 0x00, 0xBF, 0x00, 0x00, 0xBF, 0x00, 0x00, 0xBF, 0x00, 0x00, 0xBF, 0x00,
    0x00, 0xBF, 0x00, 0x00, 0xBF, 0x00, 0x00, 0xBF, 0x00, 0x00, 0xBF, 0x00, 0x00, 0xBF, 0x00, 0x00,
    0xBF, 0x00, 0x00, 0xBF, 0x00, 0x00, 0xBF, 0x00, 0x00, 0xBF, 0x00, 0x00, 0xBF, 0x00, 0x00, 0xBF,
    0x00, 0x00, 0xBF, 0x00, 0x00, 0xBF, 0x00, 0x00, 0xBF, 0x00, 0x00, 0xBF, 0x00, 0x00, 0xBF, 0x00,
    0x00, 0xBF, 0x00, 0x00, 0xBF, 0x00, 0x00, 0xBF, 0x00, 0x00, 0xBF, 0x00, 0x00, 0xBF, 0x00, 0x00,
    0xBF, 0x00, 0x00, 0xBF, 0x00, 0x00, 0xBF, 0x00, 0x00, 0xBF, 0x00, 0x00, 0xBF, 0x00, 0x00, 0xBF,
    0x00, 0x00, 0xBF, 0x00, 0x00, 0xBF, 0x00, 0x00, 0xBF, 0x00, 0x00, 0xBF, 0x00, 0x00, 0xBF, 0x00,
    0x00, 0xBF, 0x00, 0x00, 0xBF, 0x00, 0x00, 0xBF, 0x00, 0x00, 0xBF, 0x00, 0x00, 0xBF, 0x00, 0x00,
    0xBF, 0x00, 0x00, 0xBF, 0x00, 0x00, 0xBF, 0x00, 0x00, 0xBF, 0x00, 0x00, 0xBF, 0x00, 0x00, 0xBF,
    0x00, 0x00, 0xBF, 0x00, 0x00, 0xBF, 0x00, 0x00, 0xBF, 0x00, 0x00, 0xBF, 0x00, 0x00, 0xBF, 0x00,
    0x00, 0xBF, 0x00, 0x00, 0xBF, 0x00, 0x00, 0xBF, 0x00, 0x00, 0xBF, 0x00, 0x00, 0xBF, 0x00, 0x00,
    0xBF, 0x00, 0x00, 0xBF, 0x00, 0x00, 0xBF, 0x00, 0x00, 0xBF, 0x00, 0x00, 0xBF, 0x00, 0x00, 0xBF,
    0x00, 0x00, 0xBF, 0x00, 0x00, 0xBF, 0x00, 0x00, 0xBF, 0x00, 0x00, 0xBF, 0x00, 0x00, 0xBF, 0x00,
    0x00, 0xBF, 0x00, 0x00, 0xBF, 0x00, 0x00, 0xBF, 0x00, 0x00, 0xBF, 0x00, 0x00, 0xBF, 0x00, 0x00,
    0xBF, 0x00, 0x00, 0xBF, 0x00, 0x00, 0xBF, 0x00, 0x00, 0xBF, 0x00, 0x00, 0xBF, 0x00, 0x00, 0xBF,
    0x00, 0x00, 0xBF, 0x00, 0x00, 0xBF, 0x00, 0x00, 0xBF, 0x00, 0x00, 0xBF, 0x00, 0x00, 0xBF, 0x00,
    0x00, 0xBF, 0x00, 0x00, 0xBF, 0x00, 0x00, 0xBF, 0x00, 0x00, 0xBF, 0x00, 0x00, 0xBF, 0x00, 0x00,
    0xBF, 0x00, 0x00, 0xBF, 0x00, 0x00, 0xBF, 0x00, 0x00, 0xBF, 0x00, 0x00, 0xBF, 0x00, 0x00, 0xBF,
    0x00, 0x00, 0xBF, 0x00, 0x00, 0xBF, 0x00, 0x00, 0xBF, 0x00, 0x00, 0xBF, 0x00, 0x00, 0xBF, 0x00,
    0x00, 0xBF, 0x00, 0x00, 0xBF, 0x00, 0x00, 0xBF, 0x00, 0x00, 0xBF, 0x00, 0x00, 0xBF, 0x00, 0x00,
    0xBF, 0x00, 0x00, 0xBF, 0x00, 0x00, 0xBF, 0x00, 0x00, 0xBF, 0x00, 0x00, 0xBF, 0x00, 0x00, 0xBF,
    0x00, 0x00, 0xBF, 0x00, 0x00, 0xBF, 0x00, 0x00, 0xBF, 0x00, 0x00, 0xBF, 0x00, 0x00, 0xBF, 0x00,
    0x00, 0xBF, 0x00, 0x00, 0xBF, 0x00, 0x00, 0xBF, 0x00, 0x00, 0xBF, 0x00, 0x00, 0xBF, 0x00, 0x00,
    0xBF, 0x00, 0x00, 0xBF, 0x00, 0x00, 0xBF, 0x00, 0x00, 0xBF, 0x00, 0x00, 0xBF, 0x00, 0x00, 0xBF,
    0x00, 0x00, 0xBF, 0x00, 0x00, 0xBF, 0x00, 0x00, 0xBF, 0x00, 0x00, 0xBF, 0x00, 0x00, 0xBF, 0x00,
    0x00, 0xBF, 0x00, 0x00, 0xBF, 0x00, 0x00, 0xBF, 0x00, 0x00, 0xBF, 0x00, 0x00, 0xBF, 0x00, 0x00,
    0xBF, 0x00, 0x00, 0xBF, 0x00, 0x00, 0xBF, 0x00, 0x00, 0xBF, 0x00, 0x00, 0xBF, 0x00, 0x00, 0xBF,
    0x00, 0x00, 0xBF, 0x00, 0x00, 0xBF, 0x00, 0x00, 0xBF, 0x00, 0x00, 0xBF, 0x00, 0x00, 0xBF, 0x00,
    0x00, 0xBF, 0x00, 0x00, 0xBF, 0x00, 0x00, 0xBF, 0x00, 0x00, 0xBF, 0x00, 0x00, 0xBF, 0x00, 0x00,
    0xBF, 0x00, 0x00, 0xBF, 0x00, 0x00, 0xBF, 0x00, 0x00, 0xBF, 0x00, 0x00, 0xBF, 0x00, 0x00, 0xBF,
    0x00, 0x00, 0xBF, 0x00, 0x00, 0xBF, 0x00, 0x00, 0xBF, 0x00, 0x00, 0xBF, 0x00, 0x00, 0xBF, 0x00,
    0x00, 0xBF, 0x00, 0x00, 0xBF, 0x00, 0x00, 0xBF, 0x00, 0x00, 0xBF, 0x00, 0x00, 0xBF, 0x00, 0x00,
    0xBF, 0x00, 0x00, 0xBF, 0x00, 0x00, 0xBF, 0x00, 0x00, 0xBF, 0x00, 0x00, 0xBF, 0x00, 0x00, 0xBF,
    0x00, 0x00, 0xBF, 0x00, 0x00, 0xBF, 0x00, 0x00, 0xBF, 0x00, 0x00, 0xBF, 0x00, 0x00, 0xBF, 0x00,
    0x00, 0xBF, 0x00, 0x00, 0xBF, 0x00, 0x00, 0xBF, 0x00, 0x00, 0xBF, 0x00, 0x00, 0xBF, 0x00, 0x00,
    0xBF, 0x00, 0x00, 0xBF, 0x00, 0x00, 0xBF, 0x00, 0x00, 0xBF, 0x00, 0x00, 0xBF, 0x00, 0x00, 0xBF,
    0x00, 0x00, 0xBF, 0x00, 0x00, 0xBF, 0x00, 0x00, 0xBF, 0x00, 0x00, 0xBF, 0x00, 0x00, 0xBF, 0x00,
    0x00, 0xBF, 0x00, 0x00, 0xBF, 0x00, 0x00, 0xBF, 0x00, 0x00, 0xBF, 0x00, 0x00, 0xBF, 0x00, 0x00,
    0xBF, 0x00, 0x00, 0xBF, 0x00, 0x00, 0xBF, 0x00, 0x00, 0xBF, 0x00, 0x00, 0xBF, 0x00, 0x00, 0xBF,
    0x00, 0x00, 0xBF, 0x00, 0x00, 0xBF, 0x00, 0x00, 0xBF, 0x00, 0x00, 0xBF, 0x00, 0x00, 0xBF, 0x00,
    0x00, 0xBF, 0x00, 0x00, 0xBF, 0x00, 0x00, 0xBF, 0x00, 0x00, 0xBF, 0x00, 0x00, 0xBF, 0x00, 0x00,
    0xBF, 0x00, 0x00, 0xBF, 0x00, 0x00, 0xBF, 0x00, 0x00, 0xBF, 0x00, 0x00, 0xBF, 0x00, 0x00, 0xBF,
    0x00, 0x00, 0xBF, 0x00, 0x00, 0xBF, 0x00, 0x00, 0xBF, 0x00, 0x00, 0xBF, 0x00, 0x00, 0xBF, 0x00,
    0x00, 0xBF, 0x00, 0x00, 0xBF, 0x00, 0x00, 0xBF, 0x00, 0x00, 0xBF, 0x00, 0x00, 0xBF, 0x00, 0x00,
    0xBF, 0x00, 0x00, 0xBF, 0x00, 0x00, 0xBF, 0x00, 0x00, 0xBF, 0x00, 0x00, 0xBF, 0x00, 0x00, 0xBF,
    0x00, 0x00, 0xBF, 0x00, 0x00, 0xBF, 0x00, 0x00, 0xBF, 0x00, 0x00, 0xBF, 0x00, 0x00, 0xBF, 0x00,
    0x00, 0xBF, 0x00, 0x00, 0xBF, 0x00, 0x00, 0xBF, 0x00, 0x00, 0xBF, 0x00, 0x00, 0xBF, 0x00, 0x00,
    0xBF, 0x00, 0x00, 0xBF, 0x00, 0x00, 0xBF, 0x00, 0x00, 0xBF, 0x00, 0x00, 0xBF, 0x00, 0x00, 0xBF,
    0x00, 0x00, 0xBF, 0x00, 0x00, 0xBF, 0x00, 0x00, 0xBF, 0x00, 0x00, 0xBF, 0x00, 0x00, 0xBF, 0x00,
    0x00, 0xBF, 0x00, 0x00, 0xBF, 0x00, 0x00, 0xBF, 0x00, 0x00, 0xBF, 0x00, 0x00, 0xBF, 0x00, 0x00,
    0xBF, 0x00, 0x00, 0xBF, 0x00, 0x00, 0xBF, 0x00, 0x00, 0xBF, 0x00, 0x00, 0xBF, 0x00, 0x00, 0xBF,
    0x00, 0x00, 0xBF, 0x00, 0x00, 0xBF, 0x00, 0x00, 0xBF, 0x00, 0x00, 0xBF, 0x00, 0x00, 0xBF, 0x00,
    0x00, 0xBF, 0x00, 0x00, 0xBF, 0x00, 0x00, 0xBF, 0x00, 0x00, 0xBF, 0x00, 0x00, 0xBF, 0x00, 0x00,
    0xBF, 0x00, 0x00, 0xBF, 0x00, 0x00, 0xBF, 0x00, 0x00, 0xBF, 0x00, 0x00, 0xBF, 0x00, 0x00, 0xBF,
    0x00, 0x00, 0xBF, 0x00, 0x00, 0xBF, 0x00, 0x00, 0xBF, 0x00, 0x00, 0xBF, 0x00, 0x00, 0xBF, 0x00,
    0x00, 0xBF, 0x00, 0x00, 0xBF, 0x05, 0xA2, 0xE8, 0x07, 0xE2, 0xFF, 0x07, 0xE2, 0xFF, 0x07, 0xE2,
    0xFF, 0x07, 0xE2, 0xFF, 0x07, 0xE2, 0xFF, 0x07, 0xE3, 0x82, 0x07, 0xE2, 0xBA, 0x07, 0xE2, 0xFF,
    0x07, 0xE2, 0xFF, 0x07, 0xE2, 0xFF, 0x07, 0xE2, 0xFF, 0x07, 0xE2, 0xFF, 0x03, 0x01, 0xD3, 0x00,
    0x00, 0xBF, 0x00, 0x00, 0xBF, 0x00, 0x00, 0xBF, 0x00, 0x00, 0xBF, 0x00, 0x00, 0xBF, 0x00, 0x00,
    0xBF, 0x00, 0x00, 0xBF, 0x00, 0x00, 0xBF, 0x00, 0x00, 0xBF, 0x00, 0x00, 0xBF, 0x00, 0x00, 0xBF,
    0x00, 0x00, 0xBF, 0x00, 0x00, 0xBF, 0x00, 0x00, 0xBF, 0x00, 0x00, 0xBF, 0x00, 0x00, 0xBF, 0x00,
    0x00, 0xBF, 0x00, 0x00, 0xBF, 0x00, 0x00, 0xBF, 0x00, 0x00, 0xBF, 0x00, 0x00, 0xBF, 0x00, 0x00,
    0xBF, 0x00, 0x00, 0xBF, 0x00, 0x00, 0xBF, 0x00, 0x00, 0xBF, 0x00, 0x00, 0xBF, 0x00, 0x00, 0xBF,
    0x00, 0x00, 0xBF, 0x00, 0x00, 0xBF, 0x00, 0x00, 0xBF, 0x00, 0x00, 0xBF, 0x00, 0x00, 0xBF, 0x00,
    0x00, 0xBF, 0x00, 0x00, 0xBF, 0x00, 0x00, 0xBF, 0x00, 0x00, 0xBF, 0x00, 0x00, 0xBF, 0x00, 0x00,
    0xBF, 0x00, 0x00, 0xBF, 0x00, 0x00, 0xBF, 0x00, 0x00, 0xBF, 0x00, 0x00, 0xBF, 0x00, 0x00, 0xBF,
    0x00, 0x00, 0xBF, 0x00, 0x00, 0xBF, 0x00, 0x00, 0xBF, 0x00, 0x00, 0xBF, 0x00, 0x00, 0xBF, 0x00,
    0x00, 0xBF, 0x00, 0x00, 0xBF, 0x00, 0x00, 0xBF, 0x00, 0x00, 0xBF, 0x00, 0x00, 0xBF, 0x00, 0x00,
    0xBF, 0x00, 0x00, 0xBF, 0x00, 0x00, 0xBF, 0x00, 0x00, 0xBF, 0x00, 0x00, 0xBF, 0x00, 0x00, 0xBF,
    0x00, 0x00, 0xBF, 0x00, 0x00, 0xBF, 0x00, 0x00, 0xBF, 0x00, 0x00, 0xBF, 0x00, 0x00, 0xBF, 0x00,
    0x00, 0xBF, 0x00, 0x00, 0xBF, 0x00, 0x00, 0xBF, 0x00, 0x00, 0xBF, 0x00, 0x00, 0xBF, 0x00, 0x00,
    0xBF, 0x00, 0x00, 0xBF, 0x00, 0x00, 0xBF, 0x00, 0x00, 0xBF, 0x00, 0x00, 0xBF, 0x00, 0x00, 0xBF,
    0x00, 0x00, 0xBF, 0x00, 0x00, 0xBF, 0x00, 0x00, 0xBF, 0x00, 0x00, 0xBF, 0x00, 0x00, 0xBF, 0x00,
    0x00, 0xBF, 0x00, 0x00, 0xBF, 0x00, 0x00, 0xBF, 0x00, 0x00, 0xBF, 0x00, 0x00, 0xBF, 0x00, 0x00,
    0xBF, 0x00, 0x00, 0xBF, 0x00, 0x00, 0xBF, 0x00, 0x00, 0xBF, 0x00, 0x00, 0xBF, 0x00, 0x00, 0xBF,
    0x00, 0x00, 0xBF, 0x00, 0x00, 0xBF, 0x00, 0x00, 0xBF, 0x00, 0x00, 0xBF, 0x00, 0x00, 0xBF, 0x00,
    0x00, 0xBF, 0x00, 0x00, 0xBF, 0x00, 0x00, 0xBF, 0x00, 0x00, 0xBF, 0x00, 0x00, 0xBF, 0x00, 0x00,
    0xBF, 0x00, 0x00, 0xBF, 0x00, 0x00, 0xBF, 0x00, 0x00, 0xBF, 0x00, 0x00, 0xBF, 0x00, 0x00, 0xBF,
    0x00, 0x00, 0xBF, 0x00, 0x00, 0xBF, 0x00, 0x00, 0xBF, 0x00, 0x00, 0xBF, 0x00, 0x00, 0xBF, 0x00,
    0x00, 0xBF, 0x00, 0x00, 0xBF, 0x00, 0x00, 0xBF, 0x00, 0x00, 0xBF, 0x00, 0x00, 0xBF, 0x00, 0x00,
    0xBF, 0x00, 0x00, 0xBF, 0x00, 0x00, 0xBF, 0x00, 0x00, 0xBF, 0x00, 0x00, 0xBF, 0x00, 0x00, 0xBF,
    0x00, 0x00, 0xBF, 0x00, 0x00, 0xBF, 0x00, 0x00, 0xBF, 0x00, 0x00, 0xBF, 0x00, 0x00, 0xBF, 0x00,
    0x00, 0xBF, 0x00, 0x00, 0xBF, 0x00, 0x00, 0xBF, 0x00, 0x00, 0xBF, 0x00, 0x00, 0xBF, 0x00, 0x00,
    0xBF, 0x00, 0x00, 0xBF, 0x00, 0x00, 0xBF, 0x00, 0x00, 0xBF, 0x00, 0x00, 0xBF, 0x00, 0x00, 0xBF,
    0x00, 0x00, 0xBF, 0x00, 0x00, 0xBF, 0x00, 0x00, 0xBF, 0x00, 0x00, 0xBF, 0x00, 0x00, 0xBF, 0x00,
    0x00, 0xBF, 0x00, 0x00, 0xBF, 0x00, 0x00, 0xBF, 0x00, 0x00, 0xBF, 0x00, 0x00, 0xBF, 0x00, 0x00,
    0xBF, 0x00, 0x00, 0xBF, 0x00, 0x00, 0xBF, 0x00, 0x00, 0xBF, 0x00, 0x00, 0xBF, 0x00, 0x00, 0xBF,
    0x00, 0x00, 0xBF, 0x00, 0x00, 0xBF, 0x00, 0x00, 0xBF, 0x00, 0x00, 0xBF, 0x00, 0x00, 0xBF, 0x00,
    0x00, 0xBF, 0x00, 0x00, 0xBF, 0x00, 0x00, 0xBF, 0x00, 0x00, 0xBF, 0x00, 0x00, 0xBF, 0x00, 0x00,
    0xBF, 0x00, 0x00, 0xBF, 0x00, 0x00, 0xBF, 0x00, 0x00, 0xBF, 0x00, 0x00, 0xBF, 0x00, 0x00, 0xBF,
    0x00, 0x00, 0xBF, 0x00, 0x00, 0xBF, 0x00, 0x00, 0xBF, 0x00, 0x00, 0xBF, 0x00, 0x00, 0xBF, 0x00,
    0x00, 0xBF, 0x00, 0x00, 0xBF, 0x00, 0x00, 0xBF, 0x00, 0x00, 0xBF, 0x00, 0x00, 0xBF, 0x00, 0x00,
    0xBF, 0x00, 0x00, 0xBF, 0x00, 0x00, 0xBF, 0x00, 0x00, 0xBF, 0x00, 0x00, 0xBF, 0x00, 0x00, 0xC0,
    0x00, 0x00, 0xC1, 0x00, 0x00, 0xC0, 0x00, 0x00, 0xC0, 0x00, 0x00, 0xBF, 0x00, 0x00, 0xBF, 0x00,
    0x00, 0xBF, 0x00, 0x00, 0xBF, 0x00, 0x00, 0xBF, 0x00, 0x00, 0xBF, 0x00, 0x00, 0xBF, 0x00, 0x00,
    0xBF, 0x00, 0x00, 0xBF, 0x00, 0x00, 0xBF, 0x00, 0x00, 0xBF, 0x00, 0x00, 0xBF, 0x00, 0x00, 0xBF,
    0x00, 0x00, 0xBF, 0x00, 0x00, 0xBF, 0x00, 0x00, 0xBF, 0x00, 0x00, 0xBF, 0x00, 0x00, 0xBF, 0x00,
    0x00, 0xBF, 0x00, 0x00, 0xBF, 0x00, 0x00, 0xBF, 0x00, 0x00, 0xBF, 0x00, 0x00, 0xBF, 0x00, 0x00,
    0xBF, 0x00, 0x00, 0xBF, 0x00, 0x00, 0xBF, 0x00, 0x00, 0xBF, 0x00, 0x00, 0xBF, 0x00, 0x00, 0xBF,
    0x00, 0x00, 0xBF, 0x00, 0x00, 0xBF, 0x00, 0x00, 0xBF, 0x00, 0x00, 0xBF, 0x00, 0x00, 0xBF, 0x00,
    0x00, 0xBF, 0x00, 0x00, 0xBF, 0x00, 0x00, 0xBF, 0x00, 0x00, 0xBF, 0x00, 0x00, 0xBF, 0x00, 0x00,
    0xBF, 0x00, 0x00, 0xBF, 0x00, 0x00, 0xBF, 0x00, 0x00, 0xBF, 0x00, 0x00, 0xBF, 0x00, 0x00, 0xBF,
    0x00, 0x00, 0xBF, 0x00, 0x00, 0xBF, 0x00, 0x00, 0xBF, 0x00, 0x00, 0xBF, 0x00, 0x00, 0xBF, 0x00,
    0x00, 0xBF, 0x00, 0x00, 0xBF, 0x00, 0x00, 0xBF, 0x00, 0x00, 0xBF, 0x00, 0x00, 0xBF, 0x00, 0x00,
    0xBF, 0x00, 0x00, 0xBF, 0x00, 0x00, 0xBF, 0x00, 0x00, 0xBF, 0x00, 0x00, 0xBF, 0x00, 0x00, 0xBF,
    0x00, 0x00, 0xBF, 0x00, 0x00, 0xBF, 0x00, 0x00, 0xBF, 0x00, 0x00, 0xBF, 0x00, 0x00, 0xBF, 0x00,
    0x00, 0xBF, 0x00, 0x00, 0xBF, 0x00, 0x00, 0xBF, 0x00, 0x00, 0xBF, 0x00, 0x00, 0xBF, 0x00, 0x00,
    0xBF, 0x00, 0x00, 0xBF, 0x00, 0x00, 0xBF, 0x00, 0x00, 0xBF, 0x10, 0x60, 0xC3, 0x5A, 0x04, 0xD4,
    0x72, 0xA5, 0xDA, 0x41, 0x83, 0xCE, 0x08, 0x20, 0xC1, 0x00, 0x00, 0xBF, 0x00, 0x00, 0xBF, 0x00,
    0x00, 0xBF, 0x00, 0x00, 0xBF, 0x00, 0x00, 0xBF, 0x00, 0x00, 0xBF, 0x00, 0x00, 0xBF, 0x00, 0x00,
    0xBF, 0x00, 0x00, 0xBF, 0x00, 0x00, 0xBF, 0x00, 0x00, 0xBF, 0x00, 0x00, 0xBF, 0x00, 0x00, 0xBF,
    0x00, 0x00, 0xBF, 0x00, 0x00, 0xBF, 0x00, 0x00, 0xBF, 0x00, 0x00, 0xBF, 0x00, 0x00, 0xBF, 0x00,
    0x00, 0xBF, 0x00, 0x00, 0xBF, 0x00, 0x00, 0xBF, 0x00, 0x00, 0xBF, 0x00, 0x00, 0xBF, 0x00, 0x00,
    0xBF, 0x00, 0x00, 0xBF, 0x00, 0x00, 0xBF, 0x03, 0x21, 0xD4, 0x07, 0xE2, 0xFF, 0x07, 0xE2, 0xFF,
    0x07, 0xE2, 0xFF, 0x07, 0xE2, 0xFF, 0x07, 0xE2, 0xFF, 0x07, 0xE3, 0xB7, 0x07, 0xE2, 0xD2, 0x07,
    0xE2, 0xFF, 0x07, 0xE2, 0xFF, 0x07, 0xE2, 0xFF, 0x07, 0xE2, 0xFF, 0x07, 0xE2, 0xFF, 0x00, 0xC0,
    0xC4, 0x00, 0x00, 0xBF, 0x00, 0x00, 0xBF, 0x00, 0x00, 0xBF, 0x00, 0x00, 0xBF, 0x00, 0x00, 0xBF,
    0x00, 0x00, 0xBF, 0x00, 0x00, 0xBF, 0x00, 0x00, 0xBF, 0x00, 0x00, 0xBF, 0x00, 0x00, 0xBF, 0x00,
    0x00, 0xBF, 0x00, 0x00, 0xBF, 0x00, 0x00, 0xBF, 0x00, 0x00, 0xBF, 0x00, 0x00, 0xBF, 0x00, 0x00,
    0xBF, 0x00, 0x00, 0xBF, 0x00, 0x00, 0xBF, 0x00, 0x00, 0xBF, 0x00, 0x00, 0xBF, 0x00, 0x00, 0xBF,
    0x00, 0x00, 0xBF, 0x00, 0x00, 0xBF, 0x00, 0x00, 0xBF, 0x00, 0x00, 0xBF, 0x00, 0x00, 0xBF, 0x00,
    0x00, 0xBF, 0x00, 0x00, 0xBF, 0x00, 0x00, 0xBF, 0x00, 0x00, 0xBF, 0x00, 0x00, 0xBF, 0x00, 0x00,
    0xBF, 0x00, 0x00, 0xBF, 0x00, 0x00, 0xBF, 0x00, 0x00, 0xBF, 0x00, 0x00, 0xBF, 0x00, 0x00, 0xBF,
    0x00, 0x00, 0xBF, 0x00, 0x00, 0xBF, 0x00, 0x00, 0xBF, 0x00, 0x00, 0xBF, 0x00, 0x00, 0xBF, 0x00,
    0x00, 0xBF, 0x00, 0x00, 0xBF, 0x00, 0x00, 0xBF, 0x00, 0x00, 0xBF, 0x00, 0x00, 0xBF, 0x00, 0x00,
    0xBF, 0x00, 0x00, 0xBF, 0x00, 0x00, 0xBF, 0x00, 0x00, 0xBF, 0x00, 0x00, 0xBF, 0x00, 0x00, 0xBF,
    0x00, 0x00, 0xBF, 0x00, 0x00, 0xBF, 0x00, 0x00, 0xBF, 0x00, 0x00, 0xBF, 0x00, 0x00, 0xBF, 0x00,
    0x00, 0xBF, 0x00, 0x00, 0xBF, 0x00, 0x00, 0xBF, 0x00, 0x00, 0xBF, 0x00, 0x00, 0xBF, 0x00, 0x00,
    0xBF, 0x00, 0x00, 0xBF, 0x00, 0x00, 0xBF, 0x00, 0x00, 0xBF, 0x00, 0x00, 0xBF, 0x00, 0x00, 0xBF,
    0x00, 0x00, 0xBF, 0x00, 0x00, 0xBF, 0x00, 0x00, 0xBF, 0x00, 0x00, 0xBF, 0x00, 0x00, 0xBF, 0x00,
    0x00, 0xBF, 0x00, 0x00, 0xBF, 0x00, 0x00, 0xBF, 0x00, 0x00, 0xBF, 0x00, 0x00, 0xBF, 0x00, 0x00,
    0xBF, 0x00, 0x00, 0xBF, 0x00, 0x00, 0xBF, 0x00, 0x00, 0xBF, 0x00, 0x00, 0xBF, 0x00, 0x00, 0xBF,
    0x00, 0x00, 0xBF, 0x00, 0x00, 0xBF, 0x00, 0x00, 0xBF, 0x00, 0x00, 0xBF, 0x00, 0x00, 0xBF, 0x00,
    0x00, 0xBF, 0x00, 0x00, 0xBF, 0x00, 0x00, 0xBF, 0x00, 0x00, 0xBF, 0x00, 0x00, 0xBF, 0x00, 0x00,
    0xBF, 0x00, 0x00, 0xBF, 0x00, 0x00, 0xBF, 0x00, 0x00, 0xBF, 0x00, 0x00, 0xBF, 0x00, 0x00, 0xBF,
    0x00, 0x00, 0xBF, 0x00, 0x00, 0xBF, 0x00, 0x00, 0xBF, 0x00, 0x00, 0xBF, 0x00, 0x00, 0xBF, 0x00,
    0x00, 0xBF, 0x00, 0x00, 0xBF, 0x00, 0x00, 0xBF, 0x00, 0x00, 0xBF, 0x00, 0x00, 0xBF, 0x00, 0x00,
    0xBF, 0x00, 0x00, 0xBF, 0x00, 0x00, 0xBF, 0x00, 0x00, 0xBF, 0x00, 0x00, 0xBF, 0x00, 0x00, 0xBF,
    0x00, 0x00, 0xBF, 0x00, 0x00, 0xBF, 0x00, 0x00, 0xBF, 0x00, 0x00, 0xBF, 0x00, 0x00, 0xBF, 0x00,
    0x00, 0xBF, 0x00, 0x00, 0xBF, 0x00, 0x00, 0xBF, 0x00, 0x00, 0xBF, 0x00, 0x00, 0xBF, 0x00, 0x00,
    0xBF, 0x00, 0x00, 0xBF, 0x00, 0x00, 0xBF, 0x00, 0x00, 0xBF, 0x00, 0x00, 0xBF, 0x00, 0x00, 0xBF,
    0x00, 0x00, 0xBF, 0x00, 0x00, 0xBF, 0x00, 0x00, 0xBF, 0x00, 0x00, 0xBF, 0x00, 0x00, 0xBF, 0x00,
    0x00, 0xBF, 0x00, 0x00, 0xBF, 0x00, 0x00, 0xBF, 0x00, 0x00, 0xBF, 0x00, 0x00, 0xBF, 0x00, 0x00,
    0xBF, 0x00, 0x00, 0xBF, 0x00, 0x00, 0xBF, 0x00, 0x00, 0xBF, 0x00, 0x00, 0xBF, 0x00, 0x00, 0xBF,
    0x00, 0x00, 0xBF, 0x00, 0x00, 0xBF, 0x00, 0x00, 0xBF, 0x00, 0x00, 0xBF, 0x00, 0x00, 0xBF, 0x00,
    0x00, 0xBF, 0x00, 0x00, 0xBF, 0x00, 0x00, 0xBF, 0x00, 0x00, 0xBF, 0x00, 0x00, 0xBF, 0x00, 0x00,
    0xBF, 0x00, 0x00, 0xBF, 0x00, 0x00, 0xBF, 0x00, 0x00, 0xBF, 0x00, 0x00, 0xBF, 0x00, 0x00, 0xBF,
    0x00, 0x00, 0xBF, 0x00, 0x00, 0xBF, 0x00, 0x00, 0xBF, 0x00, 0x00, 0xBF, 0x00, 0x00, 0xBF, 0x00,
    0x00, 0xBF, 0x00, 0x00, 0xBF, 0x00, 0x00, 0xBF, 0x00, 0x00, 0xBF, 0x00, 0x00, 0xBF, 0x00, 0x00,
    0xBF, 0x00, 0x00, 0xBF, 0x00, 0x00, 0xBF, 0x00, 0x00, 0xBF, 0x00, 0x00, 0xBF, 0x00, 0x00, 0xBF,
    0x00, 0x00, 0xBF, 0x00, 0x00, 0xBF, 0x00, 0x00, 0xBF, 0x00, 0x00, 0xBF, 0x10, 0x65, 0xC9, 0x51,
    0xFB, 0xFB, 0x41, 0x7B, 0xFF, 0x41, 0x7B, 0xFF, 0x41, 0x7A, 0xFC, 0x39, 0x59, 0xF8, 0x39, 0x37,
    0xF2, 0x31, 0x14, 0xEB, 0x28, 0xF1, 0xE4, 0x20, 0xCE, 0xDC, 0x18, 0x8A, 0xD4, 0x10, 0x46, 0xCB,
    0x00, 0x22, 0xC3, 0x00, 0x00, 0xC0, 0x00, 0x00, 0xBF, 0x00, 0x00, 0xBF, 0x00, 0x00, 0xBF, 0x00,
    0x00, 0xBF, 0x00, 0x00, 0xBF, 0x00, 0x00, 0xBF, 0x00, 0x00, 0xBF, 0x00, 0x00, 0xBF, 0x00, 0x00,
    0xBF, 0x00, 0x00, 0xBF, 0x00, 0x00, 0xBF, 0x00, 0x00, 0xBF, 0x00, 0x00, 0xBF, 0x00, 0x00, 0xBF,
    0x00, 0x00, 0xBF, 0x00, 0x00, 0xBF, 0x00, 0x00, 0xBF, 0x00, 0x00, 0xBF, 0x00, 0x00, 0xBF, 0x00,
    0x00, 0xBF, 0x00, 0x00, 0xBF, 0x00, 0x00, 0xBF, 0x00, 0x00, 0xBF, 0x00, 0x00, 0xBF, 0x00, 0x00,
    0xBF, 0x00, 0x00, 0xBF, 0x00, 0x00, 0xBF, 0x00, 0x00, 0xBF, 0x00, 0x00, 0xBF, 0x00, 0x00, 0xBF,
    0x00, 0x00, 0xBF, 0x00, 0x00, 0xBF, 0x00, 0x00, 0xBF, 0x00, 0x00, 0xBF, 0x00, 0x00, 0xBF, 0x00,
    0x00, 0xBF, 0x00, 0x00, 0xBF, 0x00, 0x00, 0xBF, 0x00, 0x00, 0xBF, 0x00, 0x00, 0xBF, 0x00, 0x00,
    0xBF, 0x00, 0x00, 0xBF, 0x00, 0x00, 0xBF, 0x00, 0x00, 0xBF, 0x00, 0x00, 0xBF, 0x00, 0x00, 0xBF,
    0x00, 0x00, 0xBF, 0x00, 0x00, 0xBF, 0x00, 0x00, 0xBF, 0x00, 0x00, 0xBF, 0x00, 0x00, 0xBF, 0x00,
    0x00, 0xBF, 0x00, 0x00, 0xBF, 0x00, 0x00, 0xBF, 0x00, 0x00, 0xBF, 0x00, 0x00, 0xBF, 0x00, 0x00,
    0xBF, 0x00, 0x00, 0xBF, 0x00, 0x00, 0xBF, 0x00, 0x00, 0xBF, 0x00, 0x00, 0xBF, 0x00, 0x00, 0xBF,
    0x00, 0x00, 0xBF, 0x00, 0x00, 0xBF, 0x18, 0x81, 0xC4, 0xAB, 0xE7, 0xE9, 0xED, 0x4A, 0xFE, 0xED,
    0x6A, 0xFF, 0xED, 0x6A, 0xFF, 0xED, 0x6A, 0xFF, 0xE5, 0x2A, 0xFB, 0x7A, 0xC5, 0xDD, 0x00, 0x00,
    0xC0, 0x00, 0x00, 0xBF, 0x00, 0x00, 0xBF, 0x00, 0x00, 0xBF, 0x00, 0x00, 0xBF, 0x00, 0x00, 0xBF,
    0x00, 0x00, 0xBF, 0x00, 0x00, 0xBF, 0x00, 0x00, 0xBF, 0x00, 0x00, 0xBF, 0x00, 0x00, 0xBF, 0x00,
    0x00, 0xBF, 0x00, 0x00, 0xBF, 0x00, 0x00, 0xBF, 0x00, 0x00, 0xBF, 0x00, 0x00, 0xBF, 0x00, 0x00,
    0xBF, 0x00, 0x00, 0xBF, 0x00, 0x00, 0xBF, 0x00, 0x00, 0xBF, 0x00, 0x00, 0xBF, 0x00, 0x00, 0xBF,
    0x00, 0x00, 0xBF, 0x00, 0x00, 0xBF, 0x00, 0x00, 0xBF, 0x00, 0xE0, 0xC5, 0x07, 0xE2, 0xFF, 0x07,
    0xE2, 0xFF, 0x07, 0xE2, 0xFF, 0x07, 0xE2, 0xFF, 0x07, 0xE2, 0xFF, 0x07, 0xE2, 0xD0, 0x07, 0xE2,
    0xEC, 0x07, 0xE2, 0xFF, 0x07, 0xE2, 0xFF, 0x07, 0xE2, 0xFF, 0x07, 0xE2, 0xFF, 0x07, 0xC2, 0xFD,
    0x00, 0x00, 0xBF, 0x00, 0x00, 0xBF, 0x00, 0x00, 0xBF, 0x00, 0x00, 0xBF, 0x00, 0x00, 0xBF, 0x00,
    0x00, 0xBF, 0x00, 0x00, 0xBF, 0x00, 0x00, 0xBF, 0x00, 0x00, 0xBF, 0x00, 0x00, 0xBF, 0x00, 0x00,
    0xBF, 0x00, 0x00, 0xBF, 0x00, 0x00, 0xBF, 0x00, 0x00, 0xBF, 0x00, 0x00, 0xBF, 0x00, 0x00, 0xBF,
    0x00, 0x00, 0xBF, 0x00, 0x00, 0xBF, 0x00, 0x00, 0xBF, 0x00, 0x00, 0xBF, 0x00, 0x00, 0xBF, 0x00,
    0x00, 0xBF, 0x00, 0x00, 0xBF, 0x00, 0x00, 0xBF, 0x00, 0x00, 0xBF, 0x00, 0x00, 0xBF, 0x00, 0x00,
    0xBF, 0x00, 0x00, 0xBF, 0x00, 0x00, 0xBF, 0x00, 0x00, 0xBF, 0x00, 0x00, 0xBF, 0x00, 0x00, 0xBF,
    0x00, 0x00, 0xBF, 0x00, 0x00, 0xBF, 0x00, 0x00, 0xBF, 0x00, 0x00, 0xBF, 0x00, 0x00, 0xBF, 0x00,
    0x00, 0xBF, 0x00, 0x00, 0xBF, 0x00, 0x00, 0xBF, 0x00, 0x00, 0xBF, 0x00, 0x00, 0xBF, 0x00, 0x00,
    0xBF, 0x00, 0x00, 0xBF, 0x00, 0x00, 0xBF, 0x00, 0x00, 0xBF, 0x00, 0x00, 0xBF, 0x00, 0x00, 0xBF,
    0x00, 0x00, 0xBF, 0x00, 0x00, 0xBF, 0x00, 0x00, 0xBF, 0x00, 0x00, 0xBF, 0x00, 0x00, 0xBF, 0x00,
    0x00, 0xBF, 0x00, 0x00, 0xBF, 0x00, 0x00, 0xBF, 0x00, 0x00, 0xBF, 0x00, 0x00, 0xBF, 0x00, 0x00,
    0xBF, 0x00, 0x00, 0xBF, 0x00, 0x00, 0xBF, 0x00, 0x00, 0xBF, 0x00, 0x00, 0xBF, 0x00, 0x00, 0xBF,
    0x00, 0x00, 0xBF, 0x00, 0x00, 0xBF, 0x00, 0x00, 0xBF, 0x00, 0x00, 0xBF, 0x00, 0x00, 0xBF, 0x00,
    0x00, 0xBF, 0x00, 0x00, 0xBF, 0x00, 0x00, 0xBF, 0x00, 0x00, 0xBF, 0x00, 0x00, 0xBF, 0x00, 0x00,
    0xBF, 0x00, 0x00, 0xBF, 0x00, 0x00, 0xBF, 0x00, 0x00, 0xBF, 0x00, 0x00, 0xBF, 0x00, 0x00, 0xBF,
    0x00, 0x00, 0xBF, 0x00, 0x00, 0xBF, 0x00, 0x00, 0xBF, 0x00, 0x00, 0xBF, 0x00, 0x00, 0xBF, 0x00,
    0x00, 0xBF, 0x00, 0x00, 0xBF, 0x00, 0x00, 0xBF, 0x00, 0x00, 0xBF, 0x00, 0x00, 0xBF, 0x00, 0x00,
    0xBF, 0x00, 0x00, 0xBF, 0x00, 0x00, 0xBF, 0x00, 0x00, 0xBF, 0x00, 0x00, 0xBF, 0x00, 0x00, 0xBF,
    0x00, 0x00, 0xBF, 0x00, 0x00, 0xBF, 0x00, 0x00, 0xBF, 0x00, 0x00, 0xBF, 0x00, 0x00, 0xBF, 0x00,
    0x00, 0xBF, 0x00, 0x00, 0xBF, 0x00, 0x00, 0xBF, 0x00, 0x00, 0xBF, 0x00, 0x00, 0xBF, 0x00, 0x00,
    0xBF, 0x00, 0x00, 0xBF, 0x00, 0x00, 0xBF, 0x00, 0x00, 0xBF, 0x00, 0x00, 0xBF, 0x00, 0x00, 0xBF,
    0x00, 0x00, 0xBF, 0x00, 0x00, 0xBF, 0x00, 0x00, 0xBF, 0x00, 0x00, 0xBF, 0x00, 0x00, 0xBF, 0x00,
    0x00, 0xBF, 0x00, 0x00, 0xBF, 0x00, 0x00, 0xBF, 0x00, 0x00, 0xBF, 0x00, 0x00, 0xBF, 0x00, 0x00,
    0xBF, 0x00, 0x00, 0xBF, 0x00, 0x00, 0xBF, 0x00, 0x00, 0xBF, 0x00, 0x00, 0xBF, 0x00, 0x00, 0xBF,
    0x00, 0x00, 0xBF, 0x00, 0x00, 0xBF, 0x00, 0x00, 0xBF, 0x00, 0x00, 0xBF, 0x00, 0x00, 0xBF, 0x00,
    0x00, 0xBF, 0x00, 0x00, 0xBF, 0x00, 0x00, 0xBF, 0x00, 0x00, 0xBF, 0x00, 0x00, 0xBF, 0x00, 0x00,
    0xBF, 0x00, 0x00, 0xBF, 0x00, 0x00, 0xBF, 0x00, 0x00, 0xBF, 0x00, 0x00, 0xBF, 0x00, 0x00, 0xBF,
    0x00, 0x00, 0xBF, 0x00, 0x00, 0xBF, 0x00, 0x00, 0xBF, 0x00, 0x00, 0xBF, 0x00, 0x00, 0xBF, 0x00,
    0x00, 0xBF, 0x00, 0x00, 0xBF, 0x00, 0x00, 0xBF, 0x00, 0x00, 0xBF, 0x00, 0x00, 0xBF, 0x00, 0x00,
    0xBF, 0x00, 0x00, 0xBF, 0x00, 0x00, 0xBF, 0x00, 0x00, 0xBF, 0x00, 0x00, 0xBF, 0x00, 0x00, 0xBF,
    0x00, 0x00, 0xBF, 0x00, 0x00, 0xBF, 0x00, 0x00, 0xBF, 0x00, 0x00, 0xBF, 0x00, 0x00, 0xBF, 0x00,
    0x00, 0xBF, 0x00, 0x00, 0xBF, 0x00, 0x00, 0xBF, 0x00, 0x00, 0xBF, 0x00, 0x00, 0xBF, 0x00, 0x00,
    0xBF, 0x00, 0x00, 0xBF, 0x00, 0x00, 0xBF, 0x00, 0x00, 0xBF, 0x00, 0x00, 0xBF, 0x00, 0x00, 0xBF,
    0x00, 0x00, 0xBF, 0x00, 0x00, 0xBF, 0x00, 0x00, 0xBF, 0x00, 0x00, 0xBF, 0x00, 0x00, 0xBF, 0x00,
    0x00, 0xBF, 0x00, 0x00, 0xBF, 0x00, 0x00, 0xBF, 0x00, 0x00, 0xBF, 0x00, 0x00, 0xBF, 0x20, 0xAB,
    0xD6, 0x6A, 0xDD, 0xFF, 0x51, 0xFC, 0xFF, 0x41, 0x7B, 0xFF, 0x41, 0x7B, 0xFF, 0x41, 0x7B, 0xFF,
    0x41, 0x7B, 0xFF, 0x41, 0x7B, 0xFF, 0x41, 0x7B, 0xFF, 0x41, 0x7B, 0xFF, 0x41, 0x7B, 0xFF, 0x41,
    0x7B, 0xFF, 0x41, 0x7B, 0xFE, 0x39, 0x59, 0xF8, 0x31, 0x36, 0xF0, 0x29, 0x12, 0xE7, 0x20, 0xCF,
    0xDD, 0x18, 0x8A, 0xD3, 0x08, 0x45, 0xC9, 0x00, 0x01, 0xC2, 0x00, 0x00, 0xBF, 0x00, 0x00, 0xBF,
    0x00, 0x00, 0xBF, 0x00, 0x00, 0xBF, 0x00, 0x00, 0xBF, 0x00, 0x00, 0xBF, 0x00, 0x00, 0xBF, 0x00,
    0x00, 0xBF, 0x00, 0x00, 0xBF, 0x00, 0x00, 0xBF, 0x00, 0x00, 0xBF, 0x00, 0x00, 0xBF, 0x00, 0x00,
    0xBF, 0x00, 0x00, 0xBF, 0x00, 0x00, 0xBF, 0x00, 0x00, 0xBF, 0x00, 0x00, 0xBF, 0x00, 0x00, 0xBF,
    0x00, 0x00, 0xBF, 0x00, 0x00, 0xBF, 0x00, 0x00, 0xBF, 0x00, 0x00, 0xBF, 0x00, 0x00, 0xBF, 0x00,
    0x00, 0xBF, 0x00, 0x00, 0xBF, 0x00, 0x00, 0xBF, 0x00, 0x00, 0xBF, 0x00, 0x00, 0xBF, 0x00, 0x00,
    0xBF, 0x00, 0x00, 0xBF, 0x00, 0x00, 0xBF, 0x00, 0x00, 0xBF, 0x00, 0x00, 0xBF, 0x00, 0x00, 0xBF,
    0x00, 0x00, 0xBF, 0x00, 0x00, 0xBF, 0x00, 0x00, 0xBF, 0x00, 0x00, 0xBF, 0x00, 0x00, 0xBF, 0x00,
    0x00, 0xBF, 0x00, 0x00, 0xBF, 0x00, 0x00, 0xBF, 0x00, 0x00, 0xBF, 0x00, 0x00, 0xBF, 0x00, 0x00,
    0xBF, 0x00, 0x00, 0xBF, 0x00, 0x00, 0xBF, 0x00, 0x00, 0xBF, 0x00, 0x00, 0xBF, 0x00, 0x00, 0xBF,
    0x00, 0x00, 0xBF, 0x00, 0x00, 0xBF, 0x00, 0x00, 0xBF, 0x00, 0x00, 0xBF, 0x00, 0x00, 0xBF, 0x00,
    0x00, 0xBF, 0x00, 0x00, 0xBF, 0x10, 0x81, 0xC4, 0xCC, 0xA9, 0xF4, 0xED, 0x6A, 0xFF, 0xED, 0x6A,
    0xFF, 0xED, 0x6A, 0xFF, 0xED, 0x6A, 0xFF, 0xED, 0x6A, 0xFF, 0xED, 0x6A, 0xFF, 0xED, 0x6A, 0xFF,
    0x9B, 0x87, 0xE5, 0x00, 0x00, 0xBF, 0x00, 0x00, 0xBF, 0x00, 0x00, 0xBF, 0x00, 0x00, 0xBF, 0x00,
    0x00, 0xBF, 0x00, 0x00, 0xBF, 0x00, 0x00, 0xBF, 0x00, 0x00, 0xBF, 0x00, 0x00, 0xBF, 0x00, 0x00,
    0xBF, 0x00, 0x00, 0xBF, 0x00, 0x00, 0xBF, 0x00, 0x00, 0xBF, 0x00, 0x00, 0xBF, 0x00, 0x00, 0xBF,
    0x00, 0x00, 0xBF, 0x00, 0x00, 0xBF, 0x00, 0x00, 0xBF, 0x00, 0x00, 0xBF, 0x00, 0x00, 0xBF, 0x00,
    0x00, 0xBF, 0x00, 0x00, 0xBF, 0x00, 0x00, 0xBF, 0x00, 0x00, 0xBF, 0x00, 0x00, 0xBF, 0x07, 0xC2,
    0xFD, 0x07, 0xE2, 0xFF, 0x07, 0xE2, 0xFF, 0x07, 0xE2, 0xFF, 0x07, 0xE2, 0xFF, 0x07, 0xE2, 0xEA,
    0x07, 0xE2, 0xFE, 0x07, 0xE2, 0xFF, 0x07, 0xE2, 0xFF, 0x07, 0xE2, 0xFF, 0x07, 0xE2, 0xFF, 0x07,
    0x42, 0xF9, 0x00, 0x00, 0xBF, 0x00, 0x00, 0xBF, 0x00, 0x00, 0xBF, 0x00, 0x00, 0xBF, 0x00, 0x00,
    0xBF, 0x00, 0x00, 0xBF, 0x00, 0x00, 0xBF, 0x00, 0x00, 0xBF, 0x00, 0x00, 0xBF, 0x00, 0x00, 0xBF,
    0x00, 0x00, 0xBF, 0x00, 0x00, 0xBF, 0x00, 0x00, 0xBF, 0x00, 0x00, 0xBF, 0x00, 0x00, 0xBF, 0x00,
    0x00, 0xBF, 0x00, 0x00, 0xBF, 0x00, 0x00, 0xBF, 0x00, 0x00, 0xBF, 0x00, 0x00, 0xBF, 0x00, 0x00,
    0xBF, 0x00, 0x00, 0xBF, 0x00, 0x00, 0xBF, 0x00, 0x00, 0xBF, 0x00, 0x00, 0xBF, 0x00, 0x00, 0xBF,
    0x00, 0x00, 0xBF, 0x00, 0x00, 0xBF, 0x00, 0x00, 0xBF, 0x00, 0x00, 0xBF, 0x00, 0x00, 0xBF, 0x00,
    0x00, 0xBF, 0x00, 0x00, 0xBF, 0x00, 0x00, 0xBF, 0x00, 0x00, 0xBF, 0x00, 0x00, 0xBF, 0x00, 0x00,
    0xBF, 0x00, 0x00, 0xBF, 0x00, 0x00, 0xBF, 0x00, 0x00, 0xBF, 0x00, 0x00, 0xBF, 0x00, 0x00, 0xBF,
    0x00, 0x00, 0xBF, 0x00, 0x00, 0xBF, 0x00, 0x00, 0xBF, 0x00, 0x00, 0xBF, 0x00, 0x00, 0xBF, 0x00,
    0x00, 0xBF, 0x00, 0x00, 0xBF, 0x00, 0x00, 0xBF, 0x00, 0x00, 0xBF, 0x00, 0x00, 0xBF, 0x00, 0x00,
    0xBF, 0x00, 0x00, 0xBF, 0x00, 0x00, 0xBF, 0x00, 0x00, 0xBF, 0x00, 0x00, 0xBF, 0x00, 0x00, 0xBF,
    0x00, 0x00, 0xBF, 0x00, 0x00, 0xBF, 0x00, 0x00, 0xBF, 0x00, 0x00, 0xBF, 0x00, 0x00, 0xBF, 0x00,
    0x00, 0xBF, 0x00, 0x00, 0xBF, 0x00, 0x00, 0xBF, 0x00, 0x00, 0xBF, 0x00, 0x00, 0xBF, 0x00, 0x00,
    0xBF, 0x00, 0x00, 0xBF, 0x00, 0x00, 0xBF, 0x00, 0x00, 0xBF, 0x00, 0x00, 0xBF, 0x00, 0x00, 0xBF,
    0x00, 0x00, 0xBF, 0x00, 0x00, 0xBF, 0x00, 0x00, 0xBF, 0x00, 0x00, 0xBF, 0x00, 0x00, 0xBF, 0x00,
    0x00, 0xBF, 0x00, 0x00, 0xBF, 0x00, 0x00, 0xBF, 0x00, 0x00, 0xBF, 0x00, 0x00, 0xBF, 0x00, 0x00,
    0xBF, 0x00, 0x00, 0xBF, 0x00, 0x00, 0xBF, 0x00, 0x00, 0xBF, 0x00, 0x00, 0xBF, 0x00, 0x00, 0xBF,
    0x00, 0x00, 0xBF, 0x00, 0x00, 0xBF, 0x00, 0x00, 0xBF, 0x00, 0x00, 0xBF, 0x00, 0x00, 0xBF, 0x00,
    0x00, 0xBF, 0x00, 0x00, 0xBF, 0x00, 0x00, 0xBF, 0x00, 0x00, 0xBF, 0x00, 0x00, 0xBF, 0x00, 0x00,
    0xBF, 0x00, 0x00, 0xBF, 0x00, 0x00, 0xBF, 0x00, 0x00, 0xBF, 0x00, 0x00, 0xBF, 0x00, 0x00, 0xBF,
    0x00, 0x00, 0xBF, 0x00, 0x00, 0xBF, 0x00, 0x00, 0xBF, 0x00, 0x00, 0xBF, 0x00, 0x00, 0xBF, 0x00,
    0x00, 0xBF, 0x00, 0x00, 0xBF, 0x00, 0x00, 0xBF, 0x00, 0x00, 0xBF, 0x00, 0x00, 0xBF, 0x00, 0x00,
    0xBF, 0x00, 0x00, 0xBF, 0x00, 0x00, 0xBF, 0x00, 0x00, 0xBF, 0x00, 0x00, 0xBF, 0x00, 0x00, 0xBF,
    0x00, 0x00, 0xBF, 0x00, 0x00, 0xBF, 0x00, 0x00, 0xBF, 0x00, 0x00, 0xBF, 0x00, 0x00, 0xBF, 0x00,
    0x00, 0xBF, 0x00, 0x00, 0xBF, 0x00, 0x00, 0xBF, 0x00, 0x00, 0xBF, 0x00, 0x00, 0xBF, 0x00, 0x00,
    0xBF, 0x00, 0x00, 0xBF, 0x00, 0x00, 0xBF, 0x00, 0x00, 0xBF, 0x00, 0x00, 0xBF, 0x00, 0x00, 0xBF,
    0x00, 0x00, 0xBF, 0x00, 0x00, 0xBF, 0x00, 0x00, 0xBF, 0x00, 0x00, 0xBF, 0x00, 0x00, 0xBF, 0x00,
    0x00, 0xBF, 0x00, 0x00, 0xBF, 0x00, 0x00, 0xBF, 0x00, 0x00, 0xBF, 0x00, 0x00, 0xBF, 0x00, 0x00,
    0xBF, 0x00, 0x00, 0xBF, 0x00, 0x00, 0xBF, 0x00, 0x00, 0xBF, 0x00, 0x00, 0xBF, 0x00, 0x00, 0xBF,
    0x00, 0x00, 0xBF, 0x00, 0x00, 0xBF, 0x00, 0x00, 0xBF, 0x00, 0x00, 0xBF, 0x00, 0x00, 0xBF, 0x00,
    0x00, 0xBF, 0x00, 0x00, 0xBF, 0x00, 0x00, 0xBF, 0x00, 0x00, 0xBF, 0x00, 0x00, 0xBF, 0x00, 0x00,
    0xBF, 0x00, 0x00, 0xBF, 0x00, 0x00, 0xBF, 0x00, 0x00, 0xBF, 0x00, 0x00, 0xBF, 0x00, 0x00, 0xBF,
    0x00, 0x00, 0xBF, 0x00, 0x00, 0xBF, 0x00, 0x00, 0xBF, 0x00, 0x00, 0xBF, 0x00, 0x00, 0xBF, 0x00,
    0x00, 0xBF, 0x00, 0x00, 0xBF, 0x00, 0x00, 0xBF, 0x00, 0x00, 0xBF, 0x00, 0x00, 0xBF, 0x00, 0x00,
    0xBF, 0x00, 0x00, 0xBF, 0x00, 0x00, 0xBF, 0x00, 0x00, 0xBF, 0x00, 0x00, 0xBF, 0x00, 0x00, 0xBF,
    0x20, 0xCE, 0xDD, 0x6A, 0xBD, 0xFF, 0x6A, 0xBD, 0xFF, 0x49, 0x9B, 0xFF, 0x41, 0x7B, 0xFF, 0x41,
    0x7B, 0xFF, 0x41, 0x7B, 0xFF, 0x41, 0x7B, 0xFF, 0x41, 0x7B, 0xFF, 0x41, 0x7B, 0xFF, 0x41, 0x7B,
    0xFF, 0x41, 0x7B, 0xFF, 0x41, 0x7B, 0xFF, 0x41, 0x7B, 0xFF, 0x41, 0x7B, 0xFF, 0x41, 0x7B, 0xFF,
    0x41, 0x7B, 0xFF, 0x41, 0x7B, 0xFF, 0x41, 0x7B, 0xFF, 0x41, 0x7B, 0xFD, 0x39, 0x58, 0xF5, 0x31,
    0x14, 0xEB, 0x28, 0xD0, 0xE0, 0x18, 0x8B, 0xD6, 0x10, 0x46, 0xCB, 0x00, 0x01, 0xC2, 0x00, 0x00,
    0xC0, 0x00, 0x00, 0xBF, 0x00, 0x00, 0xBF, 0x00, 0x00, 0xBF, 0x00, 0x00, 0xBF, 0x00, 0x00, 0xBF,
    0x00, 0x00, 0xBF, 0x00, 0x00, 0xBF, 0x00, 0x00, 0xBF, 0x00, 0x00, 0xBF, 0x00, 0x00, 0xBF, 0x00,
    0x00, 0xBF, 0x00, 0x00, 0xBF, 0x00, 0x00, 0xBF, 0x00, 0x00, 0xBF, 0x00, 0x00, 0xBF, 0x00, 0x00,
    0xBF, 0x00, 0x00, 0xBF, 0x00, 0x00, 0xBF, 0x00, 0x00, 0xBF, 0x00, 0x00, 0xBF, 0x00, 0x00, 0xBF,
    0x00, 0x00, 0xBF, 0x00, 0x00, 0xBF, 0x00, 0x00, 0xBF, 0x00, 0x00, 0xBF, 0x00, 0x00, 0xBF, 0x00,
    0x00, 0xBF, 0x00, 0x00, 0xBF, 0x00, 0x00, 0xBF, 0x00, 0x00, 0xBF, 0x00, 0x00, 0xBF, 0x00, 0x00,
    0xBF, 0x00, 0x00, 0xBF, 0x00, 0x00, 0xBF, 0x00, 0x00, 0xBF, 0x00, 0x00, 0xBF, 0x00, 0x00, 0xBF,
    0x00, 0x00, 0xBF, 0x00, 0x00, 0xBF, 0x00, 0x00, 0xBF, 0x00, 0x00, 0xBF, 0x00, 0x00, 0xBF, 0x00,
    0x00, 0xBF, 0x00, 0x00, 0xBF, 0x00, 0x00, 0xBF, 0x00, 0x00, 0xBF, 0x00, 0x00, 0xBF, 0x00, 0x00,
    0xBF, 0x00, 0x00, 0xBF, 0x00, 0x00, 0xBF, 0xA3, 0xA7, 0xE7, 0xED, 0x6A, 0xFF, 0xED, 0x6A, 0xFF,
    0xED, 0x6A, 0xFF, 0xED, 0x6A, 0xFF, 0xED, 0x6A, 0xFF, 0xED, 0x6A, 0xFF, 0xED, 0x6A, 0xFF, 0xED,
    0x6A, 0xFF, 0xED, 0x6A, 0xFF, 0x51, 0xE4, 0xD2, 0x00, 0x00, 0xBF, 0x00, 0x00, 0xBF, 0x00, 0x00,
    0xBF, 0x00, 0x00, 0xBF, 0x00, 0x00, 0xBF, 0x00, 0x00, 0xBF, 0x00, 0x00, 0xBF, 0x00, 0x00, 0xBF,
    0x00, 0x00, 0xBF, 0x00, 0x00, 0xBF, 0x00, 0x00, 0xBF, 0x00, 0x00, 0xBF, 0x00, 0x00, 0xBF, 0x00,
    0x00, 0xBF, 0x00, 0x00, 0xBF, 0x00, 0x00, 0xBF, 0x00, 0x00, 0xBF, 0x00, 0x00, 0xBF, 0x00, 0x00,
    0xBF, 0x00, 0x00, 0xBF, 0x00, 0x00, 0xBF, 0x00, 0x00, 0xBF, 0x00, 0x00, 0xBF, 0x00, 0x00, 0xBF,
    0x07, 0x42, 0xF9, 0x07, 0xE2, 0xFF, 0x07, 0xE2, 0xFF, 0x07, 0xE2, 0xFF, 0x07, 0xE2, 0xFF, 0x07,
    0xE2, 0xFE, 0x07, 0xE2, 0xFF, 0x07, 0xE2, 0xFF, 0x07, 0xE2, 0xFF, 0x07, 0xE2, 0xFF, 0x07, 0xE2,
    0xFF, 0x07, 0x42, 0xF8, 0x00, 0x00, 0xBF, 0x00, 0x00, 0xBF, 0x00, 0x00, 0xBF, 0x00, 0x00, 0xBF,
    0x00, 0x00, 0xBF, 0x00, 0x00, 0xBF, 0x00, 0x00, 0xBF, 0x00, 0x00, 0xBF, 0x00, 0x00, 0xBF, 0x00,
    0x00, 0xBF, 0x00, 0x00, 0xBF, 0x00, 0x00, 0xBF, 0x00, 0x00, 0xBF, 0x00, 0x00, 0xBF, 0x00, 0x00,
    0xBF, 0x00, 0x00, 0xBF, 0x00, 0x00, 0xBF, 0x00, 0x00, 0xBF, 0x00, 0x00, 0xBF, 0x00, 0x00, 0xBF,
    0x00, 0x00, 0xBF, 0x00, 0x00, 0xBF, 0x00, 0x00, 0xBF, 0x00, 0x00, 0xBF, 0x00, 0x00, 0xBF, 0x00,
    0x00, 0xBF, 0x00, 0x00, 0xBF, 0x00, 0x00, 0xBF, 0x00, 0x00, 0xBF, 0x00, 0x00, 0xBF, 0x00, 0x00,
    0xBF, 0x00, 0x00, 0xBF, 0x00, 0x00, 0xBF, 0x00, 0x00, 0xBF, 0x00, 0x00, 0xBF, 0x00, 0x00, 0xBF,
    0x00, 0x00, 0xBF, 0x00, 0x00, 0xBF, 0x00, 0x00, 0xBF, 0x00, 0x00, 0xBF, 0x00, 0x00, 0xBF, 0x00,
    0x00, 0xBF, 0x00, 0x00, 0xBF, 0x00, 0x00, 0xBF, 0x00, 0x00, 0xBF, 0x00, 0x00, 0xBF, 0x00, 0x00,
    0xBF, 0x00, 0x00, 0xBF, 0x00, 0x00, 0xBF, 0x00, 0x00, 0xBF, 0x00, 0x00, 0xBF, 0x00, 0x00, 0xBF,
    0x00, 0x00, 0xBF, 0x00, 0x00, 0xBF, 0x00, 0x00, 0xBF, 0x00, 0x00, 0xBF, 0x00, 0x00, 0xBF, 0x00,
    0x00, 0xBF, 0x00, 0x00, 0xBF, 0x00, 0x00, 0xBF, 0x00, 0x00, 0xBF, 0x00, 0x00, 0xBF, 0x00, 0x00,
    0xBF, 0x00, 0x00, 0xBF, 0x00, 0x00, 0xBF, 0x00, 0x00, 0xBF, 0x00, 0x00, 0xBF, 0x00, 0x00, 0xBF,
    0x00, 0x00, 0xBF, 0x00, 0x00, 0xBF, 0x00, 0x00, 0xBF, 0x00, 0x00, 0xBF, 0x00, 0x00, 0xBF, 0x00,
    0x00, 0xBF, 0x00, 0x00, 0xBF, 0x00, 0x00, 0xBF, 0x00, 0x00, 0xBF, 0x00, 0x00, 0xBF, 0x00, 0x00,
    0xBF, 0x00, 0x00, 0xBF, 0x00, 0x00, 0xBF, 0x00, 0x00, 0xBF, 0x00, 0x00, 0xBF, 0x00, 0x00, 0xBF,
    0x00, 0x00, 0xBF, 0x00, 0x00, 0xBF, 0x00, 0x00, 0xBF, 0x00, 0x00, 0xBF, 0x00, 0x00, 0xBF, 0x00,
    0x00, 0xBF, 0x00, 0x00, 0xBF, 0x00, 0x00, 0xBF, 0x00, 0x00, 0xBF, 0x00, 0x00, 0xBF, 0x00, 0x00,
    0xBF, 0x00, 0x00, 0xBF, 0x00, 0x00, 0xBF, 0x00, 0x00, 0xBF, 0x00, 0x00, 0xBF, 0x00, 0x00, 0xBF,
    0x00, 0x00, 0xBF, 0x00, 0x00, 0xBF, 0x00, 0x00, 0xBF, 0x00, 0x00, 0xBF, 0x00, 0x00, 0xBF, 0x00,
    0x00, 0xBF, 0x00, 0x00, 0xBF, 0x00, 0x00, 0xBF, 0x00, 0x00, 0xBF, 0x00, 0x00, 0xBF, 0x00, 0x00,
    0xBF, 0x00, 0x00, 0xBF, 0x00, 0x00, 0xBF, 0x00, 0x00, 0xBF, 0x00, 0x00, 0xBF, 0x00, 0x00, 0xBF,
    0x00, 0x00, 0xBF, 0x00, 0x00, 0xBF, 0x00, 0x00, 0xBF, 0x00, 0x00, 0xBF, 0x00, 0x00, 0xBF, 0x00,
    0x00, 0xBF, 0x00, 0x00, 0xBF, 0x00, 0x00, 0xBF, 0x00, 0x00, 0xBF, 0x00, 0x00, 0xBF, 0x00, 0x00,
    0xBF, 0x00, 0x00, 0xBF, 0x00, 0x00, 0xBF, 0x00, 0x00, 0xBF, 0x00, 0x00, 0xBF, 0x00, 0x00, 0xBF,
    0x00, 0x00, 0xBF, 0x00, 0x00, 0xBF, 0x00, 0x00, 0xBF, 0x00, 0x00, 0xBF, 0x00, 0x00, 0xBF, 0x00,
    0x00, 0xBF, 0x00, 0x00, 0xBF, 0x00, 0x00, 0xBF, 0x00, 0x00, 0xBF, 0x00, 0x00, 0xBF, 0x00, 0x00,
    0xBF, 0x00, 0x00, 0xBF, 0x00, 0x00, 0xBF, 0x00, 0x00, 0xBF, 0x00, 0x00, 0xBF, 0x00, 0x00, 0xBF,
    0x00, 0x00, 0xBF, 0x00, 0x00, 0xBF, 0x00, 0x00, 0xBF, 0x00, 0x00, 0xBF, 0x00, 0x00, 0xBF, 0x00,
    0x00, 0xBF, 0x00, 0x00, 0xBF, 0x00, 0x00, 0xBF, 0x00, 0x00, 0xBF, 0x00, 0x00, 0xBF, 0x00, 0x00,
    0xBF, 0x00, 0x00, 0xBF, 0x00, 0x00, 0xBF, 0x00, 0x00, 0xBF, 0x00, 0x00, 0xBF, 0x00, 0x00, 0xBF,
    0x00, 0x00, 0xBF, 0x00, 0x00, 0xBF, 0x00, 0x00, 0xBF, 0x00, 0x00, 0xBF, 0x00, 0x00, 0xBF, 0x00,
    0x00, 0xBF, 0x00, 0x00, 0xBF, 0x00, 0x00, 0xBF, 0x00, 0x00, 0xBF, 0x00, 0x00, 0xBF, 0x00, 0x00,
    0xBF, 0x00, 0x00, 0xBF, 0x00, 0x00, 0xBF, 0x00, 0x00, 0xBF, 0x00, 0x00, 0xBF, 0x00, 0x00, 0xBF,
    0x00, 0x00, 0xBF, 0x00, 0x00, 0xBF, 0x00, 0x00, 0xBF, 0x00, 0x00, 0xBF, 0x00, 0x00, 0xBF, 0x00,
    0x00, 0xBF, 0x28, 0xF0, 0xE1, 0x62, 0x9C, 0xFF, 0x6A, 0xDD, 0xFF, 0x62, 0x5C, 0xFF, 0x41, 0x7B,
    0xFF, 0x41, 0x7B, 0xFF, 0x41, 0x7B, 0xFF, 0x41, 0x7B, 0xFF, 0x41, 0x7B, 0xFF, 0x41, 0x7B, 0xFF,
    0x41, 0x7B, 0xFF, 0x41, 0x7B, 0xFF, 0x41, 0x7B, 0xFF, 0x41, 0x7B, 0xFF, 0x41, 0x7B, 0xFF, 0x41,
    0x7B, 0xFF, 0x41, 0x7B, 0xFF, 0x41, 0x7B, 0xFF, 0x41, 0x7B, 0xFF, 0x41, 0x7B, 0xFF, 0x41, 0x7B,
    0xFF, 0x41, 0x7B, 0xFF, 0x41, 0x7B, 0xFF, 0x41, 0x7B, 0xFF, 0x41, 0x7B, 0xFF, 0x41, 0x7B, 0xFD,
    0x39, 0x58, 0xF5, 0x31, 0x14, 0xEB, 0x28, 0xD0, 0xE0, 0x18, 0x8B, 0xD5, 0x08, 0x45, 0xCA, 0x00,
    0x01, 0xC1, 0x00, 0x00, 0xBF, 0x00, 0x00, 0xBF, 0x00, 0x00, 0xBF, 0x00, 0x00, 0xBF, 0x00, 0x00,
    0xBF, 0x00, 0x00, 0xBF, 0x00, 0x00, 0xBF, 0x00, 0x00, 0xBF, 0x00, 0x00, 0xBF, 0x00, 0x00, 0xBF,
    0x00, 0x00, 0xBF, 0x00, 0x00, 0xBF, 0x00, 0x00, 0xBF, 0x00, 0x00, 0xBF, 0x00, 0x00, 0xBF, 0x00,
    0x00, 0xBF, 0x00, 0x00, 0xBF, 0x00, 0x00, 0xBF, 0x00, 0x00, 0xBF, 0x00, 0x00, 0xBF, 0x00, 0x00,
    0xBF, 0x00, 0x00, 0xBF, 0x00, 0x00, 0xBF, 0x00, 0x00, 0xBF, 0x00, 0x00, 0xBF, 0x00, 0x00, 0xBF,
    0x00, 0x00, 0xBF, 0x00, 0x00, 0xBF, 0x00, 0x00, 0xBF, 0x00, 0x00, 0xBF, 0x00, 0x00, 0xBF, 0x00,
    0x00, 0xBF, 0x00, 0x00, 0xBF, 0x00, 0x00, 0xBF, 0x00, 0x00, 0xBF, 0x00, 0x00, 0xBF, 0x00, 0x00,
    0xBF, 0x00, 0x00, 0xBF, 0x00, 0x00, 0xBF, 0x00, 0x00, 0xBF, 0x00, 0x00, 0xBF, 0x00, 0x00, 0xBF,
    0x00, 0x00, 0xBF, 0x00, 0x00, 0xBF, 0x18, 0x81, 0xC5, 0xED, 0x2A, 0xFD, 0xED, 0x6A, 0xFF, 0xED,
    0x6A, 0xFF, 0xED, 0x6A, 0xFF, 0xED, 0x6A, 0xFF, 0xED, 0x6A, 0xFF, 0xED, 0x6A, 0xFF, 0xED, 0x6A,
    0xFF, 0xED, 0x6A, 0xFF, 0xED, 0x6A, 0xFF, 0xBC, 0x48, 0xEE, 0x00, 0x00, 0xBF, 0x00, 0x00, 0xBF,
    0x00, 0x00, 0xBF, 0x00, 0x00, 0xBF, 0x00, 0x00, 0xBF, 0x00, 0x00, 0xBF, 0x00, 0x00, 0xBF, 0x00,
    0x00, 0xBF, 0x00, 0x00, 0xBF, 0x00, 0x00, 0xBF, 0x00, 0x00, 0xBF, 0x00, 0x00, 0xBF, 0x00, 0x00,
    0xBF, 0x00, 0x00, 0xBF, 0x00, 0x00, 0xBF, 0x00, 0x00, 0xBF, 0x00, 0x00, 0xBF, 0x00, 0x00, 0xBF,
    0x00, 0x00, 0xBF, 0x00, 0x00, 0xBF, 0x00, 0x00, 0xBF, 0x00, 0x00, 0xBF, 0x00, 0x00, 0xBF, 0x00,
    0x00, 0xBF, 0x07, 0x42, 0xF8, 0x07, 0xE2, 0xFF, 0x07, 0xE2, 0xFF, 0x07, 0xE2, 0xFF, 0x07, 0xE2,
    0xFF, 0x07, 0xE2, 0xFF, 0x07, 0xE2, 0xFF, 0x07, 0xE2, 0xFF, 0x07, 0xE2, 0xFF, 0x07, 0xE2, 0xFF,
    0x07, 0xE2, 0xFF, 0x07, 0x42, 0xF8, 0x00, 0x00, 0xBF, 0x00, 0x00, 0xBF, 0x00, 0x00, 0xBF, 0x00,
    0x00, 0xBF, 0x00, 0x00, 0xBF, 0x00, 0x00, 0xBF, 0x00, 0x00, 0xBF, 0x00, 0x00, 0xBF, 0x00, 0x00,
    0xBF, 0x00, 0x00, 0xBF, 0x00, 0x00, 0xBF, 0x00, 0x00, 0xBF, 0x00, 0x00, 0xBF, 0x00, 0x00, 0xBF,
    0x00, 0x00, 0xBF, 0x00, 0x00, 0xBF, 0x00, 0x00, 0xBF, 0x00, 0x00, 0xBF, 0x00, 0x00, 0xBF, 0x00,
    0x00, 0xBF, 0x00, 0x00, 0xBF, 0x00, 0x00, 0xBF, 0x00, 0x00, 0xBF, 0x00, 0x00, 0xBF, 0x00, 0x00,
    0xBF, 0x00, 0x00, 0xBF, 0x00, 0x00, 0xBF, 0x00, 0x00, 0xBF, 0x00, 0x00, 0xBF, 0x00, 0x00, 0xBF,
    0x00, 0x00, 0xBF, 0x00, 0x00, 0xBF, 0x00, 0x00, 0xBF, 0x00, 0x00, 0xBF, 0x00, 0x00, 0xBF, 0x00,
    0x00, 0xBF, 0x00, 0x00, 0xBF, 0x00, 0x00, 0xBF, 0x00, 0x00, 0xBF, 0x00, 0x00, 0xBF, 0x00, 0x00,
    0xBF, 0x00, 0x00, 0xBF, 0x00, 0x00, 0xBF, 0x00, 0x00, 0xBF, 0x00, 0x00, 0xBF, 0x00, 0x00, 0xBF,
    0x00, 0x00, 0xBF, 0x00, 0x00, 0xBF, 0x00, 0x00, 0xBF, 0x00, 0x00, 0xBF, 0x00, 0x00, 0xBF, 0x00,
    0x00, 0xBF, 0x00, 0x00, 0xBF, 0x00, 0x00, 0xBF, 0x00, 0x00, 0xBF, 0x00, 0x00, 0xBF, 0x00, 0x00,
    0xBF, 0x00, 0x00, 0xBF, 0x00, 0x00, 0xBF, 0x00, 0x00, 0xBF, 0x00, 0x00, 0xBF, 0x00, 0x00, 0xBF,
    0x00, 0x00, 0xBF, 0x00, 0x00, 0xBF, 0x00, 0x00, 0xBF, 0x00, 0x00, 0xBF, 0x00, 0x00, 0xBF, 0x00,
    0x00, 0xBF, 0x00, 0x00, 0xBF, 0x00, 0x00, 0xBF, 0x00, 0x00, 0xBF, 0x00, 0x00, 0xBF, 0x00, 0x00,
    0xBF, 0x00, 0x00, 0xBF, 0x00, 0x00, 0xBF, 0x00, 0x00, 0xBF, 0x00, 0x00, 0xBF, 0x00, 0x00, 0xBF,
    0x00, 0x00, 0xBF, 0x00, 0x00, 0xBF, 0x00, 0x00, 0xBF, 0x00, 0x00, 0xBF, 0x00, 0x00, 0xBF, 0x00,
    0x00, 0xBF, 0x00, 0x00, 0xBF, 0x00, 0x00, 0xBF, 0x00, 0x00, 0xBF, 0x00, 0x00, 0xBF, 0x00, 0x00,
    0xBF, 0x00, 0x00, 0xBF, 0x00, 0x00, 0xBF, 0x00, 0x00, 0xBF, 0x00, 0x00, 0xBF, 0x00, 0x00, 0xBF,
    0x00, 0x00, 0xBF, 0x00, 0x00, 0xBF, 0x00, 0x00, 0xBF, 0x00, 0x00, 0xBF, 0x00, 0x00, 0xBF, 0x00,
    0x00, 0xBF, 0x00, 0x00, 0xBF, 0x00, 0x00, 0xBF, 0x00, 0x00, 0xBF, 0x00, 0x00, 0xBF, 0x00, 0x00,
    0xBF, 0x00, 0x00, 0xBF, 0x00, 0x00, 0xBF, 0x00, 0x00, 0xBF, 0x00, 0x00, 0xBF, 0x00, 0x00, 0xBF,
    0x00, 0x00, 0xBF, 0x00, 0x00, 0xBF, 0x00, 0x00, 0xBF, 0x00, 0x00, 0xBF, 0x00, 0x00, 0xBF, 0x00,
    0x00, 0xBF, 0x00, 0x00, 0xBF, 0x00, 0x00, 0xBF, 0x00, 0x00, 0xBF, 0x00, 0x00, 0xBF, 0x00, 0x00,
    0xBF, 0x00, 0x00, 0xBF, 0x00, 0x00, 0xBF, 0x00, 0x00, 0xBF, 0x00, 0x00, 0xBF, 0x00, 0x00, 0xBF,
    0x00, 0x00, 0xBF, 0x00, 0x00, 0xBF, 0x00, 0x00, 0xBF, 0x00, 0x00, 0xBF, 0x00, 0x00, 0xBF, 0x00,
    0x00, 0xBF, 0x00, 0x00, 0xBF, 0x00, 0x00, 0xBF, 0x00, 0x00, 0xBF, 0x00, 0x00, 0xBF, 0x00, 0x00,
    0xBF, 0x00, 0x00, 0xBF, 0x00, 0x00, 0xBF, 0x00, 0x00, 0xBF, 0x00, 0x00, 0xBF, 0x00, 0x00, 0xBF,
    0x00, 0x00, 0xBF, 0x00, 0x00, 0xBF, 0x00, 0x00, 0xBF, 0x00, 0x00, 0xBF, 0x00, 0x00, 0xBF, 0x00,
    0x00, 0xBF, 0x00, 0x00, 0xBF, 0x00, 0x00, 0xBF, 0x00, 0x00, 0xBF, 0x00, 0x00, 0xBF, 0x00, 0x00,
    0xBF, 0x00, 0x00, 0xBF, 0x00, 0x00, 0xBF, 0x00, 0x00, 0xBF, 0x00, 0x00, 0xBF, 0x00, 0x00, 0xBF,
    0x00, 0x00, 0xBF, 0x00, 0x00, 0xBF, 0x00, 0x00, 0xBF, 0x00, 0x00, 0xBF, 0x00, 0x00, 0xBF, 0x00,
    0x00, 0xBF, 0x00, 0x00, 0xBF, 0x00, 0x00, 0xBF, 0x00, 0x00, 0xBF, 0x00, 0x00, 0xBF, 0x00, 0x00,
    0xBF, 0x00, 0x00, 0xBF, 0x00, 0x00, 0xBF, 0x00, 0x00, 0xBF, 0x00, 0x00, 0xBF, 0x00, 0x00, 0xBF,
    0x00, 0x00, 0xBF, 0x00, 0x00, 0xBF, 0x00, 0x00, 0xBF, 0x00, 0x00, 0xBF, 0x00, 0x00, 0xBF, 0x00,
    0x00, 0xBF, 0x00, 0x00, 0xBF, 0x00, 0x00, 0xBF, 0x00, 0x00, 0xBF, 0x00, 0x00, 0xBF, 0x00, 0x00,
    0xBF, 0x00, 0x00, 0xBF, 0x28, 0xF1, 0xE4, 0x62, 0x5C, 0xFF, 0x6A, 0xDD, 0xFF, 0x6A, 0xDD, 0xFF,
    0x51, 0xDC, 0xFF, 0x41, 0x7B, 0xFF, 0x41, 0x7B, 0xFF, 0x41, 0x7B, 0xFF, 0x41, 0x7B, 0xFF, 0x41,
    0x7B, 0xFF, 0x41, 0x7B, 0xFF, 0x41, 0x7B, 0xFF, 0x41, 0x7B, 0xFF, 0x41, 0x7B, 0xFF, 0x41, 0x7B,
    0xFF, 0x41, 0x7B, 0xFF, 0x41, 0x7B, 0xFF, 0x41, 0x7B, 0xFF, 0x41, 0x7B, 0xFF, 0x41, 0x7B, 0xFF,
    0x41, 0x7B, 0xFF, 0x41, 0x7B, 0xFF, 0x41, 0x7B, 0xFF, 0x41, 0x7B, 0xFF, 0x41, 0x7B, 0xFF, 0x41,
    0x7B, 0xFF, 0x41, 0x7B, 0xFF, 0x41, 0x7B, 0xFF, 0x41, 0x7B, 0xFF, 0x41, 0x7B, 0xFF, 0x41, 0x7B,
    0xFF, 0x41, 0x7A, 0xFC, 0x39, 0x57, 0xF3, 0x31, 0x13, 0xE9, 0x20, 0xCF, 0xDD, 0x18, 0x89, 0xD2,
    0x08, 0x24, 0xC7, 0x00, 0x00, 0xC0, 0x00, 0x00, 0xBF, 0x00, 0x00, 0xBF, 0x00, 0x00, 0xBF, 0x00,
    0x00, 0xBF, 0x00, 0x00, 0xBF, 0x00, 0x00, 0xBF, 0x00, 0x00, 0xBF, 0x00, 0x00, 0xBF, 0x00, 0x00,
    0xBF, 0x00, 0x00, 0xBF, 0x00, 0x00, 0xBF, 0x00, 0x00, 0xBF, 0x00, 0x00, 0xBF, 0x00, 0x00, 0xBF,
    0x00, 0x00, 0xBF, 0x00, 0x00, 0xBF, 0x00, 0x00, 0xBF, 0x00, 0x00, 0xBF, 0x00, 0x00, 0xBF, 0x00,
    0x00, 0xBF, 0x00, 0x00, 0xBF, 0x00, 0x00, 0xBF, 0x00, 0x00, 0xBF, 0x00, 0x00, 0xBF, 0x00, 0x00,
    0xBF, 0x00, 0x00, 0xBF, 0x00, 0x00, 0xBF, 0x00, 0x00, 0xBF, 0x00, 0x00, 0xBF, 0x00, 0x00, 0xBF,
    0x00, 0x00, 0xBF, 0x00, 0x00, 0xBF, 0x00, 0x00, 0xBF, 0x00, 0x00, 0xBF, 0x00, 0x00, 0xBF, 0x00,
    0x00, 0xBF, 0x00, 0x00, 0xBF, 0x00, 0x00, 0xBF, 0x51, 0xC3, 0xD1, 0xED, 0x6A, 0xFF, 0xED, 0x6A,
    0xFF, 0xED, 0x6A, 0xFF, 0xED, 0x6A, 0xFF, 0xED, 0x6A, 0xFF, 0xED, 0x6A, 0xFF, 0xED, 0x6A, 0xFF,
    0xED, 0x6A, 0xFF, 0xED, 0x6A, 0xFF, 0xED, 0x6A, 0xFF, 0xE5, 0x2A, 0xFB, 0x08, 0x20, 0xC1, 0x00,
    0x00, 0xBF, 0x00, 0x00, 0xBF, 0x00, 0x00, 0xBF, 0x00, 0x00, 0xBF, 0x00, 0x00, 0xBF, 0x00, 0x00,
    0xBF, 0x00, 0x00, 0xBF, 0x00, 0x00, 0xBF, 0x00, 0x00, 0xBF, 0x00, 0x00, 0xBF, 0x00, 0x00, 0xBF,
    0x00, 0x00, 0xBF, 0x00, 0x00, 0xBF, 0x00, 0x00, 0xBF, 0x00, 0x00, 0xBF, 0x00, 0x00, 0xBF, 0x00,
    0x00, 0xBF, 0x00, 0x00, 0xBF, 0x00, 0x00, 0xBF, 0x00, 0x00, 0xBF, 0x00, 0x00, 0xBF, 0x00, 0x00,
    0xBF, 0x00, 0x00, 0xBF, 0x07, 0x42, 0xF8, 0x07, 0xE2, 0xFF, 0x07, 0xE2, 0xFF, 0x07, 0xE2, 0xFF,
    0x07, 0xE2, 0xFF, 0x07, 0xE2, 0xFF, 0x07, 0xE2, 0xFF, 0x07, 0xE2, 0xFF, 0x07, 0xE2, 0xFF, 0x07,
    0xE2, 0xFF, 0x07, 0xE2, 0xFF, 0x07, 0x42, 0xF8, 0x00, 0x00, 0xBF, 0x00, 0x00, 0xBF, 0x00, 0x00,
    0xBF, 0x00, 0x00, 0xBF, 0x00, 0x00, 0xBF, 0x00, 0x00, 0xBF, 0x00, 0x00, 0xBF, 0x00, 0x00, 0xBF,
    0x00, 0x00, 0xBF, 0x00, 0x00, 0xBF, 0x00, 0x00, 0xBF, 0x00, 0x00, 0xBF, 0x00, 0x00, 0xBF, 0x00,
    0x00, 0xBF, 0x00, 0x00, 0xBF, 0x00, 0x00, 0xBF, 0x00, 0x00, 0xBF, 0x00, 0x00, 0xBF, 0x00, 0x00,
    0xBF, 0x00, 0x00, 0xBF, 0x00, 0x00, 0xBF, 0x00, 0x00, 0xBF, 0x00, 0x00, 0xBF, 0x00, 0x00, 0xBF,
    0x00, 0x00, 0xBF, 0x00, 0x00, 0xBF, 0x00, 0x00, 0xBF, 0x00, 0x00, 0xBF, 0x00, 0x00, 0xBF, 0x00,
    0x00, 0xBF, 0x00, 0x00, 0xBF, 0x00, 0x00, 0xBF, 0x00, 0x00, 0xBF, 0x00, 0x00, 0xBF, 0x00, 0x00,
    0xBF, 0x00, 0x00, 0xBF, 0x00, 0x00, 0xBF, 0x00, 0x00, 0xBF, 0x00, 0x00, 0xBF, 0x00, 0x00, 0xBF,
    0x00, 0x00, 0xBF, 0x00, 0x00, 0xBF, 0x00, 0x00, 0xBF, 0x00, 0x00, 0xBF, 0x00, 0x00, 0xBF, 0x00,
    0x00, 0xBF, 0x00, 0x00, 0xBF, 0x00, 0x00, 0xBF, 0x00, 0x00, 0xBF, 0x00, 0x00, 0xBF, 0x00, 0x00,
    0xBF, 0x00, 0x00, 0xBF, 0x00, 0x00, 0xBF, 0x00, 0x00, 0xBF, 0x00, 0x00, 0xBF, 0x00, 0x00, 0xBF,
    0x00, 0x00, 0xBF, 0x00, 0x00, 0xBF, 0x00, 0x00, 0xBF, 0x00, 0x00, 0xBF, 0x00, 0x00, 0xBF, 0x00,
    0x00, 0xBF, 0x00, 0x00, 0xBF, 0x00, 0x00, 0xBF, 0x00, 0x00, 0xBF, 0x00, 0x00, 0xBF, 0x00, 0x00,
    0xBF, 0x00, 0x00, 0xBF, 0x00, 0x00, 0xBF, 0x00, 0x00, 0xBF, 0x00, 0x00, 0xBF, 0x00, 0x00, 0xBF,
    0x00, 0x00, 0xBF, 0x00, 0x00, 0xBF, 0x00, 0x00, 0xBF, 0x00, 0x00, 0xBF, 0x00, 0x00, 0xBF, 0x00,
    0x00, 0xBF, 0x00, 0x00, 0xBF, 0x00, 0x00, 0xBF, 0x00, 0x00, 0xBF, 0x00, 0x00, 0xBF, 0x00, 0x00,
    0xBF, 0x00, 0x00, 0xBF, 0x00, 0x00, 0xBF, 0x00, 0x00, 0xBF, 0x00, 0x00, 0xBF, 0x00, 0x00, 0xBF,
    0x00, 0x00, 0xBF, 0x00, 0x00, 0xBF, 0x00, 0x00, 0xBF, 0x00, 0x00, 0xBF, 0x00, 0x00, 0xBF, 0x00,
    0x00, 0xBF, 0x00, 0x00, 0xBF, 0x00, 0x00, 0xBF, 0x00, 0x00, 0xBF, 0x00, 0x00, 0xBF, 0x00, 0x00,
    0xBF, 0x00, 0x00, 0xBF, 0x00, 0x00, 0xBF, 0x00, 0x00, 0xBF, 0x00, 0x00, 0xBF, 0x00, 0x00, 0xBF,
    0x00, 0x00, 0xBF, 0x00, 0x00, 0xBF, 0x00, 0x00, 0xBF, 0x00, 0x00, 0xBF, 0x00, 0x00, 0xBF, 0x00,
    0x00, 0xBF, 0x00, 0x00, 0xBF, 0x00, 0x00, 0xBF, 0x00, 0x00, 0xBF, 0x00, 0x00, 0xBF, 0x00, 0x00,
    0xBF, 0x00, 0x00, 0xBF, 0x00, 0x00, 0xBF, 0x00, 0x00, 0xBF, 0x00, 0x00, 0xBF, 0x00, 0x00, 0xBF,
    0x00, 0x00, 0xBF, 0x00, 0x00, 0xBF, 0x00, 0x00, 0xBF, 0x00, 0x00, 0xBF, 0x00, 0x00, 0xBF, 0x00,
    0x00, 0xBF, 0x00, 0x00, 0xBF, 0x00, 0x00, 0xBF, 0x00, 0x00, 0xBF, 0x00, 0x00, 0xBF, 0x00, 0x00,
    0xBF, 0x00, 0x00, 0xBF, 0x00, 0x00, 0xBF, 0x00, 0x00, 0xBF, 0x00, 0x00, 0xBF, 0x00, 0x00, 0xBF,
    0x00, 0x00, 0xBF, 0x00, 0x00, 0xBF, 0x00, 0x00, 0xBF, 0x00, 0x00, 0xBF, 0x00, 0x00, 0xBF, 0x00,
    0x00, 0xBF, 0x00, 0x00, 0xBF, 0x00, 0x00, 0xBF, 0x00, 0x00, 0xBF, 0x00, 0x00, 0xBF, 0x00, 0x00,
    0xBF, 0x00, 0x00, 0xBF, 0x00, 0x00, 0xBF, 0x00, 0x00, 0xBF, 0x00, 0x00, 0xBF, 0x00, 0x00, 0xBF,
    0x00, 0x00, 0xBF, 0x00, 0x00, 0xBF, 0x00, 0x00, 0xBF, 0x00, 0x00, 0xBF, 0x00, 0x00, 0xBF, 0x00,
    0x00, 0xBF, 0x00, 0x00, 0xBF, 0x00, 0x00, 0xBF, 0x00, 0x00, 0xBF, 0x00, 0x00, 0xBF, 0x00, 0x00,
    0xBF, 0x00, 0x00, 0xBF, 0x00, 0x00, 0xBF, 0x00, 0x00, 0xBF, 0x00, 0x00, 0xBF, 0x00, 0x00, 0xBF,
    0x00, 0x00, 0xBF, 0x00, 0x00, 0xBF, 0x00, 0x00, 0xBF, 0x00, 0x00, 0xBF, 0x00, 0x00, 0xBF, 0x00,
    0x00, 0xBF, 0x00, 0x00, 0xBF, 0x00, 0x00, 0xBF, 0x00, 0x00, 0xBF, 0x00, 0x00, 0xBF, 0x00, 0x00,
    0xBF, 0x00, 0x00, 0xBF, 0x00, 0x00, 0xBF, 0x00, 0x00, 0xBF, 0x00, 0x00, 0xBF, 0x00, 0x00, 0xBF,
    0x00, 0x00, 0xBF, 0x00, 0x00, 0xBF, 0x28, 0xF2, 0xE6, 0x5A, 0x3C, 0xFF, 0x6A, 0xDD, 0xFF, 0x6A,
    0xDD, 0xFF, 0x6A, 0x9D, 0xFF, 0x41, 0x7B, 0xFF, 0x41, 0x7B, 0xFF, 0x41, 0x7B, 0xFF, 0x41, 0x7B,
    0xFF, 0x41, 0x7B, 0xFF, 0x41, 0x7B, 0xFF, 0x41, 0x7B, 0xFF, 0x41, 0x7B, 0xFF, 0x41, 0x7B, 0xFF,
    0x41, 0x7B, 0xFF, 0x41, 0x7B, 0xFF, 0x41, 0x7B, 0xFF, 0x41, 0x7B, 0xFF, 0x41, 0x7B, 0xFF, 0x41,
    0x7B, 0xFF, 0x41, 0x7B, 0xFF, 0x41, 0x7B, 0xFF, 0x41, 0x7B, 0xFF, 0x41, 0x7B, 0xFF, 0x41, 0x7B,
    0xFF, 0x41, 0x7B, 0xFF, 0x41, 0x7B, 0xFF, 0x41, 0x7B, 0xFF, 0x41, 0x7B, 0xFF, 0x41, 0x7B, 0xFF,
    0x41, 0x7B, 0xFF, 0x41, 0x7B, 0xFF, 0x41, 0x7B, 0xFF, 0x41, 0x7B, 0xFF, 0x41, 0x7B, 0xFF, 0x41,
    0x7B, 0xFF, 0x41, 0x7B, 0xFF, 0x39, 0x59, 0xFA, 0x31, 0x36, 0xEF, 0x28, 0xF1, 0xE4, 0x20, 0xAC,
    0xD8, 0x19, 0x0A, 0xD2, 0x22, 0xCF, 0xD9, 0x2B, 0xD2, 0xE0, 0x34, 0x55, 0xE6, 0x3C, 0xB7, 0xEA,
    0x3C, 0xF8, 0xED, 0x3D, 0x19, 0xEE, 0x3D, 0x19, 0xEF, 0x3D, 0x19, 0xEE, 0x3C, 0xD8, 0xEC, 0x34,
    0x96, 0xE8, 0x34, 0x14, 0xE3, 0x2B, 0x71, 0xDD, 0x22, 0xAD, 0xD5, 0x11, 0xA8, 0xCC, 0x00, 0x82,
    0xC3, 0x00, 0x00, 0xC0, 0x00, 0x00, 0xBF, 0x00, 0x00, 0xBF, 0x00, 0x00, 0xBF, 0x00, 0x00, 0xBF,
    0x00, 0x00, 0xBF, 0x00, 0x00, 0xBF, 0x00, 0x00, 0xBF, 0x29, 0x2C, 0xD5, 0x00, 0x00, 0xC0, 0x00,
    0x00, 0xBF, 0x00, 0x00, 0xBF, 0x00, 0x00, 0xBF, 0x00, 0x00, 0xBF, 0x00, 0x00, 0xBF, 0x00, 0x00,
    0xBF, 0x00, 0x00, 0xBF, 0x00, 0x00, 0xBF, 0x00, 0x00, 0xBF, 0x5A, 0x04, 0xD4, 0xED, 0x6A, 0xFF,
    0xED, 0x6A, 0xFF, 0xED, 0x6A, 0xFF, 0xED, 0x6A, 0xFF, 0xED, 0x6A, 0xFF, 0xED, 0x6A, 0xFF, 0xED,
    0x6A, 0xFF, 0xED, 0x6A, 0xFF, 0xED, 0x6A, 0xFF, 0xED, 0x6A, 0xFF, 0xED, 0x4A, 0xFD, 0x08, 0x40,
    0xC2, 0x00, 0x00, 0xBF, 0x00, 0x00, 0xBF, 0x00, 0x00, 0xBF, 0x00, 0x00, 0xBF, 0x00, 0x00, 0xBF,
    0x00, 0x00, 0xBF, 0x00, 0x00, 0xBF, 0x00, 0x00, 0xBF, 0x00, 0x00, 0xBF, 0x00, 0x00, 0xBF, 0x00,
    0x00, 0xBF, 0x00, 0x00, 0xBF, 0x00, 0x00, 0xBF, 0x00, 0x00, 0xBF, 0x00, 0x00, 0xBF, 0x00, 0x00,
    0xBF, 0x00, 0x00, 0xBF, 0x00, 0x00, 0xBF, 0x00, 0x00, 0xBF, 0x00, 0x00, 0xBF, 0x00, 0x00, 0xBF,
    0x00, 0x00, 0xBF, 0x00, 0x00, 0xBF, 0x07, 0x42, 0xF8, 0x07, 0xE2, 0xFF, 0x07, 0xE2, 0xFF, 0x07,
    0xE2, 0xFF, 0x07, 0xE2, 0xFF, 0x07, 0xE2, 0xFF, 0x07, 0xE2, 0xFF, 0x07, 0xE2, 0xFF, 0x07, 0xE2,
    0xFF, 0x07, 0xE2, 0xFF, 0x07, 0xE2, 0xFF, 0x07, 0x42, 0xF8, 0x00, 0x00, 0xBF, 0x00, 0x00, 0xBF,
    0x00, 0x00, 0xBF, 0x00, 0x00, 0xBF, 0x00, 0x00, 0xBF, 0x00, 0x00, 0xBF, 0x00, 0x00, 0xBF, 0x00,
    0x00, 0xBF, 0x00, 0x00, 0xBF, 0x00, 0x00, 0xBF, 0x00, 0x00, 0xBF, 0x00, 0x00, 0xBF, 0x00, 0x00,
    0xBF, 0x00, 0x00, 0xBF, 0x00, 0x00, 0xBF, 0x00, 0x00, 0xBF, 0x00, 0x00, 0xBF, 0x00, 0x00, 0xBF,
    0x00, 0x00, 0xBF, 0x00, 0x00, 0xBF, 0x00, 0x00, 0xBF, 0x00, 0x00, 0xBF, 0x00, 0x00, 0xBF, 0x00,
    0x00, 0xBF, 0x00, 0x00, 0xBF, 0x00, 0x00, 0xBF, 0x00, 0x00, 0xBF, 0x00, 0x00, 0xBF, 0x00, 0x00,
    0xBF, 0x00, 0x00, 0xBF, 0x00, 0x00, 0xBF, 0x00, 0x00, 0xBF, 0x00, 0x00, 0xBF, 0x00, 0x00, 0xBF,
    0x00, 0x00, 0xBF, 0x00, 0x00, 0xBF, 0x00, 0x00, 0xBF, 0x00, 0x00, 0xBF, 0x00, 0x00, 0xBF, 0x00,
    0x00, 0xBF, 0x00, 0x00, 0xBF, 0x00, 0x00, 0xBF, 0x00, 0x00, 0xBF, 0x00, 0x00, 0xBF, 0x00, 0x00,
    0xBF, 0x00, 0x00, 0xBF, 0x00, 0x00, 0xBF, 0x00, 0x00, 0xBF, 0x00, 0x00, 0xBF, 0x00, 0x00, 0xBF,
    0x00, 0x00, 0xBF, 0x00, 0x00, 0xBF, 0x00, 0x00, 0xBF, 0x00, 0x00, 0xBF, 0x00, 0x00, 0xBF, 0x00,
    0x00, 0xBF, 0x00, 0x00, 0xBF, 0x00, 0x00, 0xBF, 0x00, 0x00, 0xBF, 0x00, 0x00, 0xBF, 0x00, 0x00,
    0xBF, 0x00, 0x00, 0xBF, 0x00, 0x00, 0xBF, 0x00, 0x00, 0xBF, 0x00, 0x00, 0xBF, 0x00, 0x00, 0xBF,
    0x00, 0x00, 0xBF, 0x00, 0x00, 0xBF, 0x00, 0x00, 0xBF, 0x00, 0x00, 0xBF, 0x00, 0x00, 0xBF, 0x00,
    0x00, 0xBF, 0x00, 0x00, 0xBF, 0x00, 0x00, 0xBF, 0x00, 0x00, 0xBF, 0x00, 0x00, 0xBF, 0x00, 0x00,
    0xBF, 0x00, 0x00, 0xBF, 0x00, 0x00, 0xBF, 0x00, 0x00, 0xBF, 0x00, 0x00, 0xBF, 0x00, 0x00, 0xBF,
    0x00, 0x00, 0xBF, 0x00, 0x00, 0xBF, 0x00, 0x00, 0xBF, 0x00, 0x00, 0xBF, 0x00, 0x00, 0xBF, 0x00,
    0x00, 0xBF, 0x00, 0x00, 0xBF, 0x00, 0x00, 0xBF, 0x00, 0x00, 0xBF, 0x00, 0x00, 0xBF, 0x00, 0x00,
    0xBF, 0x00, 0x00, 0xBF, 0x00, 0x00, 0xBF, 0x00, 0x00, 0xBF, 0x00, 0x00, 0xBF, 0x00, 0x00, 0xBF,
    0x00, 0x00, 0xBF, 0x00, 0x00, 0xBF, 0x00, 0x00, 0xBF, 0x00, 0x00, 0xBF, 0x00, 0x00, 0xBF, 0x00,
    0x00, 0xBF, 0x00, 0x00, 0xBF, 0x00, 0x00, 0xBF, 0x00, 0x00, 0xBF, 0x00, 0x00, 0xBF, 0x00, 0x00,
    0xBF, 0x00, 0x00, 0xBF, 0x00, 0x00, 0xBF, 0x00, 0x00, 0xBF, 0x00, 0x00, 0xBF, 0x00, 0x00, 0xBF,
    0x00, 0x00, 0xBF, 0x00, 0x00, 0xBF, 0x00, 0x00, 0xBF, 0x00, 0x00, 0xBF, 0x00, 0x00, 0xBF, 0x00,
    0x00, 0xBF, 0x00, 0x00, 0xBF, 0x00, 0x00, 0xBF, 0x00, 0x00, 0xBF, 0x00, 0x00, 0xBF, 0x00, 0x00,
    0xBF, 0x00, 0x00, 0xBF, 0x00, 0x00, 0xBF, 0x00, 0x00, 0xBF, 0x00, 0x00, 0xBF, 0x00, 0x00, 0xBF,
    0x00, 0x00, 0xBF, 0x00, 0x00, 0xBF, 0x00, 0x00, 0xBF, 0x00, 0x00, 0xBF, 0x00, 0x00, 0xBF, 0x00,
    0x00, 0xBF, 0x00, 0x00, 0xBF, 0x00, 0x00, 0xBF, 0x00, 0x00, 0xBF, 0x00, 0x00, 0xBF, 0x00, 0x00,
    0xBF, 0x00, 0x00, 0xBF, 0x00, 0x00, 0xBF, 0x00, 0x00, 0xBF, 0x00, 0x00, 0xBF, 0x00, 0x00, 0xBF,
    0x00, 0x00, 0xBF, 0x00, 0x00, 0xBF, 0x00, 0x00, 0xBF, 0x00, 0x00, 0xBF, 0x00, 0x00, 0xBF, 0x00,
    0x00, 0xBF, 0x00, 0x00, 0xBF, 0x00, 0x00, 0xBF, 0x00, 0x00, 0xBF, 0x00, 0x00, 0xBF, 0x00, 0x00,
    0xBF, 0x00, 0x00, 0xBF, 0x00, 0x00, 0xBF, 0x00, 0x00, 0xBF, 0x00, 0x00, 0xBF, 0x00, 0x00, 0xBF,
    0x00, 0x00, 0xBF, 0x00, 0x00, 0xBF, 0x00, 0x00, 0xBF, 0x00, 0x00, 0xBF, 0x00, 0x00, 0xBF, 0x00,
    0x00, 0xBF, 0x00, 0x00, 0xBF, 0x00, 0x00, 0xBF, 0x00, 0x00, 0xBF, 0x00, 0x00, 0xBF, 0x00, 0x00,
    0xBF, 0x00, 0x00, 0xBF, 0x00, 0x00, 0xBF, 0x00, 0x00, 0xBF, 0x00, 0x00, 0xBF, 0x00, 0x00, 0xBF,
    0x00, 0x00, 0xBF, 0x00, 0x00, 0xBF, 0x00, 0x00, 0xBF, 0x00, 0x00, 0xBF, 0x00, 0x00, 0xBF, 0x00,
    0x00, 0xBF, 0x00, 0x00, 0xBF, 0x00, 0x00, 0xBF, 0x28, 0xF2, 0xE6, 0x51, 0xFC, 0xFF, 0x6A, 0xDD,
    0xFF, 0x6A, 0xDD, 0xFF, 0x6A, 0xDD, 0xFF, 0x52, 0x1C, 0xFF, 0x41, 0x7B, 0xFF, 0x41, 0x7B, 0xFF,
    0x41, 0x7B, 0xFF, 0x41, 0x7B, 0xFF, 0x41, 0x7B, 0xFF, 0x41, 0x7B, 0xFF, 0x41, 0x7B, 0xFF, 0x41,
    0x7B, 0xFF, 0x41, 0x7B, 0xFF, 0x41, 0x7B, 0xFF, 0x41, 0x7B, 0xFF, 0x41, 0x7B, 0xFF, 0x41, 0x7B,
    0xFF, 0x41, 0x7B, 0xFF, 0x41, 0x7B, 0xFF, 0x41, 0x7B, 0xFF, 0x41, 0x7B, 0xFF, 0x41, 0x7B, 0xFF,
    0x41, 0x7B, 0xFF, 0x41, 0x7B, 0xFF, 0x41, 0x7B, 0xFF, 0x41, 0x7B, 0xFF, 0x41, 0x7B, 0xFF, 0x41,
    0x7B, 0xFF, 0x41, 0x7B, 0xFF, 0x41, 0x7B, 0xFF, 0x41, 0x7B, 0xFF, 0x41, 0x7B, 0xFF, 0x41, 0x7B,
    0xFF, 0x41, 0x7B, 0xFF, 0x41, 0x7B, 0xFF, 0x41, 0x7B, 0xFF, 0x41, 0x7B, 0xFF, 0x41, 0x7B, 0xFF,
    0x41, 0x7B, 0xFF, 0x41, 0x7B, 0xFF, 0x41, 0x9B, 0xFF, 0x42, 0x3C, 0xFF, 0x43, 0x3D, 0xFF, 0x4C,
    0x1D, 0xFF, 0x4C, 0xFE, 0xFF, 0x4D, 0xDF, 0xFF, 0x4E, 0x5F, 0xFF, 0x4E, 0x7F, 0xFF, 0x4E, 0x7F,
    0xFF, 0x4E, 0x7F, 0xFF, 0x4E, 0x7F, 0xFF, 0x4E, 0x7F, 0xFF, 0x4E, 0x7F, 0xFF, 0x4E, 0x7F, 0xFF,
    0x4E, 0x5F, 0xFE, 0x45, 0xBC, 0xF6, 0x34, 0x96, 0xE9, 0x23, 0x30, 0xDA, 0x11, 0x67, 0xCB, 0x00,
    0x20, 0xC0, 0x00, 0x00, 0xBF, 0x00, 0x00, 0xBF, 0x08, 0x22, 0xC3, 0x6A, 0xBC, 0xFC, 0x41, 0xB1,
    0xE2, 0x00, 0x00, 0xC0, 0x00, 0x00, 0xBF, 0x00, 0x00, 0xBF, 0x00, 0x00, 0xBF, 0x00, 0x00, 0xBF,
    0x00, 0x00, 0xBF, 0x00, 0x00, 0xBF, 0x00, 0x00, 0xBF, 0x00, 0x00, 0xBF, 0x39, 0x42, 0xCB, 0xED,
    0x4A, 0xFF, 0xED, 0x6A, 0xFF, 0xED, 0x6A, 0xFF, 0xED, 0x6A, 0xFF, 0xED, 0x6A, 0xFF, 0xED, 0x6A,
    0xFF, 0xED, 0x6A, 0xFF, 0xED, 0x6A, 0xFF, 0xED, 0x6A, 0xFF, 0xED, 0x6A, 0xFF, 0xD4, 0xC9, 0xF6,
    0x00, 0x00, 0xC0, 0x00, 0x00, 0xBF, 0x00, 0x00, 0xBF, 0x00, 0x00, 0xBF, 0x00, 0x00, 0xBF, 0x00,
    0x00, 0xBF, 0x00, 0x00, 0xBF, 0x00, 0x00, 0xBF, 0x00, 0x00, 0xBF, 0x00, 0x00, 0xBF, 0x00, 0x00,
    0xBF, 0x00, 0x00, 0xBF, 0x00, 0x00, 0xBF, 0x00, 0x00, 0xBF, 0x00, 0x00, 0xBF, 0x00, 0x00, 0xBF,
    0x00, 0x00, 0xBF, 0x00, 0x00, 0xBF, 0x00, 0x00, 0xBF, 0x00, 0x00, 0xBF, 0x00, 0x00, 0xBF, 0x00,
    0x00, 0xBF, 0x00, 0x00, 0xBF, 0x00, 0x00, 0xBF, 0x07, 0x42, 0xF8, 0x07, 0xE2, 0xFF, 0x07, 0xE2,
    0xFF, 0x07, 0xE2, 0xFF, 0x07, 0xE2, 0xFF, 0x07, 0xE2, 0xFF, 0x07, 0xE2, 0xFF, 0x07, 0xE2, 0xFF,
    0x07, 0xE2, 0xFF, 0x07, 0xE2, 0xFF, 0x07, 0xE2, 0xFF, 0x07, 0x42, 0xF8, 0x00, 0x00, 0xBF, 0x00,
    0x00, 0xBF, 0x00, 0x00, 0xBF, 0x00, 0x00, 0xBF, 0x00, 0x00, 0xBF, 0x00, 0x00, 0xBF, 0x00, 0x00,
    0xBF, 0x00, 0x00, 0xBF, 0x00, 0x00, 0xBF, 0x00, 0x00, 0xBF, 0x00, 0x00, 0xBF, 0x00, 0x00, 0xBF,
    0x00, 0x00, 0xBF, 0x00, 0x00, 0xBF, 0x00, 0x00, 0xBF, 0x00, 0x00, 0xBF, 0x00, 0x00, 0xBF, 0x00,
    0x00, 0xBF, 0x00, 0x00, 0xBF, 0x00, 0x00, 0xBF, 0x00, 0x00, 0xBF, 0x00, 0x00, 0xBF, 0x00, 0x00,
    0xBF, 0x00, 0x00, 0xBF, 0x00, 0x00, 0xBF, 0x00, 0x00, 0xBF, 0x00, 0x00, 0xBF, 0x00, 0x00, 0xBF,
    0x00, 0x00, 0xBF, 0x00, 0x00, 0xBF, 0x00, 0x00, 0xBF, 0x00, 0x00, 0xBF, 0x00, 0x00, 0xBF, 0x00,
    0x00, 0xBF, 0x00, 0x00, 0xBF, 0x00, 0x00, 0xBF, 0x00, 0x00, 0xBF, 0x00, 0x00, 0xBF, 0x00, 0x00,
    0xBF, 0x00, 0x00, 0xBF, 0x00, 0x00, 0xBF, 0x00, 0x00, 0xBF, 0x00, 0x00, 0xBF, 0x00, 0x00, 0xBF,
    0x00, 0x00, 0xBF, 0x00, 0x00, 0xBF, 0x00, 0x00, 0xBF, 0x00, 0x00, 0xBF, 0x00, 0x00, 0xBF, 0x00,
    0x00, 0xBF, 0x00, 0x00, 0xBF, 0x00, 0x00, 0xBF, 0x00, 0x00, 0xBF, 0x00, 0x00, 0xBF, 0x00, 0x00,
    0xBF, 0x00, 0x00, 0xBF, 0x00, 0x00, 0xBF, 0x00, 0x00, 0xBF, 0x00, 0x00, 0xBF, 0x00, 0x00, 0xBF,
    0x00, 0x00, 0xBF, 0x00, 0x00, 0xBF, 0x00, 0x00, 0xBF, 0x00, 0x00, 0xBF, 0x00, 0x00, 0xBF, 0x00,
    0x00, 0xBF, 0x00, 0x00, 0xBF, 0x00, 0x00, 0xBF, 0x00, 0x00, 0xBF, 0x00, 0x00, 0xBF, 0x00, 0x00,
    0xBF, 0x00, 0x00, 0xBF, 0x00, 0x00, 0xBF, 0x00, 0x00, 0xBF, 0x00, 0x00, 0xBF, 0x00, 0x00, 0xBF,
    0x00, 0x00, 0xBF, 0x00, 0x00, 0xBF, 0x00, 0x00, 0xBF, 0x00, 0x00, 0xBF, 0x00, 0x00, 0xBF, 0x00,
    0x00, 0xBF, 0x00, 0x00, 0xBF, 0x00, 0x00, 0xBF, 0x00, 0x00, 0xBF, 0x00, 0x00, 0xBF, 0x00, 0x00,
    0xBF, 0x00, 0x00, 0xBF, 0x00, 0x00, 0xBF, 0x00, 0x00, 0xBF, 0x00, 0x00, 0xBF, 0x00, 0x00, 0xBF,
    0x00, 0x00, 0xBF, 0x00, 0x00, 0xBF, 0x00, 0x00, 0xBF, 0x00, 0x00, 0xBF, 0x00, 0x00, 0xBF, 0x00,
    0x00, 0xBF, 0x00, 0x00, 0xBF, 0x00, 0x00, 0xBF, 0x00, 0x00, 0xBF, 0x00, 0x00, 0xBF, 0x00, 0x00,
    0xBF, 0x00, 0x00, 0xBF, 0x00, 0x00, 0xBF, 0x00, 0x00, 0xBF, 0x00, 0x00, 0xBF, 0x00, 0x00, 0xBF,
    0x00, 0x00, 0xBF, 0x00, 0x00, 0xBF, 0x00, 0x00, 0xBF, 0x00, 0x00, 0xBF, 0x00, 0x00, 0xBF, 0x00,
    0x00, 0xBF, 0x00, 0x00, 0xBF, 0x00, 0x00, 0xBF, 0x00, 0x00, 0xBF, 0x00, 0x00, 0xBF, 0x00, 0x00,
    0xBF, 0x00, 0x00, 0xBF, 0x00, 0x00, 0xBF, 0x00, 0x00, 0xBF, 0x00, 0x00, 0xBF, 0x00, 0x00, 0xBF,
    0x00, 0x00, 0xBF, 0x00, 0x00, 0xBF, 0x00, 0x00, 0xBF, 0x00, 0x00, 0xBF, 0x00, 0x00, 0xBF, 0x00,
    0x00, 0xBF, 0x00, 0x00, 0xBF, 0x00, 0x00, 0xBF, 0x00, 0x00, 0xBF, 0x00, 0x00, 0xBF, 0x00, 0x00,
    0xBF, 0x00, 0x00, 0xBF, 0x00, 0x00, 0xBF, 0x00, 0x00, 0xBF, 0x00, 0x00, 0xBF, 0x00, 0x00, 0xBF,
    0x00, 0x00, 0xBF, 0x00, 0x00, 0xBF, 0x00, 0x00, 0xBF, 0x00, 0x00, 0xBF, 0x00, 0x00, 0xBF, 0x00,
    0x00, 0xBF, 0x00, 0x00, 0xBF, 0x00, 0x00, 0xBF, 0x00, 0x00, 0xBF, 0x00, 0x00, 0xBF, 0x00, 0x00,
    0xBF, 0x00, 0x00, 0xBF, 0x00, 0x00, 0xBF, 0x00, 0x00, 0xBF, 0x00, 0x00, 0xBF, 0x00, 0x00, 0xBF,
    0x00, 0x00, 0xBF, 0x00, 0x00, 0xBF, 0x00, 0x00, 0xBF, 0x00, 0x00, 0xBF, 0x00, 0x00, 0xBF, 0x00,
    0x00, 0xBF, 0x00, 0x00, 0xBF, 0x00, 0x00, 0xBF, 0x00, 0x00, 0xBF, 0x00, 0x00, 0xBF, 0x00, 0x00,
    0xBF, 0x00, 0x00, 0xBF, 0x00, 0x00, 0xBF, 0x00, 0x00, 0xBF, 0x00, 0x00, 0xBF, 0x00, 0x00, 0xBF,
    0x00, 0x00, 0xBF, 0x00, 0x00, 0xBF, 0x00, 0x00, 0xBF, 0x00, 0x00, 0xBF, 0x00, 0x00, 0xBF, 0x00,
    0x00, 0xBF, 0x00, 0x00, 0xBF, 0x00, 0x00, 0xBF, 0x00, 0x00, 0xBF, 0x00, 0x00, 0xBF, 0x00, 0x00,
    0xBF, 0x00, 0x00, 0xBF, 0x00, 0x00, 0xBF, 0x00, 0x00, 0xBF, 0x29, 0x13, 0xE7, 0x49, 0xDC, 0xFF,
    0x6A, 0xDD, 0xFF, 0x6A, 0xDD, 0xFF, 0x6A, 0xDD, 0xFF, 0x6A, 0xBD, 0xFF, 0x49, 0x9B, 0xFF, 0x41,
    0x7B, 0xFF, 0x41, 0x7B, 0xFF, 0x41, 0x7B, 0xFF, 0x41, 0x7B, 0xFF, 0x41, 0x7B, 0xFF, 0x41, 0x7B,
    0xFF, 0x41, 0x7B, 0xFF, 0x41, 0x7B, 0xFF, 0x41, 0x7B, 0xFF, 0x41, 0x7B, 0xFF, 0x41, 0x7B, 0xFF,
    0x41, 0x7B, 0xFF, 0x41, 0x7B, 0xFF, 0x41, 0x7B, 0xFF, 0x41, 0x7B, 0xFF, 0x41, 0x7B, 0xFF, 0x41,
    0x7B, 0xFF, 0x41, 0x7B, 0xFF, 0x41, 0x7B, 0xFF, 0x41, 0x7B, 0xFF, 0x41, 0x7B, 0xFF, 0x41, 0x7B,
    0xFF, 0x41, 0x7B, 0xFF, 0x41, 0x7B, 0xFF, 0x41, 0x7B, 0xFF, 0x41, 0x7B, 0xFF, 0x41, 0x7B, 0xFF,
    0x41, 0x7B, 0xFF, 0x41, 0x7B, 0xFF, 0x41, 0x7B, 0xFF, 0x41, 0x7B, 0xFF, 0x41, 0x7B, 0xFF, 0x41,
    0x7B, 0xFF, 0x41, 0x7B, 0xFF, 0x41, 0x7B, 0xFF, 0x41, 0x7B, 0xFF, 0x41, 0x7B, 0xFF, 0x41, 0x7B,
    0xFF, 0x41, 0x7B, 0xFF, 0x41, 0x7B, 0xFF, 0x41, 0x7B, 0xFF, 0x42, 0x9C, 0xFF, 0x4E, 0x5F, 0xFF,
    0x4E, 0x7F, 0xFF, 0x4E, 0x7F, 0xFF, 0x4E, 0x7F, 0xFF, 0x4E, 0x7F, 0xFF, 0x4E, 0x7F, 0xFF, 0x4E,
    0x7F, 0xFF, 0x4E, 0x7F, 0xFF, 0x4E, 0x7F, 0xFF, 0x4E, 0x7F, 0xFF, 0x4E, 0x7F, 0xFF, 0x4E, 0x7F,
    0xFF, 0x45, 0xDD, 0xF8, 0x34, 0x55, 0xE6, 0x1A, 0x2B, 0xD1, 0x21, 0x0A, 0xD2, 0x6A, 0xDD, 0xFF,
    0x6A, 0xDD, 0xFF, 0x41, 0xB2, 0xE2, 0x00, 0x00, 0xC0, 0x00, 0x00, 0xBF, 0x00, 0x00, 0xBF, 0x00,
    0x00, 0xBF, 0x00, 0x00, 0xBF, 0x00, 0x00, 0xBF, 0x00, 0x00, 0xBF, 0x00, 0x00, 0xBF, 0x00, 0x20,
    0xC0, 0xD4, 0xC9, 0xF5, 0xED, 0x6A, 0xFF, 0xED, 0x6A, 0xFF, 0xED, 0x6A, 0xFF, 0xED, 0x6A, 0xFF,
    0xED, 0x6A, 0xFF, 0xED, 0x6A, 0xFF, 0xED, 0x6A, 0xFF, 0xED, 0x6A, 0xFF, 0xED, 0x6A, 0xFF, 0x93,
    0x46, 0xE2, 0x00, 0x00, 0xBF, 0x00, 0x00, 0xBF, 0x00, 0x00, 0xBF, 0x00, 0x00, 0xBF, 0x00, 0x00,
    0xBF, 0x00, 0x00, 0xBF, 0x00, 0x00, 0xBF, 0x00, 0x00, 0xBF, 0x00, 0x00, 0xBF, 0x00, 0x00, 0xBF,
    0x00, 0x00, 0xBF, 0x00, 0x00, 0xBF, 0x00, 0x00, 0xBF, 0x00, 0x00, 0xBF, 0x00, 0x00, 0xBF, 0x00,
    0x00, 0xBF, 0x00, 0x00, 0xBF, 0x00, 0x00, 0xBF, 0x00, 0x00, 0xBF, 0x00, 0x00, 0xBF, 0x00, 0x00,
    0xBF, 0x00, 0x00, 0xBF, 0x00, 0x00, 0xBF, 0x00, 0x00, 0xBF, 0x07, 0x42, 0xF8, 0x07, 0xE2, 0xFF,
    0x07, 0xE2, 0xFF, 0x07, 0xE2, 0xFF, 0x07, 0xE2, 0xFF, 0x07, 0xE2, 0xFF, 0x07, 0xE2, 0xFF, 0x07,
    0xE2, 0xFF, 0x07, 0xE2, 0xFF, 0x07, 0xE2, 0xFF, 0x07, 0xE2, 0xFF, 0x07, 0x42, 0xF8, 0x00, 0x00,
    0xBF, 0x00, 0x00, 0xBF, 0x00, 0x00, 0xBF, 0x00, 0x00, 0xBF, 0x00, 0x00, 0xBF, 0x00, 0x00, 0xBF,
    0x00, 0x00, 0xBF, 0x00, 0x00, 0xBF, 0x00, 0x00, 0xBF, 0x00, 0x00, 0xBF, 0x00, 0x00, 0xBF, 0x00,
    0x00, 0xBF, 0x00, 0x00, 0xBF, 0x00, 0x00, 0xBF, 0x00, 0x00, 0xBF, 0x00, 0x00, 0xBF, 0x00, 0x00,
    0xBF, 0x00, 0x00, 0xBF, 0x00, 0x00, 0xBF, 0x00, 0x00, 0xBF, 0x00, 0x00, 0xBF, 0x00, 0x00, 0xBF,
    0x00, 0x00, 0xBF, 0x00, 0x00, 0xBF, 0x00, 0x00, 0xBF, 0x00, 0x00, 0xBF, 0x00, 0x00, 0xBF, 0x00,
    0x00, 0xBF, 0x00, 0x00, 0xBF, 0x00, 0x00, 0xBF, 0x00, 0x00, 0xBF, 0x00, 0x00, 0xBF, 0x00, 0x00,
    0xBF, 0x00, 0x00, 0xBF, 0x00, 0x00, 0xBF, 0x00, 0x00, 0xBF, 0x00, 0x00, 0xBF, 0x00, 0x00, 0xBF,
    0x00, 0x00, 0xBF, 0x00, 0x00, 0xBF, 0x00, 0x00, 0xBF, 0x00, 0x00, 0xBF, 0x00, 0x00, 0xBF, 0x00,
    0x00, 0xBF, 0x00, 0x00, 0xBF, 0x00, 0x00, 0xBF, 0x00, 0x00, 0xBF, 0x00, 0x00, 0xBF, 0x00, 0x00,
    0xBF, 0x00, 0x00, 0xBF, 0x00, 0x00, 0xBF, 0x00, 0x00, 0xBF, 0x00, 0x00, 0xBF, 0x00, 0x00, 0xBF,
    0x00, 0x00, 0xBF, 0x00, 0x00, 0xBF, 0x00, 0x00, 0xBF, 0x00, 0x00, 0xBF, 0x00, 0x00, 0xBF, 0x00,
    0x00, 0xBF, 0x00, 0x00, 0xBF, 0x00, 0x00, 0xBF, 0x00, 0x00, 0xBF, 0x00, 0x00, 0xBF, 0x00, 0x00,
    0xBF, 0x00, 0x00, 0xBF, 0x00, 0x00, 0xBF, 0x00, 0x00, 0xBF, 0x00, 0x00, 0xBF, 0x00, 0x00, 0xBF,
    0x00, 0x00, 0xBF, 0x00, 0x00, 0xBF, 0x00, 0x00, 0xBF, 0x00, 0x00, 0xBF, 0x00, 0x00, 0xBF, 0x00,
    0x00, 0xBF, 0x00, 0x00, 0xBF, 0x00, 0x00, 0xBF, 0x00, 0x00, 0xBF, 0x00, 0x00, 0xBF, 0x00, 0x00,
    0xBF, 0x00, 0x00, 0xBF, 0x00, 0x00, 0xBF, 0x00, 0x00, 0xBF, 0x00, 0x00, 0xBF, 0x00, 0x00, 0xBF,
    0x00, 0x00, 0xBF, 0x00, 0x00, 0xBF, 0x00, 0x00, 0xBF, 0x00, 0x00, 0xBF, 0x00, 0x00, 0xBF, 0x00,
    0x00, 0xBF, 0x00, 0x00, 0xBF, 0x00, 0x00, 0xBF, 0x00, 0x00, 0xBF, 0x00, 0x00, 0xBF, 0x00, 0x00,
    0xBF, 0x00, 0x00, 0xBF, 0x00, 0x00, 0xBF, 0x00, 0x00, 0xBF, 0x00, 0x00, 0xBF, 0x00, 0x00, 0xBF,
    0x00, 0x00, 0xBF, 0x00, 0x00, 0xBF, 0x00, 0x00, 0xBF, 0x00, 0x00, 0xBF, 0x00, 0x00, 0xBF, 0x00,
    0x00, 0xBF, 0x00, 0x00, 0xBF, 0x00, 0x00, 0xBF, 0x00, 0x00, 0xBF, 0x00, 0x00, 0xBF, 0x00, 0x00,
    0xBF, 0x00, 0x00, 0xBF, 0x00, 0x00, 0xBF, 0x00, 0x00, 0xBF, 0x00, 0x00, 0xBF, 0x00, 0x00, 0xBF,
    0x00, 0x00, 0xBF, 0x00, 0x00, 0xBF, 0x00, 0x00, 0xBF, 0x00, 0x00, 0xBF, 0x00, 0x00, 0xBF, 0x00,
    0x00, 0xBF, 0x00, 0x00, 0xBF, 0x00, 0x00, 0xBF, 0x00, 0x00, 0xBF, 0x00, 0x00, 0xBF, 0x00, 0x00,
    0xBF, 0x00, 0x00, 0xBF, 0x00, 0x00, 0xBF, 0x00, 0x00, 0xBF, 0x00, 0x00, 0xBF, 0x00, 0x00, 0xBF,
    0x00, 0x00, 0xBF, 0x00, 0x00, 0xBF, 0x00, 0x00, 0xBF, 0x00, 0x00, 0xBF, 0x00, 0x00, 0xBF, 0x00,
    0x00, 0xBF, 0x00, 0x00, 0xBF, 0x00, 0x00, 0xBF, 0x00, 0x00, 0xBF, 0x00, 0x00, 0xBF, 0x00, 0x00,
    0xBF, 0x00, 0x00, 0xBF, 0x00, 0x00, 0xBF, 0x00, 0x00, 0xBF, 0x00, 0x00, 0xBF, 0x00, 0x00, 0xBF,
    0x00, 0x00, 0xBF, 0x00, 0x00, 0xBF, 0x00, 0x00, 0xBF, 0x00, 0x00, 0xBF, 0x00, 0x00, 0xBF, 0x00,
    0x00, 0xBF, 0x00, 0x00, 0xBF, 0x00, 0x00, 0xBF, 0x00, 0x00, 0xBF, 0x00, 0x00, 0xBF, 0x00, 0x00,
    0xBF, 0x00, 0x00, 0xBF, 0x00, 0x00, 0xBF, 0x00, 0x00, 0xBF, 0x00, 0x00, 0xBF, 0x00, 0x00, 0xBF,
    0x00, 0x00, 0xBF, 0x00, 0x00, 0xBF, 0x00, 0x00, 0xBF, 0x00, 0x00, 0xBF, 0x00, 0x00, 0xBF, 0x00,
    0x00, 0xBF, 0x00, 0x00, 0xBF, 0x00, 0x00, 0xBF, 0x00, 0x00, 0xBF, 0x00, 0x00, 0xBF, 0x00, 0x00,
    0xBF, 0x00, 0x00, 0xBF, 0x00, 0x00, 0xBF, 0x00, 0x00, 0xBF, 0x00, 0x00, 0xBF, 0x00, 0x00, 0xBF,
    0x00, 0x00, 0xBF, 0x00, 0x00, 0xBF, 0x00, 0x00, 0xBF, 0x00, 0x00, 0xBF, 0x29, 0x13, 0xE7, 0x49,
    0x9B, 0xFF, 0x6A, 0xDD, 0xFF, 0x6A, 0xDD, 0xFF, 0x6A, 0xDD, 0xFF, 0x6A, 0xDD, 0xFF, 0x5A, 0x3C,
    0xFF, 0x41, 0x7B, 0xFF, 0x41, 0x7B, 0xFF, 0x41, 0x7B, 0xFF, 0x41, 0x7B, 0xFF, 0x41, 0x7B, 0xFF,
    0x41, 0x7B, 0xFF, 0x41, 0x7B, 0xFF, 0x41, 0x7B, 0xFF, 0x41, 0x7B, 0xFF, 0x41, 0x7B, 0xFF, 0x41,
    0x7B, 0xFF, 0x41, 0x7B, 0xFF, 0x41, 0x7B, 0xFF, 0x41, 0x7B, 0xFF, 0x41, 0x7B, 0xFF, 0x41, 0x7B,
    0xFF, 0x41, 0x7B, 0xFF, 0x41, 0x7B, 0xFF, 0x41, 0x7B, 0xFF, 0x41, 0x7B, 0xFF, 0x41, 0x7B, 0xFF,
    0x41, 0x7B, 0xFF, 0x41, 0x7B, 0xFF, 0x41, 0x7B, 0xFF, 0x41, 0x7B, 0xFF, 0x41, 0x7B, 0xFF, 0x41,
    0x7B, 0xFF, 0x41, 0x7B, 0xFF, 0x41, 0x7B, 0xFF, 0x41, 0x7B, 0xFF, 0x41, 0x7B, 0xFF, 0x41, 0x7B,
    0xFF, 0x41, 0x7B, 0xFF, 0x41, 0x7B, 0xFF, 0x41, 0x7B, 0xFF, 0x41, 0x7B, 0xFF, 0x41, 0x7B, 0xFF,
    0x41, 0x7B, 0xFF, 0x41, 0x7B, 0xFF, 0x41, 0x7B, 0xFF, 0x41, 0x7B, 0xFF, 0x42, 0x1C, 0xFF, 0x4E,
    0x5F, 0xFF, 0x4E, 0x7F, 0xFF, 0x4E, 0x7F, 0xFF, 0x4E, 0x7F, 0xFF, 0x4E, 0x7F, 0xFF, 0x4E, 0x7F,
    0xFF, 0x4E, 0x7F, 0xFF, 0x4E, 0x7F, 0xFF, 0x4E, 0x7F, 0xFF, 0x4E, 0x7F, 0xFF, 0x4E, 0x7F, 0xFF,
    0x4E, 0x7F, 0xFF, 0x4E, 0x7F, 0xFF, 0x4E, 0x7F, 0xFF, 0x4E, 0x7F, 0xFF, 0x5C, 0x7E, 0xFE, 0x6A,
    0xDD, 0xFF, 0x6A, 0xDD, 0xFF, 0x6A, 0xDD, 0xFF, 0x41, 0xB2, 0xE2, 0x00, 0x00, 0xC0, 0x00, 0x00,
    0xBF, 0x00, 0x00, 0xBF, 0x00, 0x00, 0xBF, 0x00, 0x00, 0xBF, 0x00, 0x00, 0xBF, 0x00, 0x00, 0xBF,
    0x00, 0x00, 0xBF, 0x5A, 0x04, 0xD3, 0xED, 0x4A, 0xFE, 0xED, 0x6A, 0xFF, 0xED, 0x6A, 0xFF, 0xED,
    0x6A, 0xFF, 0xED, 0x6A, 0xFF, 0xED, 0x6A, 0xFF, 0xED, 0x6A, 0xFF, 0xED, 0x6A, 0xFF, 0xDC, 0xE9,
    0xF8, 0x18, 0x81, 0xC5, 0x00, 0x00, 0xBF, 0x00, 0x00, 0xBF, 0x00, 0x00, 0xBF, 0x00, 0x00, 0xBF,
    0x00, 0x00, 0xBF, 0x00, 0x00, 0xBF, 0x00, 0x00, 0xBF, 0x00, 0x00, 0xBF, 0x00, 0x00, 0xBF, 0x00,
    0x00, 0xBF, 0x00, 0x00, 0xBF, 0x00, 0x00, 0xBF, 0x00, 0x00, 0xBF, 0x00, 0x00, 0xBF, 0x00, 0x00,
    0xBF, 0x00, 0x00, 0xBF, 0x00, 0x00, 0xBF, 0x00, 0x00, 0xBF, 0x00, 0x00, 0xBF, 0x00, 0x00, 0xBF,
    0x00, 0x00, 0xBF, 0x00, 0x00, 0xBF, 0x00, 0x00, 0xBF, 0x00, 0x00, 0xBF, 0x07, 0x42, 0xF8, 0x07,
    0xE2, 0xFF, 0x07, 0xE2, 0xFF, 0x07, 0xE2, 0xFF, 0x07, 0xE2, 0xFF, 0x07, 0xE2, 0xFF, 0x07, 0xE2,
    0xFF, 0x07, 0xE2, 0xFF, 0x07, 0xE2, 0xFF, 0x07, 0xE2, 0xFF, 0x07, 0xE2, 0xFF, 0x07, 0x42, 0xF8,
    0x00, 0x00, 0xBF, 0x00, 0x00, 0xBF, 0x00, 0x00, 0xBF, 0x00, 0x00, 0xBF, 0x00, 0x00, 0xBF, 0x00,
    0x00, 0xBF, 0x00, 0x00, 0xBF, 0x00, 0x00, 0xBF, 0x00, 0x00, 0xBF, 0x00, 0x00, 0xBF, 0x00, 0x00,
    0xBF, 0x00, 0x00, 0xBF, 0x00, 0x00, 0xBF, 0x00, 0x00, 0xBF, 0x00, 0x00, 0xBF, 0x00, 0x00, 0xBF,
    0x00, 0x00, 0xBF, 0x00, 0x00, 0xBF, 0x00, 0x00, 0xBF, 0x00, 0x00, 0xBF, 0x00, 0x00, 0xBF, 0x00,
    0x00, 0xBF, 0x00, 0x00, 0xBF, 0x00, 0x00, 0xBF, 0x00, 0x00, 0xBF, 0x00, 0x00, 0xBF, 0x00, 0x00,
    0xBF, 0x00, 0x00, 0xBF, 0x00, 0x00, 0xBF, 0x00, 0x00, 0xBF, 0x00, 0x00, 0xBF, 0x00, 0x00, 0xBF,
    0x00, 0x00, 0xBF, 0x00, 0x00, 0xBF, 0x00, 0x00, 0xBF, 0x00, 0x00, 0xBF, 0x00, 0x00, 0xBF, 0x00,
    0x00, 0xBF, 0x00, 0x00, 0xBF, 0x00, 0x00, 0xBF, 0x00, 0x00, 0xBF, 0x00, 0x00, 0xBF, 0x00, 0x00,
    0xBF, 0x00, 0x00, 0xBF, 0x00, 0x00, 0xBF, 0x00, 0x00, 0xBF, 0x00, 0x00, 0xBF, 0x00, 0x00, 0xBF,
    0x00, 0x00, 0xBF, 0x00, 0x00, 0xBF, 0x00, 0x00, 0xBF, 0x00, 0x00, 0xBF, 0x00, 0x00, 0xBF, 0x00,
    0x00, 0xBF, 0x00, 0x00, 0xBF, 0x00, 0x00, 0xBF, 0x00, 0x00, 0xBF, 0x00, 0x00, 0xBF, 0x00, 0x00,
    0xBF, 0x00, 0x00, 0xBF, 0x00, 0x00, 0xBF, 0x00, 0x00, 0xBF, 0x00, 0x00, 0xBF, 0x00, 0x00, 0xBF,
    0x00, 0x00, 0xBF, 0x00, 0x00, 0xBF, 0x00, 0x00, 0xBF, 0x00, 0x00, 0xBF, 0x00, 0x00, 0xBF, 0x00,
    0x00, 0xBF, 0x00, 0x00, 0xBF, 0x00, 0x00, 0xBF, 0x00, 0x00, 0xBF, 0x00, 0x00, 0xBF, 0x00, 0x00,
    0xBF, 0x00, 0x00, 0xBF, 0x00, 0x00, 0xBF, 0x00, 0x00, 0xBF, 0x00, 0x00, 0xBF, 0x00, 0x00, 0xBF,
    0x00, 0x00, 0xBF, 0x00, 0x00, 0xBF, 0x00, 0x00, 0xBF, 0x00, 0x00, 0xBF, 0x00, 0x00, 0xC0, 0x00,
    0x23, 0xC5, 0x08, 0x46, 0xC9, 0x08, 0x67, 0xCB, 0x08, 0x44, 0xC6, 0x00, 0x01, 0xC2, 0x00, 0x00,
    0xBF, 0x00, 0x00, 0xBF, 0x00, 0x00, 0xBF, 0x00, 0x00, 0xBF, 0x00, 0x00, 0xBF, 0x00, 0x00, 0xBF,
    0x00, 0x00, 0xBF, 0x00, 0x00, 0xBF, 0x00, 0x00, 0xBF, 0x00, 0x00, 0xBF, 0x00, 0x00, 0xBF, 0x00,
    0x00, 0xBF, 0x00, 0x00, 0xBF, 0x00, 0x00, 0xBF, 0x00, 0x00, 0xBF, 0x00, 0x00, 0xBF, 0x00, 0x00,
    0xBF, 0x00, 0x00, 0xBF, 0x00, 0x00, 0xBF, 0x00, 0x00, 0xBF, 0x00, 0x00, 0xBF, 0x00, 0x00, 0xBF,
    0x00, 0x00, 0xBF, 0x00, 0x00, 0xBF, 0x00, 0x00, 0xBF, 0x00, 0x00, 0xBF, 0x00, 0x00, 0xBF, 0x00,
    0x00, 0xBF, 0x00, 0x00, 0xBF, 0x00, 0x00, 0xBF, 0x00, 0x00, 0xBF, 0x00, 0x22, 0xC4, 0x08, 0x45,
    0xC8, 0x08, 0x68, 0xCC, 0x08, 0x46, 0xC9, 0x00, 0x23, 0xC5, 0x00, 0x00, 0xBF, 0x00, 0x00, 0xBF,
    0x00, 0x00, 0xBF, 0x00, 0x00, 0xBF, 0x00, 0x00, 0xBF, 0x00, 0x00, 0xBF, 0x00, 0x00, 0xBF, 0x00,
    0x00, 0xBF, 0x00, 0x00, 0xBF, 0x00, 0x00, 0xBF, 0x00, 0x00, 0xBF, 0x00, 0x00, 0xBF, 0x00, 0x00,
    0xBF, 0x00, 0x00, 0xBF, 0x00, 0x00, 0xBF, 0x00, 0x00, 0xBF, 0x00, 0x00, 0xBF, 0x00, 0x00, 0xBF,
    0x00, 0x00, 0xBF, 0x00, 0x00, 0xBF, 0x00, 0x00, 0xBF, 0x00, 0x00, 0xBF, 0x00, 0x00, 0xBF, 0x00,
    0x00, 0xBF, 0x00, 0x00, 0xBF, 0x00, 0x00, 0xBF, 0x00, 0x00, 0xBF, 0x00, 0x00, 0xBF, 0x00, 0x00,
    0xBF, 0x00, 0x00, 0xBF, 0x00, 0x00, 0xBF, 0x00, 0x00, 0xBF, 0x00, 0x00, 0xBF, 0x00, 0x00, 0xBF,
    0x00, 0x00, 0xBF, 0x00, 0x00, 0xBF, 0x00, 0x00, 0xBF, 0x00, 0x00, 0xBF, 0x00, 0x00, 0xBF, 0x00,
    0x00, 0xBF, 0x00, 0x00, 0xBF, 0x00, 0x00, 0xBF, 0x00, 0x00, 0xBF, 0x00, 0x00, 0xBF, 0x00, 0x00,
    0xBF, 0x00, 0x00, 0xBF, 0x00, 0x00, 0xBF, 0x00, 0x00, 0xBF, 0x00, 0x00, 0xBF, 0x00, 0x00, 0xBF,
    0x00, 0x00, 0xBF, 0x00, 0x00, 0xBF, 0x00, 0x00, 0xBF, 0x00, 0x00, 0xBF, 0x00, 0x00, 0xBF, 0x00,
    0x00, 0xBF, 0x00, 0x00, 0xBF, 0x00, 0x00, 0xBF, 0x00, 0x00, 0xBF, 0x00, 0x00, 0xBF, 0x29, 0x13,
    0xE7, 0x41, 0x7B, 0xFF, 0x6A, 0xBD, 0xFF, 0x6A, 0xDD, 0xFF, 0x6A, 0xDD, 0xFF, 0x6A, 0xDD, 0xFF,
    0x6A, 0xDD, 0xFF, 0x49, 0xBB, 0xFF, 0x41, 0x7B, 0xFF, 0x41, 0x7B, 0xFF, 0x41, 0x7B, 0xFF, 0x41,
    0x7B, 0xFF, 0x41, 0x7B, 0xFF, 0x41, 0x7B, 0xFF, 0x41, 0x7B, 0xFF, 0x41, 0x7B, 0xFF, 0x41, 0x7B,
    0xFF, 0x41, 0x7B, 0xFF, 0x41, 0x7B, 0xFF, 0x41, 0x7B, 0xFF, 0x41, 0x7B, 0xFF, 0x41, 0x7B, 0xFF,
    0x41, 0x7B, 0xFF, 0x41, 0x7B, 0xFF, 0x41, 0x7B, 0xFF, 0x41, 0x7B, 0xFF, 0x41, 0x7B, 0xFF, 0x41,
    0x7B, 0xFF, 0x41, 0x7B, 0xFF, 0x41, 0x7B, 0xFF, 0x41, 0x7B, 0xFF, 0x41, 0x7B, 0xFF, 0x41, 0x7B,
    0xFF, 0x41, 0x7B, 0xFF, 0x41, 0x7B, 0xFF, 0x41, 0x7B, 0xFF, 0x41, 0x7B, 0xFF, 0x41, 0x7B, 0xFF,
    0x41, 0x7B, 0xFF, 0x41, 0x7B, 0xFF, 0x41, 0x7B, 0xFF, 0x41, 0x7B, 0xFF, 0x41, 0x7B, 0xFF, 0x41,
    0x7B, 0xFF, 0x41, 0x7B, 0xFF, 0x41, 0x7B, 0xFF, 0x41, 0x7B, 0xFF, 0x41, 0x7B, 0xFF, 0x4B, 0xDD,
    0xFF, 0x4E, 0x7F, 0xFF, 0x4E, 0x7F, 0xFF, 0x4E, 0x7F, 0xFF, 0x4E, 0x7F, 0xFF, 0x4E, 0x7F, 0xFF,
    0x4E, 0x7F, 0xFF, 0x4E, 0x7F, 0xFF, 0x4E, 0x7F, 0xFF, 0x4E, 0x7F, 0xFF, 0x4E, 0x7F, 0xFF, 0x4E,
    0x7F, 0xFF, 0x4E, 0x7F, 0xFF, 0x4E, 0x7F, 0xFF, 0x4E, 0x7F, 0xFF, 0x4E, 0x7F, 0xFF, 0x63, 0xBD,
    0xFF, 0x6A, 0xDD, 0xFF, 0x6A, 0xDD, 0xFF, 0x6A, 0xDD, 0xFF, 0x6A, 0xDD, 0xFF, 0x41, 0xB2, 0xE2,
    0x00, 0x00, 0xC0, 0x00, 0x00, 0xBF, 0x00, 0x00, 0xBF, 0x00, 0x00, 0xBF, 0x00, 0x00, 0xBF, 0x00,
    0x00, 0xBF, 0x00, 0x00, 0xBF, 0x00, 0x00, 0xBF, 0x72, 0xA5, 0xDA, 0xED, 0x4A, 0xFD, 0xED, 0x6A,
    0xFF, 0xED, 0x6A, 0xFF, 0xED, 0x6A, 0xFF, 0xED, 0x6A, 0xFF, 0xED, 0x6A, 0xFF, 0xDC, 0xE9, 0xF8,
    0x39, 0x42, 0xCC, 0x00, 0x00, 0xBF, 0x00, 0x00, 0xBF, 0x00, 0x00, 0xBF, 0x00, 0x00, 0xBF, 0x00,
    0x00, 0xBF, 0x00, 0x00, 0xBF, 0x00, 0x00, 0xBF, 0x00, 0x00, 0xBF, 0x00, 0x00, 0xBF, 0x00, 0x00,
    0xBF, 0x00, 0x00, 0xBF, 0x00, 0x00, 0xBF, 0x00, 0x00, 0xBF, 0x00, 0x00, 0xBF, 0x00, 0x00, 0xBF,
    0x00, 0x00, 0xBF, 0x00, 0x00, 0xBF, 0x00, 0x00, 0xBF, 0x00, 0x00, 0xBF, 0x00, 0x00, 0xBF, 0x00,
    0x00, 0xBF, 0x00, 0x00, 0xBF, 0x00, 0x00, 0xBF, 0x00, 0x00, 0xBF, 0x00, 0x00, 0xBF, 0x07, 0x42,
    0xF8, 0x07, 0xE2, 0xFF, 0x07, 0xE2, 0xFF, 0x07, 0xE2, 0xFF, 0x07, 0xE2, 0xFF, 0x07, 0xE2, 0xFF,
    0x07, 0xE2, 0xFF, 0x07, 0xE2, 0xFF, 0x07, 0xE2, 0xFF, 0x07, 0xE2, 0xFF, 0x07, 0xE2, 0xFF, 0x07,
    0x42, 0xF8, 0x00, 0x00, 0xBF, 0x00, 0x00, 0xBF, 0x00, 0x00, 0xBF, 0x00, 0x00, 0xBF, 0x00, 0x00,
    0xBF, 0x00, 0x00, 0xBF, 0x00, 0x00, 0xBF, 0x00, 0x00, 0xBF, 0x00, 0x00, 0xBF, 0x00, 0x00, 0xBF,
    0x00, 0x00, 0xBF, 0x00, 0x00, 0xBF, 0x00, 0x00, 0xBF, 0x00, 0x00, 0xBF, 0x00, 0x00, 0xBF, 0x00,
    0x00, 0xBF, 0x10, 0xAA, 0xD1, 0x29, 0x57, 0xEA, 0x29, 0x57, 0xEA, 0x29, 0x57, 0xEA, 0x29, 0x57,
    0xEA, 0x29, 0x57, 0xEA, 0x29, 0x57, 0xEA, 0x29, 0x57, 0xEA, 0x29, 0x57, 0xEA, 0x29, 0x57, 0xEA,
    0x29, 0x57, 0xEA, 0x29, 0x57, 0xEA, 0x29, 0x57, 0xEA, 0x21, 0x35, 0xE5, 0x21, 0x34, 0xE4, 0x21,
    0x12, 0xDF, 0x18, 0xCD, 0xD7, 0x10, 0x88, 0xCD, 0x00, 0x01, 0xC1, 0x00, 0x00, 0xBF, 0x00, 0x00,
    0xBF, 0x00, 0x00, 0xBF, 0x00, 0x00, 0xBF, 0x00, 0x00, 0xBF, 0x00, 0x00, 0xBF, 0x00, 0x00, 0xBF,
    0x00, 0x00, 0xBF, 0x00, 0x00, 0xBF, 0x00, 0x00, 0xBF, 0x00, 0x00, 0xBF, 0x00, 0x00, 0xBF, 0x00,
    0x00, 0xBF, 0x18, 0xF1, 0xDC, 0x29, 0x57, 0xEA, 0x29, 0x57, 0xEA, 0x29, 0x57, 0xEA, 0x29, 0x57,
    0xEA, 0x29, 0x57, 0xEA, 0x29, 0x57, 0xEA, 0x29, 0x57, 0xEA, 0x00, 0x23, 0xC5, 0x00, 0x00, 0xBF,
    0x00, 0x00, 0xBF, 0x00, 0x00, 0xBF, 0x00, 0x00, 0xBF, 0x00, 0x00, 0xBF, 0x00, 0x00, 0xBF, 0x00,
    0x00, 0xBF, 0x00, 0x00, 0xBF, 0x00, 0x00, 0xBF, 0x00, 0x00, 0xBF, 0x00, 0x00, 0xBF, 0x00, 0x00,
    0xBF, 0x00, 0x00, 0xBF, 0x00, 0x00, 0xBF, 0x00, 0x00, 0xBF, 0x00, 0x00, 0xBF, 0x00, 0x00, 0xBF,
    0x00, 0x00, 0xBF, 0x00, 0x00, 0xBF, 0x00, 0x00, 0xBF, 0x00, 0x00, 0xBF, 0x00, 0x00, 0xBF, 0x00,
    0x00, 0xBF, 0x00, 0x23, 0xC5, 0x18, 0xEF, 0xDA, 0x29, 0x58, 0xEB, 0x31, 0xBD, 0xF8, 0x39, 0xDF,
    0xFF, 0x39, 0xDF, 0xFF, 0x39, 0xDF, 0xFF, 0x39, 0xDF, 0xFF, 0x39, 0xDF, 0xFF, 0x39, 0xDF, 0xFF,
    0x39, 0xDF, 0xFC, 0x31, 0x9A, 0xF1, 0x21, 0x33, 0xE2, 0x10, 0x89, 0xCE, 0x00, 0x00, 0xBF, 0x00,
    0x00, 0xBF, 0x00, 0x00, 0xBF, 0x00, 0x00, 0xBF, 0x00, 0x00, 0xBF, 0x00, 0x00, 0xBF, 0x00, 0x00,
    0xBF, 0x00, 0x00, 0xBF, 0x00, 0x00, 0xBF, 0x00, 0x00, 0xBF, 0x00, 0x00, 0xBF, 0x00, 0x00, 0xBF,
    0x00, 0x00, 0xBF, 0x00, 0x00, 0xBF, 0x00, 0x00, 0xBF, 0x00, 0x00, 0xBF, 0x00, 0x00, 0xBF, 0x00,
    0x00, 0xBF, 0x00, 0x00, 0xBF, 0x00, 0x00, 0xBF, 0x00, 0x00, 0xBF, 0x00, 0x00, 0xBF, 0x08, 0x44,
    0xC6, 0x18, 0xEF, 0xD9, 0x29, 0x57, 0xEB, 0x31, 0xBC, 0xF7, 0x39, 0xDF, 0xFF, 0x39, 0xDF, 0xFF,
    0x39, 0xDF, 0xFF, 0x39, 0xDF, 0xFF, 0x39, 0xDF, 0xFF, 0x39, 0xDF, 0xFF, 0x39, 0xDE, 0xFC, 0x31,
    0x9A, 0xF1, 0x21, 0x34, 0xE4, 0x10, 0xAA, 0xD1, 0x00, 0x01, 0xC1, 0x00, 0x00, 0xBF, 0x00, 0x00,
    0xBF, 0x00, 0x00, 0xBF, 0x00, 0x00, 0xBF, 0x00, 0x00, 0xBF, 0x00, 0x00, 0xBF, 0x00, 0x00, 0xBF,
    0x00, 0x00, 0xBF, 0x21, 0x11, 0xDD, 0x29, 0x57, 0xEA, 0x29, 0x57, 0xEA, 0x29, 0x57, 0xEA, 0x29,
    0x57, 0xEA, 0x29, 0x57, 0xEA, 0x29, 0x57, 0xEA, 0x29, 0x57, 0xEA, 0x00, 0x23, 0xC4, 0x00, 0x00,
    0xBF, 0x00, 0x00, 0xBF, 0x00, 0x00, 0xBF, 0x00, 0x00, 0xBF, 0x00, 0x00, 0xBF, 0x00, 0x00, 0xBF,
    0x00, 0x00, 0xBF, 0x00, 0x00, 0xBF, 0x00, 0x00, 0xBF, 0x00, 0x01, 0xC2, 0x21, 0x34, 0xE5, 0x29,
    0x57, 0xEA, 0x29, 0x57, 0xEA, 0x29, 0x57, 0xEA, 0x29, 0x57, 0xEA, 0x29, 0x57, 0xEA, 0x29, 0x57,
    0xEA, 0x29, 0x57, 0xEA, 0x29, 0x56, 0xE8, 0x08, 0x44, 0xC7, 0x00, 0x00, 0xBF, 0x00, 0x00, 0xBF,
    0x00, 0x00, 0xBF, 0x00, 0x00, 0xBF, 0x00, 0x00, 0xBF, 0x00, 0x00, 0xBF, 0x00, 0x00, 0xBF, 0x00,
    0x00, 0xBF, 0x00, 0x00, 0xBF, 0x00, 0x00, 0xBF, 0x00, 0x00, 0xBF, 0x00, 0x00, 0xBF, 0x00, 0x00,
    0xBF, 0x00, 0x00, 0xBF, 0x00, 0x00, 0xBF, 0x00, 0x00, 0xBF, 0x00, 0x00, 0xBF, 0x00, 0x00, 0xBF,
    0x28, 0xF2, 0xE6, 0x41, 0x7B, 0xFF, 0x62, 0x9D, 0xFF, 0x6A, 0xDD, 0xFF, 0x6A, 0xDD, 0xFF, 0x6A,
    0xDD, 0xFF, 0x6A, 0xDD, 0xFF, 0x62, 0x5C, 0xFF, 0x41, 0x7B, 0xFF, 0x41, 0x7B, 0xFF, 0x41, 0x7B,
    0xFF, 0x41, 0x7B, 0xFF, 0x41, 0x7B, 0xFF, 0x41, 0x7B, 0xFF, 0x41, 0x7B, 0xFF, 0x41, 0x7B, 0xFF,
    0x41, 0x7B, 0xFF, 0x41, 0x7B, 0xFF, 0x41, 0x7B, 0xFF, 0x41, 0x7B, 0xFF, 0x41, 0x7B, 0xFF, 0x41,
    0x7B, 0xFF, 0x41, 0x7B, 0xFF, 0x41, 0x7B, 0xFF, 0x41, 0x7B, 0xFF, 0x41, 0x7B, 0xFF, 0x41, 0x7B,
    0xFF, 0x41, 0x7B, 0xFF, 0x41, 0x7B, 0xFF, 0x41, 0x7B, 0xFF, 0x41, 0x7B, 0xFF, 0x41, 0x7B, 0xFF,
    0x41, 0x7B, 0xFF, 0x41, 0x7B, 0xFF, 0x41, 0x7B, 0xFF, 0x41, 0x7B, 0xFF, 0x41, 0x7B, 0xFF, 0x41,
    0x7B, 0xFF, 0x41, 0x7B, 0xFF, 0x41, 0x7B, 0xFF, 0x41, 0x7B, 0xFF, 0x41, 0x7B, 0xFF, 0x41, 0x7B,
    0xFF, 0x41, 0x7B, 0xFF, 0x41, 0x7B, 0xFF, 0x41, 0x7B, 0xFF, 0x41, 0x7B, 0xFF, 0x41, 0xDC, 0xFF,
    0x4D, 0xFF, 0xFF, 0x4E, 0x7F, 0xFF, 0x4E, 0x7F, 0xFF, 0x4E, 0x7F, 0xFF, 0x4E, 0x7F, 0xFF, 0x4E,
    0x7F, 0xFF, 0x4E, 0x7F, 0xFF, 0x4E, 0x7F, 0xFF, 0x4E, 0x7F, 0xFF, 0x4E, 0x7F, 0xFF, 0x4E, 0x7F,
    0xFF, 0x4E, 0x7F, 0xFF, 0x4E, 0x7F, 0xFF, 0x4E, 0x7F, 0xFF, 0x4E, 0x7F, 0xFF, 0x4E, 0x3F, 0xFF,
    0x6A, 0xFD, 0xFF, 0x6A, 0xDD, 0xFF, 0x6A, 0xDD, 0xFF, 0x6A, 0xDD, 0xFF, 0x6A, 0xDD, 0xFF, 0x6A,
    0xDD, 0xFF, 0x41, 0xB2, 0xE2, 0x00, 0x00, 0xC0, 0x00, 0x00, 0xBF, 0x00, 0x00, 0xBF, 0x00, 0x00,
    0xBF, 0x00, 0x00, 0xBF, 0x00, 0x00, 0xBF, 0x00, 0x00, 0xBF, 0x00, 0x00, 0xBF, 0x31, 0x22, 0xCB,
    0xA3, 0xA7, 0xE6, 0xD4, 0xC9, 0xF6, 0xE5, 0x0A, 0xFA, 0xCC, 0x89, 0xF2, 0x83, 0x06, 0xDF, 0x10,
    0x81, 0xC4, 0x00, 0x00, 0xBF, 0x00, 0x00, 0xBF, 0x00, 0x00, 0xBF, 0x00, 0x00, 0xBF, 0x00, 0x00,
    0xBF, 0x00, 0x00, 0xBF, 0x00, 0x00, 0xBF, 0x00, 0x00, 0xBF, 0x00, 0x00, 0xBF, 0x00, 0x00, 0xBF,
    0x00, 0x00, 0xBF, 0x00, 0x00, 0xBF, 0x00, 0x00, 0xBF, 0x00, 0x00, 0xBF, 0x00, 0x00, 0xBF, 0x00,
    0x00, 0xBF, 0x00, 0x00, 0xBF, 0x00, 0x00, 0xBF, 0x00, 0x00, 0xBF, 0x00, 0x00, 0xBF, 0x00, 0x00,
    0xBF, 0x00, 0x00, 0xBF, 0x00, 0x00, 0xBF, 0x00, 0x00, 0xBF, 0x00, 0x00, 0xBF, 0x00, 0x00, 0xBF,
    0x07, 0x42, 0xF8, 0x07, 0xE2, 0xFF, 0x07, 0xE2, 0xFF, 0x07, 0xE2, 0xFF, 0x07, 0xE2, 0xFF, 0x07,
    0xE2, 0xFF, 0x07, 0xE2, 0xFF, 0x07, 0xE2, 0xFF, 0x07, 0xE2, 0xFF, 0x07, 0xE2, 0xFF, 0x07, 0xE2,
    0xFF, 0x07, 0x42, 0xF8, 0x00, 0x00, 0xBF, 0x00, 0x00, 0xBF, 0x00, 0x00, 0xBF, 0x00, 0x00, 0xBF,
    0x00, 0x00, 0xBF, 0x00, 0x00, 0xBF, 0x00, 0x00, 0xBF, 0x00, 0x00, 0xBF, 0x00, 0x00, 0xBF, 0x00,
    0x00, 0xBF, 0x00, 0x00, 0xBF, 0x00, 0x00, 0xBF, 0x00, 0x00, 0xBF, 0x00, 0x00, 0xBF, 0x00, 0x00,
    0xBF, 0x00, 0x00, 0xBF, 0x18, 0xEF, 0xDA, 0x39, 0xDF, 0xFF, 0x39, 0xDF, 0xFF, 0x39, 0xDF, 0xFF,
    0x39, 0xDF, 0xFF, 0x39, 0xDF, 0xFF, 0x39, 0xDF, 0xFF, 0x39, 0xDF, 0xFF, 0x39, 0xDF, 0xFF, 0x39,
    0xDF, 0xFF, 0x39, 0xDF, 0xFF, 0x39, 0xDF, 0xFF, 0x39, 0xDF, 0xFF, 0x39, 0xDF, 0xFF, 0x39, 0xDF,
    0xFF, 0x39, 0xDF, 0xFF, 0x39, 0xDF, 0xFF, 0x39, 0xDF, 0xFF, 0x39, 0xDE, 0xFC, 0x29, 0x57, 0xEB,
    0x10, 0x8A, 0xCF, 0x00, 0x00, 0xBF, 0x00, 0x00, 0xBF, 0x00, 0x00, 0xBF, 0x00, 0x00, 0xBF, 0x00,
    0x00, 0xBF, 0x00, 0x00, 0xBF, 0x00, 0x00, 0xBF, 0x00, 0x00, 0xBF, 0x00, 0x00, 0xBF, 0x00, 0x00,
    0xBF, 0x00, 0x00, 0xBF, 0x29, 0x57, 0xEB, 0x39, 0xDF, 0xFF, 0x39, 0xDF, 0xFF, 0x39, 0xDF, 0xFF,
    0x39, 0xDF, 0xFF, 0x39, 0xDF, 0xFF, 0x39, 0xDF, 0xFF, 0x39, 0xDF, 0xFF, 0x08, 0x45, 0xC8, 0x00,
    0x00, 0xBF, 0x00, 0x00, 0xBF, 0x00, 0x00, 0xBF, 0x00, 0x00, 0xBF, 0x00, 0x00, 0xBF, 0x00, 0x00,
    0xBF, 0x00, 0x00, 0xBF, 0x00, 0x00, 0xBF, 0x00, 0x00, 0xBF, 0x00, 0x00, 0xBF, 0x00, 0x00, 0xBF,
    0x00, 0x00, 0xBF, 0x00, 0x00, 0xBF, 0x00, 0x00, 0xBF, 0x00, 0x00, 0xBF, 0x00, 0x00, 0xBF, 0x00,
    0x00, 0xBF, 0x00, 0x00, 0xBF, 0x00, 0x00, 0xBF, 0x00, 0x00, 0xBF, 0x00, 0x00, 0xBF, 0x08, 0x45,
    0xC8, 0x29, 0x56, 0xE9, 0x39, 0xDF, 0xFE, 0x39, 0xDF, 0xFF, 0x39, 0xDF, 0xFF, 0x39, 0xDF, 0xFF,
    0x39, 0xDF, 0xFF, 0x39, 0xDF, 0xFF, 0x39, 0xDF, 0xFF, 0x39, 0xDF, 0xFF, 0x39, 0xDF, 0xFF, 0x39,
    0xDF, 0xFF, 0x39, 0xDF, 0xFF, 0x39, 0xDF, 0xFF, 0x39, 0xDF, 0xFF, 0x39, 0xDF, 0xFF, 0x31, 0x9B,
    0xF5, 0x18, 0xCD, 0xD6, 0x00, 0x00, 0xBF, 0x00, 0x00, 0xBF, 0x00, 0x00, 0xBF, 0x00, 0x00, 0xBF,
    0x00, 0x00, 0xBF, 0x00, 0x00, 0xBF, 0x00, 0x00, 0xBF, 0x00, 0x00, 0xBF, 0x00, 0x00, 0xBF, 0x00,
    0x00, 0xBF, 0x00, 0x00, 0xBF, 0x00, 0x00, 0xBF, 0x00, 0x00, 0xBF, 0x00, 0x00, 0xBF, 0x00, 0x00,
    0xBF, 0x00, 0x00, 0xBF, 0x00, 0x00, 0xBF, 0x00, 0x00, 0xBF, 0x08, 0x67, 0xCB, 0x29, 0x57, 0xEB,
    0x39, 0xDF, 0xFE, 0x39, 0xDF, 0xFF, 0x39, 0xDF, 0xFF, 0x39, 0xDF, 0xFF, 0x39, 0xDF, 0xFF, 0x39,
    0xDF, 0xFF, 0x39, 0xDF, 0xFF, 0x39, 0xDF, 0xFF, 0x39, 0xDF, 0xFF, 0x39, 0xDF, 0xFF, 0x39, 0xDF,
    0xFF, 0x39, 0xDF, 0xFF, 0x39, 0xDF, 0xFF, 0x39, 0xDF, 0xFF, 0x31, 0xBE, 0xFB, 0x21, 0x13, 0xE1,
    0x08, 0x44, 0xC6, 0x00, 0x00, 0xBF, 0x00, 0x00, 0xBF, 0x00, 0x00, 0xBF, 0x00, 0x00, 0xBF, 0x00,
    0x00, 0xBF, 0x00, 0x00, 0xBF, 0x29, 0x78, 0xEC, 0x39, 0xDF, 0xFF, 0x39, 0xDF, 0xFF, 0x39, 0xDF,
    0xFF, 0x39, 0xDF, 0xFF, 0x39, 0xDF, 0xFF, 0x39, 0xDF, 0xFF, 0x39, 0xDF, 0xFF, 0x08, 0x44, 0xC6,
    0x00, 0x00, 0xBF, 0x00, 0x00, 0xBF, 0x00, 0x00, 0xBF, 0x00, 0x00, 0xBF, 0x00, 0x00, 0xBF, 0x00,
    0x00, 0xBF, 0x00, 0x00, 0xBF, 0x00, 0x00, 0xBF, 0x00, 0x01, 0xC2, 0x29, 0x79, 0xEF, 0x39, 0xDF,
    0xFF, 0x39, 0xDF, 0xFF, 0x39, 0xDF, 0xFF, 0x39, 0xDF, 0xFF, 0x39, 0xDF, 0xFF, 0x39, 0xDF, 0xFF,
    0x39, 0xDF, 0xFF, 0x39, 0xDF, 0xFE, 0x10, 0xAC, 0xD4, 0x00, 0x00, 0xBF, 0x00, 0x00, 0xBF, 0x00,
    0x00, 0xBF, 0x00, 0x00, 0xBF, 0x00, 0x00, 0xBF, 0x00, 0x00, 0xBF, 0x00, 0x00, 0xBF, 0x00, 0x00,
    0xBF, 0x00, 0x00, 0xBF, 0x00, 0x00, 0xBF, 0x00, 0x00, 0xBF, 0x00, 0x00, 0xBF, 0x00, 0x00, 0xBF,
    0x00, 0x00, 0xBF, 0x00, 0x00, 0xBF, 0x00, 0x00, 0xBF, 0x00, 0x00, 0xBF, 0x00, 0x00, 0xBF, 0x00,
    0x00, 0xBF, 0x28, 0xF2, 0xE6, 0x41, 0x7B, 0xFF, 0x62, 0x7C, 0xFF, 0x6A, 0xDD, 0xFF, 0x6A, 0xDD,
    0xFF, 0x6A, 0xDD, 0xFF, 0x6A, 0xDD, 0xFF, 0x6A, 0xDD, 0xFF, 0x49, 0xBC, 0xFF, 0x41, 0x7B, 0xFF,
    0x41, 0x7B, 0xFF, 0x41, 0x7B, 0xFF, 0x41, 0x7B, 0xFF, 0x41, 0x7B, 0xFF, 0x41, 0x7B, 0xFF, 0x41,
    0x7B, 0xFF, 0x41, 0x7B, 0xFF, 0x41, 0x7B, 0xFF, 0x41, 0x7B, 0xFF, 0x41, 0x7B, 0xFF, 0x41, 0x7B,
    0xFF, 0x41, 0x7B, 0xFF, 0x41, 0x7B, 0xFF, 0x41, 0x7B, 0xFF, 0x41, 0x7B, 0xFF, 0x41, 0x7B, 0xFF,
    0x41, 0x7B, 0xFF, 0x41, 0x7B, 0xFF, 0x41, 0x7B, 0xFF, 0x41, 0x7B, 0xFF, 0x41, 0x7B, 0xFF, 0x41,
    0x7B, 0xFF, 0x41, 0x7B, 0xFF, 0x41, 0x7B, 0xFF, 0x41, 0x7B, 0xFF, 0x41, 0x7B, 0xFF, 0x41, 0x7B,
    0xFF, 0x41, 0x7B, 0xFF, 0x41, 0x7B, 0xFF, 0x41, 0x7B, 0xFF, 0x41, 0x7B, 0xFF, 0x41, 0x7B, 0xFF,
    0x41, 0x7B, 0xFF, 0x41, 0x7B, 0xFF, 0x41, 0x7B, 0xFF, 0x41, 0x7B, 0xFF, 0x41, 0x7B, 0xFF, 0x4C,
    0x7E, 0xFF, 0x4E, 0x7F, 0xFF, 0x4E, 0x7F, 0xFF, 0x4E, 0x7F, 0xFF, 0x4E, 0x7F, 0xFF, 0x4E, 0x7F,
    0xFF, 0x4E, 0x7F, 0xFF, 0x4E, 0x7F, 0xFF, 0x4E, 0x7F, 0xFF, 0x4E, 0x7F, 0xFF, 0x4E, 0x7F, 0xFF,
    0x4E, 0x7F, 0xFF, 0x4E, 0x7F, 0xFF, 0x4E, 0x7F, 0xFF, 0x4E, 0x7F, 0xFF, 0x4E, 0x7F, 0xFF, 0x55,
    0x7F, 0xFF, 0x6A, 0xDD, 0xFF, 0x6A, 0xDD, 0xFF, 0x6A, 0xDD, 0xFF, 0x6A, 0xDD, 0xFF, 0x6A, 0xDD,
    0xFF, 0x6A, 0xDD, 0xFF, 0x6A, 0xDD, 0xFF, 0x53, 0x38, 0xF1, 0x11, 0xC8, 0xCD, 0x00, 0x00, 0xBF,
    0x00, 0x00, 0xBF, 0x00, 0x00, 0xBF, 0x00, 0x00, 0xBF, 0x00, 0x00, 0xBF, 0x00, 0x00, 0xBF, 0x00,
    0x00, 0xBF, 0x00, 0x00, 0xBF, 0x00, 0x00, 0xBF, 0x00, 0x00, 0xBF, 0x00, 0x00, 0xBF, 0x00, 0x00,
    0xBF, 0x00, 0x00, 0xBF, 0x00, 0x00, 0xBF, 0x00, 0x00, 0xBF, 0x00, 0x00, 0xBF, 0x00, 0x00, 0xBF,
    0x00, 0x00, 0xBF, 0x00, 0x00, 0xBF, 0x00, 0x00, 0xBF, 0x00, 0x00, 0xBF, 0x00, 0x00, 0xBF, 0x00,
    0x00, 0xBF, 0x00, 0x00, 0xBF, 0x00, 0x00, 0xBF, 0x00, 0x00, 0xBF, 0x00, 0x00, 0xBF, 0x00, 0x00,
    0xBF, 0x00, 0x00, 0xBF, 0x00, 0x00, 0xBF, 0x00, 0x00, 0xBF, 0x00, 0x00, 0xBF, 0x00, 0x00, 0xBF,
    0x00, 0x00, 0xBF, 0x00, 0x00, 0xBF, 0x00, 0x00, 0xBF, 0x00, 0x00, 0xBF, 0x00, 0x00, 0xBF, 0x00,
    0x00, 0xBF, 0x07, 0x42, 0xF8, 0x07, 0xE2, 0xFF, 0x07, 0xE2, 0xFF, 0x07, 0xE2, 0xFF, 0x07, 0xE2,
    0xFF, 0x07, 0xE2, 0xFF, 0x07, 0xE2, 0xFF, 0x07, 0xE2, 0xFF, 0x07, 0xE2, 0xFF, 0x07, 0xE2, 0xFF,
    0x07, 0xE2, 0xFF, 0x07, 0x42, 0xF8, 0x00, 0x00, 0xBF, 0x00, 0x00, 0xBF, 0x00, 0x00, 0xBF, 0x00,
    0x00, 0xBF, 0x00, 0x00, 0xBF, 0x00, 0x00, 0xBF, 0x00, 0x00, 0xBF, 0x00, 0x00, 0xBF, 0x00, 0x00,
    0xBF, 0x00, 0x00, 0xBF, 0x00, 0x00, 0xBF, 0x00, 0x00, 0xBF, 0x00, 0x00, 0xBF, 0x00, 0x00, 0xBF,
    0x00, 0x00, 0xBF, 0x00, 0x00, 0xBF, 0x18, 0xEF, 0xDA, 0x39, 0xDF, 0xFF, 0x39, 0xDF, 0xFF, 0x39,
    0xDF, 0xFF, 0x39, 0xDF, 0xFF, 0x39, 0xDF, 0xFF, 0x39, 0xDF, 0xFF, 0x39, 0xDF, 0xFF, 0x39, 0xDF,
    0xFF, 0x39, 0xDF, 0xFF, 0x39, 0xDF, 0xFF, 0x39, 0xDF, 0xFF, 0x39, 0xDF, 0xFF, 0x39, 0xDF, 0xFF,
    0x39, 0xDF, 0xFF, 0x39, 0xDF, 0xFF, 0x39, 0xDF, 0xFF, 0x39, 0xDF, 0xFF, 0x39, 0xDF, 0xFF, 0x39,
    0xDF, 0xFF, 0x39, 0xDF, 0xFF, 0x29, 0x57, 0xEB, 0x00, 0x22, 0xC2, 0x00, 0x00, 0xBF, 0x00, 0x00,
    0xBF, 0x00, 0x00, 0xBF, 0x00, 0x00, 0xBF, 0x00, 0x00, 0xBF, 0x00, 0x00, 0xBF, 0x00, 0x00, 0xBF,
    0x00, 0x00, 0xBF, 0x00, 0x00, 0xBF, 0x29, 0x57, 0xEB, 0x39, 0xDF, 0xFF, 0x39, 0xDF, 0xFF, 0x39,
    0xDF, 0xFF, 0x39, 0xDF, 0xFF, 0x39, 0xDF, 0xFF, 0x39, 0xDF, 0xFF, 0x39, 0xDF, 0xFF, 0x08, 0x45,
    0xC8, 0x00, 0x00, 0xBF, 0x00, 0x00, 0xBF, 0x00, 0x00, 0xBF, 0x00, 0x00, 0xBF, 0x00, 0x00, 0xBF,
    0x00, 0x00, 0xBF, 0x00, 0x00, 0xBF, 0x00, 0x00, 0xBF, 0x00, 0x00, 0xBF, 0x00, 0x00, 0xBF, 0x00,
    0x00, 0xBF, 0x00, 0x00, 0xBF, 0x00, 0x00, 0xBF, 0x00, 0x00, 0xBF, 0x00, 0x00, 0xBF, 0x00, 0x00,
    0xBF, 0x00, 0x00, 0xBF, 0x00, 0x00, 0xBF, 0x00, 0x00, 0xBF, 0x00, 0x00, 0xBF, 0x21, 0x11, 0xDE,
    0x39, 0xDF, 0xFD, 0x39, 0xDF, 0xFF, 0x39, 0xDF, 0xFF, 0x39, 0xDF, 0xFF, 0x39, 0xDF, 0xFF, 0x39,
    0xDF, 0xFF, 0x39, 0xDF, 0xFF, 0x39, 0xDF, 0xFF, 0x39, 0xDF, 0xFF, 0x39, 0xDF, 0xFF, 0x39, 0xDF,
    0xFF, 0x39, 0xDF, 0xFF, 0x39, 0xDF, 0xFF, 0x39, 0xDF, 0xFF, 0x39, 0xDF, 0xFF, 0x39, 0xDF, 0xFF,
    0x39, 0xDF, 0xFF, 0x39, 0xDF, 0xFF, 0x31, 0x9A, 0xF0, 0x08, 0x45, 0xC7, 0x00, 0x00, 0xBF, 0x00,
    0x00, 0xBF, 0x00, 0x00, 0xBF, 0x00, 0x00, 0xBF, 0x00, 0x00, 0xBF, 0x00, 0x00, 0xBF, 0x00, 0x00,
    0xBF, 0x00, 0x00, 0xBF, 0x00, 0x00, 0xBF, 0x00, 0x00, 0xBF, 0x00, 0x00, 0xBF, 0x00, 0x00, 0xBF,
    0x00, 0x00, 0xBF, 0x00, 0x00, 0xBF, 0x00, 0x22, 0xC2, 0x21, 0x35, 0xE5, 0x39, 0xDF, 0xFE, 0x39,
    0xDF, 0xFF, 0x39, 0xDF, 0xFF, 0x39, 0xDF, 0xFF, 0x39, 0xDF, 0xFF, 0x39, 0xDF, 0xFF, 0x39, 0xDF,
    0xFF, 0x39, 0xDF, 0xFF, 0x39, 0xDF, 0xFF, 0x39, 0xDF, 0xFF, 0x39, 0xDF, 0xFF, 0x39, 0xDF, 0xFF,
    0x39, 0xDF, 0xFF, 0x39, 0xDF, 0xFF, 0x39, 0xDF, 0xFF, 0x39, 0xDF, 0xFF, 0x39, 0xDF, 0xFF, 0x39,
    0xDF, 0xFF, 0x31, 0x9B, 0xF2, 0x00, 0x00, 0xBF, 0x00, 0x00, 0xBF, 0x00, 0x00, 0xBF, 0x00, 0x00,
    0xBF, 0x00, 0x00, 0xBF, 0x00, 0x00, 0xBF, 0x29, 0x78, 0xEC, 0x39, 0xDF, 0xFF, 0x39, 0xDF, 0xFF,
    0x39, 0xDF, 0xFF, 0x39, 0xDF, 0xFF, 0x39, 0xDF, 0xFF, 0x39, 0xDF, 0xFF, 0x39, 0xDF, 0xFF, 0x08,
    0x44, 0xC6, 0x00, 0x00, 0xBF, 0x00, 0x00, 0xBF, 0x00, 0x00, 0xBF, 0x00, 0x00, 0xBF, 0x00, 0x00,
    0xBF, 0x00, 0x00, 0xBF, 0x00, 0x00, 0xBF, 0x00, 0x22, 0xC2, 0x29, 0x79, 0xEF, 0x39, 0xDF, 0xFF,
    0x39, 0xDF, 0xFF, 0x39, 0xDF, 0xFF, 0x39, 0xDF, 0xFF, 0x39, 0xDF, 0xFF, 0x39, 0xDF, 0xFF, 0x39,
    0xDF, 0xFF, 0x39, 0xDF, 0xFD, 0x10, 0xAB, 0xD3, 0x00, 0x00, 0xBF, 0x00, 0x00, 0xBF, 0x00, 0x00,
    0xBF, 0x00, 0x00, 0xBF, 0x00, 0x00, 0xBF, 0x00, 0x00, 0xBF, 0x00, 0x00, 0xBF, 0x00, 0x00, 0xBF,
    0x00, 0x00, 0xBF, 0x00, 0x00, 0xBF, 0x00, 0x00, 0xBF, 0x00, 0x00, 0xBF, 0x00, 0x00, 0xBF, 0x00,
    0x00, 0xBF, 0x00, 0x00, 0xBF, 0x00, 0x00, 0xBF, 0x00, 0x00, 0xBF, 0x00, 0x00, 0xBF, 0x00, 0x00,
    0xBF, 0x00, 0x00, 0xBF, 0x28, 0xF2, 0xE4, 0x41, 0x7B, 0xFF, 0x5A, 0x3C, 0xFF, 0x6A, 0xDD, 0xFF,
    0x6A, 0xDD, 0xFF, 0x6A, 0xDD, 0xFF, 0x6A, 0xDD, 0xFF, 0x6A, 0xDD, 0xFF, 0x62, 0x7C, 0xFF, 0x41,
    0x7B, 0xFF, 0x41, 0x7B, 0xFF, 0x41, 0x7B, 0xFF, 0x41, 0x7B, 0xFF, 0x41, 0x7B, 0xFF, 0x41, 0x7B,
    0xFF, 0x41, 0x7B, 0xFF, 0x41, 0x7B, 0xFF, 0x41, 0x7B, 0xFF, 0x41, 0x7B, 0xFF, 0x41, 0x7B, 0xFF,
    0x41, 0x7B, 0xFF, 0x41, 0x7B, 0xFF, 0x41, 0x7B, 0xFF, 0x41, 0x7B, 0xFF, 0x41, 0x7B, 0xFF, 0x41,
    0x7B, 0xFF, 0x41, 0x7B, 0xFF, 0x41, 0x7B, 0xFF, 0x41, 0x7B, 0xFF, 0x41, 0x7B, 0xFF, 0x41, 0x7B,
    0xFF, 0x41, 0x7B, 0xFF, 0x41, 0x7B, 0xFF, 0x41, 0x7B, 0xFF, 0x41, 0x7B, 0xFF, 0x41, 0x7B, 0xFF,
    0x41, 0x7B, 0xFF, 0x41, 0x7B, 0xFF, 0x41, 0x7B, 0xFF, 0x41, 0x7B, 0xFF, 0x41, 0x7B, 0xFF, 0x41,
    0x7B, 0xFF, 0x41, 0x7B, 0xFF, 0x41, 0x7B, 0xFF, 0x41, 0x7B, 0xFF, 0x41, 0x7B, 0xFF, 0x42, 0xFC,
    0xFF, 0x4E, 0x5F, 0xFF, 0x4E, 0x7F, 0xFF, 0x4E, 0x7F, 0xFF, 0x4E, 0x7F, 0xFF, 0x4E, 0x7F, 0xFF,
    0x4E, 0x7F, 0xFF, 0x4E, 0x7F, 0xFF, 0x4E, 0x7F, 0xFF, 0x4E, 0x7F, 0xFF, 0x4E, 0x7F, 0xFF, 0x4E,
    0x7F, 0xFF, 0x4E, 0x7F, 0xFF, 0x4E, 0x7F, 0xFF, 0x4E, 0x7F, 0xFF, 0x4E, 0x7F, 0xFF, 0x4E, 0x7F,
    0xFF, 0x5C, 0x9E, 0xFF, 0x6A, 0xDD, 0xFF, 0x6A, 0xDD, 0xFF, 0x6A, 0xDD, 0xFF, 0x6A, 0xDD, 0xFF,
    0x6A, 0xDD, 0xFF, 0x6A, 0xDD, 0xFF, 0x6A, 0xDD, 0xFF, 0x6A, 0xDD, 0xFF, 0x5C, 0x7E, 0xFE, 0x34,
    0x55, 0xE6, 0x08, 0xA3, 0xC4, 0x00, 0x00, 0xBF, 0x00, 0x00, 0xBF, 0x00, 0x00, 0xBF, 0x00, 0x00,
    0xBF, 0x00, 0x00, 0xBF, 0x00, 0x00, 0xBF, 0x00, 0x00, 0xBF, 0x00, 0x00, 0xBF, 0x00, 0x00, 0xBF,
    0x00, 0x00, 0xBF, 0x00, 0x00, 0xBF, 0x00, 0x00, 0xBF, 0x00, 0x00, 0xBF, 0x00, 0x00, 0xBF, 0x00,
    0x00, 0xBF, 0x00, 0x00, 0xBF, 0x00, 0x00, 0xBF, 0x00, 0x00, 0xBF, 0x00, 0x00, 0xBF, 0x00, 0x00,
    0xBF, 0x00, 0x00, 0xBF, 0x00, 0x00, 0xBF, 0x00, 0x00, 0xBF, 0x00, 0x00, 0xBF, 0x00, 0x00, 0xBF,
    0x00, 0x00, 0xBF, 0x00, 0x00, 0xBF, 0x00, 0x00, 0xBF, 0x00, 0x00, 0xBF, 0x00, 0x00, 0xBF, 0x00,
    0x00, 0xBF, 0x00, 0x00, 0xBF, 0x00, 0x00, 0xBF, 0x00, 0x00, 0xBF, 0x00, 0x00, 0xBF, 0x00, 0x00,
    0xBF, 0x00, 0x00, 0xBF, 0x07, 0x42, 0xF8, 0x07, 0xE2, 0xFF, 0x07, 0xE2, 0xFF, 0x07, 0xE2, 0xFF,
    0x07, 0xE2, 0xFF, 0x07, 0xE2, 0xFF, 0x07, 0xE2, 0xFF, 0x07, 0xE2, 0xFF, 0x07, 0xE2, 0xFF, 0x07,
    0xE2, 0xFF, 0x07, 0xE2, 0xFF, 0x07, 0x42, 0xF8, 0x00, 0x00, 0xBF, 0x00, 0x00, 0xBF, 0x00, 0x00,
    0xBF, 0x00, 0x00, 0xBF, 0x00, 0x00, 0xBF, 0x00, 0x00, 0xBF, 0x00, 0x00, 0xBF, 0x00, 0x00, 0xBF,
    0x00, 0x00, 0xBF, 0x00, 0x00, 0xBF, 0x00, 0x00, 0xBF, 0x00, 0x00, 0xBF, 0x00, 0x00, 0xBF, 0x00,
    0x00, 0xBF, 0x00, 0x00, 0xBF, 0x00, 0x00, 0xBF, 0x18, 0xEF, 0xDA, 0x39, 0xDF, 0xFF, 0x39, 0xDF,
    0xFF, 0x39, 0xDF, 0xFF, 0x39, 0xDF, 0xFF, 0x39, 0xDF, 0xFF, 0x39, 0xDF, 0xFF, 0x39, 0xDF, 0xFF,
    0x39, 0xDF, 0xFF, 0x39, 0xDF, 0xFF, 0x39, 0xDF, 0xFF, 0x39, 0xDF, 0xFF, 0x39, 0xDF, 0xFF, 0x39,
    0xDF, 0xFF, 0x39, 0xDF, 0xFF, 0x39, 0xDF, 0xFF, 0x39, 0xDF, 0xFF, 0x39, 0xDF, 0xFF, 0x39, 0xDF,
    0xFF, 0x39, 0xDF, 0xFF, 0x39, 0xDF, 0xFF, 0x39, 0xDF, 0xFF, 0x31, 0x9A, 0xF0, 0x00, 0x00, 0xC0,
    0x00, 0x00, 0xBF, 0x00, 0x00, 0xBF, 0x00, 0x00, 0xBF, 0x00, 0x00, 0xBF, 0x00, 0x00, 0xBF, 0x00,
    0x00, 0xBF, 0x00, 0x00, 0xBF, 0x00, 0x00, 0xBF, 0x29, 0x57, 0xEB, 0x39, 0xDF, 0xFF, 0x39, 0xDF,
    0xFF, 0x39, 0xDF, 0xFF, 0x39, 0xDF, 0xFF, 0x39, 0xDF, 0xFF, 0x39, 0xDF, 0xFF, 0x39, 0xDF, 0xFF,
    0x08, 0x45, 0xC8, 0x00, 0x00, 0xBF, 0x00, 0x00, 0xBF, 0x00, 0x00, 0xBF, 0x00, 0x00, 0xBF, 0x00,
    0x00, 0xBF, 0x00, 0x00, 0xBF, 0x00, 0x00, 0xBF, 0x00, 0x00, 0xBF, 0x00, 0x00, 0xBF, 0x00, 0x00,
    0xBF, 0x00, 0x00, 0xBF, 0x00, 0x00, 0xBF, 0x00, 0x00, 0xBF, 0x00, 0x00, 0xBF, 0x00, 0x00, 0xBF,
    0x00, 0x00, 0xBF, 0x00, 0x00, 0xBF, 0x00, 0x00, 0xBF, 0x00, 0x01, 0xC1, 0x29, 0x57, 0xEB, 0x39,
    0xDF, 0xFF, 0x39, 0xDF, 0xFF, 0x39, 0xDF, 0xFF, 0x39, 0xDF, 0xFF, 0x39, 0xDF, 0xFF, 0x39, 0xDF,
    0xFF, 0x39, 0xDF, 0xFF, 0x39, 0xDF, 0xFF, 0x39, 0xDF, 0xFF, 0x39, 0xDF, 0xFF, 0x39, 0xDF, 0xFF,
    0x39, 0xDF, 0xFF, 0x39, 0xDF, 0xFF, 0x39, 0xDF, 0xFF, 0x39, 0xDF, 0xFF, 0x39, 0xDF, 0xFF, 0x39,
    0xDF, 0xFF, 0x39, 0xDF, 0xFF, 0x39, 0xDF, 0xFF, 0x39, 0xDF, 0xFF, 0x31, 0xBE, 0xFA, 0x10, 0x88,
    0xCD, 0x00, 0x00, 0xBF, 0x00, 0x00, 0xBF, 0x00, 0x00, 0xBF, 0x00, 0x00, 0xBF, 0x00, 0x00, 0xBF,
    0x00, 0x00, 0xBF, 0x00, 0x00, 0xBF, 0x00, 0x00, 0xBF, 0x00, 0x00, 0xBF, 0x00, 0x00, 0xBF, 0x00,
    0x00, 0xBF, 0x00, 0x00, 0xBF, 0x08, 0x45, 0xC7, 0x31, 0x9B, 0xF4, 0x39, 0xDF, 0xFF, 0x39, 0xDF,
    0xFF, 0x39, 0xDF, 0xFF, 0x39, 0xDF, 0xFF, 0x39, 0xDF, 0xFF, 0x39, 0xDF, 0xFF, 0x39, 0xDF, 0xFF,
    0x39, 0xDF, 0xFF, 0x39, 0xDF, 0xFF, 0x39, 0xDF, 0xFF, 0x39, 0xDF, 0xFF, 0x39, 0xDF, 0xFF, 0x39,
    0xDF, 0xFF, 0x39, 0xDF, 0xFF, 0x39, 0xDF, 0xFF, 0x39, 0xDF, 0xFF, 0x39, 0xDF, 0xFF, 0x39, 0xDF,
    0xFF, 0x39, 0xDF, 0xFF, 0x31, 0x9B, 0xF2, 0x00, 0x00, 0xBF, 0x00, 0x00, 0xBF, 0x00, 0x00, 0xBF,
    0x00, 0x00, 0xBF, 0x00, 0x00, 0xBF, 0x00, 0x00, 0xBF, 0x29, 0x78, 0xEC, 0x39, 0xDF, 0xFF, 0x39,
    0xDF, 0xFF, 0x39, 0xDF, 0xFF, 0x39, 0xDF, 0xFF, 0x39, 0xDF, 0xFF, 0x39, 0xDF, 0xFF, 0x39, 0xDF,
    0xFF, 0x08, 0x44, 0xC6, 0x00, 0x00, 0xBF, 0x00, 0x00, 0xBF, 0x00, 0x00, 0xBF, 0x00, 0x00, 0xBF,
    0x00, 0x00, 0xBF, 0x00, 0x00, 0xBF, 0x00, 0x22, 0xC2, 0x31, 0x9A, 0xF0, 0x39, 0xDF, 0xFF, 0x39,
    0xDF, 0xFF, 0x39, 0xDF, 0xFF, 0x39, 0xDF, 0xFF, 0x39, 0xDF, 0xFF, 0x39, 0xDF, 0xFF, 0x39, 0xDF,
    0xFF, 0x39, 0xDF, 0xFD, 0x10, 0xAB, 0xD2, 0x00, 0x00, 0xBF, 0x00, 0x00, 0xBF, 0x00, 0x00, 0xBF,
    0x00, 0x00, 0xBF, 0x00, 0x00, 0xBF, 0x00, 0x00, 0xBF, 0x00, 0x00, 0xBF, 0x00, 0x00, 0xBF, 0x00,
    0x00, 0xBF, 0x00, 0x00, 0xBF, 0x00, 0x00, 0xBF, 0x00, 0x00, 0xBF, 0x00, 0x00, 0xBF, 0x00, 0x00,
    0xBF, 0x00, 0x00, 0xBF, 0x00, 0x00, 0xBF, 0x00, 0x00, 0xBF, 0x00, 0x00, 0xBF, 0x00, 0x00, 0xBF,
    0x00, 0x00, 0xBF, 0x00, 0x00, 0xBF, 0x28, 0xF1, 0xE3, 0x41, 0x7B, 0xFF, 0x51, 0xFC, 0xFF, 0x6A,
    0xDD, 0xFF, 0x6A, 0xDD, 0xFF, 0x6A, 0xDD, 0xFF, 0x6A, 0xDD, 0xFF, 0x6A, 0xDD, 0xFF, 0x6A, 0xDD,
    0xFF, 0x49, 0xDC, 0xFF, 0x41, 0x7B, 0xFF, 0x41, 0x7B, 0xFF, 0x41, 0x7B, 0xFF, 0x41, 0x7B, 0xFF,
    0x41, 0x7B, 0xFF, 0x41, 0x7B, 0xFF, 0x41, 0x7B, 0xFF, 0x41, 0x7B, 0xFF, 0x41, 0x7B, 0xFF, 0x41,
    0x7B, 0xFF, 0x41, 0x7B, 0xFF, 0x41, 0x7B, 0xFF, 0x41, 0x7B, 0xFF, 0x41, 0x7B, 0xFF, 0x41, 0x7B,
    0xFF, 0x41, 0x7B, 0xFF, 0x41, 0x7B, 0xFF, 0x41, 0x7B, 0xFF, 0x41, 0x7B, 0xFF, 0x41, 0x7B, 0xFF,
    0x41, 0x7B, 0xFF, 0x41, 0x7B, 0xFF, 0x41, 0x7B, 0xFF, 0x41, 0x7B, 0xFF, 0x41, 0x7B, 0xFF, 0x41,
    0x7B, 0xFF, 0x41, 0x7B, 0xFF, 0x41, 0x7B, 0xFF, 0x41, 0x7B, 0xFF, 0x41, 0x7B, 0xFF, 0x41, 0x7B,
    0xFF, 0x41, 0x7B, 0xFF, 0x41, 0x7B, 0xFF, 0x41, 0x7B, 0xFF, 0x41, 0x7B, 0xFF, 0x41, 0xFC, 0xFF,
    0x4D, 0xFF, 0xFF, 0x4E, 0x7F, 0xFF, 0x4E, 0x7F, 0xFF, 0x4E, 0x7F, 0xFF, 0x4E, 0x7F, 0xFF, 0x4E,
    0x7F, 0xFF, 0x4E, 0x7F, 0xFF, 0x4E, 0x7F, 0xFF, 0x4E, 0x7F, 0xFF, 0x4E, 0x7F, 0xFF, 0x4E, 0x7F,
    0xFF, 0x4E, 0x7F, 0xFF, 0x4E, 0x7F, 0xFF, 0x4E, 0x7F, 0xFF, 0x4E, 0x7F, 0xFF, 0x4E, 0x7F, 0xFF,
    0x4E, 0x7F, 0xFF, 0x63, 0xBD, 0xFF, 0x6A, 0xDD, 0xFF, 0x6A, 0xDD, 0xFF, 0x6A, 0xDD, 0xFF, 0x6A,
    0xDD, 0xFF, 0x6A, 0xDD, 0xFF, 0x6A, 0xDD, 0xFF, 0x6A, 0xDD, 0xFF, 0x6A, 0xDD, 0xFF, 0x6A, 0xDD,
    0xFF, 0x5C, 0xDE, 0xFF, 0x45, 0xFD, 0xF9, 0x1A, 0x6C, 0xD4, 0x00, 0x00, 0xBF, 0x00, 0x00, 0xBF,
    0x00, 0x00, 0xBF, 0x00, 0x00, 0xBF, 0x00, 0x00, 0xBF, 0x00, 0x00, 0xBF, 0x00, 0x00, 0xBF, 0x00,
    0x00, 0xBF, 0x00, 0x00, 0xBF, 0x00, 0x00, 0xBF, 0x00, 0x00, 0xBF, 0x00, 0x00, 0xBF, 0x00, 0x00,
    0xBF, 0x00, 0x00, 0xBF, 0x00, 0x00, 0xBF, 0x00, 0x00, 0xBF, 0x00, 0x00, 0xBF, 0x00, 0x00, 0xBF,
    0x00, 0x00, 0xBF, 0x00, 0x00, 0xBF, 0x00, 0x00, 0xBF, 0x00, 0x00, 0xBF, 0x00, 0x00, 0xBF, 0x00,
    0x00, 0xBF, 0x00, 0x00, 0xBF, 0x00, 0x00, 0xBF, 0x00, 0x00, 0xBF, 0x00, 0x00, 0xBF, 0x00, 0x00,
    0xBF, 0x00, 0x00, 0xBF, 0x00, 0x00, 0xBF, 0x00, 0x00, 0xBF, 0x00, 0x00, 0xBF, 0x00, 0x00, 0xBF,
    0x00, 0x00, 0xBF, 0x00, 0x00, 0xBF, 0x07, 0x42, 0xF8, 0x07, 0xE2, 0xFF, 0x07, 0xE2, 0xFF, 0x07,
    0xE2, 0xFF, 0x07, 0xE2, 0xFF, 0x07, 0xE2, 0xFF, 0x07, 0xE2, 0xFF, 0x07, 0xE2, 0xFF, 0x07, 0xE2,
    0xFF, 0x07, 0xE2, 0xFF, 0x07, 0xE2, 0xFF, 0x07, 0x42, 0xF8, 0x00, 0x00, 0xBF, 0x00, 0x00, 0xBF,
    0x00, 0x00, 0xBF, 0x00, 0x00, 0xBF, 0x00, 0x00, 0xBF, 0x00, 0x00, 0xBF, 0x00, 0x00, 0xBF, 0x00,
    0x00, 0xBF, 0x00, 0x00, 0xBF, 0x00, 0x00, 0xBF, 0x00, 0x00, 0xBF, 0x00, 0x00, 0xBF, 0x00, 0x00,
    0xBF, 0x00, 0x00, 0xBF, 0x00, 0x00, 0xBF, 0x00, 0x00, 0xBF, 0x18, 0xEF, 0xDA, 0x39, 0xDF, 0xFF,
    0x39, 0xDF, 0xFF, 0x39, 0xDF, 0xFF, 0x39, 0xDF, 0xFF, 0x39, 0xDF, 0xFF, 0x39, 0xDF, 0xFF, 0x39,
    0xDF, 0xFF, 0x39, 0xDF, 0xFF, 0x39, 0xDF, 0xFF, 0x39, 0xDF, 0xFF, 0x39, 0xDF, 0xFF, 0x39, 0xDF,
    0xFF, 0x39, 0xDF, 0xFF, 0x39, 0xDF, 0xFF, 0x39, 0xDF, 0xFF, 0x39, 0xDF, 0xFF, 0x39, 0xDF, 0xFF,
    0x39, 0xDF, 0xFF, 0x39, 0xDF, 0xFF, 0x39, 0xDF, 0xFF, 0x39, 0xDF, 0xFF, 0x39, 0xDF, 0xFF, 0x18,
    0xF0, 0xDC, 0x00, 0x00, 0xBF, 0x00, 0x00, 0xBF, 0x00, 0x00, 0xBF, 0x00, 0x00, 0xBF, 0x00, 0x00,
    0xBF, 0x00, 0x00, 0xBF, 0x00, 0x00, 0xBF, 0x00, 0x00, 0xBF, 0x29, 0x57, 0xEB, 0x39, 0xDF, 0xFF,
    0x39, 0xDF, 0xFF, 0x39, 0xDF, 0xFF, 0x39, 0xDF, 0xFF, 0x39, 0xDF, 0xFF, 0x39, 0xDF, 0xFF, 0x39,
    0xDF, 0xFF, 0x08, 0x45, 0xC8, 0x00, 0x00, 0xBF, 0x00, 0x00, 0xBF, 0x00, 0x00, 0xBF, 0x00, 0x00,
    0xBF, 0x00, 0x00, 0xBF, 0x00, 0x00, 0xBF, 0x00, 0x00, 0xBF, 0x00, 0x00, 0xBF, 0x00, 0x00, 0xBF,
    0x00, 0x00, 0xBF, 0x00, 0x00, 0xBF, 0x00, 0x00, 0xBF, 0x00, 0x00, 0xBF, 0x00, 0x00, 0xBF, 0x00,
    0x00, 0xBF, 0x00, 0x00, 0xBF, 0x00, 0x00, 0xBF, 0x00, 0x00, 0xC0, 0x29, 0x58, 0xEB, 0x39, 0xDF,
    0xFF, 0x39, 0xDF, 0xFF, 0x39, 0xDF, 0xFF, 0x39, 0xDF, 0xFF, 0x39, 0xDF, 0xFF, 0x39, 0xDF, 0xFF,
    0x39, 0xDF, 0xFF, 0x39, 0xDF, 0xFF, 0x39, 0xDF, 0xFF, 0x39, 0xDF, 0xFF, 0x39, 0xDF, 0xFF, 0x39,
    0xDF, 0xFF, 0x39, 0xDF, 0xFF, 0x39, 0xDF, 0xFF, 0x39, 0xDF, 0xFF, 0x39, 0xDF, 0xFF, 0x39, 0xDF,
    0xFF, 0x39, 0xDF, 0xFF, 0x39, 0xDF, 0xFF, 0x39, 0xDF, 0xFF, 0x39, 0xDF, 0xFF, 0x39, 0xDF, 0xFF,
    0x39, 0xDE, 0xFB, 0x08, 0x67, 0xCB, 0x00, 0x00, 0xBF, 0x00, 0x00, 0xBF, 0x00, 0x00, 0xBF, 0x00,
    0x00, 0xBF, 0x00, 0x00, 0xBF, 0x00, 0x00, 0xBF, 0x00, 0x00, 0xBF, 0x00, 0x00, 0xBF, 0x00, 0x00,
    0xBF, 0x00, 0x00, 0xBF, 0x08, 0x45, 0xC7, 0x31, 0xBD, 0xF8, 0x39, 0xDF, 0xFF, 0x39, 0xDF, 0xFF,
    0x39, 0xDF, 0xFF, 0x39, 0xDF, 0xFF, 0x39, 0xDF, 0xFF, 0x39, 0xDF, 0xFF, 0x39, 0xDF, 0xFF, 0x39,
    0xDF, 0xFF, 0x39, 0xDF, 0xFF, 0x39, 0xDF, 0xFF, 0x39, 0xDF, 0xFF, 0x39, 0xDF, 0xFF, 0x39, 0xDF,
    0xFF, 0x39, 0xDF, 0xFF, 0x39, 0xDF, 0xFF, 0x39, 0xDF, 0xFF, 0x39, 0xDF, 0xFF, 0x39, 0xDF, 0xFF,
    0x39, 0xDF, 0xFF, 0x39, 0xDF, 0xFF, 0x31, 0x9B, 0xF2, 0x00, 0x00, 0xBF, 0x00, 0x00, 0xBF, 0x00,
    0x00, 0xBF, 0x00, 0x00, 0xBF, 0x00, 0x00, 0xBF, 0x00, 0x00, 0xBF, 0x29, 0x78, 0xEC, 0x39, 0xDF,
    0xFF, 0x39, 0xDF, 0xFF, 0x39, 0xDF, 0xFF, 0x39, 0xDF, 0xFF, 0x39, 0xDF, 0xFF, 0x39, 0xDF, 0xFF,
    0x39, 0xDF, 0xFF, 0x08, 0x44, 0xC6, 0x00, 0x00, 0xBF, 0x00, 0x00, 0xBF, 0x00, 0x00, 0xBF, 0x00,
    0x00, 0xBF, 0x00, 0x00, 0xBF, 0x00, 0x22, 0xC3, 0x31, 0x9A, 0xF1, 0x39, 0xDF, 0xFF, 0x39, 0xDF,
    0xFF, 0x39, 0xDF, 0xFF, 0x39, 0xDF, 0xFF, 0x39, 0xDF, 0xFF, 0x39, 0xDF, 0xFF, 0x39, 0xDF, 0xFF,
    0x39, 0xDF, 0xFD, 0x10, 0xAB, 0xD1, 0x00, 0x00, 0xBF, 0x00, 0x00, 0xBF, 0x00, 0x00, 0xBF, 0x00,
    0x00, 0xBF, 0x00, 0x00, 0xBF, 0x00, 0x00, 0xBF, 0x00, 0x00, 0xBF, 0x00, 0x00, 0xBF, 0x00, 0x00,
    0xBF, 0x00, 0x00, 0xBF, 0x00, 0x00, 0xBF, 0x00, 0x00, 0xBF, 0x00, 0x00, 0xBF, 0x00, 0x00, 0xBF,
    0x00, 0x00, 0xBF, 0x00, 0x00, 0xBF, 0x00, 0x00, 0xBF, 0x00, 0x00, 0xBF, 0x00, 0x00, 0xBF, 0x00,
    0x00, 0xBF, 0x00, 0x00, 0xBF, 0x00, 0x00, 0xBF, 0x28, 0xF0, 0xE2, 0x41, 0x7B, 0xFF, 0x49, 0xDC,
    0xFF, 0x6A, 0xDD, 0xFF, 0x6A, 0xDD, 0xFF, 0x6A, 0xDD, 0xFF, 0x6A, 0xDD, 0xFF, 0x6A, 0xDD, 0xFF,
    0x6A, 0xDD, 0xFF, 0x62, 0x7C, 0xFF, 0x41, 0x7B, 0xFF, 0x41, 0x7B, 0xFF, 0x41, 0x7B, 0xFF, 0x41,
    0x7B, 0xFF, 0x41, 0x7B, 0xFF, 0x41, 0x7B, 0xFF, 0x41, 0x7B, 0xFF, 0x41, 0x7B, 0xFF, 0x41, 0x7B,
    0xFF, 0x41, 0x7B, 0xFF, 0x41, 0x7B, 0xFF, 0x41, 0x7B, 0xFF, 0x41, 0x7B, 0xFF, 0x41, 0x7B, 0xFF,
    0x41, 0x7B, 0xFF, 0x41, 0x7B, 0xFF, 0x41, 0x7B, 0xFF, 0x41, 0x7B, 0xFF, 0x41, 0x7B, 0xFF, 0x41,
    0x7B, 0xFF, 0x41, 0x7B, 0xFF, 0x41, 0x7B, 0xFF, 0x41, 0x7B, 0xFF, 0x41, 0x7B, 0xFF, 0x41, 0x7B,
    0xFF, 0x41, 0x7B, 0xFF, 0x41, 0x7B, 0xFF, 0x41, 0x7B, 0xFF, 0x41, 0x7B, 0xFF, 0x41, 0x7B, 0xFF,
    0x41, 0x7B, 0xFF, 0x41, 0x7B, 0xFF, 0x41, 0x7B, 0xFF, 0x41, 0x7B, 0xFF, 0x41, 0x9B, 0xFF, 0x4D,
    0x3E, 0xFF, 0x4E, 0x7F, 0xFF, 0x4E, 0x7F, 0xFF, 0x4E, 0x7F, 0xFF, 0x4E, 0x7F, 0xFF, 0x4E, 0x7F,
    0xFF, 0x4E, 0x7F, 0xFF, 0x4E, 0x7F, 0xFF, 0x4E, 0x7F, 0xFF, 0x4E, 0x7F, 0xFF, 0x4E, 0x7F, 0xFF,
    0x4E, 0x7F, 0xFF, 0x4E, 0x7F, 0xFF, 0x4E, 0x7F, 0xFF, 0x4E, 0x7F, 0xFF, 0x4E, 0x7F, 0xFF, 0x4E,
    0x7F, 0xFF, 0x4E, 0x3F, 0xFF, 0x6A, 0xFD, 0xFF, 0x6A, 0xDD, 0xFF, 0x6A, 0xDD, 0xFF, 0x6A, 0xDD,
    0xFF, 0x6A, 0xDD, 0xFF, 0x6A, 0xDD, 0xFF, 0x6B, 0x5D, 0xFF, 0x64, 0x3E, 0xFF, 0x5D, 0x1E, 0xFF,
    0x55, 0xFF, 0xFF, 0x4E, 0x7F, 0xFF, 0x4E, 0x7F, 0xFF, 0x4E, 0x5F, 0xFF, 0x34, 0x55, 0xE6, 0x00,
    0x62, 0xC2, 0x00, 0x00, 0xBF, 0x00, 0x00, 0xBF, 0x00, 0x00, 0xBF, 0x00, 0x00, 0xBF, 0x00, 0x00,
    0xBF, 0x00, 0x00, 0xBF, 0x00, 0x00, 0xBF, 0x00, 0x00, 0xBF, 0x00, 0x00, 0xBF, 0x00, 0x00, 0xBF,
    0x00, 0x00, 0xBF, 0x00, 0x00, 0xBF, 0x00, 0x00, 0xBF, 0x00, 0x00, 0xBF, 0x00, 0x00, 0xBF, 0x00,
    0x00, 0xBF, 0x00, 0x00, 0xBF, 0x00, 0x00, 0xBF, 0x00, 0x00, 0xBF, 0x00, 0x00, 0xBF, 0x00, 0x00,
    0xBF, 0x00, 0x00, 0xBF, 0x00, 0x00, 0xBF, 0x00, 0x00, 0xBF, 0x00, 0x00, 0xBF, 0x00, 0x00, 0xBF,
    0x00, 0x00, 0xBF, 0x00, 0x00, 0xBF, 0x00, 0x00, 0xBF, 0x00, 0x00, 0xBF, 0x00, 0x00, 0xBF, 0x00,
    0x00, 0xBF, 0x00, 0x00, 0xBF, 0x00, 0x00, 0xBF, 0x07, 0x42, 0xF8, 0x07, 0xE2, 0xFF, 0x07, 0xE2,
    0xFF, 0x07, 0xE2, 0xFF, 0x07, 0xE2, 0xFF, 0x07, 0xE2, 0xFF, 0x07, 0xE2, 0xFF, 0x07, 0xE2, 0xFF,
    0x07, 0xE2, 0xFF, 0x07, 0xE2, 0xFF, 0x07, 0xE2, 0xFF, 0x07, 0x42, 0xF8, 0x00, 0x00, 0xBF, 0x00,
    0x00, 0xBF, 0x00, 0x00, 0xBF, 0x00, 0x00, 0xBF, 0x00, 0x00, 0xBF, 0x00, 0x00, 0xBF, 0x00, 0x00,
    0xBF, 0x00, 0x00, 0xBF, 0x00, 0x00, 0xBF, 0x00, 0x00, 0xBF, 0x00, 0x00, 0xBF, 0x00, 0x00, 0xBF,
    0x00, 0x00, 0xBF, 0x00, 0x00, 0xBF, 0x00, 0x00, 0xBF, 0x00, 0x00, 0xBF, 0x18, 0xEF, 0xDA, 0x39,
    0xDF, 0xFF, 0x39, 0xDF, 0xFF, 0x39, 0xDF, 0xFF, 0x39, 0xDF, 0xFF, 0x39, 0xDF, 0xFF, 0x39, 0xDF,
    0xFF, 0x39, 0xDF, 0xFF, 0x31, 0x9B, 0xF2, 0x29, 0x57, 0xEA, 0x29, 0x57, 0xEA, 0x29, 0x57, 0xEA,
    0x29, 0x57, 0xEA, 0x31, 0x9A, 0xF0, 0x31, 0xBE, 0xFB, 0x39, 0xDF, 0xFF, 0x39, 0xDF, 0xFF, 0x39,
    0xDF, 0xFF, 0x39, 0xDF, 0xFF, 0x39, 0xDF, 0xFF, 0x39, 0xDF, 0xFF, 0x39, 0xDF, 0xFF, 0x39, 0xDF,
    0xFF, 0x31, 0xBC, 0xF6, 0x00, 0x00, 0xBF, 0x00, 0x00, 0xBF, 0x00, 0x00, 0xBF, 0x00, 0x00, 0xBF,
    0x00, 0x00, 0xBF, 0x00, 0x00, 0xBF, 0x00, 0x00, 0xBF, 0x00, 0x00, 0xBF, 0x29, 0x57, 0xEB, 0x39,
    0xDF, 0xFF, 0x39, 0xDF, 0xFF, 0x39, 0xDF, 0xFF, 0x39, 0xDF, 0xFF, 0x39, 0xDF, 0xFF, 0x39, 0xDF,
    0xFF, 0x39, 0xDF, 0xFF, 0x08, 0x45, 0xC8, 0x00, 0x00, 0xBF, 0x00, 0x00, 0xBF, 0x00, 0x00, 0xBF,
    0x00, 0x00, 0xBF, 0x00, 0x00, 0xBF, 0x00, 0x00, 0xBF, 0x00, 0x00, 0xBF, 0x00, 0x00, 0xBF, 0x00,
    0x00, 0xBF, 0x00, 0x00, 0xBF, 0x00, 0x00, 0xBF, 0x00, 0x00, 0xBF, 0x00, 0x00, 0xBF, 0x00, 0x00,
    0xBF, 0x00, 0x00, 0xBF, 0x00, 0x00, 0xBF, 0x00, 0x00, 0xBF, 0x21, 0x12, 0xE0, 0x39, 0xDF, 0xFF,
    0x39, 0xDF, 0xFF, 0x39, 0xDF, 0xFF, 0x39, 0xDF, 0xFF, 0x39, 0xDF, 0xFF, 0x39, 0xDF, 0xFF, 0x39,
    0xDF, 0xFF, 0x39, 0xDF, 0xFF, 0x39, 0xDF, 0xFF, 0x39, 0xDE, 0xFB, 0x29, 0x57, 0xE9, 0x21, 0x13,
    0xE2, 0x21, 0x12, 0xDF, 0x21, 0x35, 0xE5, 0x31, 0x9B, 0xF4, 0x39, 0xDF, 0xFF, 0x39, 0xDF, 0xFF,
    0x39, 0xDF, 0xFF, 0x39, 0xDF, 0xFF, 0x39, 0xDF, 0xFF, 0x39, 0xDF, 0xFF, 0x39, 0xDF, 0xFF, 0x39,
    0xDF, 0xFF, 0x39, 0xDF, 0xFF, 0x31, 0xBD, 0xF7, 0x00, 0x22, 0xC3, 0x00, 0x00, 0xBF, 0x00, 0x00,
    0xBF, 0x00, 0x00, 0xBF, 0x00, 0x00, 0xBF, 0x00, 0x00, 0xBF, 0x00, 0x00, 0xBF, 0x00, 0x00, 0xBF,
    0x00, 0x00, 0xBF, 0x00, 0x01, 0xC2, 0x31, 0x9B, 0xF4, 0x39, 0xDF, 0xFF, 0x39, 0xDF, 0xFF, 0x39,
    0xDF, 0xFF, 0x39, 0xDF, 0xFF, 0x39, 0xDF, 0xFF, 0x39, 0xDF, 0xFF, 0x39, 0xDF, 0xFF, 0x39, 0xDF,
    0xFF, 0x39, 0xDF, 0xFF, 0x39, 0xDF, 0xFF, 0x31, 0x9A, 0xF2, 0x21, 0x35, 0xE5, 0x21, 0x12, 0xE0,
    0x21, 0x12, 0xDF, 0x21, 0x34, 0xE4, 0x29, 0x57, 0xEA, 0x31, 0xBD, 0xF9, 0x39, 0xDF, 0xFF, 0x39,
    0xDF, 0xFF, 0x39, 0xDF, 0xFF, 0x39, 0xDF, 0xFF, 0x31, 0x9B, 0xF2, 0x00, 0x00, 0xBF, 0x00, 0x00,
    0xBF, 0x00, 0x00, 0xBF, 0x00, 0x00, 0xBF, 0x00, 0x00, 0xBF, 0x00, 0x00, 0xBF, 0x29, 0x78, 0xEC,
    0x39, 0xDF, 0xFF, 0x39, 0xDF, 0xFF, 0x39, 0xDF, 0xFF, 0x39, 0xDF, 0xFF, 0x39, 0xDF, 0xFF, 0x39,
    0xDF, 0xFF, 0x39, 0xDF, 0xFF, 0x08, 0x44, 0xC6, 0x00, 0x00, 0xBF, 0x00, 0x00, 0xBF, 0x00, 0x00,
    0xBF, 0x00, 0x00, 0xBF, 0x00, 0x22, 0xC3, 0x31, 0x9A, 0xF1, 0x39, 0xDF, 0xFF, 0x39, 0xDF, 0xFF,
    0x39, 0xDF, 0xFF, 0x39, 0xDF, 0xFF, 0x39, 0xDF, 0xFF, 0x39, 0xDF, 0xFF, 0x39, 0xDF, 0xFF, 0x39,
    0xDF, 0xFD, 0x10, 0xAA, 0xD1, 0x00, 0x00, 0xBF, 0x00, 0x00, 0xBF, 0x00, 0x00, 0xBF, 0x00, 0x00,
    0xBF, 0x00, 0x00, 0xBF, 0x00, 0x00, 0xBF, 0x00, 0x00, 0xBF, 0x00, 0x00, 0xBF, 0x00, 0x00, 0xBF,
    0x00, 0x00, 0xBF, 0x00, 0x00, 0xBF, 0x00, 0x00, 0xBF, 0x00, 0x00, 0xBF, 0x00, 0x00, 0xBF, 0x00,
    0x00, 0xBF, 0x00, 0x00, 0xBF, 0x00, 0x00, 0xBF, 0x00, 0x00, 0xBF, 0x00, 0x00, 0xBF, 0x00, 0x00,
    0xBF, 0x00, 0x00, 0xBF, 0x00, 0x00, 0xBF, 0x00, 0x00, 0xBF, 0x28, 0xD0, 0xE0, 0x41, 0x7B, 0xFF,
    0x49, 0x9B, 0xFF, 0x6A, 0xDD, 0xFF, 0x6A, 0xDD, 0xFF, 0x6A, 0xDD, 0xFF, 0x6A, 0xDD, 0xFF, 0x6A,
    0xDD, 0xFF, 0x6A, 0xDD, 0xFF, 0x6A, 0xDD, 0xFF, 0x51, 0xDC, 0xFF, 0x41, 0x7B, 0xFF, 0x41, 0x7B,
    0xFF, 0x41, 0x7B, 0xFF, 0x41, 0x7B, 0xFF, 0x41, 0x7B, 0xFF, 0x41, 0x7B, 0xFF, 0x41, 0x7B, 0xFF,
    0x41, 0x7B, 0xFF, 0x41, 0x7B, 0xFF, 0x41, 0x7B, 0xFF, 0x41, 0x7B, 0xFF, 0x41, 0x7B, 0xFF, 0x41,
    0x7B, 0xFF, 0x41, 0x7B, 0xFF, 0x41, 0x7B, 0xFF, 0x41, 0x7B, 0xFF, 0x41, 0x7B, 0xFF, 0x41, 0x7B,
    0xFF, 0x41, 0x7B, 0xFF, 0x41, 0x7B, 0xFF, 0x41, 0x7B, 0xFF, 0x41, 0x7B, 0xFF, 0x41, 0x7B, 0xFF,
    0x41, 0x7B, 0xFF, 0x41, 0x7B, 0xFF, 0x41, 0x7B, 0xFF, 0x41, 0x7B, 0xFF, 0x41, 0x7B, 0xFF, 0x41,
    0x7B, 0xFF, 0x41, 0x7B, 0xFF, 0x41, 0x7B, 0xFF, 0x41, 0x7B, 0xFF, 0x41, 0x7B, 0xFF, 0x4C, 0x7E,
    0xFF, 0x4E, 0x7F, 0xFF, 0x4E, 0x7F, 0xFF, 0x4E, 0x7F, 0xFF, 0x4E, 0x7F, 0xFF, 0x4E, 0x7F, 0xFF,
    0x4E, 0x7F, 0xFF, 0x4E, 0x7F, 0xFF, 0x4E, 0x7F, 0xFF, 0x4E, 0x7F, 0xFF, 0x4E, 0x7F, 0xFF, 0x4E,
    0x7F, 0xFF, 0x4E, 0x7F, 0xFF, 0x4E, 0x7F, 0xFF, 0x4E, 0x7F, 0xFF, 0x4E, 0x7F, 0xFF, 0x4E, 0x7F,
    0xFF, 0x4E, 0x7F, 0xFF, 0x55, 0x7F, 0xFF, 0x6A, 0xDD, 0xFF, 0x6A, 0xDD, 0xFF, 0x6B, 0x5D, 0xFF,
    0x64, 0x3E, 0xFF, 0x5D, 0x1E, 0xFF, 0x55, 0xFF, 0xFF, 0x4E, 0x7F, 0xFF, 0x4E, 0x7F, 0xFF, 0x4E,
    0x7F, 0xFF, 0x4E, 0x7F, 0xFF, 0x4E, 0x7F, 0xFF, 0x4E, 0x7F, 0xFF, 0x4E, 0x7F, 0xFF, 0x4E, 0x7F,
    0xFF, 0x45, 0x7B, 0xF3, 0x09, 0x26, 0xC9, 0x00, 0x00, 0xBF, 0x00, 0x00, 0xBF, 0x00, 0x00, 0xBF,
    0x00, 0x00, 0xBF, 0x00, 0x00, 0xBF, 0x00, 0x00, 0xBF, 0x00, 0x00, 0xBF, 0x00, 0x00, 0xBF, 0x00,
    0x00, 0xBF, 0x00, 0x00, 0xBF, 0x00, 0x00, 0xBF, 0x00, 0x00, 0xBF, 0x00, 0x00, 0xBF, 0x00, 0x00,
    0xBF, 0x00, 0x00, 0xBF, 0x00, 0x00, 0xBF, 0x00, 0x00, 0xBF, 0x00, 0x00, 0xBF, 0x00, 0x00, 0xBF,
    0x00, 0x00, 0xBF, 0x00, 0x00, 0xBF, 0x00, 0x00, 0xBF, 0x00, 0x00, 0xBF, 0x00, 0x00, 0xBF, 0x00,
    0x00, 0xBF, 0x00, 0x00, 0xBF, 0x00, 0x00, 0xBF, 0x00, 0x00, 0xBF, 0x00, 0x00, 0xBF, 0x00, 0x00,
    0xBF, 0x00, 0x00, 0xBF, 0x00, 0x00, 0xBF, 0x00, 0x00, 0xBF, 0x07, 0x42, 0xF8, 0x07, 0xE2, 0xFF,
    0x07, 0xE2, 0xFF, 0x07, 0xE2, 0xFF, 0x07, 0xE2, 0xFF, 0x07, 0xE2, 0xFF, 0x07, 0xE2, 0xFF, 0x07,
    0xE2, 0xFF, 0x07, 0xE2, 0xFF, 0x07, 0xE2, 0xFF, 0x07, 0xE2, 0xFF, 0x07, 0x42, 0xF8, 0x00, 0x00,
    0xBF, 0x00, 0x00, 0xBF, 0x00, 0x00, 0xBF, 0x00, 0x00, 0xBF, 0x00, 0x00, 0xBF, 0x00, 0x00, 0xBF,
    0x00, 0x00, 0xBF, 0x00, 0x00, 0xBF, 0x00, 0x00, 0xBF, 0x00, 0x00, 0xBF, 0x00, 0x00, 0xBF, 0x00,
    0x00, 0xBF, 0x00, 0x00, 0xBF, 0x00, 0x00, 0xBF, 0x00, 0x00, 0xBF, 0x00, 0x00, 0xBF, 0x18, 0xEF,
    0xDA, 0x39, 0xDF, 0xFF, 0x39, 0xDF, 0xFF, 0x39, 0xDF, 0xFF, 0x39, 0xDF, 0xFF, 0x39, 0xDF, 0xFF,
    0x39, 0xDF, 0xFF, 0x39, 0xDF, 0xFF, 0x18, 0xEF, 0xD9, 0x00, 0x00, 0xBF, 0x00, 0x00, 0xBF, 0x00,
    0x00, 0xBF, 0x00, 0x00, 0xBF, 0x00, 0x00, 0xBF, 0x00, 0x01, 0xC2, 0x21, 0x13, 0xE2, 0x39, 0xDF,
    0xFF, 0x39, 0xDF, 0xFF, 0x39, 0xDF, 0xFF, 0x39, 0xDF, 0xFF, 0x39, 0xDF, 0xFF, 0x39, 0xDF, 0xFF,
    0x39, 0xDF, 0xFF, 0x39, 0xDF, 0xFF, 0x08, 0x45, 0xC8, 0x00, 0x00, 0xBF, 0x00, 0x00, 0xBF, 0x00,
    0x00, 0xBF, 0x00, 0x00, 0xBF, 0x00, 0x00, 0xBF, 0x00, 0x00, 0xBF, 0x00, 0x00, 0xBF, 0x29, 0x57,
    0xEB, 0x39, 0xDF, 0xFF, 0x39, 0xDF, 0xFF, 0x39, 0xDF, 0xFF, 0x39, 0xDF, 0xFF, 0x39, 0xDF, 0xFF,
    0x39, 0xDF, 0xFF, 0x39, 0xDF, 0xFF, 0x08, 0x45, 0xC8, 0x00, 0x00, 0xBF, 0x00, 0x00, 0xBF, 0x00,
    0x00, 0xBF, 0x00, 0x00, 0xBF, 0x00, 0x00, 0xBF, 0x00, 0x00, 0xBF, 0x00, 0x00, 0xBF, 0x00, 0x00,
    0xBF, 0x00, 0x00, 0xBF, 0x00, 0x00, 0xBF, 0x00, 0x00, 0xBF, 0x00, 0x00, 0xBF, 0x00, 0x00, 0xBF,
    0x00, 0x00, 0xBF, 0x00, 0x00, 0xBF, 0x00, 0x00, 0xBF, 0x08, 0x67, 0xCB, 0x39, 0xDF, 0xFE, 0x39,
    0xDF, 0xFF, 0x39, 0xDF, 0xFF, 0x39, 0xDF, 0xFF, 0x39, 0xDF, 0xFF, 0x39, 0xDF, 0xFF, 0x39, 0xDF,
    0xFF, 0x39, 0xDF, 0xFF, 0x39, 0xDF, 0xFD, 0x21, 0x11, 0xDD, 0x00, 0x01, 0xC1, 0x00, 0x00, 0xBF,
    0x00, 0x00, 0xBF, 0x00, 0x00, 0xBF, 0x00, 0x00, 0xBF, 0x00, 0x00, 0xBF, 0x08, 0x68, 0xCD, 0x31,
    0x9B, 0xF3, 0x39, 0xDF, 0xFF, 0x39, 0xDF, 0xFF, 0x39, 0xDF, 0xFF, 0x39, 0xDF, 0xFF, 0x39, 0xDF,
    0xFF, 0x39, 0xDF, 0xFF, 0x39, 0xDF, 0xFF, 0x39, 0xDF, 0xFF, 0x21, 0x35, 0xE6, 0x00, 0x00, 0xBF,
    0x00, 0x00, 0xBF, 0x00, 0x00, 0xBF, 0x00, 0x00, 0xBF, 0x00, 0x00, 0xBF, 0x00, 0x00, 0xBF, 0x00,
    0x00, 0xBF, 0x00, 0x00, 0xBF, 0x21, 0x35, 0xE5, 0x39, 0xDF, 0xFF, 0x39, 0xDF, 0xFF, 0x39, 0xDF,
    0xFF, 0x39, 0xDF, 0xFF, 0x39, 0xDF, 0xFF, 0x39, 0xDF, 0xFF, 0x39, 0xDF, 0xFF, 0x39, 0xDF, 0xFF,
    0x39, 0xDF, 0xFE, 0x21, 0x34, 0xE5, 0x08, 0x44, 0xC6, 0x00, 0x00, 0xBF, 0x00, 0x00, 0xBF, 0x00,
    0x00, 0xBF, 0x00, 0x00, 0xBF, 0x00, 0x00, 0xBF, 0x00, 0x00, 0xBF, 0x00, 0x00, 0xBF, 0x08, 0x67,
    0xCA, 0x21, 0x34, 0xE3, 0x39, 0xDE, 0xFB, 0x39, 0xDF, 0xFF, 0x31, 0x9B, 0xF2, 0x00, 0x00, 0xBF,
    0x00, 0x00, 0xBF, 0x00, 0x00, 0xBF, 0x00, 0x00, 0xBF, 0x00, 0x00, 0xBF, 0x00, 0x00, 0xBF, 0x29,
    0x78, 0xEC, 0x39, 0xDF, 0xFF, 0x39, 0xDF, 0xFF, 0x39, 0xDF, 0xFF, 0x39, 0xDF, 0xFF, 0x39, 0xDF,
    0xFF, 0x39, 0xDF, 0xFF, 0x39, 0xDF, 0xFF, 0x08, 0x44, 0xC6, 0x00, 0x00, 0xBF, 0x00, 0x00, 0xBF,
    0x00, 0x00, 0xBF, 0x00, 0x22, 0xC4, 0x31, 0x9A, 0xF2, 0x39, 0xDF, 0xFF, 0x39, 0xDF, 0xFF, 0x39,
    0xDF, 0xFF, 0x39, 0xDF, 0xFF, 0x39, 0xDF, 0xFF, 0x39, 0xDF, 0xFF, 0x39, 0xDF, 0xFF, 0x39, 0xDF,
    0xFC, 0x10, 0x8A, 0xD0, 0x00, 0x00, 0xBF, 0x00, 0x00, 0xBF, 0x00, 0x00, 0xBF, 0x00, 0x00, 0xBF,
    0x00, 0x00, 0xBF, 0x00, 0x00, 0xBF, 0x00, 0x00, 0xBF, 0x00, 0x00, 0xBF, 0x00, 0x00, 0xBF, 0x00,
    0x00, 0xBF, 0x00, 0x00, 0xBF, 0x00, 0x00, 0xBF, 0x00, 0x00, 0xBF, 0x00, 0x00, 0xBF, 0x00, 0x00,
    0xBF, 0x00, 0x00, 0xBF, 0x00, 0x00, 0xBF, 0x00, 0x00, 0xBF, 0x00, 0x00, 0xBF, 0x00, 0x00, 0xBF,
    0x00, 0x00, 0xBF, 0x00, 0x00, 0xBF, 0x00, 0x00, 0xBF, 0x00, 0x00, 0xBF, 0x20, 0xCF, 0xDE, 0x41,
    0x7B, 0xFF, 0x41, 0x7B, 0xFF, 0x6A, 0xBD, 0xFF, 0x6A, 0xDD, 0xFF, 0x6A, 0xDD, 0xFF, 0x6A, 0xDD,
    0xFF, 0x6A, 0xDD, 0xFF, 0x6A, 0xDD, 0xFF, 0x6A, 0xDD, 0xFF, 0x62, 0x9D, 0xFF, 0x41, 0x7B, 0xFF,
    0x41, 0x7B, 0xFF, 0x41, 0x7B, 0xFF, 0x41, 0x7B, 0xFF, 0x41, 0x7B, 0xFF, 0x41, 0x7B, 0xFF, 0x41,
    0x7B, 0xFF, 0x41, 0x7B, 0xFF, 0x41, 0x7B, 0xFF, 0x41, 0x7B, 0xFF, 0x41, 0x7B, 0xFF, 0x41, 0x7B,
    0xFF, 0x41, 0x7B, 0xFF, 0x41, 0x7B, 0xFF, 0x41, 0x7B, 0xFF, 0x41, 0x7B, 0xFF, 0x41, 0x7B, 0xFF,
    0x41, 0x7B, 0xFF, 0x41, 0x7B, 0xFF, 0x41, 0x7B, 0xFF, 0x41, 0x7B, 0xFF, 0x41, 0x7B, 0xFF, 0x41,
    0x7B, 0xFF, 0x41, 0x7B, 0xFF, 0x41, 0x7B, 0xFF, 0x41, 0x7B, 0xFF, 0x41, 0x7B, 0xFF, 0x41, 0x7B,
    0xFF, 0x41, 0x7B, 0xFF, 0x41, 0x7B, 0xFF, 0x41, 0x7B, 0xFF, 0x41, 0x7B, 0xFF, 0x4B, 0xBD, 0xFF,
    0x4E, 0x5F, 0xFF, 0x4E, 0x7F, 0xFF, 0x4E, 0x7F, 0xFF, 0x4E, 0x7F, 0xFF, 0x4E, 0x7F, 0xFF, 0x4E,
    0x7F, 0xFF, 0x4E, 0x7F, 0xFF, 0x4E, 0x7F, 0xFF, 0x4E, 0x7F, 0xFF, 0x4E, 0x7F, 0xFF, 0x4E, 0x7F,
    0xFF, 0x4E, 0x7F, 0xFF, 0x4E, 0x7F, 0xFF, 0x4E, 0x7F, 0xFF, 0x4E, 0x7F, 0xFF, 0x4E, 0x7F, 0xFF,
    0x4E, 0x7F, 0xFF, 0x4E, 0x7F, 0xFF, 0x55, 0x7F, 0xFF, 0x5D, 0x1E, 0xFF, 0x55, 0xFF, 0xFF, 0x4E,
    0x7F, 0xFF, 0x4E, 0x7F, 0xFF, 0x4E, 0x7F, 0xFF, 0x4E, 0x7F, 0xFF, 0x4E, 0x7F, 0xFF, 0x4E, 0x7F,
    0xFF, 0x4E, 0x7F, 0xFF, 0x4E, 0x7F, 0xFF, 0x4E, 0x7F, 0xFF, 0x4E, 0x7F, 0xFF, 0x4E, 0x7F, 0xFF,
    0x4E, 0x7F, 0xFF, 0x4E, 0x7F, 0xFF, 0x4E, 0x1E, 0xFA, 0x1A, 0x2B, 0xD1, 0x00, 0x00, 0xBF, 0x00,
    0x00, 0xBF, 0x00, 0x00, 0xBF, 0x00, 0x00, 0xBF, 0x00, 0x00, 0xBF, 0x00, 0x00, 0xBF, 0x00, 0x00,
    0xBF, 0x00, 0x00, 0xBF, 0x00, 0x00, 0xBF, 0x00, 0x00, 0xBF, 0x00, 0x00, 0xBF, 0x00, 0x00, 0xBF,
    0x00, 0x00, 0xBF, 0x08, 0xA1, 0xC5, 0x00, 0x40, 0xC1, 0x00, 0x00, 0xBF, 0x00, 0x00, 0xBF, 0x00,
    0x00, 0xBF, 0x00, 0x00, 0xBF, 0x00, 0x00, 0xBF, 0x00, 0x00, 0xBF, 0x00, 0x00, 0xBF, 0x00, 0x00,
    0xBF, 0x00, 0x00, 0xBF, 0x00, 0x00, 0xBF, 0x00, 0x00, 0xBF, 0x00, 0x00, 0xBF, 0x00, 0x00, 0xBF,
    0x00, 0x00, 0xBF, 0x00, 0x00, 0xBF, 0x00, 0x00, 0xBF, 0x00, 0x00, 0xBF, 0x07, 0x42, 0xF8, 0x07,
    0xE2, 0xFF, 0x07, 0xE2, 0xFF, 0x07, 0xE2, 0xFF, 0x07, 0xE2, 0xFF, 0x07, 0xE2, 0xFF, 0x07, 0xE2,
    0xFF, 0x07, 0xE2, 0xFF, 0x07, 0xE2, 0xFF, 0x07, 0xE2, 0xFF, 0x07, 0xE2, 0xFF, 0x07, 0x42, 0xF8,
    0x00, 0x00, 0xBF, 0x00, 0x00, 0xBF, 0x00, 0x00, 0xBF, 0x00, 0x00, 0xBF, 0x00, 0x00, 0xBF, 0x00,
    0x00, 0xBF, 0x00, 0x00, 0xBF, 0x00, 0x00, 0xBF, 0x00, 0x00, 0xBF, 0x00, 0x00, 0xBF, 0x00, 0x00,
    0xBF, 0x00, 0x00, 0xBF, 0x00, 0x00, 0xBF, 0x00, 0x00, 0xBF, 0x00, 0x00, 0xBF, 0x00, 0x00, 0xBF,
    0x18, 0xEF, 0xDA, 0x39, 0xDF, 0xFF, 0x39, 0xDF, 0xFF, 0x39, 0xDF, 0xFF, 0x39, 0xDF, 0xFF, 0x39,
    0xDF, 0xFF, 0x39, 0xDF, 0xFF, 0x39, 0xDF, 0xFF, 0x18, 0xEF, 0xD9, 0x00, 0x00, 0xBF, 0x00, 0x00,
    0xBF, 0x00, 0x00, 0xBF, 0x00, 0x00, 0xBF, 0x00, 0x00, 0xBF, 0x00, 0x00, 0xBF, 0x00, 0x00, 0xBF,
    0x31, 0x9A, 0xF1, 0x39, 0xDF, 0xFF, 0x39, 0xDF, 0xFF, 0x39, 0xDF, 0xFF, 0x39, 0xDF, 0xFF, 0x39,
    0xDF, 0xFF, 0x39, 0xDF, 0xFF, 0x39, 0xDF, 0xFF, 0x10, 0x89, 0xCF, 0x00, 0x00, 0xBF, 0x00, 0x00,
    0xBF, 0x00, 0x00, 0xBF, 0x00, 0x00, 0xBF, 0x00, 0x00, 0xBF, 0x00, 0x00, 0xBF, 0x00, 0x00, 0xBF,
    0x29, 0x57, 0xEB, 0x39, 0xDF, 0xFF, 0x39, 0xDF, 0xFF, 0x39, 0xDF, 0xFF, 0x39, 0xDF, 0xFF, 0x39,
    0xDF, 0xFF, 0x39, 0xDF, 0xFF, 0x39, 0xDF, 0xFF, 0x08, 0x45, 0xC8, 0x00, 0x00, 0xBF, 0x00, 0x00,
    0xBF, 0x00, 0x00, 0xBF, 0x00, 0x00, 0xBF, 0x00, 0x00, 0xBF, 0x00, 0x00, 0xBF, 0x00, 0x00, 0xBF,
    0x00, 0x00, 0xBF, 0x00, 0x00, 0xBF, 0x00, 0x00, 0xBF, 0x00, 0x00, 0xBF, 0x00, 0x00, 0xBF, 0x00,
    0x00, 0xBF, 0x00, 0x00, 0xBF, 0x00, 0x00, 0xBF, 0x00, 0x00, 0xBF, 0x29, 0x78, 0xED, 0x39, 0xDF,
    0xFF, 0x39, 0xDF, 0xFF, 0x39, 0xDF, 0xFF, 0x39, 0xDF, 0xFF, 0x39, 0xDF, 0xFF, 0x39, 0xDF, 0xFF,
    0x39, 0xDF, 0xFF, 0x39, 0xDF, 0xFD, 0x10, 0x8A, 0xD0, 0x00, 0x00, 0xBF, 0x00, 0x00, 0xBF, 0x00,
    0x00, 0xBF, 0x00, 0x00, 0xBF, 0x00, 0x00, 0xBF, 0x00, 0x00, 0xBF, 0x00, 0x00, 0xBF, 0x00, 0x00,
    0xBF, 0x00, 0x01, 0xC1, 0x29, 0x79, 0xEF, 0x39, 0xDF, 0xFF, 0x39, 0xDF, 0xFF, 0x39, 0xDF, 0xFF,
    0x39, 0xDF, 0xFF, 0x39, 0xDF, 0xFF, 0x39, 0xDF, 0xFF, 0x39, 0xDF, 0xFF, 0x39, 0xDF, 0xFE, 0x08,
    0x46, 0xC9, 0x00, 0x00, 0xBF, 0x00, 0x00, 0xBF, 0x00, 0x00, 0xBF, 0x00, 0x00, 0xBF, 0x00, 0x00,
    0xBF, 0x00, 0x00, 0xBF, 0x08, 0x67, 0xCC, 0x39, 0xDF, 0xFE, 0x39, 0xDF, 0xFF, 0x39, 0xDF, 0xFF,
    0x39, 0xDF, 0xFF, 0x39, 0xDF, 0xFF, 0x39, 0xDF, 0xFF, 0x39, 0xDF, 0xFF, 0x39, 0xDF, 0xFF, 0x39,
    0xDE, 0xFB, 0x10, 0x8A, 0xD0, 0x00, 0x00, 0xBF, 0x00, 0x00, 0xBF, 0x00, 0x00, 0xBF, 0x00, 0x00,
    0xBF, 0x00, 0x00, 0xBF, 0x00, 0x00, 0xBF, 0x00, 0x00, 0xBF, 0x00, 0x00, 0xBF, 0x00, 0x00, 0xBF,
    0x00, 0x00, 0xBF, 0x00, 0x00, 0xBF, 0x00, 0x22, 0xC3, 0x21, 0x34, 0xE3, 0x31, 0x9A, 0xF1, 0x00,
    0x00, 0xBF, 0x00, 0x00, 0xBF, 0x00, 0x00, 0xBF, 0x00, 0x00, 0xBF, 0x00, 0x00, 0xBF, 0x00, 0x00,
    0xBF, 0x29, 0x78, 0xEC, 0x39, 0xDF, 0xFF, 0x39, 0xDF, 0xFF, 0x39, 0xDF, 0xFF, 0x39, 0xDF, 0xFF,
    0x39, 0xDF, 0xFF, 0x39, 0xDF, 0xFF, 0x39, 0xDF, 0xFF, 0x08, 0x44, 0xC6, 0x00, 0x00, 0xBF, 0x00,
    0x00, 0xBF, 0x00, 0x23, 0xC4, 0x31, 0x9B, 0xF3, 0x39, 0xDF, 0xFF, 0x39, 0xDF, 0xFF, 0x39, 0xDF,
    0xFF, 0x39, 0xDF, 0xFF, 0x39, 0xDF, 0xFF, 0x39, 0xDF, 0xFF, 0x39, 0xDF, 0xFF, 0x39, 0xDE, 0xFC,
    0x10, 0x89, 0xCF, 0x00, 0x00, 0xBF, 0x00, 0x00, 0xBF, 0x00, 0x00, 0xBF, 0x00, 0x00, 0xBF, 0x00,
    0x00, 0xBF, 0x00, 0x00, 0xBF, 0x00, 0x00, 0xBF, 0x00, 0x00, 0xBF, 0x00, 0x00, 0xBF, 0x00, 0x00,
    0xBF, 0x00, 0x00, 0xBF, 0x00, 0x00, 0xBF, 0x00, 0x00, 0xBF, 0x00, 0x00, 0xBF, 0x00, 0x00, 0xBF,
    0x00, 0x00, 0xBF, 0x00, 0x00, 0xBF, 0x00, 0x00, 0xBF, 0x00, 0x00, 0xBF, 0x00, 0x00, 0xBF, 0x00,
    0x00, 0xBF, 0x00, 0x00, 0xBF, 0x00, 0x00, 0xBF, 0x00, 0x00, 0xBF, 0x00, 0x00, 0xBF, 0x20, 0xCE,
    0xDC, 0x41, 0x7B, 0xFF, 0x41, 0x7B, 0xFF, 0x62, 0x9D, 0xFF, 0x6A, 0xDD, 0xFF, 0x6A, 0xDD, 0xFF,
    0x6A, 0xDD, 0xFF, 0x6A, 0xDD, 0xFF, 0x6A, 0xDD, 0xFF, 0x6A, 0xDD, 0xFF, 0x6A, 0xDD, 0xFF, 0x51,
    0xFC, 0xFF, 0x41, 0x7B, 0xFF, 0x41, 0x7B, 0xFF, 0x41, 0x7B, 0xFF, 0x41, 0x7B, 0xFF, 0x41, 0x7B,
    0xFF, 0x41, 0x7B, 0xFF, 0x41, 0x7B, 0xFF, 0x41, 0x7B, 0xFF, 0x41, 0x7B, 0xFF, 0x41, 0x7B, 0xFF,
    0x41, 0x7B, 0xFF, 0x41, 0x7B, 0xFF, 0x41, 0x7B, 0xFF, 0x41, 0x7B, 0xFF, 0x41, 0x7B, 0xFF, 0x41,
    0x7B, 0xFF, 0x41, 0x7B, 0xFF, 0x41, 0x7B, 0xFF, 0x41, 0x7B, 0xFF, 0x41, 0x7B, 0xFF, 0x41, 0x7B,
    0xFF, 0x41, 0x7B, 0xFF, 0x41, 0x7B, 0xFF, 0x41, 0x7B, 0xFF, 0x41, 0x7B, 0xFF, 0x41, 0x7B, 0xFF,
    0x41, 0x7B, 0xFF, 0x41, 0x7B, 0xFF, 0x41, 0x7B, 0xFF, 0x41, 0x7B, 0xFF, 0x43, 0x1D, 0xFF, 0x4E,
    0x5F, 0xFF, 0x4E, 0x7F, 0xFF, 0x4E, 0x7F, 0xFF, 0x4E, 0x7F, 0xFF, 0x4E, 0x7F, 0xFF, 0x4E, 0x7F,
    0xFF, 0x4E, 0x7F, 0xFF, 0x4E, 0x7F, 0xFF, 0x4E, 0x7F, 0xFF, 0x4E, 0x7F, 0xFF, 0x4E, 0x7F, 0xFF,
    0x4E, 0x7F, 0xFF, 0x4E, 0x7F, 0xFF, 0x4E, 0x7F, 0xFF, 0x4E, 0x7F, 0xFF, 0x4E, 0x7F, 0xFF, 0x4E,
    0x7F, 0xFF, 0x4E, 0x7F, 0xFF, 0x4E, 0x7F, 0xFF, 0x4E, 0x7F, 0xFF, 0x4E, 0x7F, 0xFF, 0x4E, 0x7F,
    0xFF, 0x4E, 0x7F, 0xFF, 0x4E, 0x7F, 0xFF, 0x4E, 0x7F, 0xFF, 0x4E, 0x7F, 0xFF, 0x4E, 0x7F, 0xFF,
    0x4E, 0x7F, 0xFF, 0x4E, 0x7F, 0xFF, 0x4E, 0x7F, 0xFF, 0x4E, 0x7F, 0xFF, 0x4E, 0x7F, 0xFF, 0x4E,
    0x7F, 0xFF, 0x4E, 0x7F, 0xFF, 0x4E, 0x7F, 0xFF, 0x4E, 0x7F, 0xFF, 0x4E, 0x5F, 0xFD, 0x22, 0xEE,
    0xD8, 0x00, 0x00, 0xBF, 0x00, 0x00, 0xBF, 0x00, 0x00, 0xBF, 0x00, 0x00, 0xBF, 0x00, 0x00, 0xBF,
    0x00, 0x00, 0xBF, 0x00, 0x00, 0xBF, 0x00, 0x00, 0xBF, 0x00, 0x00, 0xBF, 0x00, 0x00, 0xBF, 0x00,
    0x00, 0xBF, 0x00, 0x00, 0xBF, 0x2A, 0xA7, 0xDA, 0x4C, 0xCC, 0xF3, 0x11, 0x63, 0xCC, 0x00, 0x00,
    0xBF, 0x00, 0x00, 0xBF, 0x00, 0x00, 0xBF, 0x00, 0x00, 0xBF, 0x00, 0x00, 0xBF, 0x00, 0x00, 0xBF,
    0x00, 0x00, 0xBF, 0x00, 0x00, 0xBF, 0x00, 0x00, 0xBF, 0x00, 0x00, 0xBF, 0x00, 0x00, 0xBF, 0x00,
    0x00, 0xBF, 0x00, 0x00, 0xBF, 0x00, 0x00, 0xBF, 0x00, 0x00, 0xBF, 0x00, 0x00, 0xBF, 0x07, 0x42,
    0xF8, 0x07, 0xE2, 0xFF, 0x07, 0xE2, 0xFF, 0x07, 0xE2, 0xFF, 0x07, 0xE2, 0xFF, 0x07, 0xE2, 0xFF,
    0x07, 0xE2, 0xFF, 0x07, 0xE2, 0xFF, 0x07, 0xE2, 0xFF, 0x07, 0xE2, 0xFF, 0x07, 0xE2, 0xFF, 0x07,
    0x42, 0xF8, 0x00, 0x00, 0xBF, 0x00, 0x00, 0xBF, 0x00, 0x00, 0xBF, 0x00, 0x00, 0xBF, 0x00, 0x00,
    0xBF, 0x00, 0x00, 0xBF, 0x00, 0x00, 0xBF, 0x00, 0x00, 0xBF, 0x00, 0x00, 0xBF, 0x00, 0x00, 0xBF,
    0x00, 0x00, 0xBF, 0x00, 0x00, 0xBF, 0x00, 0x00, 0xBF, 0x00, 0x00, 0xBF, 0x00, 0x00, 0xBF, 0x00,
    0x00, 0xBF, 0x18, 0xEF, 0xDA, 0x39, 0xDF, 0xFF, 0x39, 0xDF, 0xFF, 0x39, 0xDF, 0xFF, 0x39, 0xDF,
    0xFF, 0x39, 0xDF, 0xFF, 0x39, 0xDF, 0xFF, 0x39, 0xDF, 0xFF, 0x18, 0xEF, 0xD9, 0x00, 0x00, 0xBF,
    0x00, 0x00, 0xBF, 0x00, 0x00, 0xBF, 0x00, 0x00, 0xBF, 0x00, 0x00, 0xBF, 0x00, 0x00, 0xBF, 0x00,
    0x00, 0xBF, 0x21, 0x34, 0xE3, 0x39, 0xDF, 0xFF, 0x39, 0xDF, 0xFF, 0x39, 0xDF, 0xFF, 0x39, 0xDF,
    0xFF, 0x39, 0xDF, 0xFF, 0x39, 0xDF, 0xFF, 0x39, 0xDF, 0xFF, 0x10, 0xAB, 0xD2, 0x00, 0x00, 0xBF,
    0x00, 0x00, 0xBF, 0x00, 0x00, 0xBF, 0x00, 0x00, 0xBF, 0x00, 0x00, 0xBF, 0x00, 0x00, 0xBF, 0x00,
    0x00, 0xBF, 0x29, 0x57, 0xEB, 0x39, 0xDF, 0xFF, 0x39, 0xDF, 0xFF, 0x39, 0xDF, 0xFF, 0x39, 0xDF,
    0xFF, 0x39, 0xDF, 0xFF, 0x39, 0xDF, 0xFF, 0x39, 0xDF, 0xFF, 0x08, 0x45, 0xC8, 0x00, 0x00, 0xBF,
    0x00, 0x00, 0xBF, 0x00, 0x00, 0xBF, 0x00, 0x00, 0xBF, 0x00, 0x00, 0xBF, 0x00, 0x00, 0xBF, 0x00,
    0x00, 0xBF, 0x00, 0x00, 0xBF, 0x00, 0x00, 0xBF, 0x00, 0x00, 0xBF, 0x00, 0x00, 0xBF, 0x00, 0x00,
    0xBF, 0x00, 0x00, 0xBF, 0x00, 0x00, 0xBF, 0x00, 0x00, 0xBF, 0x08, 0x66, 0xCA, 0x39, 0xDF, 0xFF,
    0x39, 0xDF, 0xFF, 0x39, 0xDF, 0xFF, 0x39, 0xDF, 0xFF, 0x39, 0xDF, 0xFF, 0x39, 0xDF, 0xFF, 0x39,
    0xDF, 0xFF, 0x39, 0xDF, 0xFF, 0x18, 0xF0, 0xDB, 0x00, 0x00, 0xBF, 0x00, 0x00, 0xBF, 0x00, 0x00,
    0xBF, 0x00, 0x00, 0xBF, 0x00, 0x00, 0xBF, 0x00, 0x00, 0xBF, 0x00, 0x00, 0xBF, 0x00, 0x00, 0xBF,
    0x00, 0x00, 0xBF, 0x00, 0x00, 0xBF, 0x00, 0x22, 0xC4, 0x31, 0xBD, 0xFA, 0x39, 0xDF, 0xFF, 0x39,
    0xDF, 0xFF, 0x39, 0xDF, 0xFF, 0x39, 0xDF, 0xFF, 0x39, 0xDF, 0xFF, 0x39, 0xDF, 0xFF, 0x39, 0xDF,
    0xFF, 0x21, 0x34, 0xE5, 0x00, 0x00, 0xBF, 0x00, 0x00, 0xBF, 0x00, 0x00, 0xBF, 0x00, 0x00, 0xBF,
    0x00, 0x00, 0xBF, 0x00, 0x00, 0xBF, 0x29, 0x57, 0xE9, 0x39, 0xDF, 0xFF, 0x39, 0xDF, 0xFF, 0x39,
    0xDF, 0xFF, 0x39, 0xDF, 0xFF, 0x39, 0xDF, 0xFF, 0x39, 0xDF, 0xFF, 0x39, 0xDF, 0xFF, 0x39, 0xDF,
    0xFE, 0x10, 0x89, 0xCF, 0x00, 0x00, 0xBF, 0x00, 0x00, 0xBF, 0x00, 0x00, 0xBF, 0x00, 0x00, 0xBF,
    0x00, 0x00, 0xBF, 0x00, 0x00, 0xBF, 0x00, 0x00, 0xBF, 0x00, 0x00, 0xBF, 0x00, 0x00, 0xBF, 0x00,
    0x00, 0xBF, 0x00, 0x00, 0xBF, 0x00, 0x00, 0xBF, 0x00, 0x00, 0xBF, 0x00, 0x00, 0xBF, 0x00, 0x23,
    0xC5, 0x00, 0x00, 0xBF, 0x00, 0x00, 0xBF, 0x00, 0x00, 0xBF, 0x00, 0x00, 0xBF, 0x00, 0x00, 0xBF,
    0x00, 0x00, 0xBF, 0x29, 0x78, 0xEC, 0x39, 0xDF, 0xFF, 0x39, 0xDF, 0xFF, 0x39, 0xDF, 0xFF, 0x39,
    0xDF, 0xFF, 0x39, 0xDF, 0xFF, 0x39, 0xDF, 0xFF, 0x39, 0xDF, 0xFF, 0x08, 0x44, 0xC6, 0x00, 0x00,
    0xBF, 0x00, 0x23, 0xC5, 0x31, 0x9B, 0xF4, 0x39, 0xDF, 0xFF, 0x39, 0xDF, 0xFF, 0x39, 0xDF, 0xFF,
    0x39, 0xDF, 0xFF, 0x39, 0xDF, 0xFF, 0x39, 0xDF, 0xFF, 0x39, 0xDF, 0xFF, 0x39, 0xDE, 0xFC, 0x10,
    0x89, 0xCE, 0x00, 0x00, 0xBF, 0x00, 0x00, 0xBF, 0x00, 0x00, 0xBF, 0x00, 0x00, 0xBF, 0x00, 0x00,
    0xBF, 0x00, 0x00, 0xBF, 0x00, 0x00, 0xBF, 0x00, 0x00, 0xBF, 0x00, 0x00, 0xBF, 0x00, 0x00, 0xBF,
    0x00, 0x00, 0xBF, 0x00, 0x00, 0xBF, 0x00, 0x00, 0xBF, 0x00, 0x00, 0xBF, 0x00, 0x00, 0xBF, 0x00,
    0x00, 0xBF, 0x00, 0x00, 0xBF, 0x00, 0x00, 0xBF, 0x00, 0x00, 0xBF, 0x00, 0x00, 0xBF, 0x00, 0x00,
    0xBF, 0x00, 0x00, 0xBF, 0x00, 0x00, 0xBF, 0x00, 0x00, 0xBF, 0x00, 0x00, 0xBF, 0x00, 0x00, 0xBF,
    0x20, 0xAD, 0xDA, 0x41, 0x7B, 0xFF, 0x41, 0x7B, 0xFF, 0x62, 0x5C, 0xFF, 0x6A, 0xDD, 0xFF, 0x6A,
    0xDD, 0xFF, 0x6A, 0xDD, 0xFF, 0x6A, 0xDD, 0xFF, 0x6A, 0xDD, 0xFF, 0x6A, 0xDD, 0xFF, 0x6A, 0xDD,
    0xFF, 0x62, 0x9D, 0xFF, 0x41, 0x7B, 0xFF, 0x41, 0x7B, 0xFF, 0x41, 0x7B, 0xFF, 0x41, 0x7B, 0xFF,
    0x41, 0x7B, 0xFF, 0x41, 0x7B, 0xFF, 0x41, 0x7B, 0xFF, 0x41, 0x7B, 0xFF, 0x41, 0x7B, 0xFF, 0x41,
    0x7B, 0xFF, 0x41, 0x7B, 0xFF, 0x41, 0x7B, 0xFF, 0x41, 0x7B, 0xFF, 0x41, 0x7B, 0xFF, 0x41, 0x7B,
    0xFF, 0x41, 0x7B, 0xFF, 0x41, 0x7B, 0xFF, 0x41, 0x7B, 0xFF, 0x41, 0x7B, 0xFF, 0x41, 0x7B, 0xFF,
    0x41, 0x7B, 0xFF, 0x41, 0x7B, 0xFF, 0x41, 0x7B, 0xFF, 0x41, 0x7B, 0xFF, 0x41, 0x7B, 0xFF, 0x41,
    0x7B, 0xFF, 0x41, 0x7B, 0xFF, 0x41, 0x7B, 0xFF, 0x41, 0x7B, 0xFF, 0x42, 0xBC, 0xFF, 0x4E, 0x3F,
    0xFF, 0x4E, 0x7F, 0xFF, 0x4E, 0x7F, 0xFF, 0x4E, 0x7F, 0xFF, 0x4E, 0x7F, 0xFF, 0x4E, 0x7F, 0xFF,
    0x4E, 0x7F, 0xFF, 0x4E, 0x7F, 0xFF, 0x4E, 0x7F, 0xFF, 0x4E, 0x7F, 0xFF, 0x4E, 0x7F, 0xFF, 0x4E,
    0x7F, 0xFF, 0x4E, 0x7F, 0xFF, 0x4E, 0x7F, 0xFF, 0x4E, 0x7F, 0xFF, 0x4E, 0x7F, 0xFF, 0x4E, 0x7F,
    0xFF, 0x4E, 0x7F, 0xFF, 0x4E, 0x7F, 0xFF, 0x4E, 0x7F, 0xFF, 0x4E, 0x7F, 0xFF, 0x4E, 0x7F, 0xFF,
    0x4E, 0x7F, 0xFF, 0x4E, 0x7F, 0xFF, 0x4E, 0x7F, 0xFF, 0x4E, 0x7F, 0xFF, 0x4E, 0x7F, 0xFF, 0x4E,
    0x7F, 0xFF, 0x4E, 0x7F, 0xFF, 0x4E, 0x7F, 0xFF, 0x4E, 0x7F, 0xFF, 0x4E, 0x7F, 0xFF, 0x4E, 0x7F,
    0xFF, 0x4E, 0x7F, 0xFF, 0x4E, 0x7F, 0xFF, 0x4E, 0x7F, 0xFF, 0x4E, 0x7F, 0xFF, 0x4E, 0x7F, 0xFF,
    0x4E, 0x5F, 0xFE, 0x2B, 0x70, 0xDC, 0x00, 0x00, 0xBF, 0x00, 0x00, 0xBF, 0x00, 0x00, 0xBF, 0x00,
    0x00, 0xBF, 0x00, 0x00, 0xBF, 0x00, 0x00, 0xBF, 0x00, 0x00, 0xBF, 0x00, 0x00, 0xBF, 0x00, 0x00,
    0xBF, 0x00, 0x00, 0xBF, 0x00, 0x00, 0xBF, 0x33, 0x89, 0xE3, 0x55, 0x8E, 0xFF, 0x55, 0x6E, 0xFD,
    0x33, 0x48, 0xE0, 0x00, 0x40, 0xC1, 0x00, 0x00, 0xBF, 0x00, 0x00, 0xBF, 0x00, 0x00, 0xBF, 0x00,
    0x00, 0xBF, 0x00, 0x00, 0xBF, 0x00, 0x00, 0xBF, 0x00, 0x00, 0xBF, 0x00, 0x00, 0xBF, 0x00, 0x00,
    0xBF, 0x00, 0x00, 0xBF, 0x00, 0x00, 0xBF, 0x00, 0x00, 0xBF, 0x00, 0x00, 0xBF, 0x00, 0x00, 0xBF,
    0x07, 0x42, 0xF8, 0x07, 0xE2, 0xFF, 0x07, 0xE2, 0xFF, 0x07, 0xE2, 0xFF, 0x07, 0xE2, 0xFF, 0x07,
    0xE2, 0xFF, 0x07, 0xE2, 0xFF, 0x07, 0xE2, 0xFF, 0x07, 0xE2, 0xFF, 0x07, 0xE2, 0xFF, 0x07, 0xE2,
    0xFF, 0x07, 0x42, 0xF8, 0x00, 0x00, 0xBF, 0x00, 0x00, 0xBF, 0x00, 0x00, 0xBF, 0x00, 0x00, 0xBF,
    0x00, 0x00, 0xBF, 0x00, 0x00, 0xBF, 0x00, 0x00, 0xBF, 0x00, 0x00, 0xBF, 0x00, 0x00, 0xBF, 0x00,
    0x00, 0xBF, 0x00, 0x00, 0xBF, 0x00, 0x00, 0xBF, 0x00, 0x00, 0xBF, 0x00, 0x00, 0xBF, 0x00, 0x00,
    0xBF, 0x00, 0x00, 0xBF, 0x18, 0xEF, 0xDA, 0x39, 0xDF, 0xFF, 0x39, 0xDF, 0xFF, 0x39, 0xDF, 0xFF,
    0x39, 0xDF, 0xFF, 0x39, 0xDF, 0xFF, 0x39, 0xDF, 0xFF, 0x39, 0xDF, 0xFF, 0x18, 0xEF, 0xD9, 0x00,
    0x00, 0xBF, 0x00, 0x00, 0xBF, 0x00, 0x00, 0xBF, 0x00, 0x00, 0xBF, 0x00, 0x00, 0xBF, 0x00, 0x00,
    0xBF, 0x00, 0x00, 0xBF, 0x21, 0x35, 0xE6, 0x39, 0xDF, 0xFF, 0x39, 0xDF, 0xFF, 0x39, 0xDF, 0xFF,
    0x39, 0xDF, 0xFF, 0x39, 0xDF, 0xFF, 0x39, 0xDF, 0xFF, 0x39, 0xDF, 0xFF, 0x08, 0x67, 0xCB, 0x00,
    0x00, 0xBF, 0x00, 0x00, 0xBF, 0x00, 0x00, 0xBF, 0x00, 0x00, 0xBF, 0x00, 0x00, 0xBF, 0x00, 0x00,
    0xBF, 0x00, 0x00, 0xBF, 0x29, 0x57, 0xEB, 0x39, 0xDF, 0xFF, 0x39, 0xDF, 0xFF, 0x39, 0xDF, 0xFF,
    0x39, 0xDF, 0xFF, 0x39, 0xDF, 0xFF, 0x39, 0xDF, 0xFF, 0x39, 0xDF, 0xFF, 0x08, 0x45, 0xC8, 0x00,
    0x00, 0xBF, 0x00, 0x00, 0xBF, 0x00, 0x00, 0xBF, 0x00, 0x00, 0xBF, 0x00, 0x00, 0xBF, 0x00, 0x00,
    0xBF, 0x00, 0x00, 0xBF, 0x00, 0x00, 0xBF, 0x00, 0x00, 0xBF, 0x00, 0x00, 0xBF, 0x00, 0x00, 0xBF,
    0x00, 0x00, 0xBF, 0x00, 0x00, 0xBF, 0x00, 0x00, 0xBF, 0x00, 0x00, 0xBF, 0x21, 0x12, 0xE0, 0x39,
    0xDF, 0xFF, 0x39, 0xDF, 0xFF, 0x39, 0xDF, 0xFF, 0x39, 0xDF, 0xFF, 0x39, 0xDF, 0xFF, 0x39, 0xDF,
    0xFF, 0x39, 0xDF, 0xFF, 0x31, 0x9C, 0xF5, 0x00, 0x00, 0xC0, 0x00, 0x00, 0xBF, 0x00, 0x00, 0xBF,
    0x00, 0x00, 0xBF, 0x00, 0x00, 0xBF, 0x00, 0x00, 0xBF, 0x00, 0x00, 0xBF, 0x00, 0x00, 0xBF, 0x00,
    0x00, 0xBF, 0x00, 0x00, 0xBF, 0x00, 0x00, 0xBF, 0x00, 0x00, 0xBF, 0x18, 0xEF, 0xDA, 0x39, 0xDF,
    0xFF, 0x39, 0xDF, 0xFF, 0x39, 0xDF, 0xFF, 0x39, 0xDF, 0xFF, 0x39, 0xDF, 0xFF, 0x39, 0xDF, 0xFF,
    0x39, 0xDF, 0xFF, 0x31, 0xBD, 0xFA, 0x00, 0x00, 0xBF, 0x00, 0x00, 0xBF, 0x00, 0x00, 0xBF, 0x00,
    0x00, 0xBF, 0x00, 0x00, 0xBF, 0x00, 0x23, 0xC4, 0x39, 0xDF, 0xFE, 0x39, 0xDF, 0xFF, 0x39, 0xDF,
    0xFF, 0x39, 0xDF, 0xFF, 0x39, 0xDF, 0xFF, 0x39, 0xDF, 0xFF, 0x39, 0xDF, 0xFF, 0x39, 0xDF, 0xFF,
    0x21, 0x13, 0xE1, 0x00, 0x00, 0xBF, 0x00, 0x00, 0xBF, 0x00, 0x00, 0xBF, 0x00, 0x00, 0xBF, 0x00,
    0x00, 0xBF, 0x00, 0x00, 0xBF, 0x00, 0x00, 0xBF, 0x00, 0x00, 0xBF, 0x00, 0x00, 0xBF, 0x00, 0x00,
    0xBF, 0x00, 0x00, 0xBF, 0x00, 0x00, 0xBF, 0x00, 0x00, 0xBF, 0x00, 0x00, 0xBF, 0x00, 0x00, 0xBF,
    0x00, 0x00, 0xBF, 0x00, 0x00, 0xBF, 0x00, 0x00, 0xBF, 0x00, 0x00, 0xBF, 0x00, 0x00, 0xBF, 0x00,
    0x00, 0xBF, 0x00, 0x00, 0xBF, 0x29, 0x78, 0xEC, 0x39, 0xDF, 0xFF, 0x39, 0xDF, 0xFF, 0x39, 0xDF,
    0xFF, 0x39, 0xDF, 0xFF, 0x39, 0xDF, 0xFF, 0x39, 0xDF, 0xFF, 0x39, 0xDF, 0xFF, 0x08, 0x44, 0xC6,
    0x00, 0x23, 0xC5, 0x31, 0x9B, 0xF4, 0x39, 0xDF, 0xFF, 0x39, 0xDF, 0xFF, 0x39, 0xDF, 0xFF, 0x39,
    0xDF, 0xFF, 0x39, 0xDF, 0xFF, 0x39, 0xDF, 0xFF, 0x39, 0xDF, 0xFF, 0x39, 0xDE, 0xFB, 0x10, 0x89,
    0xCE, 0x00, 0x00, 0xBF, 0x00, 0x00, 0xBF, 0x00, 0x00, 0xBF, 0x00, 0x00, 0xBF, 0x00, 0x00, 0xBF,
    0x00, 0x00, 0xBF, 0x00, 0x00, 0xBF, 0x00, 0x00, 0xBF, 0x00, 0x00, 0xBF, 0x00, 0x00, 0xBF, 0x00,
    0x00, 0xBF, 0x00, 0x00, 0xBF, 0x00, 0x00, 0xBF, 0x00, 0x00, 0xBF, 0x00, 0x00, 0xBF, 0x00, 0x00,
    0xBF, 0x00, 0x00, 0xBF, 0x00, 0x00, 0xBF, 0x00, 0x00, 0xBF, 0x00, 0x00, 0xBF, 0x00, 0x00, 0xBF,
    0x00, 0x00, 0xBF, 0x00, 0x00, 0xBF, 0x00, 0x00, 0xBF, 0x00, 0x00, 0xBF, 0x00, 0x00, 0xBF, 0x00,
    0x00, 0xBF, 0x18, 0xAC, 0xD8, 0x41, 0x7B, 0xFF, 0x41, 0x7B, 0xFF, 0x5A, 0x3C, 0xFF, 0x6A, 0xDD,
    0xFF, 0x6A, 0xDD, 0xFF, 0x6A, 0xDD, 0xFF, 0x6A, 0xDD, 0xFF, 0x6A, 0xDD, 0xFF, 0x6A, 0xDD, 0xFF,
    0x6A, 0xDD, 0xFF, 0x6A, 0xDD, 0xFF, 0x51, 0xFC, 0xFF, 0x41, 0x7B, 0xFF, 0x41, 0x7B, 0xFF, 0x41,
    0x7B, 0xFF, 0x41, 0x7B, 0xFF, 0x41, 0x7B, 0xFF, 0x41, 0x7B, 0xFF, 0x41, 0x7B, 0xFF, 0x41, 0x7B,
    0xFF, 0x41, 0x7B, 0xFF, 0x41, 0x7B, 0xFF, 0x41, 0x7B, 0xFF, 0x41, 0x7B, 0xFF, 0x41, 0x7B, 0xFF,
    0x41, 0x7B, 0xFF, 0x41, 0x7B, 0xFF, 0x41, 0x7B, 0xFF, 0x41, 0x7B, 0xFF, 0x41, 0x7B, 0xFF, 0x41,
    0x7B, 0xFF, 0x41, 0x7B, 0xFF, 0x41, 0x7B, 0xFF, 0x41, 0x7B, 0xFF, 0x41, 0x7B, 0xFF, 0x41, 0x7B,
    0xFF, 0x41, 0x7B, 0xFF, 0x41, 0x7B, 0xFF, 0x41, 0x7B, 0xFF, 0x42, 0x7C, 0xFF, 0x4E, 0x1F, 0xFF,
    0x4E, 0x7F, 0xFF, 0x4E, 0x7F, 0xFF, 0x4E, 0x7F, 0xFF, 0x4E, 0x7F, 0xFF, 0x4E, 0x7F, 0xFF, 0x4E,
    0x7F, 0xFF, 0x4E, 0x7F, 0xFF, 0x4E, 0x7F, 0xFF, 0x4E, 0x7F, 0xFF, 0x4E, 0x7F, 0xFF, 0x4E, 0x7F,
    0xFF, 0x4E, 0x7F, 0xFF, 0x4E, 0x7F, 0xFF, 0x4E, 0x7F, 0xFF, 0x4E, 0x7F, 0xFF, 0x4E, 0x7F, 0xFF,
    0x4E, 0x7F, 0xFF, 0x4E, 0x7F, 0xFF, 0x4E, 0x7F, 0xFF, 0x4E, 0x7F, 0xFF, 0x4E, 0x7F, 0xFF, 0x4E,
    0x7F, 0xFF, 0x4E, 0x7F, 0xFF, 0x4E, 0x7F, 0xFF, 0x4E, 0x7F, 0xFF, 0x4E, 0x7F, 0xFF, 0x4E, 0x7F,
    0xFF, 0x4E, 0x7F, 0xFF, 0x4E, 0x7F, 0xFF, 0x4E, 0x7F, 0xFF, 0x4E, 0x7F, 0xFF, 0x4E, 0x7F, 0xFF,
    0x4E, 0x7F, 0xFF, 0x4E, 0x7F, 0xFF, 0x4E, 0x7F, 0xFF, 0x4E, 0x7F, 0xFF, 0x4E, 0x7F, 0xFF, 0x4E,
    0x7F, 0xFF, 0x4E, 0x7F, 0xFF, 0x4E, 0x5F, 0xFF, 0x2B, 0x91, 0xDE, 0x00, 0x00, 0xBF, 0x00, 0x00,
    0xBF, 0x00, 0x00, 0xBF, 0x00, 0x00, 0xBF, 0x00, 0x00, 0xBF, 0x00, 0x00, 0xBF, 0x00, 0x00, 0xBF,
    0x00, 0x00, 0xBF, 0x00, 0x00, 0xBF, 0x00, 0x00, 0xBF, 0x44, 0x2B, 0xEC, 0x55, 0x8E, 0xFF, 0x55,
    0x8E, 0xFF, 0x55, 0x8E, 0xFF, 0x4C, 0xCC, 0xF3, 0x11, 0x63, 0xCC, 0x00, 0x00, 0xBF, 0x00, 0x00,
    0xBF, 0x00, 0x00, 0xBF, 0x00, 0x00, 0xBF, 0x00, 0x00, 0xBF, 0x00, 0x00, 0xBF, 0x00, 0x00, 0xBF,
    0x00, 0x00, 0xBF, 0x00, 0x00, 0xBF, 0x00, 0x00, 0xBF, 0x00, 0x00, 0xBF, 0x00, 0x00, 0xBF, 0x00,
    0x00, 0xBF, 0x07, 0x42, 0xF8, 0x07, 0xE2, 0xFF, 0x07, 0xE2, 0xFF, 0x07, 0xE2, 0xFF, 0x07, 0xE2,
    0xFF, 0x07, 0xE2, 0xFF, 0x07, 0xE2, 0xFF, 0x07, 0xE2, 0xFF, 0x07, 0xE2, 0xFF, 0x07, 0xE2, 0xFF,
    0x07, 0xE2, 0xFF, 0x07, 0x42, 0xF8, 0x00, 0x00, 0xBF, 0x00, 0x00, 0xBF, 0x00, 0x00, 0xBF, 0x00,
    0x00, 0xBF, 0x00, 0x00, 0xBF, 0x00, 0x00, 0xBF, 0x00, 0x00, 0xBF, 0x00, 0x00, 0xBF, 0x00, 0x00,
    0xBF, 0x00, 0x00, 0xBF, 0x00, 0x00, 0xBF, 0x00, 0x00, 0xBF, 0x00, 0x00, 0xBF, 0x00, 0x00, 0xBF,
    0x00, 0x00, 0xBF, 0x00, 0x00, 0xBF, 0x18, 0xEF, 0xDA, 0x39, 0xDF, 0xFF, 0x39, 0xDF, 0xFF, 0x39,
    0xDF, 0xFF, 0x39, 0xDF, 0xFF, 0x39, 0xDF, 0xFF, 0x39, 0xDF, 0xFF, 0x39, 0xDF, 0xFF, 0x18, 0xEF,
    0xD9, 0x00, 0x00, 0xBF, 0x00, 0x00, 0xBF, 0x00, 0x00, 0xBF, 0x00, 0x00, 0xBF, 0x00, 0x00, 0xBF,
    0x00, 0x00, 0xBF, 0x00, 0x01, 0xC1, 0x31, 0xBC, 0xF6, 0x39, 0xDF, 0xFF, 0x39, 0xDF, 0xFF, 0x39,
    0xDF, 0xFF, 0x39, 0xDF, 0xFF, 0x39, 0xDF, 0xFF, 0x39, 0xDF, 0xFF, 0x39, 0xDF, 0xFD, 0x00, 0x01,
    0xC2, 0x00, 0x00, 0xBF, 0x00, 0x00, 0xBF, 0x00, 0x00, 0xBF, 0x00, 0x00, 0xBF, 0x00, 0x00, 0xBF,
    0x00, 0x00, 0xBF, 0x00, 0x00, 0xBF, 0x29, 0x57, 0xEB, 0x39, 0xDF, 0xFF, 0x39, 0xDF, 0xFF, 0x39,
    0xDF, 0xFF, 0x39, 0xDF, 0xFF, 0x39, 0xDF, 0xFF, 0x39, 0xDF, 0xFF, 0x39, 0xDF, 0xFF, 0x08, 0x45,
    0xC8, 0x00, 0x00, 0xBF, 0x00, 0x00, 0xBF, 0x00, 0x00, 0xBF, 0x00, 0x00, 0xBF, 0x00, 0x00, 0xBF,
    0x00, 0x00, 0xBF, 0x00, 0x00, 0xBF, 0x00, 0x00, 0xBF, 0x00, 0x00, 0xBF, 0x00, 0x00, 0xBF, 0x00,
    0x00, 0xBF, 0x00, 0x00, 0xBF, 0x00, 0x00, 0xBF, 0x00, 0x00, 0xBF, 0x00, 0x00, 0xBF, 0x31, 0x9B,
    0xF3, 0x39, 0xDF, 0xFF, 0x39, 0xDF, 0xFF, 0x39, 0xDF, 0xFF, 0x39, 0xDF, 0xFF, 0x39, 0xDF, 0xFF,
    0x39, 0xDF, 0xFF, 0x39, 0xDF, 0xFF, 0x18, 0xF1, 0xDD, 0x00, 0x00, 0xBF, 0x00, 0x00, 0xBF, 0x00,
    0x00, 0xBF, 0x00, 0x00, 0xBF, 0x00, 0x00, 0xBF, 0x00, 0x00, 0xBF, 0x00, 0x00, 0xBF, 0x00, 0x00,
    0xBF, 0x00, 0x00, 0xBF, 0x00, 0x00, 0xBF, 0x00, 0x00, 0xBF, 0x00, 0x00, 0xBF, 0x00, 0x22, 0xC3,
    0x39, 0xDF, 0xFD, 0x39, 0xDF, 0xFF, 0x39, 0xDF, 0xFF, 0x39, 0xDF, 0xFF, 0x39, 0xDF, 0xFF, 0x39,
    0xDF, 0xFF, 0x39, 0xDF, 0xFF, 0x39, 0xDF, 0xFF, 0x08, 0x67, 0xCA, 0x00, 0x00, 0xBF, 0x00, 0x00,
    0xBF, 0x00, 0x00, 0xBF, 0x00, 0x00, 0xBF, 0x18, 0xCE, 0xD7, 0x39, 0xDF, 0xFF, 0x39, 0xDF, 0xFF,
    0x39, 0xDF, 0xFF, 0x39, 0xDF, 0xFF, 0x39, 0xDF, 0xFF, 0x39, 0xDF, 0xFF, 0x39, 0xDF, 0xFF, 0x39,
    0xDF, 0xFD, 0x00, 0x23, 0xC4, 0x00, 0x00, 0xBF, 0x00, 0x00, 0xBF, 0x00, 0x00, 0xBF, 0x00, 0x00,
    0xBF, 0x00, 0x00, 0xBF, 0x00, 0x00, 0xBF, 0x00, 0x00, 0xBF, 0x00, 0x00, 0xBF, 0x00, 0x00, 0xBF,
    0x00, 0x00, 0xBF, 0x00, 0x00, 0xBF, 0x00, 0x00, 0xBF, 0x00, 0x00, 0xBF, 0x00, 0x00, 0xBF, 0x00,
    0x00, 0xBF, 0x00, 0x00, 0xBF, 0x00, 0x00, 0xBF, 0x00, 0x00, 0xBF, 0x00, 0x00, 0xBF, 0x00, 0x00,
    0xBF, 0x00, 0x00, 0xBF, 0x00, 0x00, 0xBF, 0x29, 0x78, 0xEC, 0x39, 0xDF, 0xFF, 0x39, 0xDF, 0xFF,
    0x39, 0xDF, 0xFF, 0x39, 0xDF, 0xFF, 0x39, 0xDF, 0xFF, 0x39, 0xDF, 0xFF, 0x39, 0xDF, 0xFF, 0x08,
    0x68, 0xCD, 0x31, 0x9C, 0xF5, 0x39, 0xDF, 0xFF, 0x39, 0xDF, 0xFF, 0x39, 0xDF, 0xFF, 0x39, 0xDF,
    0xFF, 0x39, 0xDF, 0xFF, 0x39, 0xDF, 0xFF, 0x39, 0xDF, 0xFF, 0x39, 0xDE, 0xFB, 0x10, 0x88, 0xCD,
    0x00, 0x00, 0xBF, 0x00, 0x00, 0xBF, 0x00, 0x00, 0xBF, 0x00, 0x00, 0xBF, 0x00, 0x00, 0xBF, 0x00,
    0x00, 0xBF, 0x00, 0x00, 0xBF, 0x00, 0x00, 0xBF, 0x00, 0x00, 0xBF, 0x00, 0x00, 0xBF, 0x00, 0x00,
    0xBF, 0x00, 0x00, 0xBF, 0x00, 0x00, 0xBF, 0x00, 0x00, 0xBF, 0x00, 0x00, 0xBF, 0x00, 0x00, 0xBF,
    0x00, 0x00, 0xBF, 0x00, 0x00, 0xBF, 0x00, 0x00, 0xBF, 0x00, 0x00, 0xBF, 0x00, 0x00, 0xBF, 0x00,
    0x00, 0xBF, 0x00, 0x00, 0xBF, 0x00, 0x00, 0xBF, 0x00, 0x00, 0xBF, 0x00, 0x00, 0xBF, 0x00, 0x00,
    0xBF, 0x00, 0x00, 0xBF, 0x18, 0x8B, 0xD6, 0x41, 0x7B, 0xFF, 0x41, 0x7B, 0xFF, 0x51, 0xFC, 0xFF,
    0x6A, 0xDD, 0xFF, 0x6A, 0xDD, 0xFF, 0x6A, 0xDD, 0xFF, 0x6A, 0xDD, 0xFF, 0x6A, 0xDD, 0xFF, 0x6A,
    0xDD, 0xFF, 0x6A, 0xDD, 0xFF, 0x6A, 0xDD, 0xFF, 0x62, 0x9D, 0xFF, 0x41, 0x7B, 0xFF, 0x41, 0x7B,
    0xFF, 0x41, 0x7B, 0xFF, 0x41, 0x7B, 0xFF, 0x41, 0x7B, 0xFF, 0x41, 0x7B, 0xFF, 0x41, 0x7B, 0xFF,
    0x41, 0x7B, 0xFF, 0x41, 0x7B, 0xFF, 0x41, 0x7B, 0xFF, 0x41, 0x7B, 0xFF, 0x41, 0x7B, 0xFF, 0x41,
    0x7B, 0xFF, 0x41, 0x7B, 0xFF, 0x41, 0x7B, 0xFF, 0x41, 0x7B, 0xFF, 0x41, 0x7B, 0xFF, 0x41, 0x7B,
    0xFF, 0x41, 0x7B, 0xFF, 0x41, 0x7B, 0xFF, 0x41, 0x7B, 0xFF, 0x41, 0x7B, 0xFF, 0x41, 0x7B, 0xFF,
    0x41, 0x7B, 0xFF, 0x41, 0x7B, 0xFF, 0x41, 0x7B, 0xFF, 0x42, 0x3C, 0xFF, 0x4D, 0xFF, 0xFF, 0x4E,
    0x7F, 0xFF, 0x4E, 0x7F, 0xFF, 0x4E, 0x7F, 0xFF, 0x4E, 0x7F, 0xFF, 0x4E, 0x7F, 0xFF, 0x4E, 0x7F,
    0xFF, 0x4E, 0x7F, 0xFF, 0x4E, 0x7F, 0xFF, 0x4E, 0x7F, 0xFF, 0x4E, 0x7F, 0xFF, 0x4E, 0x7F, 0xFF,
    0x4E, 0x7F, 0xFF, 0x4E, 0x7F, 0xFF, 0x4E, 0x7F, 0xFF, 0x4E, 0x7F, 0xFF, 0x4E, 0x7F, 0xFF, 0x4E,
    0x7F, 0xFF, 0x4E, 0x7F, 0xFF, 0x4E, 0x7F, 0xFF, 0x4E, 0x7F, 0xFF, 0x4E, 0x7F, 0xFF, 0x4E, 0x7F,
    0xFF, 0x4E, 0x7F, 0xFF, 0x4E, 0x7F, 0xFF, 0x4E, 0x7F, 0xFF, 0x4E, 0x7F, 0xFF, 0x4E, 0x7F, 0xFF,
    0x4E, 0x7F, 0xFF, 0x4E, 0x7F, 0xFF, 0x4E, 0x7F, 0xFF, 0x4E, 0x7F, 0xFF, 0x4E, 0x7F, 0xFF, 0x4E,
    0x7F, 0xFF, 0x4E, 0x7F, 0xFF, 0x4E, 0x7F, 0xFF, 0x4E, 0x7F, 0xFF, 0x4E, 0x7F, 0xFF, 0x4E, 0x7F,
    0xFF, 0x4E, 0x7F, 0xFF, 0x4E, 0x7F, 0xFF, 0x4E, 0x7F, 0xFF, 0x4E, 0x5F, 0xFF, 0x23, 0x50, 0xDC,
    0x00, 0x00, 0xBF, 0x00, 0x00, 0xBF, 0x00, 0x00, 0xBF, 0x00, 0x00, 0xBF, 0x00, 0x00, 0xBF, 0x00,
    0x00, 0xBF, 0x00, 0x00, 0xBF, 0x00, 0x00, 0xBF, 0x00, 0x00, 0xBF, 0x4C, 0xED, 0xF5, 0x55, 0x8E,
    0xFF, 0x55, 0x8E, 0xFF, 0x55, 0x8E, 0xFF, 0x55, 0x8E, 0xFF, 0x55, 0x6E, 0xFD, 0x33, 0x48, 0xE0,
    0x00, 0x20, 0xC1, 0x00, 0x00, 0xBF, 0x00, 0x00, 0xBF, 0x00, 0x00, 0xBF, 0x00, 0x00, 0xBF, 0x00,
    0x00, 0xBF, 0x00, 0x00, 0xBF, 0x00, 0x00, 0xBF, 0x00, 0x00, 0xBF, 0x00, 0x00, 0xBF, 0x00, 0x00,
    0xBF, 0x00, 0x00, 0xBF, 0x07, 0x42, 0xF8, 0x07, 0xE2, 0xFF, 0x07, 0xE2, 0xFF, 0x07, 0xE2, 0xFF,
    0x07, 0xE2, 0xFF, 0x07, 0xE2, 0xFF, 0x07, 0xE2, 0xFF, 0x07, 0xE2, 0xFF, 0x07, 0xE2, 0xFF, 0x07,
    0xE2, 0xFF, 0x07, 0xE2, 0xFF, 0x07, 0x42, 0xF8, 0x00, 0x00, 0xBF, 0x00, 0x00, 0xBF, 0x00, 0x00,
    0xBF, 0x00, 0x00, 0xBF, 0x00, 0x00, 0xBF, 0x00, 0x00, 0xBF, 0x00, 0x00, 0xBF, 0x00, 0x00, 0xBF,
    0x00, 0x00, 0xBF, 0x00, 0x00, 0xBF, 0x00, 0x00, 0xBF, 0x00, 0x00, 0xBF, 0x00, 0x00, 0xBF, 0x00,
    0x00, 0xBF, 0x00, 0x00, 0xBF, 0x00, 0x00, 0xBF, 0x18, 0xEF, 0xDA, 0x39, 0xDF, 0xFF, 0x39, 0xDF,
    0xFF, 0x39, 0xDF, 0xFF, 0x39, 0xDF, 0xFF, 0x39, 0xDF, 0xFF, 0x39, 0xDF, 0xFF, 0x39, 0xDF, 0xFF,
    0x18, 0xEF, 0xD9, 0x00, 0x00, 0xBF, 0x00, 0x00, 0xBF, 0x00, 0x00, 0xBF, 0x00, 0x00, 0xBF, 0x00,
    0x00, 0xC0, 0x08, 0x67, 0xCC, 0x29, 0x78, 0xEE, 0x39, 0xDF, 0xFF, 0x39, 0xDF, 0xFF, 0x39, 0xDF,
    0xFF, 0x39, 0xDF, 0xFF, 0x39, 0xDF, 0xFF, 0x39, 0xDF, 0xFF, 0x39, 0xDF, 0xFF, 0x29, 0x56, 0xE8,
    0x00, 0x00, 0xBF, 0x00, 0x00, 0xBF, 0x00, 0x00, 0xBF, 0x00, 0x00, 0xBF, 0x00, 0x00, 0xBF, 0x00,
    0x00, 0xBF, 0x00, 0x00, 0xBF, 0x00, 0x00, 0xBF, 0x29, 0x57, 0xEB, 0x39, 0xDF, 0xFF, 0x39, 0xDF,
    0xFF, 0x39, 0xDF, 0xFF, 0x39, 0xDF, 0xFF, 0x39, 0xDF, 0xFF, 0x39, 0xDF, 0xFF, 0x39, 0xDF, 0xFF,
    0x08, 0x45, 0xC8, 0x00, 0x00, 0xBF, 0x00, 0x00, 0xBF, 0x00, 0x00, 0xBF, 0x00, 0x00, 0xBF, 0x00,
    0x00, 0xBF, 0x00, 0x00, 0xBF, 0x00, 0x00, 0xBF, 0x00, 0x00, 0xBF, 0x00, 0x00, 0xBF, 0x00, 0x00,
    0xBF, 0x00, 0x00, 0xBF, 0x00, 0x00, 0xBF, 0x00, 0x00, 0xBF, 0x00, 0x00, 0xBF, 0x00, 0x01, 0xC2,
    0x39, 0xDF, 0xFE, 0x39, 0xDF, 0xFF, 0x39, 0xDF, 0xFF, 0x39, 0xDF, 0xFF, 0x39, 0xDF, 0xFF, 0x39,
    0xDF, 0xFF, 0x39, 0xDF, 0xFF, 0x39, 0xDF, 0xFF, 0x08, 0x46, 0xC9, 0x00, 0x00, 0xBF, 0x00, 0x00,
    0xBF, 0x00, 0x00, 0xBF, 0x00, 0x00, 0xBF, 0x00, 0x00, 0xBF, 0x00, 0x00, 0xBF, 0x00, 0x00, 0xBF,
    0x00, 0x00, 0xBF, 0x00, 0x00, 0xBF, 0x00, 0x00, 0xBF, 0x00, 0x00, 0xBF, 0x00, 0x00, 0xBF, 0x00,
    0x00, 0xBF, 0x29, 0x78, 0xEC, 0x39, 0xDF, 0xFF, 0x39, 0xDF, 0xFF, 0x39, 0xDF, 0xFF, 0x39, 0xDF,
    0xFF, 0x39, 0xDF, 0xFF, 0x39, 0xDF, 0xFF, 0x39, 0xDF, 0xFF, 0x18, 0xEF, 0xDA, 0x00, 0x00, 0xBF,
    0x00, 0x00, 0xBF, 0x00, 0x00, 0xBF, 0x00, 0x00, 0xBF, 0x21, 0x35, 0xE6, 0x39, 0xDF, 0xFF, 0x39,
    0xDF, 0xFF, 0x39, 0xDF, 0xFF, 0x39, 0xDF, 0xFF, 0x39, 0xDF, 0xFF, 0x39, 0xDF, 0xFF, 0x39, 0xDF,
    0xFF, 0x29, 0x56, 0xE9, 0x00, 0x00, 0xBF, 0x00, 0x00, 0xBF, 0x00, 0x00, 0xBF, 0x00, 0x00, 0xBF,
    0x00, 0x00, 0xBF, 0x00, 0x00, 0xBF, 0x00, 0x00, 0xBF, 0x00, 0x00, 0xBF, 0x00, 0x00, 0xBF, 0x00,
    0x00, 0xBF, 0x00, 0x00, 0xBF, 0x00, 0x00, 0xBF, 0x00, 0x00, 0xBF, 0x00, 0x00, 0xBF, 0x00, 0x00,
    0xBF, 0x00, 0x00, 0xBF, 0x00, 0x00, 0xBF, 0x00, 0x00, 0xBF, 0x00, 0x00, 0xBF, 0x00, 0x00, 0xBF,
    0x00, 0x00, 0xBF, 0x00, 0x00, 0xBF, 0x00, 0x00, 0xBF, 0x29, 0x78, 0xEC, 0x39, 0xDF, 0xFF, 0x39,
    0xDF, 0xFF, 0x39, 0xDF, 0xFF, 0x39, 0xDF, 0xFF, 0x39, 0xDF, 0xFF, 0x39, 0xDF, 0xFF, 0x39, 0xDF,
    0xFF, 0x31, 0xBD, 0xF9, 0x39, 0xDF, 0xFF, 0x39, 0xDF, 0xFF, 0x39, 0xDF, 0xFF, 0x39, 0xDF, 0xFF,
    0x39, 0xDF, 0xFF, 0x39, 0xDF, 0xFF, 0x39, 0xDF, 0xFF, 0x31, 0xBE, 0xFB, 0x08, 0x68, 0xCC, 0x00,
    0x00, 0xBF, 0x00, 0x00, 0xBF, 0x00, 0x00, 0xBF, 0x00, 0x00, 0xBF, 0x00, 0x00, 0xBF, 0x00, 0x00,
    0xBF, 0x00, 0x00, 0xBF, 0x00, 0x00, 0xBF, 0x00, 0x00, 0xBF, 0x00, 0x00, 0xBF, 0x00, 0x00, 0xBF,
    0x00, 0x00, 0xBF, 0x00, 0x00, 0xBF, 0x00, 0x00, 0xBF, 0x00, 0x00, 0xBF, 0x00, 0x00, 0xBF, 0x00,
    0x00, 0xBF, 0x00, 0x00, 0xBF, 0x00, 0x00, 0xBF, 0x00, 0x00, 0xBF, 0x00, 0x00, 0xBF, 0x00, 0x00,
    0xBF, 0x00, 0x00, 0xBF, 0x00, 0x00, 0xBF, 0x00, 0x00, 0xBF, 0x00, 0x00, 0xBF, 0x00, 0x00, 0xBF,
    0x00, 0x00, 0xBF, 0x00, 0x00, 0xBF, 0x18, 0x8A, 0xD3, 0x41, 0x7B, 0xFF, 0x41, 0x7B, 0xFF, 0x49,
    0xBC, 0xFF, 0x6A, 0xDD, 0xFF, 0x6A, 0xDD, 0xFF, 0x6A, 0xDD, 0xFF, 0x6A, 0xDD, 0xFF, 0x6A, 0xDD,
    0xFF, 0x6A, 0xDD, 0xFF, 0x6A, 0xDD, 0xFF, 0x6A, 0xDD, 0xFF, 0x6A, 0xDD, 0xFF, 0x51, 0xFC, 0xFF,
    0x41, 0x7B, 0xFF, 0x41, 0x7B, 0xFF, 0x41, 0x7B, 0xFF, 0x41, 0x7B, 0xFF, 0x41, 0x7B, 0xFF, 0x41,
    0x7B, 0xFF, 0x41, 0x7B, 0xFF, 0x41, 0x7B, 0xFF, 0x41, 0x7B, 0xFF, 0x41, 0x7B, 0xFF, 0x41, 0x7B,
    0xFF, 0x41, 0x7B, 0xFF, 0x41, 0x7B, 0xFF, 0x41, 0x7B, 0xFF, 0x41, 0x7B, 0xFF, 0x41, 0x7B, 0xFF,
    0x41, 0x7B, 0xFF, 0x41, 0x7B, 0xFF, 0x41, 0x7B, 0xFF, 0x41, 0x7B, 0xFF, 0x41, 0x7B, 0xFF, 0x41,
    0x7B, 0xFF, 0x41, 0x7B, 0xFF, 0x41, 0x7B, 0xFF, 0x42, 0x1C, 0xFF, 0x4D, 0xDF, 0xFF, 0x4E, 0x7F,
    0xFF, 0x4E, 0x7F, 0xFF, 0x4E, 0x7F, 0xFF, 0x4E, 0x7F, 0xFF, 0x4E, 0x7F, 0xFF, 0x4E, 0x7F, 0xFF,
    0x4E, 0x7F, 0xFF, 0x4E, 0x7F, 0xFF, 0x4E, 0x7F, 0xFF, 0x4E, 0x7F, 0xFF, 0x4E, 0x7F, 0xFF, 0x4E,
    0x7F, 0xFF, 0x4E, 0x7F, 0xFF, 0x4E, 0x7F, 0xFF, 0x4E, 0x7F, 0xFF, 0x4E, 0x7F, 0xFF, 0x4E, 0x7F,
    0xFF, 0x4E, 0x7F, 0xFF, 0x4E, 0x7F, 0xFF, 0x4E, 0x7F, 0xFF, 0x4E, 0x7F, 0xFF, 0x4E, 0x7F, 0xFF,
    0x4E, 0x7F, 0xFF, 0x4E, 0x7F, 0xFF, 0x4E, 0x7F, 0xFF, 0x4E, 0x7F, 0xFF, 0x4E, 0x7F, 0xFF, 0x4E,
    0x7F, 0xFF, 0x4E, 0x7F, 0xFF, 0x4E, 0x7F, 0xFF, 0x4E, 0x7F, 0xFF, 0x4E, 0x7F, 0xFF, 0x4E, 0x7F,
    0xFF, 0x4E, 0x7F, 0xFF, 0x4E, 0x7F, 0xFF, 0x4E, 0x7F, 0xFF, 0x4E, 0x7F, 0xFF, 0x4E, 0x7F, 0xFF,
    0x4E, 0x7F, 0xFF, 0x4E, 0x7F, 0xFF, 0x4E, 0x7F, 0xFF, 0x4E, 0x7F, 0xFF, 0x4E, 0x7F, 0xFF, 0x4E,
    0x5F, 0xFE, 0x22, 0xCD, 0xD6, 0x00, 0x00, 0xBF, 0x00, 0x00, 0xBF, 0x00, 0x00, 0xBF, 0x00, 0x00,
    0xBF, 0x00, 0x00, 0xBF, 0x00, 0x00, 0xBF, 0x00, 0x00, 0xBF, 0x00, 0x20, 0xC1, 0x55, 0x6E, 0xFC,
    0x55, 0x8E, 0xFF, 0x55, 0x8E, 0xFF, 0x55, 0x8E, 0xFF, 0x55, 0x8E, 0xFF, 0x55, 0x8E, 0xFF, 0x55,
    0x8E, 0xFF, 0x4C, 0xCC, 0xF3, 0x11, 0x63, 0xCC, 0x00, 0x00, 0xBF, 0x00, 0x00, 0xBF, 0x00, 0x00,
    0xBF, 0x00, 0x00, 0xBF, 0x00, 0x00, 0xBF, 0x00, 0x00, 0xBF, 0x00, 0x00, 0xBF, 0x00, 0x00, 0xBF,
    0x00, 0x00, 0xBF, 0x00, 0x00, 0xBF, 0x07, 0x42, 0xF8, 0x07, 0xE2, 0xFF, 0x07, 0xE2, 0xFF, 0x07,
    0xE2, 0xFF, 0x07, 0xE2, 0xFF, 0x07, 0xE2, 0xFF, 0x07, 0xE2, 0xFF, 0x07, 0xE2, 0xFF, 0x07, 0xE2,
    0xFF, 0x07, 0xE2, 0xFF, 0x07, 0xE2, 0xFF, 0x07, 0x42, 0xF8, 0x00, 0x00, 0xBF, 0x00, 0x00, 0xBF,
    0x00, 0x00, 0xBF, 0x00, 0x00, 0xBF, 0x00, 0x00, 0xBF, 0x00, 0x00, 0xBF, 0x00, 0x00, 0xBF, 0x00,
    0x00, 0xBF, 0x00, 0x00, 0xBF, 0x00, 0x00, 0xBF, 0x00, 0x00, 0xBF, 0x00, 0x00, 0xBF, 0x00, 0x00,
    0xBF, 0x00, 0x00, 0xBF, 0x00, 0x00, 0xBF, 0x00, 0x00, 0xBF, 0x18, 0xEF, 0xDA, 0x39, 0xDF, 0xFF,
    0x39, 0xDF, 0xFF, 0x39, 0xDF, 0xFF, 0x39, 0xDF, 0xFF, 0x39, 0xDF, 0xFF, 0x39, 0xDF, 0xFF, 0x39,
    0xDF, 0xFF, 0x31, 0xBE, 0xFA, 0x31, 0xBC, 0xF6, 0x31, 0xBC, 0xF6, 0x31, 0xBC, 0xF6, 0x31, 0xBD,
    0xF7, 0x39, 0xDF, 0xFE, 0x39, 0xDF, 0xFF, 0x39, 0xDF, 0xFF, 0x39, 0xDF, 0xFF, 0x39, 0xDF, 0xFF,
    0x39, 0xDF, 0xFF, 0x39, 0xDF, 0xFF, 0x39, 0xDF, 0xFF, 0x39, 0xDF, 0xFF, 0x31, 0xBD, 0xF9, 0x08,
    0x44, 0xC6, 0x00, 0x00, 0xBF, 0x00, 0x00, 0xBF, 0x00, 0x00, 0xBF, 0x00, 0x00, 0xBF, 0x00, 0x00,
    0xBF, 0x00, 0x00, 0xBF, 0x00, 0x00, 0xBF, 0x00, 0x00, 0xBF, 0x29, 0x57, 0xEB, 0x39, 0xDF, 0xFF,
    0x39, 0xDF, 0xFF, 0x39, 0xDF, 0xFF, 0x39, 0xDF, 0xFF, 0x39, 0xDF, 0xFF, 0x39, 0xDF, 0xFF, 0x39,
    0xDF, 0xFF, 0x08, 0x45, 0xC8, 0x00, 0x00, 0xBF, 0x00, 0x00, 0xBF, 0x00, 0x00, 0xBF, 0x00, 0x00,
    0xBF, 0x00, 0x00, 0xBF, 0x00, 0x00, 0xBF, 0x00, 0x00, 0xBF, 0x00, 0x00, 0xBF, 0x00, 0x00, 0xBF,
    0x00, 0x00, 0xBF, 0x00, 0x00, 0xBF, 0x00, 0x00, 0xBF, 0x00, 0x00, 0xBF, 0x00, 0x00, 0xBF, 0x08,
    0x66, 0xCA, 0x39, 0xDF, 0xFF, 0x39, 0xDF, 0xFF, 0x39, 0xDF, 0xFF, 0x39, 0xDF, 0xFF, 0x39, 0xDF,
    0xFF, 0x39, 0xDF, 0xFF, 0x39, 0xDF, 0xFF, 0x39, 0xDE, 0xFC, 0x00, 0x00, 0xBF, 0x00, 0x00, 0xBF,
    0x00, 0x00, 0xBF, 0x00, 0x00, 0xBF, 0x00, 0x00, 0xBF, 0x00, 0x00, 0xBF, 0x00, 0x00, 0xBF, 0x00,
    0x00, 0xBF, 0x00, 0x00, 0xBF, 0x00, 0x00, 0xBF, 0x00, 0x00, 0xBF, 0x00, 0x00, 0xBF, 0x00, 0x00,
    0xBF, 0x00, 0x00, 0xBF, 0x21, 0x12, 0xE0, 0x39, 0xDF, 0xFF, 0x39, 0xDF, 0xFF, 0x39, 0xDF, 0xFF,
    0x39, 0xDF, 0xFF, 0x39, 0xDF, 0xFF, 0x39, 0xDF, 0xFF, 0x39, 0xDF, 0xFF, 0x21, 0x35, 0xE5, 0x00,
    0x00, 0xBF, 0x00, 0x00, 0xBF, 0x00, 0x00, 0xBF, 0x00, 0x00, 0xBF, 0x29, 0x79, 0xF0, 0x39, 0xDF,
    0xFF, 0x39, 0xDF, 0xFF, 0x39, 0xDF, 0xFF, 0x39, 0xDF, 0xFF, 0x39, 0xDF, 0xFF, 0x39, 0xDF, 0xFF,
    0x39, 0xDF, 0xFF, 0x18, 0xEF, 0xDA, 0x00, 0x00, 0xBF, 0x00, 0x00, 0xBF, 0x00, 0x00, 0xBF, 0x00,
    0x00, 0xBF, 0x00, 0x00, 0xBF, 0x00, 0x00, 0xBF, 0x00, 0x00, 0xBF, 0x00, 0x00, 0xBF, 0x00, 0x00,
    0xBF, 0x00, 0x00, 0xBF, 0x00, 0x00, 0xBF, 0x00, 0x00, 0xBF, 0x00, 0x00, 0xBF, 0x00, 0x00, 0xBF,
    0x00, 0x00, 0xBF, 0x00, 0x00, 0xBF, 0x00, 0x00, 0xBF, 0x00, 0x00, 0xBF, 0x00, 0x00, 0xBF, 0x00,
    0x00, 0xBF, 0x00, 0x00, 0xBF, 0x00, 0x00, 0xBF, 0x00, 0x00, 0xBF, 0x29, 0x78, 0xEC, 0x39, 0xDF,
    0xFF, 0x39, 0xDF, 0xFF, 0x39, 0xDF, 0xFF, 0x39, 0xDF, 0xFF, 0x39, 0xDF, 0xFF, 0x39, 0xDF, 0xFF,
    0x39, 0xDF, 0xFF, 0x39, 0xDF, 0xFF, 0x39, 0xDF, 0xFF, 0x39, 0xDF, 0xFF, 0x39, 0xDF, 0xFF, 0x39,
    0xDF, 0xFF, 0x39, 0xDF, 0xFF, 0x39, 0xDF, 0xFF, 0x31, 0xBE, 0xFA, 0x08, 0x68, 0xCC, 0x00, 0x00,
    0xBF, 0x00, 0x00, 0xBF, 0x00, 0x00, 0xBF, 0x00, 0x00, 0xBF, 0x00, 0x00, 0xBF, 0x00, 0x00, 0xBF,
    0x00, 0x00, 0xBF, 0x00, 0x00, 0xBF, 0x00, 0x00, 0xBF, 0x00, 0x00, 0xBF, 0x00, 0x00, 0xBF, 0x00,
    0x00, 0xBF, 0x00, 0x00, 0xBF, 0x00, 0x00, 0xBF, 0x00, 0x00, 0xBF, 0x00, 0x00, 0xBF, 0x00, 0x00,
    0xBF, 0x00, 0x00, 0xBF, 0x00, 0x00, 0xBF, 0x00, 0x00, 0xBF, 0x00, 0x00, 0xBF, 0x00, 0x00, 0xBF,
    0x00, 0x00, 0xBF, 0x00, 0x00, 0xBF, 0x00, 0x00, 0xBF, 0x00, 0x00, 0xBF, 0x00, 0x00, 0xBF, 0x00,
    0x00, 0xBF, 0x00, 0x00, 0xBF, 0x00, 0x00, 0xBF, 0x10, 0x89, 0xD1, 0x41, 0x7B, 0xFF, 0x41, 0x7B,
    0xFF, 0x41, 0x9B, 0xFF, 0x6A, 0xDD, 0xFF, 0x6A, 0xDD, 0xFF, 0x6A, 0xDD, 0xFF, 0x6A, 0xDD, 0xFF,
    0x6A, 0xDD, 0xFF, 0x6A, 0xDD, 0xFF, 0x6A, 0xDD, 0xFF, 0x6A, 0xDD, 0xFF, 0x6A, 0xDD, 0xFF, 0x6A,
    0x9D, 0xFF, 0x41, 0x7B, 0xFF, 0x41, 0x7B, 0xFF, 0x41, 0x7B, 0xFF, 0x41, 0x7B, 0xFF, 0x41, 0x7B,
    0xFF, 0x41, 0x7B, 0xFF, 0x41, 0x7B, 0xFF, 0x41, 0x7B, 0xFF, 0x41, 0x7B, 0xFF, 0x41, 0x7B, 0xFF,
    0x41, 0x7B, 0xFF, 0x41, 0x7B, 0xFF, 0x41, 0x7B, 0xFF, 0x41, 0x7B, 0xFF, 0x41, 0x7B, 0xFF, 0x41,
    0x7B, 0xFF, 0x41, 0x7B, 0xFF, 0x41, 0x7B, 0xFF, 0x41, 0x7B, 0xFF, 0x41, 0x7B, 0xFF, 0x41, 0x7B,
    0xFF, 0x41, 0x7B, 0xFF, 0x41, 0x7B, 0xFF, 0x42, 0x1C, 0xFF, 0x4D, 0xBF, 0xFF, 0x4E, 0x7F, 0xFF,
    0x4E, 0x7F, 0xFF, 0x4E, 0x7F, 0xFF, 0x4E, 0x7F, 0xFF, 0x4E, 0x7F, 0xFF, 0x4E, 0x7F, 0xFF, 0x4E,
    0x7F, 0xFF, 0x4E, 0x7F, 0xFF, 0x4E, 0x7F, 0xFF, 0x4E, 0x7F, 0xFF, 0x4E, 0x7F, 0xFF, 0x4E, 0x7F,
    0xFF, 0x4E, 0x7F, 0xFF, 0x4E, 0x7F, 0xFF, 0x4E, 0x7F, 0xFF, 0x4E, 0x7F, 0xFF, 0x4E, 0x7F, 0xFF,
    0x4E, 0x7F, 0xFF, 0x4E, 0x7F, 0xFF, 0x4E, 0x7F, 0xFF, 0x4E, 0x7F, 0xFF, 0x4E, 0x7F, 0xFF, 0x4E,
    0x7F, 0xFF, 0x4E, 0x7F, 0xFF, 0x4E, 0x7F, 0xFF, 0x4E, 0x7F, 0xFF, 0x4E, 0x7F, 0xFF, 0x4E, 0x7F,
    0xFF, 0x4E, 0x7F, 0xFF, 0x4E, 0x7F, 0xFF, 0x4E, 0x7F, 0xFF, 0x4E, 0x7F, 0xFF, 0x4E, 0x7F, 0xFF,
    0x4E, 0x7F, 0xFF, 0x4E, 0x7F, 0xFF, 0x4E, 0x7F, 0xFF, 0x4E, 0x7F, 0xFF, 0x4E, 0x7F, 0xFF, 0x4E,
    0x7F, 0xFF, 0x4E, 0x7F, 0xFF, 0x4E, 0x7F, 0xFF, 0x4E, 0x7F, 0xFF, 0x4E, 0x7F, 0xFF, 0x4E, 0x7F,
    0xFF, 0x4E, 0x7F, 0xFF, 0x4E, 0x3F, 0xFD, 0x11, 0xE9, 0xCF, 0x00, 0x00, 0xBF, 0x00, 0x00, 0xBF,
    0x00, 0x00, 0xBF, 0x00, 0x00, 0xBF, 0x00, 0x00, 0xBF, 0x00, 0x00, 0xBF, 0x09, 0x02, 0xC8, 0x55,
    0x8E, 0xFE, 0x55, 0x8E, 0xFF, 0x55, 0x8E, 0xFF, 0x55, 0x8E, 0xFF, 0x55, 0x8E, 0xFF, 0x55, 0x8E,
    0xFF, 0x55, 0x8E, 0xFF, 0x55, 0x8E, 0xFF, 0x4D, 0x2D, 0xF9, 0x00, 0x40, 0xC2, 0x00, 0x00, 0xBF,
    0x00, 0x00, 0xBF, 0x00, 0x00, 0xBF, 0x00, 0x00, 0xBF, 0x00, 0x00, 0xBF, 0x00, 0x00, 0xBF, 0x00,
    0x00, 0xBF, 0x00, 0x00, 0xBF, 0x00, 0x00, 0xBF, 0x07, 0x42, 0xF8, 0x07, 0xE2, 0xFF, 0x07, 0xE2,
    0xFF, 0x07, 0xE2, 0xFF, 0x07, 0xE2, 0xFF, 0x07, 0xE2, 0xFF, 0x07, 0xE2, 0xFF, 0x07, 0xE2, 0xFF,
    0x07, 0xE2, 0xFF, 0x07, 0xE2, 0xFF, 0x07, 0xE2, 0xFF, 0x07, 0x42, 0xF8, 0x00, 0x00, 0xBF, 0x00,
    0x00, 0xBF, 0x00, 0x00, 0xBF, 0x00, 0x00, 0xBF, 0x00, 0x00, 0xBF, 0x00, 0x00, 0xBF, 0x00, 0x00,
    0xBF, 0x00, 0x00, 0xBF, 0x00, 0x00, 0xBF, 0x00, 0x00, 0xBF, 0x00, 0x00, 0xBF, 0x00, 0x00, 0xBF,
    0x00, 0x00, 0xBF, 0x00, 0x00, 0xBF, 0x00, 0x00, 0xBF, 0x00, 0x00, 0xBF, 0x18, 0xEF, 0xDA, 0x39,
    0xDF, 0xFF, 0x39, 0xDF, 0xFF, 0x39, 0xDF, 0xFF, 0x39, 0xDF, 0xFF, 0x39, 0xDF, 0xFF, 0x39, 0xDF,
    0xFF, 0x39, 0xDF, 0xFF, 0x39, 0xDF, 0xFF, 0x39, 0xDF, 0xFF, 0x39, 0xDF, 0xFF, 0x39, 0xDF, 0xFF,
    0x39, 0xDF, 0xFF, 0x39, 0xDF, 0xFF, 0x39, 0xDF, 0xFF, 0x39, 0xDF, 0xFF, 0x39, 0xDF, 0xFF, 0x39,
    0xDF, 0xFF, 0x39, 0xDF, 0xFF, 0x39, 0xDF, 0xFF, 0x39, 0xDF, 0xFF, 0x31, 0x9A, 0xF2, 0x08, 0x46,
    0xC9, 0x00, 0x00, 0xBF, 0x00, 0x00, 0xBF, 0x00, 0x00, 0xBF, 0x00, 0x00, 0xBF, 0x00, 0x00, 0xBF,
    0x00, 0x00, 0xBF, 0x00, 0x00, 0xBF, 0x00, 0x00, 0xBF, 0x00, 0x00, 0xBF, 0x29, 0x57, 0xEB, 0x39,
    0xDF, 0xFF, 0x39, 0xDF, 0xFF, 0x39, 0xDF, 0xFF, 0x39, 0xDF, 0xFF, 0x39, 0xDF, 0xFF, 0x39, 0xDF,
    0xFF, 0x39, 0xDF, 0xFF, 0x08, 0x45, 0xC8, 0x00, 0x00, 0xBF, 0x00, 0x00, 0xBF, 0x00, 0x00, 0xBF,
    0x00, 0x00, 0xBF, 0x00, 0x00, 0xBF, 0x00, 0x00, 0xBF, 0x00, 0x00, 0xBF, 0x00, 0x00, 0xBF, 0x00,
    0x00, 0xBF, 0x00, 0x00, 0xBF, 0x00, 0x00, 0xBF, 0x00, 0x00, 0xBF, 0x00, 0x00, 0xBF, 0x00, 0x00,
    0xBF, 0x10, 0x89, 0xCF, 0x39, 0xDF, 0xFF, 0x39, 0xDF, 0xFF, 0x39, 0xDF, 0xFF, 0x39, 0xDF, 0xFF,
    0x39, 0xDF, 0xFF, 0x39, 0xDF, 0xFF, 0x39, 0xDF, 0xFF, 0x31, 0x9B, 0xF3, 0x00, 0x00, 0xBF, 0x00,
    0x00, 0xBF, 0x00, 0x00, 0xBF, 0x00, 0x00, 0xBF, 0x00, 0x00, 0xBF, 0x00, 0x00, 0xBF, 0x00, 0x00,
    0xBF, 0x00, 0x00, 0xBF, 0x00, 0x00, 0xBF, 0x00, 0x00, 0xBF, 0x00, 0x00, 0xBF, 0x00, 0x00, 0xBF,
    0x00, 0x00, 0xBF, 0x00, 0x00, 0xBF, 0x18, 0xCD, 0xD6, 0x39, 0xDF, 0xFF, 0x39, 0xDF, 0xFF, 0x39,
    0xDF, 0xFF, 0x39, 0xDF, 0xFF, 0x39, 0xDF, 0xFF, 0x39, 0xDF, 0xFF, 0x39, 0xDF, 0xFF, 0x29, 0x57,
    0xEA, 0x00, 0x00, 0xBF, 0x00, 0x00, 0xBF, 0x00, 0x00, 0xBF, 0x00, 0x00, 0xBF, 0x31, 0x9C, 0xF5,
    0x39, 0xDF, 0xFF, 0x39, 0xDF, 0xFF, 0x39, 0xDF, 0xFF, 0x39, 0xDF, 0xFF, 0x39, 0xDF, 0xFF, 0x39,
    0xDF, 0xFF, 0x39, 0xDF, 0xFF, 0x10, 0x88, 0xCD, 0x00, 0x00, 0xBF, 0x00, 0x00, 0xBF, 0x00, 0x00,
    0xBF, 0x00, 0x00, 0xBF, 0x00, 0x00, 0xBF, 0x00, 0x00, 0xBF, 0x00, 0x00, 0xBF, 0x00, 0x00, 0xBF,
    0x00, 0x00, 0xBF, 0x00, 0x00, 0xBF, 0x00, 0x00, 0xBF, 0x00, 0x00, 0xBF, 0x00, 0x00, 0xBF, 0x00,
    0x00, 0xBF, 0x00, 0x00, 0xBF, 0x00, 0x00, 0xBF, 0x00, 0x00, 0xBF, 0x00, 0x00, 0xBF, 0x00, 0x00,
    0xBF, 0x00, 0x00, 0xBF, 0x00, 0x00, 0xBF, 0x00, 0x00, 0xBF, 0x00, 0x00, 0xBF, 0x29, 0x78, 0xEC,
    0x39, 0xDF, 0xFF, 0x39, 0xDF, 0xFF, 0x39, 0xDF, 0xFF, 0x39, 0xDF, 0xFF, 0x39, 0xDF, 0xFF, 0x39,
    0xDF, 0xFF, 0x39, 0xDF, 0xFF, 0x39, 0xDF, 0xFF, 0x39, 0xDF, 0xFF, 0x39, 0xDF, 0xFF, 0x39, 0xDF,
    0xFF, 0x39, 0xDF, 0xFF, 0x39, 0xDF, 0xFF, 0x31, 0xBE, 0xFA, 0x08, 0x67, 0xCB, 0x00, 0x00, 0xBF,
    0x00, 0x00, 0xBF, 0x00, 0x00, 0xBF, 0x00, 0x00, 0xBF, 0x00, 0x00, 0xBF, 0x00, 0x00, 0xBF, 0x00,
    0x00, 0xBF, 0x00, 0x00, 0xBF, 0x00, 0x00, 0xBF, 0x00, 0x00, 0xBF, 0x00, 0x00, 0xBF, 0x00, 0x00,
    0xBF, 0x00, 0x00, 0xBF, 0x00, 0x00, 0xBF, 0x00, 0x00, 0xBF, 0x00, 0x00, 0xBF, 0x00, 0x00, 0xBF,
    0x00, 0x00, 0xBF, 0x00, 0x00, 0xBF, 0x00, 0x00, 0xBF, 0x00, 0x00, 0xBF, 0x00, 0x00, 0xBF, 0x00,
    0x00, 0xBF, 0x00, 0x00, 0xBF, 0x00, 0x00, 0xBF, 0x00, 0x00, 0xBF, 0x00, 0x00, 0xBF, 0x00, 0x00,
    0xBF, 0x00, 0x00, 0xBF, 0x00, 0x00, 0xBF, 0x00, 0x00, 0xBF, 0x10, 0x68, 0xCE, 0x41, 0x7B, 0xFF,
    0x41, 0x7B, 0xFF, 0x41, 0x7B, 0xFF, 0x6A, 0xBD, 0xFF, 0x6A, 0xDD, 0xFF, 0x6A, 0xDD, 0xFF, 0x6A,
    0xDD, 0xFF, 0x6A, 0xDD, 0xFF, 0x6A, 0xDD, 0xFF, 0x6A, 0xDD, 0xFF, 0x6A, 0xDD, 0xFF, 0x6A, 0xDD,
    0xFF, 0x6A, 0xDD, 0xFF, 0x51, 0xFC, 0xFF, 0x41, 0x7B, 0xFF, 0x41, 0x7B, 0xFF, 0x41, 0x7B, 0xFF,
    0x41, 0x7B, 0xFF, 0x41, 0x7B, 0xFF, 0x41, 0x7B, 0xFF, 0x41, 0x7B, 0xFF, 0x41, 0x7B, 0xFF, 0x41,
    0x7B, 0xFF, 0x41, 0x7B, 0xFF, 0x41, 0x7B, 0xFF, 0x41, 0x7B, 0xFF, 0x41, 0x7B, 0xFF, 0x41, 0x7B,
    0xFF, 0x41, 0x7B, 0xFF, 0x41, 0x7B, 0xFF, 0x41, 0x7B, 0xFF, 0x41, 0x7B, 0xFF, 0x41, 0x7B, 0xFF,
    0x41, 0x7B, 0xFF, 0x41, 0x7B, 0xFF, 0x42, 0x1C, 0xFF, 0x4D, 0xBF, 0xFF, 0x4E, 0x7F, 0xFF, 0x4E,
    0x7F, 0xFF, 0x4E, 0x7F, 0xFF, 0x4E, 0x7F, 0xFF, 0x4E, 0x7F, 0xFF, 0x4E, 0x7F, 0xFF, 0x4E, 0x7F,
    0xFF, 0x4E, 0x7F, 0xFF, 0x4E, 0x7F, 0xFF, 0x4E, 0x7F, 0xFF, 0x4E, 0x7F, 0xFF, 0x4E, 0x7F, 0xFF,
    0x4E, 0x7F, 0xFF, 0x4E, 0x7F, 0xFF, 0x4E, 0x7F, 0xFF, 0x4E, 0x7F, 0xFF, 0x4E, 0x7F, 0xFF, 0x4E,
    0x7F, 0xFF, 0x4E, 0x7F, 0xFF, 0x4E, 0x7F, 0xFF, 0x4E, 0x7F, 0xFF, 0x4E, 0x7F, 0xFF, 0x4E, 0x7F,
    0xFF, 0x4E, 0x7F, 0xFF, 0x4E, 0x7F, 0xFF, 0x4E, 0x7F, 0xFF, 0x4E, 0x7F, 0xFF, 0x4E, 0x7F, 0xFF,
    0x4E, 0x7F, 0xFF, 0x4E, 0x7F, 0xFF, 0x4E, 0x7F, 0xFF, 0x4E, 0x7F, 0xFF, 0x4E, 0x7F, 0xFF, 0x4E,
    0x7F, 0xFF, 0x4E, 0x7F, 0xFF, 0x4E, 0x7F, 0xFF, 0x4E, 0x7F, 0xFF, 0x4E, 0x7F, 0xFF, 0x4E, 0x7F,
    0xFF, 0x4E, 0x7F, 0xFF, 0x4E, 0x7F, 0xFF, 0x4E, 0x7F, 0xFF, 0x4E, 0x7F, 0xFF, 0x4E, 0x7F, 0xFF,
    0x4E, 0x7F, 0xFF, 0x4E, 0x7F, 0xFF, 0x4E, 0x7F, 0xFF, 0x4D, 0xFD, 0xF9, 0x09, 0x05, 0xC7, 0x00,
    0x00, 0xBF, 0x00, 0x00, 0xBF, 0x00, 0x00, 0xBF, 0x00, 0x00, 0xBF, 0x00, 0x00, 0xBF, 0x19, 0xE5,
    0xD1, 0x55, 0x8E, 0xFF, 0x55, 0x8E, 0xFF, 0x55, 0x8E, 0xFF, 0x55, 0x8E, 0xFF, 0x55, 0x8E, 0xFF,
    0x55, 0x8E, 0xFF, 0x55, 0x8E, 0xFF, 0x55, 0x8E, 0xFE, 0x19, 0xE5, 0xD2, 0x00, 0x00, 0xBF, 0x00,
    0x00, 0xBF, 0x00, 0x00, 0xBF, 0x00, 0x00, 0xBF, 0x00, 0x00, 0xBF, 0x00, 0x00, 0xBF, 0x00, 0x00,
    0xBF, 0x00, 0x00, 0xBF, 0x00, 0x00, 0xBF, 0x00, 0x00, 0xBF, 0x07, 0x42, 0xF8, 0x07, 0xE2, 0xFF,
    0x07, 0xE2, 0xFF, 0x07, 0xE2, 0xFF, 0x07, 0xE2, 0xFF, 0x07, 0xE2, 0xFF, 0x07, 0xE2, 0xFF, 0x07,
    0xE2, 0xFF, 0x07, 0xE2, 0xFF, 0x07, 0xE2, 0xFF, 0x07, 0xE2, 0xFF, 0x07, 0x42, 0xF8, 0x00, 0x00,
    0xBF, 0x00, 0x00, 0xBF, 0x00, 0x00, 0xBF, 0x00, 0x00, 0xBF, 0x00, 0x00, 0xBF, 0x00, 0x00, 0xBF,
    0x00, 0x00, 0xBF, 0x00, 0x00, 0xBF, 0x00, 0x00, 0xBF, 0x00, 0x00, 0xBF, 0x00, 0x00, 0xBF, 0x00,
    0x00, 0xBF, 0x00, 0x00, 0xBF, 0x00, 0x00, 0xBF, 0x00, 0x00, 0xBF, 0x00, 0x00, 0xBF, 0x18, 0xEF,
    0xDA, 0x39, 0xDF, 0xFF, 0x39, 0xDF, 0xFF, 0x39, 0xDF, 0xFF, 0x39, 0xDF, 0xFF, 0x39, 0xDF, 0xFF,
    0x39, 0xDF, 0xFF, 0x39, 0xDF, 0xFF, 0x39, 0xDF, 0xFF, 0x39, 0xDF, 0xFF, 0x39, 0xDF, 0xFF, 0x39,
    0xDF, 0xFF, 0x39, 0xDF, 0xFF, 0x39, 0xDF, 0xFF, 0x39, 0xDF, 0xFF, 0x39, 0xDF, 0xFF, 0x39, 0xDF,
    0xFF, 0x39, 0xDF, 0xFF, 0x39, 0xDF, 0xFF, 0x39, 0xDF, 0xFF, 0x29, 0x79, 0xF0, 0x08, 0x44, 0xC5,
    0x00, 0x00, 0xBF, 0x00, 0x00, 0xBF, 0x00, 0x00, 0xBF, 0x00, 0x00, 0xBF, 0x00, 0x00, 0xBF, 0x00,
    0x00, 0xBF, 0x00, 0x00, 0xBF, 0x00, 0x00, 0xBF, 0x00, 0x00, 0xBF, 0x00, 0x00, 0xBF, 0x29, 0x57,
    0xEB, 0x39, 0xDF, 0xFF, 0x39, 0xDF, 0xFF, 0x39, 0xDF, 0xFF, 0x39, 0xDF, 0xFF, 0x39, 0xDF, 0xFF,
    0x39, 0xDF, 0xFF, 0x39, 0xDF, 0xFF, 0x08, 0x45, 0xC8, 0x00, 0x00, 0xBF, 0x00, 0x00, 0xBF, 0x00,
    0x00, 0xBF, 0x00, 0x00, 0xBF, 0x00, 0x00, 0xBF, 0x00, 0x00, 0xBF, 0x00, 0x00, 0xBF, 0x00, 0x00,
    0xBF, 0x00, 0x00, 0xBF, 0x00, 0x00, 0xBF, 0x00, 0x00, 0xBF, 0x00, 0x00, 0xBF, 0x00, 0x00, 0xBF,
    0x00, 0x00, 0xBF, 0x10, 0xAC, 0xD3, 0x39, 0xDF, 0xFF, 0x39, 0xDF, 0xFF, 0x39, 0xDF, 0xFF, 0x39,
    0xDF, 0xFF, 0x39, 0xDF, 0xFF, 0x39, 0xDF, 0xFF, 0x39, 0xDF, 0xFF, 0x29, 0x79, 0xEF, 0x00, 0x00,
    0xBF, 0x00, 0x00, 0xBF, 0x00, 0x00, 0xBF, 0x00, 0x00, 0xBF, 0x00, 0x00, 0xBF, 0x00, 0x00, 0xBF,
    0x00, 0x00, 0xBF, 0x00, 0x00, 0xBF, 0x00, 0x00, 0xBF, 0x00, 0x00, 0xBF, 0x00, 0x00, 0xBF, 0x00,
    0x00, 0xBF, 0x00, 0x00, 0xBF, 0x00, 0x00, 0xBF, 0x10, 0xAB, 0xD2, 0x39, 0xDF, 0xFF, 0x39, 0xDF,
    0xFF, 0x39, 0xDF, 0xFF, 0x39, 0xDF, 0xFF, 0x39, 0xDF, 0xFF, 0x39, 0xDF, 0xFF, 0x39, 0xDF, 0xFF,
    0x29, 0x79, 0xEF, 0x00, 0x00, 0xBF, 0x00, 0x00, 0xBF, 0x00, 0x00, 0xBF, 0x00, 0x00, 0xBF, 0x31,
    0xBE, 0xFA, 0x39, 0xDF, 0xFF, 0x39, 0xDF, 0xFF, 0x39, 0xDF, 0xFF, 0x39, 0xDF, 0xFF, 0x39, 0xDF,
    0xFF, 0x39, 0xDF, 0xFF, 0x39, 0xDF, 0xFF, 0x08, 0x46, 0xC9, 0x00, 0x00, 0xBF, 0x00, 0x00, 0xBF,
    0x00, 0x00, 0xBF, 0x00, 0x00, 0xBF, 0x00, 0x00, 0xBF, 0x00, 0x00, 0xBF, 0x00, 0x00, 0xBF, 0x00,
    0x00, 0xBF, 0x00, 0x00, 0xBF, 0x00, 0x00, 0xBF, 0x00, 0x00, 0xBF, 0x00, 0x00, 0xBF, 0x00, 0x00,
    0xBF, 0x00, 0x00, 0xBF, 0x00, 0x00, 0xBF, 0x00, 0x00, 0xBF, 0x00, 0x00, 0xBF, 0x00, 0x00, 0xBF,
    0x00, 0x00, 0xBF, 0x00, 0x00, 0xBF, 0x00, 0x00, 0xBF, 0x00, 0x00, 0xBF, 0x00, 0x00, 0xBF, 0x29,
    0x78, 0xEC, 0x39, 0xDF, 0xFF, 0x39, 0xDF, 0xFF, 0x39, 0xDF, 0xFF, 0x39, 0xDF, 0xFF, 0x39, 0xDF,
    0xFF, 0x39, 0xDF, 0xFF, 0x39, 0xDF, 0xFF, 0x39, 0xDF, 0xFF, 0x39, 0xDF, 0xFF, 0x39, 0xDF, 0xFF,
    0x39, 0xDF, 0xFF, 0x39, 0xDF, 0xFF, 0x39, 0xDF, 0xFE, 0x08, 0x67, 0xCB, 0x00, 0x00, 0xBF, 0x00,
    0x00, 0xBF, 0x00, 0x00, 0xBF, 0x00, 0x00, 0xBF, 0x00, 0x00, 0xBF, 0x00, 0x00, 0xBF, 0x00, 0x00,
    0xBF, 0x00, 0x00, 0xBF, 0x00, 0x00, 0xBF, 0x00, 0x00, 0xBF, 0x00, 0x00, 0xBF, 0x00, 0x00, 0xBF,
    0x00, 0x00, 0xBF, 0x00, 0x00, 0xBF, 0x00, 0x00, 0xBF, 0x00, 0x00, 0xBF, 0x00, 0x00, 0xBF, 0x00,
    0x00, 0xBF, 0x00, 0x00, 0xBF, 0x00, 0x00, 0xBF, 0x00, 0x00, 0xBF, 0x00, 0x00, 0xBF, 0x00, 0x00,
    0xBF, 0x00, 0x00, 0xBF, 0x00, 0x00, 0xBF, 0x00, 0x00, 0xBF, 0x00, 0x00, 0xBF, 0x00, 0x00, 0xBF,
    0x00, 0x00, 0xBF, 0x00, 0x00, 0xBF, 0x00, 0x00, 0xBF, 0x00, 0x00, 0xBF, 0x10, 0x46, 0xCC, 0x41,
    0x7B, 0xFF, 0x41, 0x7B, 0xFF, 0x41, 0x7B, 0xFF, 0x62, 0x7C, 0xFF, 0x6A, 0xDD, 0xFF, 0x6A, 0xDD,
    0xFF, 0x6A, 0xDD, 0xFF, 0x6A, 0xDD, 0xFF, 0x6A, 0xDD, 0xFF, 0x6A, 0xDD, 0xFF, 0x6A, 0xDD, 0xFF,
    0x6A, 0xDD, 0xFF, 0x6A, 0xDD, 0xFF, 0x6A, 0x9D, 0xFF, 0x41, 0x7B, 0xFF, 0x41, 0x7B, 0xFF, 0x41,
    0x7B, 0xFF, 0x41, 0x7B, 0xFF, 0x41, 0x7B, 0xFF, 0x41, 0x7B, 0xFF, 0x41, 0x7B, 0xFF, 0x41, 0x7B,
    0xFF, 0x41, 0x7B, 0xFF, 0x41, 0x7B, 0xFF, 0x41, 0x7B, 0xFF, 0x41, 0x7B, 0xFF, 0x41, 0x7B, 0xFF,
    0x41, 0x7B, 0xFF, 0x41, 0x7B, 0xFF, 0x41, 0x7B, 0xFF, 0x41, 0x7B, 0xFF, 0x41, 0x7B, 0xFF, 0x41,
    0x7B, 0xFF, 0x41, 0x7B, 0xFF, 0x42, 0x1C, 0xFF, 0x4D, 0xBF, 0xFF, 0x4E, 0x7F, 0xFF, 0x4E, 0x7F,
    0xFF, 0x4E, 0x7F, 0xFF, 0x4E, 0x7F, 0xFF, 0x4E, 0x7F, 0xFF, 0x4E, 0x7F, 0xFF, 0x4E, 0x7F, 0xFF,
    0x4E, 0x7F, 0xFF, 0x4E, 0x7F, 0xFF, 0x4E, 0x7F, 0xFF, 0x4E, 0x7F, 0xFF, 0x4E, 0x7F, 0xFF, 0x4E,
    0x7F, 0xFF, 0x4E, 0x7F, 0xFF, 0x4E, 0x7F, 0xFF, 0x4E, 0x7F, 0xFF, 0x4E, 0x7F, 0xFF, 0x4E, 0x7F,
    0xFF, 0x4E, 0x7F, 0xFF, 0x4E, 0x7F, 0xFF, 0x4E, 0x7F, 0xFF, 0x4E, 0x7F, 0xFF, 0x4E, 0x7F, 0xFF,
    0x4E, 0x7F, 0xFF, 0x4E, 0x7F, 0xFF, 0x4E, 0x7F, 0xFF, 0x4E, 0x7F, 0xFF, 0x4E, 0x7F, 0xFF, 0x4E,
    0x7F, 0xFF, 0x4E, 0x7F, 0xFF, 0x4E, 0x7F, 0xFF, 0x4E, 0x7F, 0xFF, 0x4E, 0x7F, 0xFF, 0x4E, 0x7F,
    0xFF, 0x4E, 0x7F, 0xFF, 0x4E, 0x7F, 0xFF, 0x4E, 0x7F, 0xFF, 0x4E, 0x7F, 0xFF, 0x4E, 0x7F, 0xFF,
    0x4E, 0x7F, 0xFF, 0x4E, 0x7F, 0xFF, 0x4E, 0x7F, 0xFF, 0x4E, 0x7F, 0xFF, 0x4E, 0x7F, 0xFF, 0x4E,
    0x7F, 0xFF, 0x4E, 0x7F, 0xFF, 0x4E, 0x7F, 0xFF, 0x4E, 0x7F, 0xFF, 0x4E, 0x7F, 0xFF, 0x3D, 0x5A,
    0xF1, 0x00, 0x41, 0xC1, 0x00, 0x00, 0xBF, 0x00, 0x00, 0xBF, 0x00, 0x00, 0xBF, 0x00, 0x00, 0xBF,
    0x2A, 0xC7, 0xDA, 0x55, 0x8E, 0xFF, 0x55, 0x8E, 0xFF, 0x55, 0x8E, 0xFF, 0x55, 0x8E, 0xFF, 0x55,
    0x8E, 0xFF, 0x55, 0x8E, 0xFF, 0x55, 0x8E, 0xFF, 0x2B, 0x08, 0xDE, 0x00, 0x00, 0xBF, 0x00, 0x00,
    0xBF, 0x00, 0x00, 0xBF, 0x00, 0x00, 0xBF, 0x00, 0x00, 0xBF, 0x00, 0x00, 0xBF, 0x00, 0x00, 0xBF,
    0x00, 0x00, 0xBF, 0x00, 0x00, 0xBF, 0x00, 0x00, 0xBF, 0x00, 0x00, 0xBF, 0x07, 0x42, 0xF8, 0x07,
    0xE2, 0xFF, 0x07, 0xE2, 0xFF, 0x07, 0xE2, 0xFF, 0x07, 0xE2, 0xFF, 0x07, 0xE2, 0xFF, 0x07, 0xE2,
    0xFF, 0x07, 0xE2, 0xFF, 0x07, 0xE2, 0xFF, 0x07, 0xE2, 0xFF, 0x07, 0xE2, 0xFF, 0x07, 0x42, 0xF8,
    0x00, 0x00, 0xBF, 0x00, 0x00, 0xBF, 0x00, 0x00, 0xBF, 0x00, 0x00, 0xBF, 0x00, 0x00, 0xBF, 0x00,
    0x00, 0xBF, 0x00, 0x00, 0xBF, 0x00, 0x00, 0xBF, 0x00, 0x00, 0xBF, 0x00, 0x00, 0xBF, 0x00, 0x00,
    0xBF, 0x00, 0x00, 0xBF, 0x00, 0x00, 0xBF, 0x00, 0x00, 0xBF, 0x00, 0x00, 0xBF, 0x00, 0x00, 0xBF,
    0x18, 0xEF, 0xDA, 0x39, 0xDF, 0xFF, 0x39, 0xDF, 0xFF, 0x39, 0xDF, 0xFF, 0x39, 0xDF, 0xFF, 0x39,
    0xDF, 0xFF, 0x39, 0xDF, 0xFF, 0x39, 0xDF, 0xFF, 0x39, 0xDF, 0xFF, 0x39, 0xDF, 0xFF, 0x39, 0xDF,
    0xFF, 0x39, 0xDF, 0xFF, 0x39, 0xDF, 0xFF, 0x39, 0xDF, 0xFF, 0x39, 0xDF, 0xFF, 0x39, 0xDF, 0xFF,
    0x39, 0xDF, 0xFF, 0x39, 0xDF, 0xFF, 0x39, 0xDF, 0xFF, 0x39, 0xDF, 0xFF, 0x39, 0xDF, 0xFF, 0x39,
    0xDF, 0xFC, 0x18, 0xF1, 0xDD, 0x00, 0x00, 0xBF, 0x00, 0x00, 0xBF, 0x00, 0x00, 0xBF, 0x00, 0x00,
    0xBF, 0x00, 0x00, 0xBF, 0x00, 0x00, 0xBF, 0x00, 0x00, 0xBF, 0x00, 0x00, 0xBF, 0x00, 0x00, 0xBF,
    0x29, 0x57, 0xEB, 0x39, 0xDF, 0xFF, 0x39, 0xDF, 0xFF, 0x39, 0xDF, 0xFF, 0x39, 0xDF, 0xFF, 0x39,
    0xDF, 0xFF, 0x39, 0xDF, 0xFF, 0x39, 0xDF, 0xFF, 0x08, 0x45, 0xC8, 0x00, 0x00, 0xBF, 0x00, 0x00,
    0xBF, 0x00, 0x00, 0xBF, 0x00, 0x00, 0xBF, 0x00, 0x00, 0xBF, 0x00, 0x00, 0xBF, 0x00, 0x00, 0xBF,
    0x00, 0x00, 0xBF, 0x00, 0x00, 0xBF, 0x00, 0x00, 0xBF, 0x00, 0x00, 0xBF, 0x00, 0x00, 0xBF, 0x00,
    0x00, 0xBF, 0x00, 0x00, 0xBF, 0x18, 0xCE, 0xD7, 0x39, 0xDF, 0xFF, 0x39, 0xDF, 0xFF, 0x39, 0xDF,
    0xFF, 0x39, 0xDF, 0xFF, 0x39, 0xDF, 0xFF, 0x39, 0xDF, 0xFF, 0x39, 0xDF, 0xFF, 0x29, 0x78, 0xEC,
    0x00, 0x00, 0xBF, 0x00, 0x00, 0xBF, 0x00, 0x00, 0xBF, 0x00, 0x00, 0xBF, 0x00, 0x00, 0xBF, 0x00,
    0x00, 0xBF, 0x00, 0x00, 0xBF, 0x00, 0x00, 0xBF, 0x00, 0x00, 0xBF, 0x00, 0x00, 0xBF, 0x00, 0x00,
    0xBF, 0x00, 0x00, 0xBF, 0x00, 0x00, 0xBF, 0x00, 0x00, 0xBF, 0x10, 0x8A, 0xCF, 0x39, 0xDF, 0xFF,
    0x39, 0xDF, 0xFF, 0x39, 0xDF, 0xFF, 0x39, 0xDF, 0xFF, 0x39, 0xDF, 0xFF, 0x39, 0xDF, 0xFF, 0x39,
    0xDF, 0xFF, 0x31, 0x9B, 0xF3, 0x00, 0x00, 0xBF, 0x00, 0x00, 0xBF, 0x00, 0x00, 0xBF, 0x00, 0x00,
    0xBF, 0x39, 0xDF, 0xFE, 0x39, 0xDF, 0xFF, 0x39, 0xDF, 0xFF, 0x39, 0xDF, 0xFF, 0x39, 0xDF, 0xFF,
    0x39, 0xDF, 0xFF, 0x39, 0xDF, 0xFF, 0x39, 0xDF, 0xFF, 0x08, 0x44, 0xC5, 0x00, 0x00, 0xBF, 0x00,
    0x00, 0xBF, 0x00, 0x00, 0xBF, 0x00, 0x00, 0xBF, 0x00, 0x00, 0xBF, 0x00, 0x00, 0xBF, 0x00, 0x00,
    0xBF, 0x00, 0x00, 0xBF, 0x00, 0x00, 0xBF, 0x00, 0x00, 0xBF, 0x00, 0x00, 0xBF, 0x00, 0x00, 0xBF,
    0x00, 0x00, 0xBF, 0x00, 0x00, 0xBF, 0x00, 0x00, 0xBF, 0x00, 0x00, 0xBF, 0x00, 0x00, 0xBF, 0x00,
    0x00, 0xBF, 0x00, 0x00, 0xBF, 0x00, 0x00, 0xBF, 0x00, 0x00, 0xBF, 0x00, 0x00, 0xBF, 0x00, 0x00,
    0xBF, 0x29, 0x78, 0xEC, 0x39, 0xDF, 0xFF, 0x39, 0xDF, 0xFF, 0x39, 0xDF, 0xFF, 0x39, 0xDF, 0xFF,
    0x39, 0xDF, 0xFF, 0x39, 0xDF, 0xFF, 0x39, 0xDF, 0xFF, 0x39, 0xDF, 0xFF, 0x39, 0xDF, 0xFF, 0x39,
    0xDF, 0xFF, 0x39, 0xDF, 0xFF, 0x39, 0xDF, 0xFF, 0x39, 0xDF, 0xFF, 0x29, 0x56, 0xE8, 0x00, 0x00,
    0xC0, 0x00, 0x00, 0xBF, 0x00, 0x00, 0xBF, 0x00, 0x00, 0xBF, 0x00, 0x00, 0xBF, 0x00, 0x00, 0xBF,
    0x00, 0x00, 0xBF, 0x00, 0x00, 0xBF, 0x00, 0x00, 0xBF, 0x00, 0x00, 0xBF, 0x00, 0x00, 0xBF, 0x00,
    0x00, 0xBF, 0x00, 0x00, 0xBF, 0x00, 0x00, 0xBF, 0x00, 0x00, 0xBF, 0x00, 0x00, 0xBF, 0x00, 0x00,
    0xBF, 0x00, 0x00, 0xBF, 0x00, 0x00, 0xBF, 0x00, 0x00, 0xBF, 0x00, 0x00, 0xBF, 0x00, 0x00, 0xBF,
    0x00, 0x00, 0xBF, 0x00, 0x00, 0xBF, 0x00, 0x00, 0xBF, 0x00, 0x00, 0xBF, 0x00, 0x00, 0xBF, 0x00,
    0x00, 0xBF, 0x00, 0x00, 0xBF, 0x00, 0x00, 0xBF, 0x00, 0x00, 0xBF, 0x00, 0x00, 0xBF, 0x08, 0x45,
    0xC9, 0x41, 0x7B, 0xFF, 0x41, 0x7B, 0xFF, 0x41, 0x7B, 0xFF, 0x5A, 0x5C, 0xFF, 0x6A, 0xDD, 0xFF,
    0x6A, 0xDD, 0xFF, 0x6A, 0xDD, 0xFF, 0x6A, 0xDD, 0xFF, 0x6A, 0xDD, 0xFF, 0x6A, 0xDD, 0xFF, 0x6A,
    0xDD, 0xFF, 0x6A, 0xDD, 0xFF, 0x6A, 0xDD, 0xFF, 0x6A, 0xDD, 0xFF, 0x51, 0xFC, 0xFF, 0x41, 0x7B,
    0xFF, 0x41, 0x7B, 0xFF, 0x41, 0x7B, 0xFF, 0x41, 0x7B, 0xFF, 0x41, 0x7B, 0xFF, 0x41, 0x7B, 0xFF,
    0x41, 0x7B, 0xFF, 0x41, 0x7B, 0xFF, 0x41, 0x7B, 0xFF, 0x41, 0x7B, 0xFF, 0x41, 0x7B, 0xFF, 0x41,
    0x7B, 0xFF, 0x41, 0x7B, 0xFF, 0x41, 0x7B, 0xFF, 0x41, 0x7B, 0xFF, 0x41, 0x7B, 0xFF, 0x41, 0x7B,
    0xFF, 0x41, 0x7B, 0xFF, 0x42, 0x3C, 0xFF, 0x4D, 0xBF, 0xFF, 0x4E, 0x7F, 0xFF, 0x4E, 0x7F, 0xFF,
    0x4E, 0x7F, 0xFF, 0x4E, 0x7F, 0xFF, 0x4E, 0x7F, 0xFF, 0x4E, 0x7F, 0xFF, 0x4E, 0x7F, 0xFF, 0x4E,
    0x7F, 0xFF, 0x4E, 0x7F, 0xFF, 0x4E, 0x7F, 0xFF, 0x4E, 0x7F, 0xFF, 0x4E, 0x7F, 0xFF, 0x4E, 0x7F,
    0xFF, 0x4E, 0x7F, 0xFF, 0x4E, 0x7F, 0xFF, 0x4E, 0x7F, 0xFF, 0x4E, 0x7F, 0xFF, 0x4E, 0x7F, 0xFF,
    0x4E, 0x7F, 0xFF, 0x4E, 0x7F, 0xFF, 0x4E, 0x7F, 0xFF, 0x4E, 0x7F, 0xFF, 0x4E, 0x7F, 0xFF, 0x4E,
    0x7F, 0xFF, 0x4E, 0x7F, 0xFF, 0x4E, 0x7F, 0xFF, 0x4E, 0x7F, 0xFF, 0x4E, 0x7F, 0xFF, 0x4E, 0x7F,
    0xFF, 0x4E, 0x7F, 0xFF, 0x4E, 0x7F, 0xFF, 0x4E, 0x7F, 0xFF, 0x4E, 0x7F, 0xFF, 0x4E, 0x7F, 0xFF,
    0x4E, 0x7F, 0xFF, 0x4E, 0x7F, 0xFF, 0x4E, 0x7F, 0xFF, 0x4E, 0x7F, 0xFF, 0x4E, 0x7F, 0xFF, 0x4E,
    0x7F, 0xFF, 0x4E, 0x7F, 0xFF, 0x4E, 0x7F, 0xFF, 0x4E, 0x7F, 0xFF, 0x4E, 0x7F, 0xFF, 0x4E, 0x7F,
    0xFF, 0x4E, 0x7F, 0xFF, 0x4E, 0x7F, 0xFF, 0x4E, 0x7F, 0xFF, 0x4E, 0x7F, 0xFF, 0x4E, 0x7F, 0xFF,
    0x4E, 0x7F, 0xFF, 0x2B, 0xF3, 0xE2, 0x00, 0x00, 0xBF, 0x00, 0x00, 0xBF, 0x00, 0x00, 0xBF, 0x00,
    0x00, 0xBF, 0x33, 0x89, 0xE3, 0x55, 0x8E, 0xFF, 0x55, 0x8E, 0xFF, 0x55, 0x8E, 0xFF, 0x55, 0x8E,
    0xFF, 0x55, 0x8E, 0xFF, 0x55, 0x8E, 0xFF, 0x3C, 0x0A, 0xEA, 0x00, 0x00, 0xC0, 0x00, 0x00, 0xBF,
    0x00, 0x00, 0xBF, 0x00, 0x00, 0xBF, 0x00, 0x00, 0xBF, 0x00, 0x00, 0xBF, 0x00, 0x00, 0xBF, 0x00,
    0x00, 0xBF, 0x00, 0x00, 0xBF, 0x00, 0x00, 0xBF, 0x00, 0x00, 0xBF, 0x00, 0x00, 0xBF, 0x07, 0x42,
    0xF8, 0x07, 0xE2, 0xFF, 0x07, 0xE2, 0xFF, 0x07, 0xE2, 0xFF, 0x07, 0xE2, 0xFF, 0x07, 0xE2, 0xFF,
    0x07, 0xE2, 0xFF, 0x07, 0xE2, 0xFF, 0x07, 0xE2, 0xFF, 0x07, 0xE2, 0xFF, 0x07, 0xE2, 0xFF, 0x07,
    0x42, 0xF8, 0x00, 0x00, 0xBF, 0x00, 0x00, 0xBF, 0x00, 0x00, 0xBF, 0x00, 0x00, 0xBF, 0x00, 0x00,
    0xBF, 0x00, 0x00, 0xBF, 0x00, 0x00, 0xBF, 0x00, 0x00, 0xBF, 0x00, 0x00, 0xBF, 0x00, 0x00, 0xBF,
    0x00, 0x00, 0xBF, 0x00, 0x00, 0xBF, 0x00, 0x00, 0xBF, 0x00, 0x00, 0xBF, 0x00, 0x00, 0xBF, 0x00,
    0x00, 0xBF, 0x18, 0xEF, 0xDA, 0x39, 0xDF, 0xFF, 0x39, 0xDF, 0xFF, 0x39, 0xDF, 0xFF, 0x39, 0xDF,
    0xFF, 0x39, 0xDF, 0xFF, 0x39, 0xDF, 0xFF, 0x39, 0xDF, 0xFF, 0x39, 0xDF, 0xFF, 0x39, 0xDF, 0xFF,
    0x39, 0xDF, 0xFF, 0x39, 0xDF, 0xFF, 0x39, 0xDF, 0xFF, 0x39, 0xDF, 0xFF, 0x39, 0xDF, 0xFF, 0x39,
    0xDF, 0xFF, 0x39, 0xDF, 0xFF, 0x39, 0xDF, 0xFF, 0x39, 0xDF, 0xFF, 0x39, 0xDF, 0xFF, 0x39, 0xDF,
    0xFF, 0x39, 0xDF, 0xFF, 0x39, 0xDF, 0xFF, 0x21, 0x35, 0xE6, 0x00, 0x00, 0xBF, 0x00, 0x00, 0xBF,
    0x00, 0x00, 0xBF, 0x00, 0x00, 0xBF, 0x00, 0x00, 0xBF, 0x00, 0x00, 0xBF, 0x00, 0x00, 0xBF, 0x00,
    0x00, 0xBF, 0x29, 0x57, 0xEB, 0x39, 0xDF, 0xFF, 0x39, 0xDF, 0xFF, 0x39, 0xDF, 0xFF, 0x39, 0xDF,
    0xFF, 0x39, 0xDF, 0xFF, 0x39, 0xDF, 0xFF, 0x39, 0xDF, 0xFF, 0x08, 0x45, 0xC8, 0x00, 0x00, 0xBF,
    0x00, 0x00, 0xBF, 0x00, 0x00, 0xBF, 0x00, 0x00, 0xBF, 0x00, 0x00, 0xBF, 0x00, 0x00, 0xBF, 0x00,
    0x00, 0xBF, 0x00, 0x00, 0xBF, 0x00, 0x00, 0xBF, 0x00, 0x00, 0xBF, 0x00, 0x00, 0xBF, 0x00, 0x00,
    0xBF, 0x00, 0x00, 0xBF, 0x00, 0x00, 0xBF, 0x10, 0xAC, 0xD4, 0x39, 0xDF, 0xFF, 0x39, 0xDF, 0xFF,
    0x39, 0xDF, 0xFF, 0x39, 0xDF, 0xFF, 0x39, 0xDF, 0xFF, 0x39, 0xDF, 0xFF, 0x39, 0xDF, 0xFF, 0x29,
    0x79, 0xEF, 0x00, 0x00, 0xBF, 0x00, 0x00, 0xBF, 0x00, 0x00, 0xBF, 0x00, 0x00, 0xBF, 0x00, 0x00,
    0xBF, 0x00, 0x00, 0xBF, 0x00, 0x00, 0xBF, 0x00, 0x00, 0xBF, 0x00, 0x00, 0xBF, 0x00, 0x00, 0xBF,
    0x00, 0x00, 0xBF, 0x00, 0x00, 0xBF, 0x00, 0x00, 0xBF, 0x00, 0x00, 0xBF, 0x10, 0xAB, 0xD2, 0x39,
    0xDF, 0xFF, 0x39, 0xDF, 0xFF, 0x39, 0xDF, 0xFF, 0x39, 0xDF, 0xFF, 0x39, 0xDF, 0xFF, 0x39, 0xDF,
    0xFF, 0x39, 0xDF, 0xFF, 0x29, 0x79, 0xEF, 0x00, 0x00, 0xBF, 0x00, 0x00, 0xBF, 0x00, 0x00, 0xBF,
    0x00, 0x00, 0xBF, 0x31, 0xBE, 0xFB, 0x39, 0xDF, 0xFF, 0x39, 0xDF, 0xFF, 0x39, 0xDF, 0xFF, 0x39,
    0xDF, 0xFF, 0x39, 0xDF, 0xFF, 0x39, 0xDF, 0xFF, 0x39, 0xDF, 0xFF, 0x08, 0x45, 0xC8, 0x00, 0x00,
    0xBF, 0x00, 0x00, 0xBF, 0x00, 0x00, 0xBF, 0x00, 0x00, 0xBF, 0x00, 0x00, 0xBF, 0x00, 0x00, 0xBF,
    0x00, 0x00, 0xBF, 0x00, 0x00, 0xBF, 0x00, 0x00, 0xBF, 0x00, 0x00, 0xBF, 0x00, 0x00, 0xBF, 0x00,
    0x00, 0xBF, 0x00, 0x00, 0xBF, 0x00, 0x00, 0xBF, 0x00, 0x00, 0xBF, 0x00, 0x00, 0xBF, 0x00, 0x00,
    0xBF, 0x00, 0x00, 0xBF, 0x00, 0x00, 0xBF, 0x00, 0x00, 0xBF, 0x00, 0x00, 0xBF, 0x00, 0x00, 0xBF,
    0x00, 0x00, 0xBF, 0x29, 0x78, 0xEC, 0x39, 0xDF, 0xFF, 0x39, 0xDF, 0xFF, 0x39, 0xDF, 0xFF, 0x39,
    0xDF, 0xFF, 0x39, 0xDF, 0xFF, 0x39, 0xDF, 0xFF, 0x39, 0xDF, 0xFF, 0x39, 0xDF, 0xFF, 0x39, 0xDF,
    0xFF, 0x39, 0xDF, 0xFF, 0x39, 0xDF, 0xFF, 0x39, 0xDF, 0xFF, 0x39, 0xDF, 0xFF, 0x39, 0xDF, 0xFF,
    0x29, 0x56, 0xE8, 0x00, 0x00, 0xC0, 0x00, 0x00, 0xBF, 0x00, 0x00, 0xBF, 0x00, 0x00, 0xBF, 0x00,
    0x00, 0xBF, 0x00, 0x00, 0xBF, 0x00, 0x00, 0xBF, 0x00, 0x00, 0xBF, 0x00, 0x00, 0xBF, 0x00, 0x00,
    0xBF, 0x00, 0x00, 0xBF, 0x00, 0x00, 0xBF, 0x00, 0x00, 0xBF, 0x00, 0x00, 0xBF, 0x00, 0x00, 0xBF,
    0x00, 0x00, 0xBF, 0x00, 0x00, 0xBF, 0x00, 0x00, 0xBF, 0x00, 0x00, 0xBF, 0x00, 0x00, 0xBF, 0x00,
    0x00, 0xBF, 0x00, 0x00, 0xBF, 0x00, 0x00, 0xBF, 0x00, 0x00, 0xBF, 0x00, 0x00, 0xBF, 0x00, 0x00,
    0xBF, 0x00, 0x00, 0xBF, 0x00, 0x00, 0xBF, 0x00, 0x00, 0xBF, 0x00, 0x00, 0xBF, 0x00, 0x00, 0xBF,
    0x08, 0x23, 0xC6, 0x41, 0x7B, 0xFF, 0x41, 0x7B, 0xFF, 0x41, 0x7B, 0xFF, 0x52, 0x1C, 0xFF, 0x6A,
    0xDD, 0xFF, 0x6A, 0xDD, 0xFF, 0x6A, 0xDD, 0xFF, 0x6A, 0xDD, 0xFF, 0x6A, 0xDD, 0xFF, 0x6A, 0xDD,
    0xFF, 0x6A, 0xDD, 0xFF, 0x6A, 0xDD, 0xFF, 0x6A, 0xDD, 0xFF, 0x6A, 0xDD, 0xFF, 0x6A, 0x9D, 0xFF,
    0x41, 0x7B, 0xFF, 0x41, 0x7B, 0xFF, 0x41, 0x7B, 0xFF, 0x41, 0x7B, 0xFF, 0x41, 0x7B, 0xFF, 0x41,
    0x7B, 0xFF, 0x41, 0x7B, 0xFF, 0x41, 0x7B, 0xFF, 0x41, 0x7B, 0xFF, 0x41, 0x7B, 0xFF, 0x41, 0x7B,
    0xFF, 0x41, 0x7B, 0xFF, 0x41, 0x7B, 0xFF, 0x41, 0x7B, 0xFF, 0x41, 0x7B, 0xFF, 0x41, 0x7B, 0xFF,
    0x41, 0x7B, 0xFF, 0x42, 0x5C, 0xFF, 0x4D, 0xDF, 0xFF, 0x4E, 0x7F, 0xFF, 0x4E, 0x7F, 0xFF, 0x4E,
    0x7F, 0xFF, 0x4E, 0x7F, 0xFF, 0x4E, 0x7F, 0xFF, 0x4E, 0x7F, 0xFF, 0x4E, 0x7F, 0xFF, 0x4E, 0x7F,
    0xFF, 0x4E, 0x7F, 0xFF, 0x4E, 0x7F, 0xFF, 0x4E, 0x7F, 0xFF, 0x4E, 0x7F, 0xFF, 0x4E, 0x7F, 0xFF,
    0x4E, 0x7F, 0xFF, 0x4E, 0x7F, 0xFF, 0x4E, 0x7F, 0xFF, 0x4E, 0x7F, 0xFF, 0x4E, 0x7F, 0xFF, 0x4E,
    0x7F, 0xFF, 0x4E, 0x7F, 0xFF, 0x4E, 0x7F, 0xFF, 0x4E, 0x7F, 0xFF, 0x4E, 0x7F, 0xFF, 0x4E, 0x7F,
    0xFF, 0x4E, 0x7F, 0xFF, 0x4E, 0x7F, 0xFF, 0x4E, 0x7F, 0xFF, 0x4E, 0x7F, 0xFF, 0x4E, 0x7F, 0xFF,
    0x4E, 0x7F, 0xFF, 0x4E, 0x7F, 0xFF, 0x4E, 0x7F, 0xFF, 0x4E, 0x7F, 0xFF, 0x4E, 0x7F, 0xFF, 0x4E,
    0x7F, 0xFF, 0x4E, 0x7F, 0xFF, 0x4E, 0x7F, 0xFF, 0x4E, 0x7F, 0xFF, 0x4E, 0x7F, 0xFF, 0x4E, 0x7F,
    0xFF, 0x4E, 0x7F, 0xFF, 0x4E, 0x7F, 0xFF, 0x4E, 0x7F, 0xFF, 0x4E, 0x7F, 0xFF, 0x4E, 0x7F, 0xFF,
    0x4E, 0x7F, 0xFF, 0x4E, 0x7F, 0xFF, 0x4E, 0x7F, 0xFF, 0x4E, 0x7F, 0xFF, 0x4E, 0x7F, 0xFF, 0x4E,
    0x7F, 0xFF, 0x4E, 0x7F, 0xFF, 0x4E, 0x5F, 0xFE, 0x1A, 0x0A, 0xD0, 0x00, 0x00, 0xBF, 0x00, 0x00,
    0xBF, 0x00, 0x00, 0xBF, 0x44, 0x2B, 0xEC, 0x55, 0x8E, 0xFF, 0x55, 0x8E, 0xFF, 0x55, 0x8E, 0xFF,
    0x55, 0x8E, 0xFF, 0x55, 0x8E, 0xFF, 0x4C, 0xCC, 0xF4, 0x00, 0x61, 0xC3, 0x00, 0x00, 0xBF, 0x00,
    0x00, 0xBF, 0x00, 0x00, 0xBF, 0x00, 0x00, 0xBF, 0x00, 0x00, 0xBF, 0x00, 0x00, 0xBF, 0x00, 0x00,
    0xBF, 0x00, 0x00, 0xBF, 0x00, 0x00, 0xBF, 0x00, 0x00, 0xBF, 0x00, 0x00, 0xBF, 0x00, 0x00, 0xBF,
    0x07, 0x42, 0xF8, 0x07, 0xE2, 0xFF, 0x07, 0xE2, 0xFF, 0x07, 0xE2, 0xFF, 0x07, 0xE2, 0xFF, 0x07,
    0xE2, 0xFF, 0x07, 0xE2, 0xFF, 0x07, 0xE2, 0xFF, 0x07, 0xE2, 0xFF, 0x07, 0xE2, 0xFF, 0x07, 0xE2,
    0xFF, 0x07, 0x42, 0xF8, 0x00, 0x00, 0xBF, 0x00, 0x00, 0xBF, 0x00, 0x00, 0xBF, 0x00, 0x00, 0xBF,
    0x00, 0x00, 0xBF, 0x00, 0x00, 0xBF, 0x00, 0x00, 0xBF, 0x00, 0x00, 0xBF, 0x00, 0x00, 0xBF, 0x00,
    0x00, 0xBF, 0x00, 0x00, 0xBF, 0x00, 0x00, 0xBF, 0x00, 0x00, 0xBF, 0x00, 0x00, 0xBF, 0x00, 0x00,
    0xBF, 0x00, 0x00, 0xBF, 0x18, 0xEF, 0xDA, 0x39, 0xDF, 0xFF, 0x39, 0xDF, 0xFF, 0x39, 0xDF, 0xFF,
    0x39, 0xDF, 0xFF, 0x39, 0xDF, 0xFF, 0x39, 0xDF, 0xFF, 0x39, 0xDF, 0xFF, 0x29, 0x57, 0xEB, 0x18,
    0xF1, 0xDD, 0x18, 0xF1, 0xDD, 0x18, 0xF1, 0xDD, 0x18, 0xF1, 0xDD, 0x21, 0x12, 0xDF, 0x21, 0x35,
    0xE6, 0x31, 0x9B, 0xF5, 0x39, 0xDF, 0xFF, 0x39, 0xDF, 0xFF, 0x39, 0xDF, 0xFF, 0x39, 0xDF, 0xFF,
    0x39, 0xDF, 0xFF, 0x39, 0xDF, 0xFF, 0x39, 0xDF, 0xFF, 0x39, 0xDF, 0xFF, 0x18, 0xCD, 0xD7, 0x00,
    0x00, 0xBF, 0x00, 0x00, 0xBF, 0x00, 0x00, 0xBF, 0x00, 0x00, 0xBF, 0x00, 0x00, 0xBF, 0x00, 0x00,
    0xBF, 0x00, 0x00, 0xBF, 0x29, 0x57, 0xEB, 0x39, 0xDF, 0xFF, 0x39, 0xDF, 0xFF, 0x39, 0xDF, 0xFF,
    0x39, 0xDF, 0xFF, 0x39, 0xDF, 0xFF, 0x39, 0xDF, 0xFF, 0x39, 0xDF, 0xFF, 0x08, 0x45, 0xC8, 0x00,
    0x00, 0xBF, 0x00, 0x00, 0xBF, 0x00, 0x00, 0xBF, 0x00, 0x00, 0xBF, 0x00, 0x00, 0xBF, 0x00, 0x00,
    0xBF, 0x00, 0x00, 0xBF, 0x00, 0x00, 0xBF, 0x00, 0x00, 0xBF, 0x00, 0x00, 0xBF, 0x00, 0x00, 0xBF,
    0x00, 0x00, 0xBF, 0x00, 0x00, 0xBF, 0x00, 0x00, 0xBF, 0x10, 0x89, 0xCF, 0x39, 0xDF, 0xFF, 0x39,
    0xDF, 0xFF, 0x39, 0xDF, 0xFF, 0x39, 0xDF, 0xFF, 0x39, 0xDF, 0xFF, 0x39, 0xDF, 0xFF, 0x39, 0xDF,
    0xFF, 0x31, 0x9A, 0xF2, 0x00, 0x00, 0xBF, 0x00, 0x00, 0xBF, 0x00, 0x00, 0xBF, 0x00, 0x00, 0xBF,
    0x00, 0x00, 0xBF, 0x00, 0x00, 0xBF, 0x00, 0x00, 0xBF, 0x00, 0x00, 0xBF, 0x00, 0x00, 0xBF, 0x00,
    0x00, 0xBF, 0x00, 0x00, 0xBF, 0x00, 0x00, 0xBF, 0x00, 0x00, 0xBF, 0x00, 0x00, 0xBF, 0x18, 0xCD,
    0xD6, 0x39, 0xDF, 0xFF, 0x39, 0xDF, 0xFF, 0x39, 0xDF, 0xFF, 0x39, 0xDF, 0xFF, 0x39, 0xDF, 0xFF,
    0x39, 0xDF, 0xFF, 0x39, 0xDF, 0xFF, 0x29, 0x57, 0xEA, 0x00, 0x00, 0xBF, 0x00, 0x00, 0xBF, 0x00,
    0x00, 0xBF, 0x00, 0x00, 0xBF, 0x31, 0xBC, 0xF6, 0x39, 0xDF, 0xFF, 0x39, 0xDF, 0xFF, 0x39, 0xDF,
    0xFF, 0x39, 0xDF, 0xFF, 0x39, 0xDF, 0xFF, 0x39, 0xDF, 0xFF, 0x39, 0xDF, 0xFF, 0x08, 0x68, 0xCD,
    0x00, 0x00, 0xBF, 0x00, 0x00, 0xBF, 0x00, 0x00, 0xBF, 0x00, 0x00, 0xBF, 0x00, 0x00, 0xBF, 0x00,
    0x00, 0xBF, 0x00, 0x00, 0xBF, 0x00, 0x00, 0xBF, 0x00, 0x00, 0xBF, 0x00, 0x00, 0xBF, 0x00, 0x00,
    0xBF, 0x00, 0x00, 0xBF, 0x00, 0x00, 0xBF, 0x00, 0x00, 0xBF, 0x00, 0x00, 0xBF, 0x00, 0x00, 0xBF,
    0x00, 0x00, 0xBF, 0x00, 0x00, 0xBF, 0x00, 0x00, 0xBF, 0x00, 0x00, 0xBF, 0x00, 0x00, 0xBF, 0x00,
    0x00, 0xBF, 0x00, 0x00, 0xBF, 0x29, 0x78, 0xEC, 0x39, 0xDF, 0xFF, 0x39, 0xDF, 0xFF, 0x39, 0xDF,
    0xFF, 0x39, 0xDF, 0xFF, 0x39, 0xDF, 0xFF, 0x39, 0xDF, 0xFF, 0x39, 0xDF, 0xFF, 0x39, 0xDF, 0xFF,
    0x39, 0xDF, 0xFF, 0x39, 0xDF, 0xFF, 0x39, 0xDF, 0xFF, 0x39, 0xDF, 0xFF, 0x39, 0xDF, 0xFF, 0x39,
    0xDF, 0xFF, 0x39, 0xDF, 0xFF, 0x29, 0x56, 0xE8, 0x00, 0x00, 0xC0, 0x00, 0x00, 0xBF, 0x00, 0x00,
    0xBF, 0x00, 0x00, 0xBF, 0x00, 0x00, 0xBF, 0x00, 0x00, 0xBF, 0x00, 0x00, 0xBF, 0x00, 0x00, 0xBF,
    0x00, 0x00, 0xBF, 0x00, 0x00, 0xBF, 0x00, 0x00, 0xBF, 0x00, 0x00, 0xBF, 0x00, 0x00, 0xBF, 0x00,
    0x00, 0xBF, 0x00, 0x00, 0xBF, 0x00, 0x00, 0xBF, 0x00, 0x00, 0xBF, 0x00, 0x00, 0xBF, 0x00, 0x00,
    0xBF, 0x00, 0x00, 0xBF, 0x00, 0x00, 0xBF, 0x00, 0x00, 0xBF, 0x00, 0x00, 0xBF, 0x00, 0x00, 0xBF,
    0x00, 0x00, 0xBF, 0x00, 0x00, 0xBF, 0x00, 0x00, 0xBF, 0x00, 0x00, 0xBF, 0x00, 0x00, 0xBF, 0x00,
    0x00, 0xBF, 0x00, 0x22, 0xC3, 0x41, 0x7B, 0xFF, 0x41, 0x7B, 0xFF, 0x41, 0x7B, 0xFF, 0x51, 0xDC,
    0xFF, 0x6A, 0xDD, 0xFF, 0x6A, 0xDD, 0xFF, 0x6A, 0xDD, 0xFF, 0x6A, 0xDD, 0xFF, 0x6A, 0xDD, 0xFF,
    0x6A, 0xDD, 0xFF, 0x6A, 0xDD, 0xFF, 0x6A, 0xDD, 0xFF, 0x6A, 0xDD, 0xFF, 0x6A, 0xDD, 0xFF, 0x6A,
    0xDD, 0xFF, 0x51, 0xFC, 0xFF, 0x41, 0x7B, 0xFF, 0x41, 0x7B, 0xFF, 0x41, 0x7B, 0xFF, 0x41, 0x7B,
    0xFF, 0x41, 0x7B, 0xFF, 0x41, 0x7B, 0xFF, 0x41, 0x7B, 0xFF, 0x41, 0x7B, 0xFF, 0x41, 0x7B, 0xFF,
    0x41, 0x7B, 0xFF, 0x41, 0x7B, 0xFF, 0x41, 0x7B, 0xFF, 0x41, 0x7B, 0xFF, 0x41, 0x7B, 0xFF, 0x41,
    0x7B, 0xFF, 0x42, 0x7C, 0xFF, 0x4D, 0xFF, 0xFF, 0x4E, 0x7F, 0xFF, 0x4E, 0x7F, 0xFF, 0x4E, 0x7F,
    0xFF, 0x4E, 0x7F, 0xFF, 0x4E, 0x7F, 0xFF, 0x4E, 0x7F, 0xFF, 0x4E, 0x7F, 0xFF, 0x4E, 0x7F, 0xFF,
    0x4E, 0x7F, 0xFF, 0x4E, 0x7F, 0xFF, 0x4E, 0x7F, 0xFF, 0x4E, 0x7F, 0xFF, 0x4E, 0x7F, 0xFF, 0x4E,
    0x7F, 0xFF, 0x4E, 0x7F, 0xFF, 0x4E, 0x7F, 0xFF, 0x4E, 0x7F, 0xFF, 0x4E, 0x7F, 0xFF, 0x4E, 0x7F,
    0xFF, 0x4E, 0x7F, 0xFF, 0x4E, 0x7F, 0xFF, 0x4E, 0x7F, 0xFF, 0x4E, 0x7F, 0xFF, 0x4E, 0x7F, 0xFF,
    0x4E, 0x7F, 0xFF, 0x4E, 0x7F, 0xFF, 0x4E, 0x7F, 0xFF, 0x4E, 0x7F, 0xFF, 0x4E, 0x7F, 0xFF, 0x4E,
    0x7F, 0xFF, 0x4E, 0x7F, 0xFF, 0x4E, 0x7F, 0xFF, 0x4E, 0x7F, 0xFF, 0x4E, 0x7F, 0xFF, 0x4E, 0x7F,
    0xFF, 0x4E, 0x7F, 0xFF, 0x4E, 0x7F, 0xFF, 0x4E, 0x7F, 0xFF, 0x4E, 0x7F, 0xFF, 0x4E, 0x7F, 0xFF,
    0x4E, 0x7F, 0xFF, 0x4E, 0x7F, 0xFF, 0x4E, 0x7F, 0xFF, 0x4E, 0x7F, 0xFF, 0x4E, 0x7F, 0xFF, 0x4E,
    0x7F, 0xFF, 0x4E, 0x7F, 0xFF, 0x4E, 0x7F, 0xFF, 0x4E, 0x7F, 0xFF, 0x4E, 0x7F, 0xFF, 0x4E, 0x7F,
    0xFF, 0x4E, 0x7F, 0xFF, 0x4E, 0x7F, 0xFF, 0x4E, 0x7F, 0xFF, 0x45, 0xBC, 0xF5, 0x00, 0x61, 0xC2,
    0x00, 0x00, 0xBF, 0x00, 0x00, 0xBF, 0x4C, 0xED, 0xF5, 0x55, 0x8E, 0xFF, 0x55, 0x8E, 0xFF, 0x55,
    0x8E, 0xFF, 0x55, 0x8E, 0xFF, 0x55, 0x4E, 0xFB, 0x11, 0x02, 0xC9, 0x00, 0x00, 0xBF, 0x00, 0x00,
    0xBF, 0x00, 0x00, 0xBF, 0x00, 0x00, 0xBF, 0x00, 0x00, 0xBF, 0x00, 0x00, 0xBF, 0x00, 0x00, 0xBF,
    0x00, 0x00, 0xBF, 0x00, 0x00, 0xBF, 0x00, 0x00, 0xBF, 0x00, 0x00, 0xBF, 0x00, 0x00, 0xBF, 0x00,
    0x00, 0xBF, 0x07, 0x42, 0xF8, 0x07, 0xE2, 0xFF, 0x07, 0xE2, 0xFF, 0x07, 0xE2, 0xFF, 0x07, 0xE2,
    0xFF, 0x07, 0xE2, 0xFF, 0x07, 0xE2, 0xFF, 0x07, 0xE2, 0xFF, 0x07, 0xE2, 0xFF, 0x07, 0xE2, 0xFF,
    0x07, 0xE2, 0xFF, 0x07, 0x42, 0xF8, 0x00, 0x00, 0xBF, 0x00, 0x00, 0xBF, 0x00, 0x00, 0xBF, 0x00,
    0x00, 0xBF, 0x00, 0x00, 0xBF, 0x00, 0x00, 0xBF, 0x00, 0x00, 0xBF, 0x00, 0x00, 0xBF, 0x00, 0x00,
    0xBF, 0x00, 0x00, 0xBF, 0x00, 0x00, 0xBF, 0x00, 0x00, 0xBF, 0x00, 0x00, 0xBF, 0x00, 0x00, 0xBF,
    0x00, 0x00, 0xBF, 0x00, 0x00, 0xBF, 0x18, 0xEF, 0xDA, 0x39, 0xDF, 0xFF, 0x39, 0xDF, 0xFF, 0x39,
    0xDF, 0xFF, 0x39, 0xDF, 0xFF, 0x39, 0xDF, 0xFF, 0x39, 0xDF, 0xFF, 0x39, 0xDF, 0xFF, 0x18, 0xEF,
    0xD9, 0x00, 0x00, 0xBF, 0x00, 0x00, 0xBF, 0x00, 0x00, 0xBF, 0x00, 0x00, 0xBF, 0x00, 0x00, 0xBF,
    0x00, 0x00, 0xBF, 0x00, 0x00, 0xBF, 0x18, 0xF0, 0xDB, 0x39, 0xDF, 0xFF, 0x39, 0xDF, 0xFF, 0x39,
    0xDF, 0xFF, 0x39, 0xDF, 0xFF, 0x39, 0xDF, 0xFF, 0x39, 0xDF, 0xFF, 0x39, 0xDF, 0xFF, 0x31, 0xBD,
    0xF7, 0x00, 0x00, 0xBF, 0x00, 0x00, 0xBF, 0x00, 0x00, 0xBF, 0x00, 0x00, 0xBF, 0x00, 0x00, 0xBF,
    0x00, 0x00, 0xBF, 0x00, 0x00, 0xBF, 0x29, 0x57, 0xEB, 0x39, 0xDF, 0xFF, 0x39, 0xDF, 0xFF, 0x39,
    0xDF, 0xFF, 0x39, 0xDF, 0xFF, 0x39, 0xDF, 0xFF, 0x39, 0xDF, 0xFF, 0x39, 0xDF, 0xFF, 0x08, 0x45,
    0xC8, 0x00, 0x00, 0xBF, 0x00, 0x00, 0xBF, 0x00, 0x00, 0xBF, 0x00, 0x00, 0xBF, 0x00, 0x00, 0xBF,
    0x00, 0x00, 0xBF, 0x00, 0x00, 0xBF, 0x00, 0x00, 0xBF, 0x00, 0x00, 0xBF, 0x00, 0x00, 0xBF, 0x00,
    0x00, 0xBF, 0x00, 0x00, 0xBF, 0x00, 0x00, 0xBF, 0x00, 0x00, 0xBF, 0x08, 0x67, 0xCA, 0x39, 0xDF,
    0xFF, 0x39, 0xDF, 0xFF, 0x39, 0xDF, 0xFF, 0x39, 0xDF, 0xFF, 0x39, 0xDF, 0xFF, 0x39, 0xDF, 0xFF,
    0x39, 0xDF, 0xFF, 0x39, 0xDE, 0xFB, 0x00, 0x00, 0xBF, 0x00, 0x00, 0xBF, 0x00, 0x00, 0xBF, 0x00,
    0x00, 0xBF, 0x00, 0x00, 0xBF, 0x00, 0x00, 0xBF, 0x00, 0x00, 0xBF, 0x00, 0x00, 0xBF, 0x00, 0x00,
    0xBF, 0x00, 0x00, 0xBF, 0x00, 0x00, 0xBF, 0x00, 0x00, 0xBF, 0x00, 0x00, 0xBF, 0x00, 0x00, 0xBF,
    0x21, 0x12, 0xDF, 0x39, 0xDF, 0xFF, 0x39, 0xDF, 0xFF, 0x39, 0xDF, 0xFF, 0x39, 0xDF, 0xFF, 0x39,
    0xDF, 0xFF, 0x39, 0xDF, 0xFF, 0x39, 0xDF, 0xFF, 0x21, 0x35, 0xE6, 0x00, 0x00, 0xBF, 0x00, 0x00,
    0xBF, 0x00, 0x00, 0xBF, 0x00, 0x00, 0xBF, 0x31, 0x9A, 0xF0, 0x39, 0xDF, 0xFF, 0x39, 0xDF, 0xFF,
    0x39, 0xDF, 0xFF, 0x39, 0xDF, 0xFF, 0x39, 0xDF, 0xFF, 0x39, 0xDF, 0xFF, 0x39, 0xDF, 0xFF, 0x18,
    0xCE, 0xD8, 0x00, 0x00, 0xBF, 0x00, 0x00, 0xBF, 0x00, 0x00, 0xBF, 0x00, 0x00, 0xBF, 0x00, 0x00,
    0xBF, 0x00, 0x00, 0xBF, 0x00, 0x00, 0xBF, 0x00, 0x00, 0xBF, 0x00, 0x00, 0xBF, 0x00, 0x00, 0xBF,
    0x00, 0x00, 0xBF, 0x00, 0x00, 0xBF, 0x00, 0x00, 0xBF, 0x00, 0x00, 0xBF, 0x00, 0x00, 0xBF, 0x00,
    0x00, 0xBF, 0x00, 0x00, 0xBF, 0x00, 0x00, 0xBF, 0x00, 0x00, 0xBF, 0x00, 0x00, 0xBF, 0x00, 0x00,
    0xBF, 0x00, 0x00, 0xBF, 0x00, 0x00, 0xBF, 0x29, 0x78, 0xEC, 0x39, 0xDF, 0xFF, 0x39, 0xDF, 0xFF,
    0x39, 0xDF, 0xFF, 0x39, 0xDF, 0xFF, 0x39, 0xDF, 0xFF, 0x39, 0xDF, 0xFF, 0x39, 0xDF, 0xFF, 0x39,
    0xDF, 0xFD, 0x39, 0xDF, 0xFF, 0x39, 0xDF, 0xFF, 0x39, 0xDF, 0xFF, 0x39, 0xDF, 0xFF, 0x39, 0xDF,
    0xFF, 0x39, 0xDF, 0xFF, 0x39, 0xDF, 0xFF, 0x39, 0xDF, 0xFF, 0x29, 0x56, 0xE9, 0x00, 0x00, 0xC0,
    0x00, 0x00, 0xBF, 0x00, 0x00, 0xBF, 0x00, 0x00, 0xBF, 0x00, 0x00, 0xBF, 0x00, 0x00, 0xBF, 0x00,
    0x00, 0xBF, 0x00, 0x00, 0xBF, 0x00, 0x00, 0xBF, 0x00, 0x00, 0xBF, 0x00, 0x00, 0xBF, 0x00, 0x00,
    0xBF, 0x00, 0x00, 0xBF, 0x00, 0x00, 0xBF, 0x00, 0x00, 0xBF, 0x00, 0x00, 0xBF, 0x00, 0x00, 0xBF,
    0x00, 0x00, 0xBF, 0x00, 0x00, 0xBF, 0x00, 0x00, 0xBF, 0x00, 0x00, 0xBF, 0x00, 0x00, 0xBF, 0x00,
    0x00, 0xBF, 0x00, 0x00, 0xBF, 0x00, 0x00, 0xBF, 0x00, 0x00, 0xBF, 0x00, 0x00, 0xBF, 0x00, 0x00,
    0xBF, 0x00, 0x00, 0xBF, 0x00, 0x01, 0xC1, 0x41, 0x7B, 0xFD, 0x41, 0x7B, 0xFF, 0x41, 0x7B, 0xFF,
    0x49, 0x9B, 0xFF, 0x6A, 0xDD, 0xFF, 0x6A, 0xDD, 0xFF, 0x6A, 0xDD, 0xFF, 0x6A, 0xDD, 0xFF, 0x6A,
    0xDD, 0xFF, 0x6A, 0xDD, 0xFF, 0x6A, 0xDD, 0xFF, 0x6A, 0xDD, 0xFF, 0x6A, 0xDD, 0xFF, 0x6A, 0xDD,
    0xFF, 0x6A, 0xDD, 0xFF, 0x6A, 0x9D, 0xFF, 0x41, 0x7B, 0xFF, 0x41, 0x7B, 0xFF, 0x41, 0x7B, 0xFF,
    0x41, 0x7B, 0xFF, 0x41, 0x7B, 0xFF, 0x41, 0x7B, 0xFF, 0x41, 0x7B, 0xFF, 0x41, 0x7B, 0xFF, 0x41,
    0x7B, 0xFF, 0x41, 0x7B, 0xFF, 0x41, 0x7B, 0xFF, 0x41, 0x7B, 0xFF, 0x41, 0x7B, 0xFF, 0x41, 0x7B,
    0xFF, 0x42, 0xBC, 0xFF, 0x4E, 0x1F, 0xFF, 0x4E, 0x7F, 0xFF, 0x4E, 0x7F, 0xFF, 0x4E, 0x7F, 0xFF,
    0x4E, 0x7F, 0xFF, 0x4E, 0x7F, 0xFF, 0x4E, 0x7F, 0xFF, 0x4E, 0x7F, 0xFF, 0x4E, 0x7F, 0xFF, 0x4E,
    0x7F, 0xFF, 0x4E, 0x7F, 0xFF, 0x4E, 0x7F, 0xFF, 0x4E, 0x7F, 0xFF, 0x4E, 0x7F, 0xFF, 0x4E, 0x7F,
    0xFF, 0x4E, 0x7F, 0xFF, 0x4E, 0x7F, 0xFF, 0x4E, 0x7F, 0xFF, 0x4E, 0x7F, 0xFF, 0x4E, 0x7F, 0xFF,
    0x4E, 0x7F, 0xFF, 0x4E, 0x7F, 0xFF, 0x4E, 0x7F, 0xFF, 0x4E, 0x7F, 0xFF, 0x4E, 0x7F, 0xFF, 0x4E,
    0x7F, 0xFF, 0x4E, 0x7F, 0xFF, 0x4E, 0x7F, 0xFF, 0x4E, 0x7F, 0xFF, 0x4E, 0x7F, 0xFF, 0x4E, 0x7F,
    0xFF, 0x4E, 0x7F, 0xFF, 0x4E, 0x7F, 0xFF, 0x4E, 0x7F, 0xFF, 0x4E, 0x7F, 0xFF, 0x4E, 0x7F, 0xFF,
    0x4E, 0x7F, 0xFF, 0x4E, 0x7F, 0xFF, 0x4E, 0x7F, 0xFF, 0x4E, 0x7F, 0xFF, 0x4E, 0x7F, 0xFF, 0x4E,
    0x7F, 0xFF, 0x4E, 0x7F, 0xFF, 0x4E, 0x7F, 0xFF, 0x4E, 0x7F, 0xFF, 0x4E, 0x7F, 0xFF, 0x4E, 0x7F,
    0xFF, 0x4E, 0x7F, 0xFF, 0x4E, 0x7F, 0xFF, 0x4E, 0x7F, 0xFF, 0x4E, 0x7F, 0xFF, 0x4E, 0x7F, 0xFF,
    0x4E, 0x7F, 0xFF, 0x4E, 0x7F, 0xFF, 0x4E, 0x7F, 0xFF, 0x4E, 0x7F, 0xFF, 0x4E, 0x7F, 0xFF, 0x2B,
    0xD3, 0xE1, 0x00, 0x00, 0xBF, 0x00, 0x20, 0xC1, 0x55, 0x6E, 0xFC, 0x55, 0x8E, 0xFF, 0x55, 0x8E,
    0xFF, 0x55, 0x8E, 0xFF, 0x55, 0x8E, 0xFE, 0x1A, 0x05, 0xD2, 0x00, 0x00, 0xBF, 0x00, 0x00, 0xBF,
    0x00, 0x00, 0xBF, 0x00, 0x00, 0xBF, 0x00, 0x00, 0xBF, 0x00, 0x00, 0xBF, 0x00, 0x00, 0xBF, 0x00,
    0x00, 0xBF, 0x00, 0x00, 0xBF, 0x00, 0x00, 0xBF, 0x00, 0x00, 0xBF, 0x00, 0x00, 0xBF, 0x00, 0x00,
    0xBF, 0x00, 0x00, 0xBF, 0x07, 0x42, 0xF8, 0x07, 0xE2, 0xFF, 0x07, 0xE2, 0xFF, 0x07, 0xE2, 0xFF,
    0x07, 0xE2, 0xFF, 0x07, 0xE2, 0xFF, 0x07, 0xE2, 0xFF, 0x07, 0xE2, 0xFF, 0x07, 0xE2, 0xFF, 0x07,
    0xE2, 0xFF, 0x07, 0xE2, 0xFF, 0x07, 0x42, 0xF8, 0x00, 0x00, 0xBF, 0x00, 0x00, 0xBF, 0x00, 0x00,
    0xBF, 0x00, 0x00, 0xBF, 0x00, 0x00, 0xBF, 0x00, 0x00, 0xBF, 0x00, 0x00, 0xBF, 0x00, 0x00, 0xBF,
    0x00, 0x00, 0xBF, 0x00, 0x00, 0xBF, 0x00, 0x00, 0xBF, 0x00, 0x00, 0xBF, 0x00, 0x00, 0xBF, 0x00,
    0x00, 0xBF, 0x00, 0x00, 0xBF, 0x00, 0x00, 0xBF, 0x18, 0xEF, 0xDA, 0x39, 0xDF, 0xFF, 0x39, 0xDF,
    0xFF, 0x39, 0xDF, 0xFF, 0x39, 0xDF, 0xFF, 0x39, 0xDF, 0xFF, 0x39, 0xDF, 0xFF, 0x39, 0xDF, 0xFF,
    0x18, 0xEF, 0xD9, 0x00, 0x00, 0xBF, 0x00, 0x00, 0xBF, 0x00, 0x00, 0xBF, 0x00, 0x00, 0xBF, 0x00,
    0x00, 0xBF, 0x00, 0x00, 0xBF, 0x00, 0x00, 0xBF, 0x00, 0x00, 0xBF, 0x29, 0x57, 0xE9, 0x39, 0xDF,
    0xFF, 0x39, 0xDF, 0xFF, 0x39, 0xDF, 0xFF, 0x39, 0xDF, 0xFF, 0x39, 0xDF, 0xFF, 0x39, 0xDF, 0xFF,
    0x39, 0xDF, 0xFF, 0x10, 0x89, 0xCE, 0x00, 0x00, 0xBF, 0x00, 0x00, 0xBF, 0x00, 0x00, 0xBF, 0x00,
    0x00, 0xBF, 0x00, 0x00, 0xBF, 0x00, 0x00, 0xBF, 0x29, 0x57, 0xEB, 0x39, 0xDF, 0xFF, 0x39, 0xDF,
    0xFF, 0x39, 0xDF, 0xFF, 0x39, 0xDF, 0xFF, 0x39, 0xDF, 0xFF, 0x39, 0xDF, 0xFF, 0x39, 0xDF, 0xFF,
    0x08, 0x45, 0xC8, 0x00, 0x00, 0xBF, 0x00, 0x00, 0xBF, 0x00, 0x00, 0xBF, 0x00, 0x00, 0xBF, 0x00,
    0x00, 0xBF, 0x00, 0x00, 0xBF, 0x00, 0x00, 0xBF, 0x00, 0x00, 0xBF, 0x00, 0x00, 0xBF, 0x00, 0x00,
    0xBF, 0x00, 0x00, 0xBF, 0x00, 0x00, 0xBF, 0x00, 0x00, 0xBF, 0x00, 0x00, 0xBF, 0x00, 0x22, 0xC2,
    0x39, 0xDF, 0xFE, 0x39, 0xDF, 0xFF, 0x39, 0xDF, 0xFF, 0x39, 0xDF, 0xFF, 0x39, 0xDF, 0xFF, 0x39,
    0xDF, 0xFF, 0x39, 0xDF, 0xFF, 0x39, 0xDF, 0xFF, 0x08, 0x45, 0xC8, 0x00, 0x00, 0xBF, 0x00, 0x00,
    0xBF, 0x00, 0x00, 0xBF, 0x00, 0x00, 0xBF, 0x00, 0x00, 0xBF, 0x00, 0x00, 0xBF, 0x00, 0x00, 0xBF,
    0x00, 0x00, 0xBF, 0x00, 0x00, 0xBF, 0x00, 0x00, 0xBF, 0x00, 0x00, 0xBF, 0x00, 0x00, 0xBF, 0x00,
    0x00, 0xBF, 0x29, 0x57, 0xEB, 0x39, 0xDF, 0xFF, 0x39, 0xDF, 0xFF, 0x39, 0xDF, 0xFF, 0x39, 0xDF,
    0xFF, 0x39, 0xDF, 0xFF, 0x39, 0xDF, 0xFF, 0x39, 0xDF, 0xFF, 0x18, 0xF0, 0xDC, 0x00, 0x00, 0xBF,
    0x00, 0x00, 0xBF, 0x00, 0x00, 0xBF, 0x00, 0x00, 0xBF, 0x29, 0x56, 0xE7, 0x39, 0xDF, 0xFF, 0x39,
    0xDF, 0xFF, 0x39, 0xDF, 0xFF, 0x39, 0xDF, 0xFF, 0x39, 0xDF, 0xFF, 0x39, 0xDF, 0xFF, 0x39, 0xDF,
    0xFF, 0x29, 0x56, 0xE7, 0x00, 0x00, 0xBF, 0x00, 0x00, 0xBF, 0x00, 0x00, 0xBF, 0x00, 0x00, 0xBF,
    0x00, 0x00, 0xBF, 0x00, 0x00, 0xBF, 0x00, 0x00, 0xBF, 0x00, 0x00, 0xBF, 0x00, 0x00, 0xBF, 0x00,
    0x00, 0xBF, 0x00, 0x00, 0xBF, 0x00, 0x00, 0xBF, 0x00, 0x00, 0xBF, 0x00, 0x00, 0xBF, 0x00, 0x00,
    0xBF, 0x00, 0x00, 0xBF, 0x00, 0x00, 0xBF, 0x00, 0x00, 0xBF, 0x00, 0x00, 0xBF, 0x00, 0x00, 0xBF,
    0x00, 0x00, 0xBF, 0x00, 0x00, 0xBF, 0x00, 0x00, 0xBF, 0x29, 0x78, 0xEC, 0x39, 0xDF, 0xFF, 0x39,
    0xDF, 0xFF, 0x39, 0xDF, 0xFF, 0x39, 0xDF, 0xFF, 0x39, 0xDF, 0xFF, 0x39, 0xDF, 0xFF, 0x39, 0xDF,
    0xFF, 0x10, 0xAC, 0xD3, 0x31, 0xBE, 0xFB, 0x39, 0xDF, 0xFF, 0x39, 0xDF, 0xFF, 0x39, 0xDF, 0xFF,
    0x39, 0xDF, 0xFF, 0x39, 0xDF, 0xFF, 0x39, 0xDF, 0xFF, 0x39, 0xDF, 0xFF, 0x39, 0xDF, 0xFF, 0x29,
    0x57, 0xE9, 0x00, 0x00, 0xC0, 0x00, 0x00, 0xBF, 0x00, 0x00, 0xBF, 0x00, 0x00, 0xBF, 0x00, 0x00,
    0xBF, 0x00, 0x00, 0xBF, 0x00, 0x00, 0xBF, 0x00, 0x00, 0xBF, 0x00, 0x00, 0xBF, 0x00, 0x00, 0xBF,
    0x00, 0x00, 0xBF, 0x00, 0x00, 0xBF, 0x00, 0x00, 0xBF, 0x00, 0x00, 0xBF, 0x00, 0x00, 0xBF, 0x00,
    0x00, 0xBF, 0x00, 0x00, 0xBF, 0x00, 0x00, 0xBF, 0x00, 0x00, 0xBF, 0x00, 0x00, 0xBF, 0x00, 0x00,
    0xBF, 0x00, 0x00, 0xBF, 0x00, 0x00, 0xBF, 0x00, 0x00, 0xBF, 0x00, 0x00, 0xBF, 0x00, 0x00, 0xBF,
    0x00, 0x00, 0xBF, 0x00, 0x00, 0xBF, 0x00, 0x00, 0xC1, 0x41, 0x7A, 0xFB, 0x41, 0x7B, 0xFF, 0x41,
    0x7B, 0xFF, 0x41, 0x7B, 0xFF, 0x6A, 0xBD, 0xFF, 0x6A, 0xDD, 0xFF, 0x6A, 0xDD, 0xFF, 0x6A, 0xDD,
    0xFF, 0x6A, 0xDD, 0xFF, 0x6A, 0xDD, 0xFF, 0x6A, 0xDD, 0xFF, 0x6A, 0xDD, 0xFF, 0x6A, 0xDD, 0xFF,
    0x6A, 0xDD, 0xFF, 0x6A, 0xDD, 0xFF, 0x6A, 0xDD, 0xFF, 0x51, 0xFC, 0xFF, 0x41, 0x7B, 0xFF, 0x41,
    0x7B, 0xFF, 0x41, 0x7B, 0xFF, 0x41, 0x7B, 0xFF, 0x41, 0x7B, 0xFF, 0x41, 0x7B, 0xFF, 0x41, 0x7B,
    0xFF, 0x41, 0x7B, 0xFF, 0x41, 0x7B, 0xFF, 0x41, 0x7B, 0xFF, 0x41, 0x7B, 0xFF, 0x41, 0x7B, 0xFF,
    0x42, 0xFD, 0xFF, 0x4E, 0x3F, 0xFF, 0x4E, 0x7F, 0xFF, 0x4E, 0x7F, 0xFF, 0x4E, 0x7F, 0xFF, 0x4E,
    0x7F, 0xFF, 0x4E, 0x7F, 0xFF, 0x4E, 0x7F, 0xFF, 0x4E, 0x7F, 0xFF, 0x4E, 0x7F, 0xFF, 0x4E, 0x7F,
    0xFF, 0x4E, 0x7F, 0xFF, 0x4E, 0x7F, 0xFF, 0x4E, 0x7F, 0xFF, 0x4E, 0x7F, 0xFF, 0x4E, 0x7F, 0xFF,
    0x4E, 0x7F, 0xFF, 0x4E, 0x7F, 0xFF, 0x4E, 0x7F, 0xFF, 0x4E, 0x7F, 0xFF, 0x4E, 0x7F, 0xFF, 0x4E,
    0x7F, 0xFF, 0x4E, 0x7F, 0xFF, 0x4E, 0x7F, 0xFF, 0x4E, 0x7F, 0xFF, 0x4E, 0x7F, 0xFF, 0x4E, 0x7F,
    0xFF, 0x4E, 0x7F, 0xFF, 0x4E, 0x7F, 0xFF, 0x4E, 0x7F, 0xFF, 0x4E, 0x7F, 0xFF, 0x4E, 0x7F, 0xFF,
    0x4E, 0x7F, 0xFF, 0x4E, 0x7F, 0xFF, 0x4E, 0x7F, 0xFF, 0x4E, 0x7F, 0xFF, 0x4E, 0x7F, 0xFF, 0x4E,
    0x7F, 0xFF, 0x4E, 0x7F, 0xFF, 0x4E, 0x7F, 0xFF, 0x4E, 0x7F, 0xFF, 0x4E, 0x7F, 0xFF, 0x4E, 0x7F,
    0xFF, 0x4E, 0x7F, 0xFF, 0x4E, 0x7F, 0xFF, 0x4E, 0x7F, 0xFF, 0x4E, 0x7F, 0xFF, 0x4E, 0x7F, 0xFF,
    0x4E, 0x7F, 0xFF, 0x4E, 0x7F, 0xFF, 0x4E, 0x7F, 0xFF, 0x4E, 0x7F, 0xFF, 0x4E, 0x7F, 0xFF, 0x4E,
    0x7F, 0xFF, 0x4E, 0x7F, 0xFF, 0x4E, 0x7F, 0xFF, 0x4E, 0x7F, 0xFF, 0x4E, 0x7F, 0xFF, 0x4E, 0x7F,
    0xFF, 0x4E, 0x3F, 0xFD, 0x09, 0x25, 0xC8, 0x09, 0x02, 0xC8, 0x55, 0x8E, 0xFE, 0x55, 0x8E, 0xFF,
    0x55, 0x8E, 0xFF, 0x55, 0x8E, 0xFF, 0x2B, 0x08, 0xDE, 0x00, 0x00, 0xBF, 0x00, 0x00, 0xBF, 0x00,
    0x00, 0xBF, 0x00, 0x00, 0xBF, 0x00, 0x00, 0xBF, 0x00, 0x00, 0xBF, 0x00, 0x00, 0xBF, 0x00, 0x00,
    0xBF, 0x00, 0x00, 0xBF, 0x00, 0x00, 0xBF, 0x00, 0x00, 0xBF, 0x00, 0x00, 0xBF, 0x00, 0x00, 0xBF,
    0x00, 0x00, 0xBF, 0x00, 0x00, 0xBF, 0x07, 0x42, 0xF8, 0x07, 0xE2, 0xFF, 0x07, 0xE2, 0xFF, 0x07,
    0xE2, 0xFF, 0x07, 0xE2, 0xFF, 0x07, 0xE2, 0xFF, 0x07, 0xE2, 0xFF, 0x07, 0xE2, 0xFF, 0x07, 0xE2,
    0xFF, 0x07, 0xE2, 0xFF, 0x07, 0xE2, 0xFF, 0x07, 0x42, 0xF8, 0x00, 0x00, 0xBF, 0x00, 0x00, 0xBF,
    0x00, 0x00, 0xBF, 0x00, 0x00, 0xBF, 0x00, 0x00, 0xBF, 0x00, 0x00, 0xBF, 0x00, 0x00, 0xBF, 0x00,
    0x00, 0xBF, 0x00, 0x00, 0xBF, 0x00, 0x00, 0xBF, 0x00, 0x00, 0xBF, 0x00, 0x00, 0xBF, 0x00, 0x00,
    0xBF, 0x00, 0x00, 0xBF, 0x00, 0x00, 0xBF, 0x00, 0x00, 0xBF, 0x18, 0xEF, 0xDA, 0x39, 0xDF, 0xFF,
    0x39, 0xDF, 0xFF, 0x39, 0xDF, 0xFF, 0x39, 0xDF, 0xFF, 0x39, 0xDF, 0xFF, 0x39, 0xDF, 0xFF, 0x39,
    0xDF, 0xFF, 0x18, 0xEF, 0xD9, 0x00, 0x00, 0xBF, 0x00, 0x00, 0xBF, 0x00, 0x00, 0xBF, 0x00, 0x00,
    0xBF, 0x00, 0x00, 0xBF, 0x00, 0x00, 0xBF, 0x00, 0x00, 0xBF, 0x00, 0x00, 0xBF, 0x18, 0xCD, 0xD6,
    0x39, 0xDF, 0xFF, 0x39, 0xDF, 0xFF, 0x39, 0xDF, 0xFF, 0x39, 0xDF, 0xFF, 0x39, 0xDF, 0xFF, 0x39,
    0xDF, 0xFF, 0x39, 0xDF, 0xFF, 0x18, 0xF0, 0xDB, 0x00, 0x00, 0xBF, 0x00, 0x00, 0xBF, 0x00, 0x00,
    0xBF, 0x00, 0x00, 0xBF, 0x00, 0x00, 0xBF, 0x00, 0x00, 0xBF, 0x29, 0x57, 0xEB, 0x39, 0xDF, 0xFF,
    0x39, 0xDF, 0xFF, 0x39, 0xDF, 0xFF, 0x39, 0xDF, 0xFF, 0x39, 0xDF, 0xFF, 0x39, 0xDF, 0xFF, 0x39,
    0xDF, 0xFF, 0x08, 0x45, 0xC8, 0x00, 0x00, 0xBF, 0x00, 0x00, 0xBF, 0x00, 0x00, 0xBF, 0x00, 0x00,
    0xBF, 0x00, 0x00, 0xBF, 0x00, 0x00, 0xBF, 0x00, 0x00, 0xBF, 0x00, 0x00, 0xBF, 0x00, 0x00, 0xBF,
    0x00, 0x00, 0xBF, 0x00, 0x00, 0xBF, 0x00, 0x00, 0xBF, 0x00, 0x00, 0xBF, 0x00, 0x00, 0xBF, 0x00,
    0x00, 0xBF, 0x31, 0x9B, 0xF4, 0x39, 0xDF, 0xFF, 0x39, 0xDF, 0xFF, 0x39, 0xDF, 0xFF, 0x39, 0xDF,
    0xFF, 0x39, 0xDF, 0xFF, 0x39, 0xDF, 0xFF, 0x39, 0xDF, 0xFF, 0x18, 0xF0, 0xDB, 0x00, 0x00, 0xBF,
    0x00, 0x00, 0xBF, 0x00, 0x00, 0xBF, 0x00, 0x00, 0xBF, 0x00, 0x00, 0xBF, 0x00, 0x00, 0xBF, 0x00,
    0x00, 0xBF, 0x00, 0x00, 0xBF, 0x00, 0x00, 0xBF, 0x00, 0x00, 0xBF, 0x00, 0x00, 0xBF, 0x00, 0x00,
    0xBF, 0x00, 0x01, 0xC2, 0x39, 0xDE, 0xFC, 0x39, 0xDF, 0xFF, 0x39, 0xDF, 0xFF, 0x39, 0xDF, 0xFF,
    0x39, 0xDF, 0xFF, 0x39, 0xDF, 0xFF, 0x39, 0xDF, 0xFF, 0x39, 0xDF, 0xFF, 0x08, 0x67, 0xCC, 0x00,
    0x00, 0xBF, 0x00, 0x00, 0xBF, 0x00, 0x00, 0xBF, 0x00, 0x00, 0xBF, 0x18, 0xCF, 0xD9, 0x39, 0xDF,
    0xFF, 0x39, 0xDF, 0xFF, 0x39, 0xDF, 0xFF, 0x39, 0xDF, 0xFF, 0x39, 0xDF, 0xFF, 0x39, 0xDF, 0xFF,
    0x39, 0xDF, 0xFF, 0x39, 0xDE, 0xFB, 0x00, 0x22, 0xC3, 0x00, 0x00, 0xBF, 0x00, 0x00, 0xBF, 0x00,
    0x00, 0xBF, 0x00, 0x00, 0xBF, 0x00, 0x00, 0xBF, 0x00, 0x00, 0xBF, 0x00, 0x00, 0xBF, 0x00, 0x00,
    0xBF, 0x00, 0x00, 0xBF, 0x00, 0x00, 0xBF, 0x00, 0x00, 0xBF, 0x00, 0x00, 0xBF, 0x00, 0x00, 0xBF,
    0x00, 0x00, 0xBF, 0x00, 0x00, 0xBF, 0x00, 0x00, 0xBF, 0x00, 0x00, 0xBF, 0x00, 0x00, 0xBF, 0x00,
    0x00, 0xBF, 0x00, 0x00, 0xBF, 0x00, 0x00, 0xBF, 0x00, 0x00, 0xBF, 0x29, 0x78, 0xEC, 0x39, 0xDF,
    0xFF, 0x39, 0xDF, 0xFF, 0x39, 0xDF, 0xFF, 0x39, 0xDF, 0xFF, 0x39, 0xDF, 0xFF, 0x39, 0xDF, 0xFF,
    0x39, 0xDF, 0xFF, 0x08, 0x44, 0xC6, 0x08, 0x68, 0xCC, 0x31, 0xBE, 0xFA, 0x39, 0xDF, 0xFF, 0x39,
    0xDF, 0xFF, 0x39, 0xDF, 0xFF, 0x39, 0xDF, 0xFF, 0x39, 0xDF, 0xFF, 0x39, 0xDF, 0xFF, 0x39, 0xDF,
    0xFF, 0x39, 0xDF, 0xFF, 0x29, 0x57, 0xEA, 0x00, 0x00, 0xC0, 0x00, 0x00, 0xBF, 0x00, 0x00, 0xBF,
    0x00, 0x00, 0xBF, 0x00, 0x00, 0xBF, 0x00, 0x00, 0xBF, 0x00, 0x00, 0xBF, 0x00, 0x00, 0xBF, 0x00,
    0x00, 0xBF, 0x00, 0x00, 0xBF, 0x00, 0x00, 0xBF, 0x00, 0x00, 0xBF, 0x00, 0x00, 0xBF, 0x00, 0x00,
    0xBF, 0x00, 0x00, 0xBF, 0x00, 0x00, 0xBF, 0x00, 0x00, 0xBF, 0x00, 0x00, 0xBF, 0x00, 0x00, 0xBF,
    0x00, 0x00, 0xBF, 0x00, 0x00, 0xBF, 0x00, 0x00, 0xBF, 0x00, 0x00, 0xBF, 0x00, 0x00, 0xBF, 0x00,
    0x00, 0xBF, 0x00, 0x00, 0xBF, 0x00, 0x00, 0xBF, 0x00, 0x00, 0xC0, 0x39, 0x59, 0xF8, 0x41, 0x7B,
    0xFF, 0x41, 0x7B, 0xFF, 0x41, 0x7B, 0xFF, 0x62, 0x9C, 0xFF, 0x6A, 0xDD, 0xFF, 0x6A, 0xDD, 0xFF,
    0x6A, 0xDD, 0xFF, 0x6A, 0xDD, 0xFF, 0x6A, 0xDD, 0xFF, 0x6A, 0xDD, 0xFF, 0x6A, 0xDD, 0xFF, 0x6A,
    0xDD, 0xFF, 0x6A, 0xDD, 0xFF, 0x6A, 0xDD, 0xFF, 0x6A, 0xDD, 0xFF, 0x6A, 0xBD, 0xFF, 0x41, 0x7B,
    0xFF, 0x41, 0x7B, 0xFF, 0x41, 0x7B, 0xFF, 0x41, 0x7B, 0xFF, 0x41, 0x7B, 0xFF, 0x41, 0x7B, 0xFF,
    0x41, 0x7B, 0xFF, 0x41, 0x7B, 0xFF, 0x41, 0x7B, 0xFF, 0x41, 0x7B, 0xFF, 0x41, 0x7B, 0xFF, 0x4B,
    0x7D, 0xFF, 0x4E, 0x5F, 0xFF, 0x4E, 0x7F, 0xFF, 0x4E, 0x7F, 0xFF, 0x4E, 0x7F, 0xFF, 0x4E, 0x7F,
    0xFF, 0x4E, 0x7F, 0xFF, 0x4E, 0x7F, 0xFF, 0x4E, 0x7F, 0xFF, 0x4E, 0x7F, 0xFF, 0x4E, 0x7F, 0xFF,
    0x4E, 0x7F, 0xFF, 0x4E, 0x7F, 0xFF, 0x4E, 0x7F, 0xFF, 0x4E, 0x7F, 0xFF, 0x4E, 0x7F, 0xFF, 0x4E,
    0x7F, 0xFF, 0x4E, 0x7F, 0xFF, 0x4E, 0x7F, 0xFF, 0x4E, 0x7F, 0xFF, 0x4E, 0x7F, 0xFF, 0x4E, 0x7F,
    0xFF, 0x4E, 0x7F, 0xFF, 0x4E, 0x7F, 0xFF, 0x4E, 0x7F, 0xFF, 0x4E, 0x7F, 0xFF, 0x4E, 0x7F, 0xFF,
    0x4E, 0x7F, 0xFF, 0x4E, 0x7F, 0xFF, 0x4E, 0x7F, 0xFF, 0x4E, 0x7F, 0xFF, 0x4E, 0x7F, 0xFF, 0x4E,
    0x7F, 0xFF, 0x4E, 0x7F, 0xFF, 0x4E, 0x7F, 0xFF, 0x4E, 0x7F, 0xFF, 0x4E, 0x7F, 0xFF, 0x4E, 0x7F,
    0xFF, 0x4E, 0x7F, 0xFF, 0x4E, 0x7F, 0xFF, 0x4E, 0x7F, 0xFF, 0x4E, 0x7F, 0xFF, 0x4E, 0x7F, 0xFF,
    0x4E, 0x7F, 0xFF, 0x4E, 0x7F, 0xFF, 0x4E, 0x7F, 0xFF, 0x4E, 0x7F, 0xFF, 0x4E, 0x7F, 0xFF, 0x4E,
    0x7F, 0xFF, 0x4E, 0x7F, 0xFF, 0x4E, 0x7F, 0xFF, 0x4E, 0x7F, 0xFF, 0x4E, 0x7F, 0xFF, 0x4E, 0x7F,
    0xFF, 0x4E, 0x7F, 0xFF, 0x4E, 0x7F, 0xFF, 0x4E, 0x7F, 0xFF, 0x4E, 0x7F, 0xFF, 0x4E, 0x7F, 0xFF,
    0x4E, 0x7F, 0xFF, 0x4E, 0x7F, 0xFF, 0x3C, 0xB7, 0xEA, 0x19, 0xE5, 0xD1, 0x55, 0x8E, 0xFF, 0x55,
    0x8E, 0xFF, 0x55, 0x8E, 0xFF, 0x3C, 0x0A, 0xEA, 0x00, 0x00, 0xC0, 0x00, 0x00, 0xBF, 0x00, 0x00,
    0xBF, 0x00, 0x00, 0xBF, 0x00, 0x00, 0xBF, 0x00, 0x00, 0xBF, 0x00, 0x00, 0xBF, 0x00, 0x00, 0xBF,
    0x00, 0x00, 0xBF, 0x00, 0x00, 0xBF, 0x00, 0x00, 0xBF, 0x00, 0x00, 0xBF, 0x00, 0x00, 0xBF, 0x00,
    0x00, 0xBF, 0x00, 0x00, 0xBF, 0x00, 0x00, 0xBF, 0x07, 0x42, 0xF8, 0x07, 0xE2, 0xFF, 0x07, 0xE2,
    0xFF, 0x07, 0xE2, 0xFF, 0x07, 0xE2, 0xFF, 0x07, 0xE2, 0xFF, 0x07, 0xE2, 0xFF, 0x07, 0xE2, 0xFF,
    0x07, 0xE2, 0xFF, 0x07, 0xE2, 0xFF, 0x07, 0xE2, 0xFF, 0x07, 0x42, 0xF8, 0x00, 0x00, 0xBF, 0x00,
    0x00, 0xBF, 0x00, 0x00, 0xBF, 0x00, 0x00, 0xBF, 0x00, 0x00, 0xBF, 0x00, 0x00, 0xBF, 0x00, 0x00,
    0xBF, 0x00, 0x00, 0xBF, 0x00, 0x00, 0xBF, 0x00, 0x00, 0xBF, 0x00, 0x00, 0xBF, 0x00, 0x00, 0xBF,
    0x00, 0x00, 0xBF, 0x00, 0x00, 0xBF, 0x00, 0x00, 0xBF, 0x00, 0x00, 0xBF, 0x18, 0xEF, 0xDA, 0x39,
    0xDF, 0xFF, 0x39, 0xDF, 0xFF, 0x39, 0xDF, 0xFF, 0x39, 0xDF, 0xFF, 0x39, 0xDF, 0xFF, 0x39, 0xDF,
    0xFF, 0x39, 0xDF, 0xFF, 0x18, 0xEF, 0xD9, 0x00, 0x00, 0xBF, 0x00, 0x00, 0xBF, 0x00, 0x00, 0xBF,
    0x00, 0x00, 0xBF, 0x00, 0x00, 0xBF, 0x00, 0x00, 0xBF, 0x00, 0x00, 0xBF, 0x00, 0x00, 0xBF, 0x10,
    0xAA, 0xD1, 0x39, 0xDF, 0xFF, 0x39, 0xDF, 0xFF, 0x39, 0xDF, 0xFF, 0x39, 0xDF, 0xFF, 0x39, 0xDF,
    0xFF, 0x39, 0xDF, 0xFF, 0x39, 0xDF, 0xFF, 0x21, 0x13, 0xE1, 0x00, 0x00, 0xBF, 0x00, 0x00, 0xBF,
    0x00, 0x00, 0xBF, 0x00, 0x00, 0xBF, 0x00, 0x00, 0xBF, 0x00, 0x00, 0xBF, 0x29, 0x57, 0xEB, 0x39,
    0xDF, 0xFF, 0x39, 0xDF, 0xFF, 0x39, 0xDF, 0xFF, 0x39, 0xDF, 0xFF, 0x39, 0xDF, 0xFF, 0x39, 0xDF,
    0xFF, 0x39, 0xDF, 0xFF, 0x08, 0x45, 0xC8, 0x00, 0x00, 0xBF, 0x00, 0x00, 0xBF, 0x00, 0x00, 0xBF,
    0x00, 0x00, 0xBF, 0x00, 0x00, 0xBF, 0x00, 0x00, 0xBF, 0x00, 0x00, 0xBF, 0x00, 0x00, 0xBF, 0x00,
    0x00, 0xBF, 0x00, 0x00, 0xBF, 0x00, 0x00, 0xBF, 0x00, 0x00, 0xBF, 0x00, 0x00, 0xBF, 0x00, 0x00,
    0xBF, 0x00, 0x00, 0xBF, 0x21, 0x33, 0xE2, 0x39, 0xDF, 0xFF, 0x39, 0xDF, 0xFF, 0x39, 0xDF, 0xFF,
    0x39, 0xDF, 0xFF, 0x39, 0xDF, 0xFF, 0x39, 0xDF, 0xFF, 0x39, 0xDF, 0xFF, 0x31, 0x9B, 0xF3, 0x00,
    0x00, 0xBF, 0x00, 0x00, 0xBF, 0x00, 0x00, 0xBF, 0x00, 0x00, 0xBF, 0x00, 0x00, 0xBF, 0x00, 0x00,
    0xBF, 0x00, 0x00, 0xBF, 0x00, 0x00, 0xBF, 0x00, 0x00, 0xBF, 0x00, 0x00, 0xBF, 0x00, 0x00, 0xBF,
    0x00, 0x00, 0xBF, 0x18, 0xCD, 0xD7, 0x39, 0xDF, 0xFF, 0x39, 0xDF, 0xFF, 0x39, 0xDF, 0xFF, 0x39,
    0xDF, 0xFF, 0x39, 0xDF, 0xFF, 0x39, 0xDF, 0xFF, 0x39, 0xDF, 0xFF, 0x31, 0xBE, 0xFB, 0x00, 0x00,
    0xC0, 0x00, 0x00, 0xBF, 0x00, 0x00, 0xBF, 0x00, 0x00, 0xBF, 0x00, 0x00, 0xBF, 0x08, 0x44, 0xC5,
    0x39, 0xDF, 0xFE, 0x39, 0xDF, 0xFF, 0x39, 0xDF, 0xFF, 0x39, 0xDF, 0xFF, 0x39, 0xDF, 0xFF, 0x39,
    0xDF, 0xFF, 0x39, 0xDF, 0xFF, 0x39, 0xDF, 0xFF, 0x21, 0x11, 0xDD, 0x00, 0x00, 0xBF, 0x00, 0x00,
    0xBF, 0x00, 0x00, 0xBF, 0x00, 0x00, 0xBF, 0x00, 0x00, 0xBF, 0x00, 0x00, 0xBF, 0x00, 0x00, 0xBF,
    0x00, 0x00, 0xBF, 0x00, 0x00, 0xBF, 0x00, 0x00, 0xBF, 0x00, 0x00, 0xBF, 0x00, 0x00, 0xBF, 0x00,
    0x00, 0xBF, 0x00, 0x00, 0xBF, 0x00, 0x00, 0xBF, 0x00, 0x00, 0xBF, 0x00, 0x00, 0xBF, 0x00, 0x00,
    0xBF, 0x00, 0x00, 0xBF, 0x00, 0x00, 0xBF, 0x00, 0x00, 0xBF, 0x00, 0x00, 0xBF, 0x29, 0x78, 0xEC,
    0x39, 0xDF, 0xFF, 0x39, 0xDF, 0xFF, 0x39, 0xDF, 0xFF, 0x39, 0xDF, 0xFF, 0x39, 0xDF, 0xFF, 0x39,
    0xDF, 0xFF, 0x39, 0xDF, 0xFF, 0x08, 0x44, 0xC6, 0x00, 0x00, 0xBF, 0x08, 0x67, 0xCB, 0x31, 0xBE,
    0xFA, 0x39, 0xDF, 0xFF, 0x39, 0xDF, 0xFF, 0x39, 0xDF, 0xFF, 0x39, 0xDF, 0xFF, 0x39, 0xDF, 0xFF,
    0x39, 0xDF, 0xFF, 0x39, 0xDF, 0xFF, 0x39, 0xDF, 0xFF, 0x29, 0x57, 0xEA, 0x00, 0x00, 0xC0, 0x00,
    0x00, 0xBF, 0x00, 0x00, 0xBF, 0x00, 0x00, 0xBF, 0x00, 0x00, 0xBF, 0x00, 0x00, 0xBF, 0x00, 0x00,
    0xBF, 0x00, 0x00, 0xBF, 0x00, 0x00, 0xBF, 0x00, 0x00, 0xBF, 0x00, 0x00, 0xBF, 0x00, 0x00, 0xBF,
    0x00, 0x00, 0xBF, 0x00, 0x00, 0xBF, 0x00, 0x00, 0xBF, 0x00, 0x00, 0xBF, 0x00, 0x00, 0xBF, 0x00,
    0x00, 0xBF, 0x00, 0x00, 0xBF, 0x00, 0x00, 0xBF, 0x00, 0x00, 0xBF, 0x00, 0x00, 0xBF, 0x00, 0x00,
    0xBF, 0x00, 0x00, 0xBF, 0x00, 0x00, 0xBF, 0x00, 0x00, 0xBF, 0x00, 0x00, 0xBF, 0x39, 0x58, 0xF6,
    0x41, 0x7B, 0xFF, 0x41, 0x7B, 0xFF, 0x41, 0x7B, 0xFF, 0x5A, 0x5C, 0xFF, 0x6A, 0xDD, 0xFF, 0x6A,
    0xDD, 0xFF, 0x6A, 0xDD, 0xFF, 0x6A, 0xDD, 0xFF, 0x6A, 0xDD, 0xFF, 0x6A, 0xDD, 0xFF, 0x6A, 0xDD,
    0xFF, 0x6A, 0xDD, 0xFF, 0x6A, 0xDD, 0xFF, 0x6A, 0xDD, 0xFF, 0x6A, 0xDD, 0xFF, 0x6A, 0xDD, 0xFF,
    0x51, 0xFC, 0xFF, 0x41, 0x7B, 0xFF, 0x41, 0x7B, 0xFF, 0x41, 0x7B, 0xFF, 0x41, 0x7B, 0xFF, 0x41,
    0x7B, 0xFF, 0x41, 0x7B, 0xFF, 0x41, 0x7B, 0xFF, 0x41, 0x7B, 0xFF, 0x41, 0x7B, 0xFF, 0x4B, 0xFD,
    0xFF, 0x4E, 0x5F, 0xFF, 0x4E, 0x7F, 0xFF, 0x4E, 0x7F, 0xFF, 0x4E, 0x7F, 0xFF, 0x4E, 0x7F, 0xFF,
    0x4E, 0x7F, 0xFF, 0x4E, 0x7F, 0xFF, 0x4E, 0x7F, 0xFF, 0x4E, 0x7F, 0xFF, 0x4E, 0x7F, 0xFF, 0x4E,
    0x7F, 0xFF, 0x4E, 0x7F, 0xFF, 0x4E, 0x7F, 0xFF, 0x4E, 0x7F, 0xFF, 0x4E, 0x7F, 0xFF, 0x4E, 0x7F,
    0xFF, 0x4E, 0x7F, 0xFF, 0x4E, 0x7F, 0xFF, 0x4E, 0x7F, 0xFF, 0x4E, 0x7F, 0xFF, 0x4E, 0x7F, 0xFF,
    0x4E, 0x7F, 0xFF, 0x4E, 0x7F, 0xFF, 0x4E, 0x7F, 0xFF, 0x4E, 0x7F, 0xFF, 0x4E, 0x7F, 0xFF, 0x4E,
    0x7F, 0xFF, 0x4E, 0x7F, 0xFF, 0x4E, 0x7F, 0xFF, 0x4E, 0x7F, 0xFF, 0x4E, 0x7F, 0xFF, 0x4E, 0x7F,
    0xFF, 0x4E, 0x7F, 0xFF, 0x4E, 0x7F, 0xFF, 0x4E, 0x7F, 0xFF, 0x4E, 0x7F, 0xFF, 0x4E, 0x7F, 0xFF,
    0x4E, 0x7F, 0xFF, 0x4E, 0x7F, 0xFF, 0x4E, 0x7F, 0xFF, 0x4E, 0x7F, 0xFF, 0x4E, 0x7F, 0xFF, 0x4E,
    0x7F, 0xFF, 0x4E, 0x7F, 0xFF, 0x4E, 0x7F, 0xFF, 0x4E, 0x7F, 0xFF, 0x4E, 0x7F, 0xFF, 0x4E, 0x7F,
    0xFF, 0x4E, 0x7F, 0xFF, 0x4E, 0x7F, 0xFF, 0x4E, 0x7F, 0xFF, 0x4E, 0x7F, 0xFF, 0x4E, 0x7F, 0xFF,
    0x4E, 0x7F, 0xFF, 0x4E, 0x7F, 0xFF, 0x4E, 0x7F, 0xFF, 0x4E, 0x7F, 0xFF, 0x4E, 0x7F, 0xFF, 0x4E,
    0x7F, 0xFF, 0x4E, 0x7F, 0xFF, 0x4E, 0x7F, 0xFF, 0x4E, 0x5F, 0xFE, 0x3C, 0x0E, 0xE7, 0x55, 0x8E,
    0xFF, 0x55, 0x8E, 0xFF, 0x4C, 0xCC, 0xF4, 0x00, 0x61, 0xC3, 0x00, 0x00, 0xBF, 0x00, 0x00, 0xBF,
    0x00, 0x00, 0xBF, 0x00, 0x00, 0xBF, 0x00, 0x00, 0xBF, 0x00, 0x00, 0xBF, 0x00, 0x00, 0xBF, 0x00,
    0x00, 0xBF, 0x00, 0x00, 0xBF, 0x00, 0x00, 0xBF, 0x00, 0x00, 0xBF, 0x00, 0x00, 0xBF, 0x00, 0x00,
    0xBF, 0x00, 0x00, 0xBF, 0x00, 0x00, 0xBF, 0x00, 0x00, 0xBF, 0x07, 0x42, 0xF8, 0x07, 0xE2, 0xFF,
    0x07, 0xE2, 0xFF, 0x07, 0xE2, 0xFF, 0x07, 0xE2, 0xFF, 0x07, 0xE2, 0xFF, 0x07, 0xE2, 0xFF, 0x07,
    0xE2, 0xFF, 0x07, 0xE2, 0xFF, 0x07, 0xE2, 0xFF, 0x07, 0xE2, 0xFF, 0x07, 0x42, 0xF8, 0x00, 0x00,
    0xBF, 0x00, 0x00, 0xBF, 0x00, 0x00, 0xBF, 0x00, 0x00, 0xBF, 0x00, 0x00, 0xBF, 0x00, 0x00, 0xBF,
    0x00, 0x00, 0xBF, 0x00, 0x00, 0xBF, 0x00, 0x00, 0xBF, 0x00, 0x00, 0xBF, 0x00, 0x00, 0xBF, 0x00,
    0x00, 0xBF, 0x00, 0x00, 0xBF, 0x00, 0x00, 0xBF, 0x00, 0x00, 0xBF, 0x00, 0x00, 0xBF, 0x18, 0xEF,
    0xDA, 0x39, 0xDF, 0xFF, 0x39, 0xDF, 0xFF, 0x39, 0xDF, 0xFF, 0x39, 0xDF, 0xFF, 0x39, 0xDF, 0xFF,
    0x39, 0xDF, 0xFF, 0x39, 0xDF, 0xFF, 0x18, 0xEF, 0xD9, 0x00, 0x00, 0xBF, 0x00, 0x00, 0xBF, 0x00,
    0x00, 0xBF, 0x00, 0x00, 0xBF, 0x00, 0x00, 0xBF, 0x00, 0x00, 0xBF, 0x00, 0x00, 0xBF, 0x00, 0x00,
    0xBF, 0x18, 0xCE, 0xD8, 0x39, 0xDF, 0xFF, 0x39, 0xDF, 0xFF, 0x39, 0xDF, 0xFF, 0x39, 0xDF, 0xFF,
    0x39, 0xDF, 0xFF, 0x39, 0xDF, 0xFF, 0x39, 0xDF, 0xFF, 0x21, 0x12, 0xE0, 0x00, 0x00, 0xBF, 0x00,
    0x00, 0xBF, 0x00, 0x00, 0xBF, 0x00, 0x00, 0xBF, 0x00, 0x00, 0xBF, 0x00, 0x00, 0xBF, 0x29, 0x57,
    0xEB, 0x39, 0xDF, 0xFF, 0x39, 0xDF, 0xFF, 0x39, 0xDF, 0xFF, 0x39, 0xDF, 0xFF, 0x39, 0xDF, 0xFF,
    0x39, 0xDF, 0xFF, 0x39, 0xDF, 0xFF, 0x08, 0x45, 0xC8, 0x00, 0x00, 0xBF, 0x00, 0x00, 0xBF, 0x00,
    0x00, 0xBF, 0x00, 0x00, 0xBF, 0x00, 0x00, 0xBF, 0x00, 0x00, 0xBF, 0x00, 0x00, 0xBF, 0x00, 0x00,
    0xBF, 0x00, 0x00, 0xBF, 0x00, 0x00, 0xBF, 0x00, 0x00, 0xBF, 0x00, 0x00, 0xBF, 0x00, 0x00, 0xBF,
    0x00, 0x00, 0xBF, 0x00, 0x00, 0xBF, 0x08, 0x68, 0xCC, 0x39, 0xDF, 0xFF, 0x39, 0xDF, 0xFF, 0x39,
    0xDF, 0xFF, 0x39, 0xDF, 0xFF, 0x39, 0xDF, 0xFF, 0x39, 0xDF, 0xFF, 0x39, 0xDF, 0xFF, 0x39, 0xDF,
    0xFF, 0x18, 0xCE, 0xD7, 0x00, 0x00, 0xBF, 0x00, 0x00, 0xBF, 0x00, 0x00, 0xBF, 0x00, 0x00, 0xBF,
    0x00, 0x00, 0xBF, 0x00, 0x00, 0xBF, 0x00, 0x00, 0xBF, 0x00, 0x00, 0xBF, 0x00, 0x00, 0xBF, 0x00,
    0x00, 0xBF, 0x00, 0x01, 0xC2, 0x31, 0xBD, 0xF8, 0x39, 0xDF, 0xFF, 0x39, 0xDF, 0xFF, 0x39, 0xDF,
    0xFF, 0x39, 0xDF, 0xFF, 0x39, 0xDF, 0xFF, 0x39, 0xDF, 0xFF, 0x39, 0xDF, 0xFF, 0x29, 0x56, 0xE7,
    0x00, 0x00, 0xBF, 0x00, 0x00, 0xBF, 0x00, 0x00, 0xBF, 0x00, 0x00, 0xBF, 0x00, 0x00, 0xBF, 0x00,
    0x00, 0xBF, 0x29, 0x78, 0xEC, 0x39, 0xDF, 0xFF, 0x39, 0xDF, 0xFF, 0x39, 0xDF, 0xFF, 0x39, 0xDF,
    0xFF, 0x39, 0xDF, 0xFF, 0x39, 0xDF, 0xFF, 0x39, 0xDF, 0xFF, 0x39, 0xDF, 0xFD, 0x08, 0x67, 0xCB,
    0x00, 0x00, 0xBF, 0x00, 0x00, 0xBF, 0x00, 0x00, 0xBF, 0x00, 0x00, 0xBF, 0x00, 0x00, 0xBF, 0x00,
    0x00, 0xBF, 0x00, 0x00, 0xBF, 0x00, 0x00, 0xBF, 0x00, 0x00, 0xBF, 0x00, 0x00, 0xBF, 0x00, 0x00,
    0xBF, 0x00, 0x00, 0xBF, 0x00, 0x00, 0xBF, 0x00, 0x00, 0xBF, 0x00, 0x01, 0xC2, 0x00, 0x00, 0xBF,
    0x00, 0x00, 0xBF, 0x00, 0x00, 0xBF, 0x00, 0x00, 0xBF, 0x00, 0x00, 0xBF, 0x00, 0x00, 0xBF, 0x29,
    0x78, 0xEC, 0x39, 0xDF, 0xFF, 0x39, 0xDF, 0xFF, 0x39, 0xDF, 0xFF, 0x39, 0xDF, 0xFF, 0x39, 0xDF,
    0xFF, 0x39, 0xDF, 0xFF, 0x39, 0xDF, 0xFF, 0x08, 0x44, 0xC6, 0x00, 0x00, 0xBF, 0x00, 0x00, 0xBF,
    0x08, 0x67, 0xCB, 0x31, 0xBE, 0xFA, 0x39, 0xDF, 0xFF, 0x39, 0xDF, 0xFF, 0x39, 0xDF, 0xFF, 0x39,
    0xDF, 0xFF, 0x39, 0xDF, 0xFF, 0x39, 0xDF, 0xFF, 0x39, 0xDF, 0xFF, 0x39, 0xDF, 0xFF, 0x29, 0x57,
    0xEA, 0x00, 0x00, 0xC0, 0x00, 0x00, 0xBF, 0x00, 0x00, 0xBF, 0x00, 0x00, 0xBF, 0x00, 0x00, 0xBF,
    0x00, 0x00, 0xBF, 0x00, 0x00, 0xBF, 0x00, 0x00, 0xBF, 0x00, 0x00, 0xBF, 0x00, 0x00, 0xBF, 0x00,
    0x00, 0xBF, 0x00, 0x00, 0xBF, 0x00, 0x00, 0xBF, 0x00, 0x00, 0xBF, 0x00, 0x00, 0xBF, 0x00, 0x00,
    0xBF, 0x00, 0x00, 0xBF, 0x00, 0x00, 0xBF, 0x00, 0x00, 0xBF, 0x00, 0x00, 0xBF, 0x00, 0x00, 0xBF,
    0x00, 0x00, 0xBF, 0x00, 0x00, 0xBF, 0x00, 0x00, 0xBF, 0x00, 0x00, 0xBF, 0x00, 0x00, 0xBF, 0x39,
    0x57, 0xF3, 0x41, 0x7B, 0xFF, 0x41, 0x7B, 0xFF, 0x41, 0x7B, 0xFF, 0x52, 0x1C, 0xFF, 0x6A, 0xDD,
    0xFF, 0x6A, 0xDD, 0xFF, 0x6A, 0xDD, 0xFF, 0x6A, 0xDD, 0xFF, 0x6A, 0xDD, 0xFF, 0x6A, 0xDD, 0xFF,
    0x6A, 0xDD, 0xFF, 0x6A, 0xDD, 0xFF, 0x6A, 0xDD, 0xFF, 0x6A, 0xDD, 0xFF, 0x6A, 0xDD, 0xFF, 0x6A,
    0xDD, 0xFF, 0x6A, 0xBD, 0xFF, 0x41, 0x9B, 0xFF, 0x41, 0x7B, 0xFF, 0x41, 0x7B, 0xFF, 0x41, 0x7B,
    0xFF, 0x41, 0x7B, 0xFF, 0x41, 0x7B, 0xFF, 0x41, 0x7B, 0xFF, 0x41, 0x9B, 0xFF, 0x4C, 0x7E, 0xFF,
    0x4E, 0x7F, 0xFF, 0x4E, 0x7F, 0xFF, 0x4E, 0x7F, 0xFF, 0x4E, 0x7F, 0xFF, 0x4E, 0x7F, 0xFF, 0x4E,
    0x7F, 0xFF, 0x4E, 0x7F, 0xFF, 0x4E, 0x7F, 0xFF, 0x4E, 0x7F, 0xFF, 0x4E, 0x7F, 0xFF, 0x4E, 0x7F,
    0xFF, 0x4E, 0x7F, 0xFF, 0x4E, 0x7F, 0xFF, 0x4E, 0x7F, 0xFF, 0x4E, 0x7F, 0xFF, 0x4E, 0x7F, 0xFF,
    0x4E, 0x7F, 0xFF, 0x4E, 0x7F, 0xFF, 0x4E, 0x7F, 0xFF, 0x4E, 0x7F, 0xFF, 0x4E, 0x7F, 0xFF, 0x4E,
    0x7F, 0xFF, 0x4E, 0x7F, 0xFF, 0x4E, 0x7F, 0xFF, 0x4E, 0x7F, 0xFF, 0x4E, 0x7F, 0xFF, 0x4E, 0x7F,
    0xFF, 0x4E, 0x7F, 0xFF, 0x4E, 0x7F, 0xFF, 0x4E, 0x7F, 0xFF, 0x4E, 0x7F, 0xFF, 0x4E, 0x7F, 0xFF,
    0x4E, 0x7F, 0xFF, 0x4E, 0x7F, 0xFF, 0x4E, 0x7F, 0xFF, 0x4E, 0x7F, 0xFF, 0x4E, 0x7F, 0xFF, 0x4E,
    0x7F, 0xFF, 0x4E, 0x7F, 0xFF, 0x4E, 0x7F, 0xFF, 0x4E, 0x7F, 0xFF, 0x4E, 0x7F, 0xFF, 0x4E, 0x7F,
    0xFF, 0x4E, 0x7F, 0xFF, 0x4E, 0x7F, 0xFF, 0x4E, 0x7F, 0xFF, 0x4E, 0x7F, 0xFF, 0x4E, 0x7F, 0xFF,
    0x4E, 0x7F, 0xFF, 0x4E, 0x7F, 0xFF, 0x4E, 0x7F, 0xFF, 0x4E, 0x7F, 0xFF, 0x4E, 0x7F, 0xFF, 0x4E,
    0x7F, 0xFF, 0x4E, 0x7F, 0xFF, 0x4E, 0x7F, 0xFF, 0x4E, 0x7F, 0xFF, 0x4E, 0x7F, 0xFF, 0x4E, 0x7F,
    0xFF, 0x4E, 0x7F, 0xFF, 0x4E, 0x7F, 0xFF, 0x4E, 0x7F, 0xFF, 0x4E, 0x7F, 0xFF, 0x55, 0xF6, 0xFE,
    0x55, 0x8E, 0xFF, 0x55, 0x4E, 0xFB, 0x11, 0x02, 0xC9, 0x00, 0x00, 0xBF, 0x00, 0x00, 0xBF, 0x00,
    0x00, 0xBF, 0x00, 0x00, 0xBF, 0x00, 0x00, 0xBF, 0x00, 0x00, 0xBF, 0x00, 0x00, 0xBF, 0x00, 0x00,
    0xBF, 0x00, 0x00, 0xBF, 0x00, 0x00, 0xBF, 0x00, 0x00, 0xBF, 0x00, 0x00, 0xBF, 0x00, 0x00, 0xBF,
    0x00, 0x00, 0xBF, 0x00, 0x00, 0xBF, 0x00, 0x00, 0xBF, 0x00, 0x00, 0xBF, 0x07, 0x42, 0xF8, 0x07,
    0xE2, 0xFF, 0x07, 0xE2, 0xFF, 0x07, 0xE2, 0xFF, 0x07, 0xE2, 0xFF, 0x07, 0xE2, 0xFF, 0x07, 0xE2,
    0xFF, 0x07, 0xE2, 0xFF, 0x07, 0xE2, 0xFF, 0x07, 0xE2, 0xFF, 0x07, 0xE2, 0xFF, 0x07, 0x42, 0xF8,
    0x00, 0x00, 0xBF, 0x00, 0x00, 0xBF, 0x00, 0x00, 0xBF, 0x00, 0x00, 0xBF, 0x00, 0x00, 0xBF, 0x00,
    0x00, 0xBF, 0x00, 0x00, 0xBF, 0x00, 0x00, 0xBF, 0x00, 0x00, 0xBF, 0x00, 0x00, 0xBF, 0x00, 0x00,
    0xBF, 0x00, 0x00, 0xBF, 0x00, 0x00, 0xBF, 0x00, 0x00, 0xBF, 0x00, 0x00, 0xBF, 0x00, 0x00, 0xBF,
    0x18, 0xEF, 0xDA, 0x39, 0xDF, 0xFF, 0x39, 0xDF, 0xFF, 0x39, 0xDF, 0xFF, 0x39, 0xDF, 0xFF, 0x39,
    0xDF, 0xFF, 0x39, 0xDF, 0xFF, 0x39, 0xDF, 0xFF, 0x18, 0xEF, 0xD9, 0x00, 0x00, 0xBF, 0x00, 0x00,
    0xBF, 0x00, 0x00, 0xBF, 0x00, 0x00, 0xBF, 0x00, 0x00, 0xBF, 0x00, 0x00, 0xBF, 0x00, 0x00, 0xBF,
    0x00, 0x00, 0xBF, 0x29, 0x79, 0xF0, 0x39, 0xDF, 0xFF, 0x39, 0xDF, 0xFF, 0x39, 0xDF, 0xFF, 0x39,
    0xDF, 0xFF, 0x39, 0xDF, 0xFF, 0x39, 0xDF, 0xFF, 0x39, 0xDF, 0xFF, 0x18, 0xF0, 0xDB, 0x00, 0x00,
    0xBF, 0x00, 0x00, 0xBF, 0x00, 0x00, 0xBF, 0x00, 0x00, 0xBF, 0x00, 0x00, 0xBF, 0x00, 0x00, 0xBF,
    0x29, 0x57, 0xEB, 0x39, 0xDF, 0xFF, 0x39, 0xDF, 0xFF, 0x39, 0xDF, 0xFF, 0x39, 0xDF, 0xFF, 0x39,
    0xDF, 0xFF, 0x39, 0xDF, 0xFF, 0x39, 0xDF, 0xFF, 0x08, 0x45, 0xC8, 0x00, 0x00, 0xBF, 0x00, 0x00,
    0xBF, 0x00, 0x00, 0xBF, 0x00, 0x00, 0xBF, 0x00, 0x00, 0xBF, 0x00, 0x00, 0xBF, 0x00, 0x00, 0xBF,
    0x00, 0x00, 0xBF, 0x00, 0x00, 0xBF, 0x00, 0x00, 0xBF, 0x00, 0x00, 0xBF, 0x00, 0x00, 0xBF, 0x00,
    0x00, 0xBF, 0x00, 0x00, 0xBF, 0x00, 0x00, 0xBF, 0x00, 0x00, 0xBF, 0x31, 0x9A, 0xF1, 0x39, 0xDF,
    0xFF, 0x39, 0xDF, 0xFF, 0x39, 0xDF, 0xFF, 0x39, 0xDF, 0xFF, 0x39, 0xDF, 0xFF, 0x39, 0xDF, 0xFF,
    0x39, 0xDF, 0xFF, 0x39, 0xDE, 0xFB, 0x08, 0x68, 0xCC, 0x00, 0x00, 0xBF, 0x00, 0x00, 0xBF, 0x00,
    0x00, 0xBF, 0x00, 0x00, 0xBF, 0x00, 0x00, 0xBF, 0x00, 0x00, 0xBF, 0x00, 0x00, 0xBF, 0x00, 0x00,
    0xBF, 0x00, 0x00, 0xC0, 0x29, 0x57, 0xEB, 0x39, 0xDF, 0xFF, 0x39, 0xDF, 0xFF, 0x39, 0xDF, 0xFF,
    0x39, 0xDF, 0xFF, 0x39, 0xDF, 0xFF, 0x39, 0xDF, 0xFF, 0x39, 0xDF, 0xFF, 0x39, 0xDF, 0xFF, 0x08,
    0x68, 0xCC, 0x00, 0x00, 0xBF, 0x00, 0x00, 0xBF, 0x00, 0x00, 0xBF, 0x00, 0x00, 0xBF, 0x00, 0x00,
    0xBF, 0x00, 0x00, 0xBF, 0x10, 0x89, 0xCF, 0x39, 0xDF, 0xFF, 0x39, 0xDF, 0xFF, 0x39, 0xDF, 0xFF,
    0x39, 0xDF, 0xFF, 0x39, 0xDF, 0xFF, 0x39, 0xDF, 0xFF, 0x39, 0xDF, 0xFF, 0x39, 0xDF, 0xFF, 0x31,
    0xBD, 0xF9, 0x08, 0x67, 0xCB, 0x00, 0x00, 0xBF, 0x00, 0x00, 0xBF, 0x00, 0x00, 0xBF, 0x00, 0x00,
    0xBF, 0x00, 0x00, 0xBF, 0x00, 0x00, 0xBF, 0x00, 0x00, 0xBF, 0x00, 0x00, 0xBF, 0x00, 0x00, 0xBF,
    0x00, 0x00, 0xBF, 0x00, 0x00, 0xBF, 0x00, 0x00, 0xC0, 0x18, 0xF0, 0xDC, 0x29, 0x79, 0xEF, 0x00,
    0x00, 0xBF, 0x00, 0x00, 0xBF, 0x00, 0x00, 0xBF, 0x00, 0x00, 0xBF, 0x00, 0x00, 0xBF, 0x00, 0x00,
    0xBF, 0x29, 0x78, 0xEC, 0x39, 0xDF, 0xFF, 0x39, 0xDF, 0xFF, 0x39, 0xDF, 0xFF, 0x39, 0xDF, 0xFF,
    0x39, 0xDF, 0xFF, 0x39, 0xDF, 0xFF, 0x39, 0xDF, 0xFF, 0x08, 0x44, 0xC6, 0x00, 0x00, 0xBF, 0x00,
    0x00, 0xBF, 0x00, 0x00, 0xBF, 0x08, 0x67, 0xCB, 0x31, 0xBE, 0xFA, 0x39, 0xDF, 0xFF, 0x39, 0xDF,
    0xFF, 0x39, 0xDF, 0xFF, 0x39, 0xDF, 0xFF, 0x39, 0xDF, 0xFF, 0x39, 0xDF, 0xFF, 0x39, 0xDF, 0xFF,
    0x39, 0xDF, 0xFF, 0x29, 0x57, 0xEB, 0x00, 0x01, 0xC1, 0x00, 0x00, 0xBF, 0x00, 0x00, 0xBF, 0x00,
    0x00, 0xBF, 0x00, 0x00, 0xBF, 0x00, 0x00, 0xBF, 0x00, 0x00, 0xBF, 0x00, 0x00, 0xBF, 0x00, 0x00,
    0xBF, 0x00, 0x00, 0xBF, 0x00, 0x00, 0xBF, 0x00, 0x00, 0xBF, 0x00, 0x00, 0xBF, 0x00, 0x00, 0xBF,
    0x00, 0x00, 0xBF, 0x00, 0x00, 0xBF, 0x00, 0x00, 0xBF, 0x00, 0x00, 0xBF, 0x00, 0x00, 0xBF, 0x00,
    0x00, 0xBF, 0x00, 0x00, 0xBF, 0x00, 0x00, 0xBF, 0x00, 0x00, 0xBF, 0x00, 0x00, 0xBF, 0x00, 0x00,
    0xBF, 0x31, 0x36, 0xF0, 0x41, 0x7B, 0xFF, 0x41, 0x7B, 0xFF, 0x41, 0x7B, 0xFF, 0x51, 0xDC, 0xFF,
    0x6A, 0xDD, 0xFF, 0x6A, 0xDD, 0xFF, 0x6A, 0xDD, 0xFF, 0x6A, 0xDD, 0xFF, 0x6A, 0xDD, 0xFF, 0x6A,
    0xDD, 0xFF, 0x6A, 0xDD, 0xFF, 0x6A, 0xDD, 0xFF, 0x6A, 0xDD, 0xFF, 0x6A, 0xDD, 0xFF, 0x6A, 0xDD,
    0xFF, 0x6A, 0xDD, 0xFF, 0x6A, 0xDD, 0xFF, 0x52, 0x1C, 0xFF, 0x41, 0x7B, 0xFF, 0x41, 0x7B, 0xFF,
    0x41, 0x7B, 0xFF, 0x41, 0x7B, 0xFF, 0x41, 0x7B, 0xFF, 0x41, 0xDB, 0xFF, 0x4D, 0x1E, 0xFF, 0x4E,
    0x7F, 0xFF, 0x4E, 0x7F, 0xFF, 0x4E, 0x7F, 0xFF, 0x4E, 0x7F, 0xFF, 0x4E, 0x7F, 0xFF, 0x4E, 0x7F,
    0xFF, 0x4E, 0x7F, 0xFF, 0x4E, 0x7F, 0xFF, 0x4E, 0x7F, 0xFF, 0x4E, 0x7F, 0xFF, 0x4E, 0x7F, 0xFF,
    0x4E, 0x7F, 0xFF, 0x4E, 0x7F, 0xFF, 0x4E, 0x7F, 0xFF, 0x4E, 0x7F, 0xFF, 0x4E, 0x7F, 0xFF, 0x4E,
    0x7F, 0xFF, 0x4E, 0x7F, 0xFF, 0x4E, 0x7F, 0xFF, 0x4E, 0x7F, 0xFF, 0x4E, 0x7F, 0xFF, 0x4E, 0x7F,
    0xFF, 0x4E, 0x7F, 0xFF, 0x4E, 0x7F, 0xFF, 0x4E, 0x7F, 0xFF, 0x4E, 0x7F, 0xFF, 0x4E, 0x7F, 0xFF,
    0x4E, 0x7F, 0xFF, 0x4E, 0x7F, 0xFF, 0x4E, 0x7F, 0xFF, 0x4E, 0x7F, 0xFF, 0x4E, 0x7F, 0xFF, 0x4E,
    0x7F, 0xFF, 0x4E, 0x7F, 0xFF, 0x4E, 0x7F, 0xFF, 0x4E, 0x7F, 0xFF, 0x4E, 0x7F, 0xFF, 0x4E, 0x7F,
    0xFF, 0x4E, 0x7F, 0xFF, 0x4E, 0x7F, 0xFF, 0x4E, 0x7F, 0xFF, 0x4E, 0x7F, 0xFF, 0x4E, 0x7F, 0xFF,
    0x4E, 0x7F, 0xFF, 0x4E, 0x7F, 0xFF, 0x4E, 0x7F, 0xFF, 0x4E, 0x7F, 0xFF, 0x4E, 0x7F, 0xFF, 0x4E,
    0x7F, 0xFF, 0x4E, 0x7F, 0xFF, 0x4E, 0x7F, 0xFF, 0x4E, 0x7F, 0xFF, 0x4E, 0x7F, 0xFF, 0x4E, 0x7F,
    0xFF, 0x4E, 0x7F, 0xFF, 0x4E, 0x7F, 0xFF, 0x4E, 0x7F, 0xFF, 0x4E, 0x7F, 0xFF, 0x4E, 0x7F, 0xFF,
    0x4E, 0x7F, 0xFF, 0x4E, 0x7F, 0xFF, 0x4E, 0x7F, 0xFF, 0x4E, 0x7F, 0xFF, 0x4E, 0x7F, 0xFF, 0x55,
    0xD3, 0xFF, 0x55, 0x8E, 0xFE, 0x1A, 0x05, 0xD3, 0x00, 0x00, 0xBF, 0x00, 0x00, 0xBF, 0x00, 0x00,
    0xBF, 0x00, 0x00, 0xBF, 0x00, 0x00, 0xBF, 0x00, 0x00, 0xBF, 0x00, 0x00, 0xBF, 0x00, 0x00, 0xBF,
    0x00, 0x00, 0xBF, 0x00, 0x00, 0xBF, 0x00, 0x00, 0xBF, 0x00, 0x00, 0xBF, 0x00, 0x00, 0xBF, 0x00,
    0x00, 0xBF, 0x00, 0x00, 0xBF, 0x00, 0x00, 0xBF, 0x00, 0x00, 0xBF, 0x00, 0x00, 0xBF, 0x07, 0x42,
    0xF8, 0x07, 0xE2, 0xFF, 0x07, 0xE2, 0xFF, 0x07, 0xE2, 0xFF, 0x07, 0xE2, 0xFF, 0x07, 0xE2, 0xFF,
    0x07, 0xE2, 0xFF, 0x07, 0xE2, 0xFF, 0x07, 0xE2, 0xFF, 0x07, 0xE2, 0xFF, 0x07, 0xE2, 0xFF, 0x07,
    0x42, 0xF8, 0x00, 0x00, 0xBF, 0x00, 0x00, 0xBF, 0x00, 0x00, 0xBF, 0x00, 0x00, 0xBF, 0x00, 0x00,
    0xBF, 0x00, 0x00, 0xBF, 0x00, 0x00, 0xBF, 0x00, 0x00, 0xBF, 0x00, 0x00, 0xBF, 0x00, 0x00, 0xBF,
    0x00, 0x00, 0xBF, 0x00, 0x00, 0xBF, 0x00, 0x00, 0xBF, 0x00, 0x00, 0xBF, 0x00, 0x00, 0xBF, 0x00,
    0x00, 0xBF, 0x18, 0xEF, 0xDA, 0x39, 0xDF, 0xFF, 0x39, 0xDF, 0xFF, 0x39, 0xDF, 0xFF, 0x39, 0xDF,
    0xFF, 0x39, 0xDF, 0xFF, 0x39, 0xDF, 0xFF, 0x39, 0xDF, 0xFF, 0x18, 0xEF, 0xD9, 0x00, 0x00, 0xBF,
    0x00, 0x00, 0xBF, 0x00, 0x00, 0xBF, 0x00, 0x00, 0xBF, 0x00, 0x00, 0xBF, 0x00, 0x00, 0xBF, 0x00,
    0x22, 0xC3, 0x29, 0x55, 0xE7, 0x39, 0xDF, 0xFF, 0x39, 0xDF, 0xFF, 0x39, 0xDF, 0xFF, 0x39, 0xDF,
    0xFF, 0x39, 0xDF, 0xFF, 0x39, 0xDF, 0xFF, 0x39, 0xDF, 0xFF, 0x39, 0xDF, 0xFF, 0x10, 0x89, 0xCF,
    0x00, 0x00, 0xBF, 0x00, 0x00, 0xBF, 0x00, 0x00, 0xBF, 0x00, 0x00, 0xBF, 0x00, 0x00, 0xBF, 0x00,
    0x00, 0xBF, 0x29, 0x57, 0xEB, 0x39, 0xDF, 0xFF, 0x39, 0xDF, 0xFF, 0x39, 0xDF, 0xFF, 0x39, 0xDF,
    0xFF, 0x39, 0xDF, 0xFF, 0x39, 0xDF, 0xFF, 0x39, 0xDF, 0xFF, 0x10, 0xAC, 0xD3, 0x08, 0x68, 0xCC,
    0x08, 0x68, 0xCC, 0x08, 0x68, 0xCC, 0x08, 0x68, 0xCC, 0x08, 0x68, 0xCC, 0x08, 0x68, 0xCC, 0x08,
    0x68, 0xCC, 0x08, 0x68, 0xCC, 0x08, 0x68, 0xCC, 0x08, 0x68, 0xCC, 0x08, 0x68, 0xCC, 0x08, 0x68,
    0xCC, 0x08, 0x67, 0xCA, 0x00, 0x00, 0xBF, 0x00, 0x00, 0xBF, 0x00, 0x00, 0xBF, 0x10, 0x89, 0xCF,
    0x39, 0xDF, 0xFF, 0x39, 0xDF, 0xFF, 0x39, 0xDF, 0xFF, 0x39, 0xDF, 0xFF, 0x39, 0xDF, 0xFF, 0x39,
    0xDF, 0xFF, 0x39, 0xDF, 0xFF, 0x39, 0xDF, 0xFF, 0x31, 0xBE, 0xFB, 0x18, 0xCE, 0xD7, 0x00, 0x00,
    0xBF, 0x00, 0x00, 0xBF, 0x00, 0x00, 0xBF, 0x00, 0x00, 0xBF, 0x00, 0x00, 0xBF, 0x00, 0x00, 0xBF,
    0x08, 0x45, 0xC7, 0x29, 0x79, 0xEE, 0x39, 0xDF, 0xFF, 0x39, 0xDF, 0xFF, 0x39, 0xDF, 0xFF, 0x39,
    0xDF, 0xFF, 0x39, 0xDF, 0xFF, 0x39, 0xDF, 0xFF, 0x39, 0xDF, 0xFF, 0x39, 0xDF, 0xFF, 0x29, 0x57,
    0xE9, 0x00, 0x00, 0xBF, 0x00, 0x00, 0xBF, 0x00, 0x00, 0xBF, 0x00, 0x00, 0xBF, 0x00, 0x00, 0xBF,
    0x00, 0x00, 0xBF, 0x00, 0x00, 0xBF, 0x00, 0x00, 0xBF, 0x29, 0x57, 0xEA, 0x39, 0xDF, 0xFF, 0x39,
    0xDF, 0xFF, 0x39, 0xDF, 0xFF, 0x39, 0xDF, 0xFF, 0x39, 0xDF, 0xFF, 0x39, 0xDF, 0xFF, 0x39, 0xDF,
    0xFF, 0x39, 0xDF, 0xFF, 0x39, 0xDE, 0xFC, 0x21, 0x12, 0xDE, 0x00, 0x01, 0xC2, 0x00, 0x00, 0xBF,
    0x00, 0x00, 0xBF, 0x00, 0x00, 0xBF, 0x00, 0x00, 0xBF, 0x00, 0x00, 0xBF, 0x00, 0x00, 0xBF, 0x00,
    0x00, 0xBF, 0x00, 0x23, 0xC4, 0x18, 0xF1, 0xDD, 0x31, 0xBC, 0xF7, 0x39, 0xDF, 0xFF, 0x31, 0x9B,
    0xF2, 0x00, 0x00, 0xBF, 0x00, 0x00, 0xBF, 0x00, 0x00, 0xBF, 0x00, 0x00, 0xBF, 0x00, 0x00, 0xBF,
    0x00, 0x00, 0xBF, 0x29, 0x78, 0xEC, 0x39, 0xDF, 0xFF, 0x39, 0xDF, 0xFF, 0x39, 0xDF, 0xFF, 0x39,
    0xDF, 0xFF, 0x39, 0xDF, 0xFF, 0x39, 0xDF, 0xFF, 0x39, 0xDF, 0xFF, 0x08, 0x44, 0xC6, 0x00, 0x00,
    0xBF, 0x00, 0x00, 0xBF, 0x00, 0x00, 0xBF, 0x00, 0x00, 0xBF, 0x08, 0x67, 0xCA, 0x31, 0xBD, 0xFA,
    0x39, 0xDF, 0xFF, 0x39, 0xDF, 0xFF, 0x39, 0xDF, 0xFF, 0x39, 0xDF, 0xFF, 0x39, 0xDF, 0xFF, 0x39,
    0xDF, 0xFF, 0x39, 0xDF, 0xFF, 0x39, 0xDF, 0xFF, 0x29, 0x57, 0xEB, 0x00, 0x01, 0xC1, 0x00, 0x00,
    0xBF, 0x00, 0x00, 0xBF, 0x00, 0x00, 0xBF, 0x00, 0x00, 0xBF, 0x00, 0x00, 0xBF, 0x00, 0x00, 0xBF,
    0x00, 0x00, 0xBF, 0x00, 0x00, 0xBF, 0x00, 0x00, 0xBF, 0x00, 0x00, 0xBF, 0x00, 0x00, 0xBF, 0x00,
    0x00, 0xBF, 0x00, 0x00, 0xBF, 0x00, 0x00, 0xBF, 0x00, 0x00, 0xBF, 0x00, 0x00, 0xBF, 0x00, 0x00,
    0xBF, 0x00, 0x00, 0xBF, 0x00, 0x00, 0xBF, 0x00, 0x00, 0xBF, 0x00, 0x00, 0xBF, 0x00, 0x00, 0xBF,
    0x00, 0x00, 0xBF, 0x31, 0x35, 0xED, 0x41, 0x7B, 0xFF, 0x41, 0x7B, 0xFF, 0x41, 0x7B, 0xFF, 0x49,
    0x9B, 0xFF, 0x6A, 0xDD, 0xFF, 0x6A, 0xDD, 0xFF, 0x6A, 0xDD, 0xFF, 0x6A, 0xDD, 0xFF, 0x6A, 0xDD,
    0xFF, 0x6A, 0xDD, 0xFF, 0x6A, 0xDD, 0xFF, 0x6A, 0xDD, 0xFF, 0x6A, 0xDD, 0xFF, 0x6A, 0xDD, 0xFF,
    0x6A, 0xDD, 0xFF, 0x6A, 0xDD, 0xFF, 0x6A, 0xDD, 0xFF, 0x6A, 0xBD, 0xFF, 0x41, 0x9B, 0xFF, 0x41,
    0x7B, 0xFF, 0x41, 0x7B, 0xFF, 0x41, 0x7B, 0xFF, 0x42, 0x3C, 0xFF, 0x4D, 0x9F, 0xFF, 0x4E, 0x7F,
    0xFF, 0x4E, 0x7F, 0xFF, 0x4E, 0x7F, 0xFF, 0x4E, 0x7F, 0xFF, 0x4E, 0x7F, 0xFF, 0x4E, 0x7F, 0xFF,
    0x4E, 0x7F, 0xFF, 0x4E, 0x7F, 0xFF, 0x4E, 0x7F, 0xFF, 0x4E, 0x7F, 0xFF, 0x4E, 0x7F, 0xFF, 0x4E,
    0x7F, 0xFF, 0x4E, 0x7F, 0xFF, 0x4E, 0x7F, 0xFF, 0x4E, 0x7F, 0xFF, 0x4E, 0x7F, 0xFF, 0x4E, 0x7F,
    0xFF, 0x4E, 0x7F, 0xFF, 0x4E, 0x7F, 0xFF, 0x4E, 0x7F, 0xFF, 0x4E, 0x7F, 0xFF, 0x4E, 0x7F, 0xFF,
    0x4E, 0x7F, 0xFF, 0x4E, 0x7F, 0xFF, 0x4E, 0x7F, 0xFF, 0x4E, 0x7F, 0xFF, 0x4E, 0x7F, 0xFF, 0x4E,
    0x7F, 0xFF, 0x4E, 0x7F, 0xFF, 0x4E, 0x7F, 0xFF, 0x4E, 0x7F, 0xFF, 0x4E, 0x7F, 0xFF, 0x4E, 0x7F,
    0xFF, 0x4E, 0x7F, 0xFF, 0x4E, 0x7F, 0xFF, 0x4E, 0x7F, 0xFF, 0x4E, 0x7F, 0xFF, 0x4E, 0x7F, 0xFF,
    0x4E, 0x7F, 0xFF, 0x4E, 0x7F, 0xFF, 0x4E, 0x7F, 0xFF, 0x4E, 0x7F, 0xFF, 0x4E, 0x7F, 0xFF, 0x4E,
    0x7F, 0xFF, 0x4E, 0x7F, 0xFF, 0x4E, 0x7F, 0xFF, 0x4E, 0x7F, 0xFF, 0x4E, 0x7F, 0xFF, 0x4E, 0x7F,
    0xFF, 0x4E, 0x7F, 0xFF, 0x4E, 0x7F, 0xFF, 0x4E, 0x7F, 0xFF, 0x4E, 0x7F, 0xFF, 0x4E, 0x7F, 0xFF,
    0x4E, 0x7F, 0xFF, 0x4E, 0x7F, 0xFF, 0x4E, 0x7F, 0xFF, 0x4E, 0x7F, 0xFF, 0x4E, 0x7F, 0xFF, 0x4E,
    0x7F, 0xFF, 0x4E, 0x7F, 0xFF, 0x4E, 0x7F, 0xFF, 0x4E, 0x7F, 0xFF, 0x4E, 0x7F, 0xFF, 0x4E, 0x7F,
    0xFF, 0x55, 0xB1, 0xFF, 0x44, 0x8F, 0xED, 0x00, 0x00, 0xBF, 0x00, 0x00, 0xBF, 0x00, 0x00, 0xBF,
    0x00, 0x00, 0xBF, 0x00, 0x00, 0xBF, 0x00, 0x00, 0xBF, 0x00, 0x00, 0xBF, 0x00, 0x00, 0xBF, 0x00,
    0x00, 0xBF, 0x00, 0x00, 0xBF, 0x00, 0x00, 0xBF, 0x00, 0x00, 0xBF, 0x00, 0x00, 0xBF, 0x00, 0x00,
    0xBF, 0x00, 0x00, 0xBF, 0x00, 0x00, 0xBF, 0x00, 0x00, 0xBF, 0x00, 0x00, 0xBF, 0x00, 0x00, 0xBF,
    0x07, 0x42, 0xF8, 0x07, 0xE2, 0xFF, 0x07, 0xE2, 0xFF, 0x07, 0xE2, 0xFF, 0x07, 0xE2, 0xFF, 0x07,
    0xE2, 0xFF, 0x07, 0xE2, 0xFF, 0x07, 0xE2, 0xFF, 0x07, 0xE2, 0xFF, 0x07, 0xE2, 0xFF, 0x07, 0xE2,
    0xFF, 0x07, 0x42, 0xF8, 0x00, 0x00, 0xBF, 0x00, 0x00, 0xBF, 0x00, 0x00, 0xBF, 0x00, 0x00, 0xBF,
    0x00, 0x00, 0xBF, 0x00, 0x00, 0xBF, 0x00, 0x00, 0xBF, 0x00, 0x00, 0xBF, 0x00, 0x00, 0xBF, 0x00,
    0x00, 0xBF, 0x00, 0x00, 0xBF, 0x00, 0x00, 0xBF, 0x00, 0x00, 0xBF, 0x00, 0x00, 0xBF, 0x00, 0x00,
    0xBF, 0x00, 0x00, 0xBF, 0x18, 0xEF, 0xDA, 0x39, 0xDF, 0xFF, 0x39, 0xDF, 0xFF, 0x39, 0xDF, 0xFF,
    0x39, 0xDF, 0xFF, 0x39, 0xDF, 0xFF, 0x39, 0xDF, 0xFF, 0x39, 0xDF, 0xFF, 0x29, 0x79, 0xF0, 0x21,
    0x35, 0xE5, 0x21, 0x35, 0xE5, 0x21, 0x35, 0xE5, 0x21, 0x35, 0xE5, 0x29, 0x57, 0xEA, 0x31, 0x9A,
    0xF1, 0x39, 0xDF, 0xFD, 0x39, 0xDF, 0xFF, 0x39, 0xDF, 0xFF, 0x39, 0xDF, 0xFF, 0x39, 0xDF, 0xFF,
    0x39, 0xDF, 0xFF, 0x39, 0xDF, 0xFF, 0x39, 0xDF, 0xFF, 0x39, 0xDF, 0xFF, 0x31, 0xBD, 0xF9, 0x00,
    0x00, 0xC0, 0x00, 0x00, 0xBF, 0x00, 0x00, 0xBF, 0x00, 0x00, 0xBF, 0x00, 0x00, 0xBF, 0x00, 0x00,
    0xBF, 0x00, 0x00, 0xBF, 0x29, 0x57, 0xEB, 0x39, 0xDF, 0xFF, 0x39, 0xDF, 0xFF, 0x39, 0xDF, 0xFF,
    0x39, 0xDF, 0xFF, 0x39, 0xDF, 0xFF, 0x39, 0xDF, 0xFF, 0x39, 0xDF, 0xFF, 0x39, 0xDF, 0xFF, 0x39,
    0xDF, 0xFF, 0x39, 0xDF, 0xFF, 0x39, 0xDF, 0xFF, 0x39, 0xDF, 0xFF, 0x39, 0xDF, 0xFF, 0x39, 0xDF,
    0xFF, 0x39, 0xDF, 0xFF, 0x39, 0xDF, 0xFF, 0x39, 0xDF, 0xFF, 0x39, 0xDF, 0xFF, 0x39, 0xDF, 0xFF,
    0x39, 0xDF, 0xFF, 0x31, 0xBC, 0xF7, 0x00, 0x00, 0xBF, 0x00, 0x00, 0xBF, 0x00, 0x00, 0xBF, 0x00,
    0x00, 0xBF, 0x21, 0x34, 0xE4, 0x39, 0xDF, 0xFF, 0x39, 0xDF, 0xFF, 0x39, 0xDF, 0xFF, 0x39, 0xDF,
    0xFF, 0x39, 0xDF, 0xFF, 0x39, 0xDF, 0xFF, 0x39, 0xDF, 0xFF, 0x39, 0xDF, 0xFF, 0x39, 0xDF, 0xFF,
    0x31, 0xBC, 0xF7, 0x21, 0x34, 0xE3, 0x18, 0xF0, 0xDB, 0x18, 0xCF, 0xD9, 0x21, 0x12, 0xDF, 0x29,
    0x78, 0xEE, 0x39, 0xDF, 0xFE, 0x39, 0xDF, 0xFF, 0x39, 0xDF, 0xFF, 0x39, 0xDF, 0xFF, 0x39, 0xDF,
    0xFF, 0x39, 0xDF, 0xFF, 0x39, 0xDF, 0xFF, 0x39, 0xDF, 0xFF, 0x39, 0xDF, 0xFF, 0x31, 0xBD, 0xFA,
    0x00, 0x23, 0xC5, 0x00, 0x00, 0xBF, 0x00, 0x00, 0xBF, 0x00, 0x00, 0xBF, 0x00, 0x00, 0xBF, 0x00,
    0x00, 0xBF, 0x00, 0x00, 0xBF, 0x00, 0x00, 0xBF, 0x00, 0x00, 0xBF, 0x00, 0x23, 0xC4, 0x31, 0xBD,
    0xF8, 0x39, 0xDF, 0xFF, 0x39, 0xDF, 0xFF, 0x39, 0xDF, 0xFF, 0x39, 0xDF, 0xFF, 0x39, 0xDF, 0xFF,
    0x39, 0xDF, 0xFF, 0x39, 0xDF, 0xFF, 0x39, 0xDF, 0xFF, 0x39, 0xDF, 0xFF, 0x39, 0xDF, 0xFC, 0x29,
    0x78, 0xEC, 0x21, 0x12, 0xDF, 0x18, 0xEF, 0xDA, 0x18, 0xCE, 0xD8, 0x21, 0x11, 0xDE, 0x21, 0x34,
    0xE4, 0x31, 0x9B, 0xF3, 0x39, 0xDF, 0xFE, 0x39, 0xDF, 0xFF, 0x39, 0xDF, 0xFF, 0x39, 0xDF, 0xFF,
    0x31, 0x9B, 0xF2, 0x00, 0x00, 0xBF, 0x00, 0x00, 0xBF, 0x00, 0x00, 0xBF, 0x00, 0x00, 0xBF, 0x00,
    0x00, 0xBF, 0x00, 0x00, 0xBF, 0x29, 0x78, 0xEC, 0x39, 0xDF, 0xFF, 0x39, 0xDF, 0xFF, 0x39, 0xDF,
    0xFF, 0x39, 0xDF, 0xFF, 0x39, 0xDF, 0xFF, 0x39, 0xDF, 0xFF, 0x39, 0xDF, 0xFF, 0x08, 0x44, 0xC6,
    0x00, 0x00, 0xBF, 0x00, 0x00, 0xBF, 0x00, 0x00, 0xBF, 0x00, 0x00, 0xBF, 0x00, 0x00, 0xBF, 0x08,
    0x67, 0xCA, 0x31, 0xBD, 0xF9, 0x39, 0xDF, 0xFF, 0x39, 0xDF, 0xFF, 0x39, 0xDF, 0xFF, 0x39, 0xDF,
    0xFF, 0x39, 0xDF, 0xFF, 0x39, 0xDF, 0xFF, 0x39, 0xDF, 0xFF, 0x39, 0xDF, 0xFF, 0x29, 0x58, 0xEB,
    0x00, 0x01, 0xC1, 0x00, 0x00, 0xBF, 0x00, 0x00, 0xBF, 0x00, 0x00, 0xBF, 0x00, 0x00, 0xBF, 0x00,
    0x00, 0xBF, 0x00, 0x00, 0xBF, 0x00, 0x00, 0xBF, 0x00, 0x00, 0xBF, 0x00, 0x00, 0xBF, 0x00, 0x00,
    0xBF, 0x00, 0x00, 0xBF, 0x00, 0x00, 0xBF, 0x00, 0x00, 0xBF, 0x00, 0x00, 0xBF, 0x00, 0x00, 0xBF,
    0x00, 0x00, 0xBF, 0x00, 0x00, 0xBF, 0x00, 0x00, 0xBF, 0x00, 0x00, 0xBF, 0x00, 0x00, 0xBF, 0x00,
    0x00, 0xBF, 0x00, 0x00, 0xBF, 0x31, 0x13, 0xE9, 0x41, 0x7B, 0xFF, 0x41, 0x7B, 0xFF, 0x41, 0x7B,
    0xFF, 0x41, 0x7B, 0xFF, 0x6A, 0xBD, 0xFF, 0x6A, 0xDD, 0xFF, 0x6A, 0xDD, 0xFF, 0x6A, 0xDD, 0xFF,
    0x6A, 0xDD, 0xFF, 0x6A, 0xDD, 0xFF, 0x6A, 0xDD, 0xFF, 0x6A, 0xDD, 0xFF, 0x6A, 0xDD, 0xFF, 0x6A,
    0xDD, 0xFF, 0x6A, 0xDD, 0xFF, 0x6A, 0xDD, 0xFF, 0x6A, 0xDD, 0xFF, 0x6A, 0xDD, 0xFF, 0x52, 0x1C,
    0xFF, 0x41, 0x7B, 0xFF, 0x41, 0x7B, 0xFF, 0x42, 0xBC, 0xFF, 0x4D, 0xFF, 0xFF, 0x4E, 0x7F, 0xFF,
    0x4E, 0x7F, 0xFF, 0x4E, 0x7F, 0xFF, 0x4E, 0x7F, 0xFF, 0x4E, 0x7F, 0xFF, 0x4E, 0x7F, 0xFF, 0x4E,
    0x7F, 0xFF, 0x4E, 0x7F, 0xFF, 0x4E, 0x7F, 0xFF, 0x4E, 0x7F, 0xFF, 0x4E, 0x7F, 0xFF, 0x4E, 0x7F,
    0xFF, 0x4E, 0x7F, 0xFF, 0x4E, 0x7F, 0xFF, 0x4E, 0x7F, 0xFF, 0x4E, 0x7F, 0xFF, 0x4E, 0x7F, 0xFF,
    0x4E, 0x7F, 0xFF, 0x4E, 0x7F, 0xFF, 0x4E, 0x7F, 0xFF, 0x4E, 0x7F, 0xFF, 0x4E, 0x7F, 0xFF, 0x4E,
    0x7F, 0xFF, 0x4E, 0x7F, 0xFF, 0x4E, 0x7F, 0xFF, 0x4E, 0x7F, 0xFF, 0x4E, 0x7F, 0xFF, 0x4E, 0x7F,
    0xFF, 0x4E, 0x7F, 0xFF, 0x4E, 0x7F, 0xFF, 0x4E, 0x7F, 0xFF, 0x4E, 0x7F, 0xFF, 0x4E, 0x7F, 0xFF,
    0x4E, 0x7F, 0xFF, 0x4E, 0x7F, 0xFF, 0x4E, 0x7F, 0xFF, 0x4E, 0x7F, 0xFF, 0x4E, 0x7F, 0xFF, 0x4E,
    0x7F, 0xFF, 0x4E, 0x7F, 0xFF, 0x4E, 0x7F, 0xFF, 0x4E, 0x7F, 0xFF, 0x4E, 0x7F, 0xFF, 0x4E, 0x7F,
    0xFF, 0x4E, 0x7F, 0xFF, 0x4E, 0x7F, 0xFF, 0x4E, 0x7F, 0xFF, 0x4E, 0x7F, 0xFF, 0x4E, 0x7F, 0xFF,
    0x4E, 0x7F, 0xFF, 0x4E, 0x7F, 0xFF, 0x4E, 0x7F, 0xFF, 0x4E, 0x7F, 0xFF, 0x4E, 0x7F, 0xFF, 0x4E,
    0x7F, 0xFF, 0x4E, 0x7F, 0xFF, 0x4E, 0x7F, 0xFF, 0x4E, 0x7F, 0xFF, 0x4E, 0x7F, 0xFF, 0x4E, 0x7F,
    0xFF, 0x4E, 0x7F, 0xFF, 0x4E, 0x7F, 0xFF, 0x4E, 0x7F, 0xFF, 0x4E, 0x7F, 0xFF, 0x4E, 0x7F, 0xFF,
    0x4E, 0x5F, 0xFF, 0x55, 0xD5, 0xFF, 0x4E, 0x3E, 0xFC, 0x08, 0xA3, 0xC4, 0x00, 0x00, 0xBF, 0x00,
    0x00, 0xBF, 0x00, 0x00, 0xBF, 0x00, 0x00, 0xBF, 0x00, 0x00, 0xBF, 0x00, 0x00, 0xBF, 0x00, 0x00,
    0xBF, 0x00, 0x00, 0xBF, 0x00, 0x00, 0xBF, 0x00, 0x00, 0xBF, 0x00, 0x00, 0xBF, 0x00, 0x00, 0xBF,
    0x00, 0x00, 0xBF, 0x00, 0x00, 0xBF, 0x00, 0x00, 0xBF, 0x00, 0x00, 0xBF, 0x00, 0x00, 0xBF, 0x00,
    0x00, 0xBF, 0x07, 0x42, 0xF8, 0x07, 0xE2, 0xFF, 0x07, 0xE2, 0xFF, 0x07, 0xE2, 0xFF, 0x07, 0xE2,
    0xFF, 0x07, 0xE2, 0xFF, 0x07, 0xE2, 0xFF, 0x07, 0xE2, 0xFF, 0x07, 0xE2, 0xFF, 0x07, 0xE2, 0xFF,
    0x07, 0xE2, 0xFF, 0x07, 0x42, 0xF8, 0x00, 0x00, 0xBF, 0x00, 0x00, 0xBF, 0x00, 0x00, 0xBF, 0x00,
    0x00, 0xBF, 0x00, 0x00, 0xBF, 0x00, 0x00, 0xBF, 0x00, 0x00, 0xBF, 0x00, 0x00, 0xBF, 0x00, 0x00,
    0xBF, 0x00, 0x00, 0xBF, 0x00, 0x00, 0xBF, 0x00, 0x00, 0xBF, 0x00, 0x00, 0xBF, 0x00, 0x00, 0xBF,
    0x00, 0x00, 0xBF, 0x00, 0x00, 0xBF, 0x18, 0xEF, 0xDA, 0x39, 0xDF, 0xFF, 0x39, 0xDF, 0xFF, 0x39,
    0xDF, 0xFF, 0x39, 0xDF, 0xFF, 0x39, 0xDF, 0xFF, 0x39, 0xDF, 0xFF, 0x39, 0xDF, 0xFF, 0x39, 0xDF,
    0xFF, 0x39, 0xDF, 0xFF, 0x39, 0xDF, 0xFF, 0x39, 0xDF, 0xFF, 0x39, 0xDF, 0xFF, 0x39, 0xDF, 0xFF,
    0x39, 0xDF, 0xFF, 0x39, 0xDF, 0xFF, 0x39, 0xDF, 0xFF, 0x39, 0xDF, 0xFF, 0x39, 0xDF, 0xFF, 0x39,
    0xDF, 0xFF, 0x39, 0xDF, 0xFF, 0x39, 0xDF, 0xFF, 0x39, 0xDF, 0xFF, 0x39, 0xDF, 0xFF, 0x18, 0xEF,
    0xDA, 0x00, 0x00, 0xBF, 0x00, 0x00, 0xBF, 0x00, 0x00, 0xBF, 0x00, 0x00, 0xBF, 0x00, 0x00, 0xBF,
    0x00, 0x00, 0xBF, 0x00, 0x00, 0xBF, 0x29, 0x57, 0xEB, 0x39, 0xDF, 0xFF, 0x39, 0xDF, 0xFF, 0x39,
    0xDF, 0xFF, 0x39, 0xDF, 0xFF, 0x39, 0xDF, 0xFF, 0x39, 0xDF, 0xFF, 0x39, 0xDF, 0xFF, 0x39, 0xDF,
    0xFF, 0x39, 0xDF, 0xFF, 0x39, 0xDF, 0xFF, 0x39, 0xDF, 0xFF, 0x39, 0xDF, 0xFF, 0x39, 0xDF, 0xFF,
    0x39, 0xDF, 0xFF, 0x39, 0xDF, 0xFF, 0x39, 0xDF, 0xFF, 0x39, 0xDF, 0xFF, 0x39, 0xDF, 0xFF, 0x39,
    0xDF, 0xFF, 0x39, 0xDF, 0xFF, 0x31, 0xBC, 0xF7, 0x00, 0x00, 0xBF, 0x00, 0x00, 0xBF, 0x00, 0x00,
    0xBF, 0x00, 0x00, 0xBF, 0x00, 0x01, 0xC1, 0x29, 0x79, 0xF0, 0x39, 0xDF, 0xFF, 0x39, 0xDF, 0xFF,
    0x39, 0xDF, 0xFF, 0x39, 0xDF, 0xFF, 0x39, 0xDF, 0xFF, 0x39, 0xDF, 0xFF, 0x39, 0xDF, 0xFF, 0x39,
    0xDF, 0xFF, 0x39, 0xDF, 0xFF, 0x39, 0xDF, 0xFF, 0x39, 0xDF, 0xFF, 0x39, 0xDF, 0xFF, 0x39, 0xDF,
    0xFF, 0x39, 0xDF, 0xFF, 0x39, 0xDF, 0xFF, 0x39, 0xDF, 0xFF, 0x39, 0xDF, 0xFF, 0x39, 0xDF, 0xFF,
    0x39, 0xDF, 0xFF, 0x39, 0xDF, 0xFF, 0x39, 0xDF, 0xFF, 0x39, 0xDF, 0xFF, 0x39, 0xDF, 0xFD, 0x10,
    0x8A, 0xD0, 0x00, 0x00, 0xBF, 0x00, 0x00, 0xBF, 0x00, 0x00, 0xBF, 0x00, 0x00, 0xBF, 0x00, 0x00,
    0xBF, 0x00, 0x00, 0xBF, 0x00, 0x00, 0xBF, 0x00, 0x00, 0xBF, 0x00, 0x00, 0xBF, 0x00, 0x00, 0xBF,
    0x08, 0x67, 0xCA, 0x31, 0xBE, 0xFA, 0x39, 0xDF, 0xFF, 0x39, 0xDF, 0xFF, 0x39, 0xDF, 0xFF, 0x39,
    0xDF, 0xFF, 0x39, 0xDF, 0xFF, 0x39, 0xDF, 0xFF, 0x39, 0xDF, 0xFF, 0x39, 0xDF, 0xFF, 0x39, 0xDF,
    0xFF, 0x39, 0xDF, 0xFF, 0x39, 0xDF, 0xFF, 0x39, 0xDF, 0xFF, 0x39, 0xDF, 0xFF, 0x39, 0xDF, 0xFF,
    0x39, 0xDF, 0xFF, 0x39, 0xDF, 0xFF, 0x39, 0xDF, 0xFF, 0x39, 0xDF, 0xFF, 0x39, 0xDF, 0xFF, 0x39,
    0xDF, 0xFF, 0x31, 0x9B, 0xF2, 0x00, 0x00, 0xBF, 0x00, 0x00, 0xBF, 0x00, 0x00, 0xBF, 0x00, 0x00,
    0xBF, 0x00, 0x00, 0xBF, 0x00, 0x00, 0xBF, 0x29, 0x78, 0xEC, 0x39, 0xDF, 0xFF, 0x39, 0xDF, 0xFF,
    0x39, 0xDF, 0xFF, 0x39, 0xDF, 0xFF, 0x39, 0xDF, 0xFF, 0x39, 0xDF, 0xFF, 0x39, 0xDF, 0xFF, 0x08,
    0x44, 0xC6, 0x00, 0x00, 0xBF, 0x00, 0x00, 0xBF, 0x00, 0x00, 0xBF, 0x00, 0x00, 0xBF, 0x00, 0x00,
    0xBF, 0x00, 0x00, 0xBF, 0x08, 0x46, 0xC9, 0x31, 0xBD, 0xF8, 0x39, 0xDF, 0xFF, 0x39, 0xDF, 0xFF,
    0x39, 0xDF, 0xFF, 0x39, 0xDF, 0xFF, 0x39, 0xDF, 0xFF, 0x39, 0xDF, 0xFF, 0x39, 0xDF, 0xFF, 0x39,
    0xDF, 0xFF, 0x29, 0x78, 0xED, 0x00, 0x01, 0xC1, 0x00, 0x00, 0xBF, 0x00, 0x00, 0xBF, 0x00, 0x00,
    0xBF, 0x00, 0x00, 0xBF, 0x00, 0x00, 0xBF, 0x00, 0x00, 0xBF, 0x00, 0x00, 0xBF, 0x00, 0x00, 0xBF,
    0x00, 0x00, 0xBF, 0x00, 0x00, 0xBF, 0x00, 0x00, 0xBF, 0x00, 0x00, 0xBF, 0x00, 0x00, 0xBF, 0x00,
    0x00, 0xBF, 0x00, 0x00, 0xBF, 0x00, 0x00, 0xBF, 0x00, 0x00, 0xBF, 0x00, 0x00, 0xBF, 0x00, 0x00,
    0xBF, 0x00, 0x00, 0xBF, 0x00, 0x00, 0xBF, 0x28, 0xF2, 0xE6, 0x41, 0x7B, 0xFF, 0x41, 0x7B, 0xFF,
    0x41, 0x7B, 0xFF, 0x41, 0x7B, 0xFF, 0x62, 0x7C, 0xFF, 0x6A, 0xDD, 0xFF, 0x6A, 0xDD, 0xFF, 0x6A,
    0xDD, 0xFF, 0x6A, 0xDD, 0xFF, 0x6A, 0xDD, 0xFF, 0x6A, 0xDD, 0xFF, 0x6A, 0xDD, 0xFF, 0x6A, 0xDD,
    0xFF, 0x6A, 0xDD, 0xFF, 0x6A, 0xDD, 0xFF, 0x6A, 0xDD, 0xFF, 0x6A, 0xDD, 0xFF, 0x6A, 0xDD, 0xFF,
    0x6A, 0xBD, 0xFF, 0x41, 0x9B, 0xFF, 0x4B, 0x7D, 0xFF, 0x4E, 0x3F, 0xFF, 0x4E, 0x7F, 0xFF, 0x4E,
    0x7F, 0xFF, 0x4E, 0x7F, 0xFF, 0x4E, 0x7F, 0xFF, 0x4E, 0x7F, 0xFF, 0x4E, 0x7F, 0xFF, 0x4E, 0x7F,
    0xFF, 0x4E, 0x7F, 0xFF, 0x4E, 0x7F, 0xFF, 0x4E, 0x7F, 0xFF, 0x4E, 0x7F, 0xFF, 0x4E, 0x7F, 0xFF,
    0x4E, 0x7F, 0xFF, 0x4E, 0x7F, 0xFF, 0x4E, 0x7F, 0xFF, 0x4E, 0x7F, 0xFF, 0x4E, 0x7F, 0xFF, 0x4E,
    0x7F, 0xFF, 0x4E, 0x7F, 0xFF, 0x4E, 0x7F, 0xFF, 0x4E, 0x7F, 0xFF, 0x4E, 0x7F, 0xFF, 0x4E, 0x7F,
    0xFF, 0x4E, 0x7F, 0xFF, 0x4E, 0x7F, 0xFF, 0x4E, 0x7F, 0xFF, 0x4E, 0x7F, 0xFF, 0x4E, 0x7F, 0xFF,
    0x4E, 0x7F, 0xFF, 0x4E, 0x7F, 0xFF, 0x4E, 0x7F, 0xFF, 0x4E, 0x7F, 0xFF, 0x4E, 0x7F, 0xFF, 0x4E,
    0x7F, 0xFF, 0x4E, 0x7F, 0xFF, 0x4E, 0x7F, 0xFF, 0x4E, 0x7F, 0xFF, 0x4E, 0x7F, 0xFF, 0x4E, 0x7F,
    0xFF, 0x4E, 0x7F, 0xFF, 0x4E, 0x7F, 0xFF, 0x4E, 0x7F, 0xFF, 0x4E, 0x7F, 0xFF, 0x4E, 0x7F, 0xFF,
    0x4E, 0x7F, 0xFF, 0x4E, 0x7F, 0xFF, 0x4E, 0x7F, 0xFF, 0x4E, 0x7F, 0xFF, 0x4E, 0x7F, 0xFF, 0x4E,
    0x7F, 0xFF, 0x4E, 0x7F, 0xFF, 0x4E, 0x7F, 0xFF, 0x4E, 0x7F, 0xFF, 0x4E, 0x7F, 0xFF, 0x4E, 0x7F,
    0xFF, 0x4E, 0x7F, 0xFF, 0x4E, 0x7F, 0xFF, 0x4E, 0x7F, 0xFF, 0x4E, 0x7F, 0xFF, 0x4E, 0x7F, 0xFF,
    0x4E, 0x7F, 0xFF, 0x4E, 0x7F, 0xFF, 0x4E, 0x7F, 0xFF, 0x4E, 0x7F, 0xFF, 0x4E, 0x7F, 0xFF, 0x4E,
    0x7F, 0xFF, 0x4E, 0x5F, 0xFF, 0x4E, 0x5F, 0xFF, 0x4E, 0x7F, 0xFF, 0x23, 0x30, 0xDA, 0x00, 0x00,
    0xBF, 0x00, 0x00, 0xBF, 0x00, 0x00, 0xBF, 0x00, 0x00, 0xBF, 0x00, 0x00, 0xBF, 0x00, 0x00, 0xBF,
    0x00, 0x00, 0xBF, 0x00, 0x00, 0xBF, 0x00, 0x00, 0xBF, 0x00, 0x00, 0xBF, 0x00, 0x00, 0xBF, 0x00,
    0x00, 0xBF, 0x00, 0x00, 0xBF, 0x00, 0x00, 0xBF, 0x00, 0x00, 0xBF, 0x00, 0x00, 0xBF, 0x00, 0x00,
    0xBF, 0x00, 0x00, 0xBF, 0x07, 0x42, 0xF8, 0x07, 0xE2, 0xFF, 0x07, 0xE2, 0xFF, 0x07, 0xE2, 0xFF,
    0x07, 0xE2, 0xFF, 0x07, 0xE2, 0xFF, 0x07, 0xE2, 0xFF, 0x07, 0xE2, 0xFF, 0x07, 0xE2, 0xFF, 0x07,
    0xE2, 0xFF, 0x07, 0xE2, 0xFF, 0x07, 0x42, 0xF8, 0x00, 0x00, 0xBF, 0x00, 0x00, 0xBF, 0x00, 0x00,
    0xBF, 0x00, 0x00, 0xBF, 0x00, 0x00, 0xBF, 0x00, 0x00, 0xBF, 0x00, 0x00, 0xBF, 0x00, 0x00, 0xBF,
    0x00, 0x00, 0xBF, 0x00, 0x00, 0xBF, 0x00, 0x00, 0xBF, 0x00, 0x00, 0xBF, 0x00, 0x00, 0xBF, 0x00,
    0x00, 0xBF, 0x00, 0x00, 0xBF, 0x00, 0x00, 0xBF, 0x18, 0xEF, 0xDA, 0x39, 0xDF, 0xFF, 0x39, 0xDF,
    0xFF, 0x39, 0xDF, 0xFF, 0x39, 0xDF, 0xFF, 0x39, 0xDF, 0xFF, 0x39, 0xDF, 0xFF, 0x39, 0xDF, 0xFF,
    0x39, 0xDF, 0xFF, 0x39, 0xDF, 0xFF, 0x39, 0xDF, 0xFF, 0x39, 0xDF, 0xFF, 0x39, 0xDF, 0xFF, 0x39,
    0xDF, 0xFF, 0x39, 0xDF, 0xFF, 0x39, 0xDF, 0xFF, 0x39, 0xDF, 0xFF, 0x39, 0xDF, 0xFF, 0x39, 0xDF,
    0xFF, 0x39, 0xDF, 0xFF, 0x39, 0xDF, 0xFF, 0x39, 0xDF, 0xFF, 0x39, 0xDF, 0xFF, 0x29, 0x58, 0xEC,
    0x00, 0x00, 0xBF, 0x00, 0x00, 0xBF, 0x00, 0x00, 0xBF, 0x00, 0x00, 0xBF, 0x00, 0x00, 0xBF, 0x00,
    0x00, 0xBF, 0x00, 0x00, 0xBF, 0x00, 0x00, 0xBF, 0x29, 0x57, 0xEB, 0x39, 0xDF, 0xFF, 0x39, 0xDF,
    0xFF, 0x39, 0xDF, 0xFF, 0x39, 0xDF, 0xFF, 0x39, 0xDF, 0xFF, 0x39, 0xDF, 0xFF, 0x39, 0xDF, 0xFF,
    0x39, 0xDF, 0xFF, 0x39, 0xDF, 0xFF, 0x39, 0xDF, 0xFF, 0x39, 0xDF, 0xFF, 0x39, 0xDF, 0xFF, 0x39,
    0xDF, 0xFF, 0x39, 0xDF, 0xFF, 0x39, 0xDF, 0xFF, 0x39, 0xDF, 0xFF, 0x39, 0xDF, 0xFF, 0x39, 0xDF,
    0xFF, 0x39, 0xDF, 0xFF, 0x39, 0xDF, 0xFF, 0x31, 0xBC, 0xF7, 0x00, 0x00, 0xBF, 0x00, 0x00, 0xBF,
    0x00, 0x00, 0xBF, 0x00, 0x00, 0xBF, 0x00, 0x00, 0xBF, 0x00, 0x22, 0xC3, 0x29, 0x79, 0xF0, 0x39,
    0xDF, 0xFF, 0x39, 0xDF, 0xFF, 0x39, 0xDF, 0xFF, 0x39, 0xDF, 0xFF, 0x39, 0xDF, 0xFF, 0x39, 0xDF,
    0xFF, 0x39, 0xDF, 0xFF, 0x39, 0xDF, 0xFF, 0x39, 0xDF, 0xFF, 0x39, 0xDF, 0xFF, 0x39, 0xDF, 0xFF,
    0x39, 0xDF, 0xFF, 0x39, 0xDF, 0xFF, 0x39, 0xDF, 0xFF, 0x39, 0xDF, 0xFF, 0x39, 0xDF, 0xFF, 0x39,
    0xDF, 0xFF, 0x39, 0xDF, 0xFF, 0x39, 0xDF, 0xFF, 0x39, 0xDF, 0xFF, 0x39, 0xDF, 0xFC, 0x10, 0xAB,
    0xD2, 0x00, 0x00, 0xBF, 0x00, 0x00, 0xBF, 0x00, 0x00, 0xBF, 0x00, 0x00, 0xBF, 0x00, 0x00, 0xBF,
    0x00, 0x00, 0xBF, 0x00, 0x00, 0xBF, 0x00, 0x00, 0xBF, 0x00, 0x00, 0xBF, 0x00, 0x00, 0xBF, 0x00,
    0x00, 0xBF, 0x00, 0x00, 0xBF, 0x08, 0x67, 0xCB, 0x31, 0xBD, 0xF8, 0x39, 0xDF, 0xFF, 0x39, 0xDF,
    0xFF, 0x39, 0xDF, 0xFF, 0x39, 0xDF, 0xFF, 0x39, 0xDF, 0xFF, 0x39, 0xDF, 0xFF, 0x39, 0xDF, 0xFF,
    0x39, 0xDF, 0xFF, 0x39, 0xDF, 0xFF, 0x39, 0xDF, 0xFF, 0x39, 0xDF, 0xFF, 0x39, 0xDF, 0xFF, 0x39,
    0xDF, 0xFF, 0x39, 0xDF, 0xFF, 0x39, 0xDF, 0xFF, 0x39, 0xDF, 0xFF, 0x39, 0xDF, 0xFF, 0x39, 0xDF,
    0xFF, 0x39, 0xDF, 0xFF, 0x31, 0x9B, 0xF2, 0x00, 0x00, 0xBF, 0x00, 0x00, 0xBF, 0x00, 0x00, 0xBF,
    0x00, 0x00, 0xBF, 0x00, 0x00, 0xBF, 0x00, 0x00, 0xBF, 0x29, 0x78, 0xEC, 0x39, 0xDF, 0xFF, 0x39,
    0xDF, 0xFF, 0x39, 0xDF, 0xFF, 0x39, 0xDF, 0xFF, 0x39, 0xDF, 0xFF, 0x39, 0xDF, 0xFF, 0x39, 0xDF,
    0xFF, 0x08, 0x44, 0xC6, 0x00, 0x00, 0xBF, 0x00, 0x00, 0xBF, 0x00, 0x00, 0xBF, 0x00, 0x00, 0xBF,
    0x00, 0x00, 0xBF, 0x00, 0x00, 0xBF, 0x00, 0x00, 0xBF, 0x08, 0x46, 0xC9, 0x31, 0xBD, 0xF9, 0x39,
    0xDF, 0xFF, 0x39, 0xDF, 0xFF, 0x39, 0xDF, 0xFF, 0x39, 0xDF, 0xFF, 0x39, 0xDF, 0xFF, 0x39, 0xDF,
    0xFF, 0x39, 0xDF, 0xFF, 0x39, 0xDF, 0xFF, 0x29, 0x78, 0xEC, 0x00, 0x01, 0xC1, 0x00, 0x00, 0xBF,
    0x00, 0x00, 0xBF, 0x00, 0x00, 0xBF, 0x00, 0x00, 0xBF, 0x00, 0x00, 0xBF, 0x00, 0x00, 0xBF, 0x00,
    0x00, 0xBF, 0x00, 0x00, 0xBF, 0x00, 0x00, 0xBF, 0x00, 0x00, 0xBF, 0x00, 0x00, 0xBF, 0x00, 0x00,
    0xBF, 0x00, 0x00, 0xBF, 0x00, 0x00, 0xBF, 0x00, 0x00, 0xBF, 0x00, 0x00, 0xBF, 0x00, 0x00, 0xBF,
    0x00, 0x00, 0xBF, 0x00, 0x00, 0xBF, 0x00, 0x00, 0xBF, 0x28, 0xF1, 0xE2, 0x41, 0x7B, 0xFF, 0x41,
    0x7B, 0xFF, 0x41, 0x7B, 0xFF, 0x41, 0x7B, 0xFF, 0x5A, 0x3C, 0xFF, 0x6A, 0xDD, 0xFF, 0x6A, 0xDD,
    0xFF, 0x6A, 0xDD, 0xFF, 0x6A, 0xDD, 0xFF, 0x6A, 0xDD, 0xFF, 0x6A, 0xDD, 0xFF, 0x6A, 0xDD, 0xFF,
    0x6A, 0xDD, 0xFF, 0x6A, 0xDD, 0xFF, 0x6A, 0xDD, 0xFF, 0x6A, 0xDD, 0xFF, 0x6A, 0xDD, 0xFF, 0x6A,
    0xDD, 0xFF, 0x6A, 0xDD, 0xFF, 0x54, 0x9E, 0xFF, 0x4E, 0x5F, 0xFF, 0x4E, 0x7F, 0xFF, 0x4E, 0x7F,
    0xFF, 0x4E, 0x7F, 0xFF, 0x4E, 0x7F, 0xFF, 0x4E, 0x7F, 0xFF, 0x4E, 0x7F, 0xFF, 0x4E, 0x7F, 0xFF,
    0x4E, 0x7F, 0xFF, 0x4E, 0x7F, 0xFF, 0x4E, 0x7F, 0xFF, 0x4E, 0x7F, 0xFF, 0x4E, 0x7F, 0xFF, 0x4E,
    0x7F, 0xFF, 0x4E, 0x7F, 0xFF, 0x4E, 0x7F, 0xFF, 0x4E, 0x7F, 0xFF, 0x4E, 0x7F, 0xFF, 0x4E, 0x7F,
    0xFF, 0x4E, 0x7F, 0xFF, 0x4E, 0x7F, 0xFF, 0x4E, 0x7F, 0xFF, 0x4E, 0x7F, 0xFF, 0x4E, 0x7F, 0xFF,
    0x4E, 0x7F, 0xFF, 0x4E, 0x7F, 0xFF, 0x4E, 0x7F, 0xFF, 0x4E, 0x7F, 0xFF, 0x4E, 0x7F, 0xFF, 0x4E,
    0x7F, 0xFF, 0x4E, 0x7F, 0xFF, 0x4E, 0x7F, 0xFF, 0x4E, 0x7F, 0xFF, 0x4E, 0x7F, 0xFF, 0x4E, 0x7F,
    0xFF, 0x4E, 0x7F, 0xFF, 0x4E, 0x7F, 0xFF, 0x4E, 0x7F, 0xFF, 0x4E, 0x7F, 0xFF, 0x4E, 0x7F, 0xFF,
    0x4E, 0x7F, 0xFF, 0x4E, 0x7F, 0xFF, 0x4E, 0x7F, 0xFF, 0x4E, 0x7F, 0xFF, 0x4E, 0x7F, 0xFF, 0x4E,
    0x7F, 0xFF, 0x4E, 0x7F, 0xFF, 0x4E, 0x7F, 0xFF, 0x4E, 0x7F, 0xFF, 0x4E, 0x7F, 0xFF, 0x4E, 0x7F,
    0xFF, 0x4E, 0x7F, 0xFF, 0x4E, 0x7F, 0xFF, 0x4E, 0x7F, 0xFF, 0x4E, 0x7F, 0xFF, 0x4E, 0x7F, 0xFF,
    0x4E, 0x7F, 0xFF, 0x4E, 0x7F, 0xFF, 0x4E, 0x7F, 0xFF, 0x4E, 0x7F, 0xFF, 0x4E, 0x7F, 0xFF, 0x4E,
    0x7F, 0xFF, 0x4E, 0x7F, 0xFF, 0x4E, 0x7F, 0xFF, 0x4E, 0x7F, 0xFF, 0x4E, 0x7F, 0xFF, 0x4E, 0x7F,
    0xFF, 0x4E, 0x7F, 0xFF, 0x4E, 0x7F, 0xFF, 0x4E, 0x7F, 0xFF, 0x4E, 0x7F, 0xFF, 0x45, 0x5A, 0xF1,
    0x00, 0x00, 0xBF, 0x00, 0x00, 0xBF, 0x00, 0x00, 0xBF, 0x00, 0x00, 0xBF, 0x00, 0x00, 0xBF, 0x00,
    0x00, 0xBF, 0x00, 0x00, 0xBF, 0x00, 0x00, 0xBF, 0x00, 0x00, 0xBF, 0x00, 0x00, 0xBF, 0x00, 0x00,
    0xBF, 0x00, 0x00, 0xBF, 0x00, 0x00, 0xBF, 0x00, 0x00, 0xBF, 0x00, 0x00, 0xBF, 0x00, 0x00, 0xBF,
    0x00, 0x00, 0xBF, 0x00, 0x00, 0xBF, 0x07, 0x42, 0xF8, 0x07, 0xE2, 0xFF, 0x07, 0xE2, 0xFF, 0x07,
    0xE2, 0xFF, 0x07, 0xE2, 0xFF, 0x07, 0xE2, 0xFF, 0x07, 0xE2, 0xFF, 0x07, 0xE2, 0xFF, 0x07, 0xE2,
    0xFF, 0x07, 0xE2, 0xFF, 0x07, 0xE2, 0xFF, 0x07, 0x42, 0xF8, 0x00, 0x00, 0xBF, 0x00, 0x00, 0xBF,
    0x00, 0x00, 0xBF, 0x00, 0x00, 0xBF, 0x00, 0x00, 0xBF, 0x00, 0x00, 0xBF, 0x00, 0x00, 0xBF, 0x00,
    0x00, 0xBF, 0x00, 0x00, 0xBF, 0x00, 0x00, 0xBF, 0x00, 0x00, 0xBF, 0x00, 0x00, 0xBF, 0x00, 0x00,
    0xBF, 0x00, 0x00, 0xBF, 0x00, 0x00, 0xBF, 0x00, 0x00, 0xBF, 0x18, 0xEF, 0xDA, 0x39, 0xDF, 0xFF,
    0x39, 0xDF, 0xFF, 0x39, 0xDF, 0xFF, 0x39, 0xDF, 0xFF, 0x39, 0xDF, 0xFF, 0x39, 0xDF, 0xFF, 0x39,
    0xDF, 0xFF, 0x39, 0xDF, 0xFF, 0x39, 0xDF, 0xFF, 0x39, 0xDF, 0xFF, 0x39, 0xDF, 0xFF, 0x39, 0xDF,
    0xFF, 0x39, 0xDF, 0xFF, 0x39, 0xDF, 0xFF, 0x39, 0xDF, 0xFF, 0x39, 0xDF, 0xFF, 0x39, 0xDF, 0xFF,
    0x39, 0xDF, 0xFF, 0x39, 0xDF, 0xFF, 0x39, 0xDF, 0xFF, 0x39, 0xDF, 0xFE, 0x21, 0x34, 0xE5, 0x00,
    0x00, 0xC0, 0x00, 0x00, 0xBF, 0x00, 0x00, 0xBF, 0x00, 0x00, 0xBF, 0x00, 0x00, 0xBF, 0x00, 0x00,
    0xBF, 0x00, 0x00, 0xBF, 0x00, 0x00, 0xBF, 0x00, 0x00, 0xBF, 0x29, 0x57, 0xEB, 0x39, 0xDF, 0xFF,
    0x39, 0xDF, 0xFF, 0x39, 0xDF, 0xFF, 0x39, 0xDF, 0xFF, 0x39, 0xDF, 0xFF, 0x39, 0xDF, 0xFF, 0x39,
    0xDF, 0xFF, 0x39, 0xDF, 0xFF, 0x39, 0xDF, 0xFF, 0x39, 0xDF, 0xFF, 0x39, 0xDF, 0xFF, 0x39, 0xDF,
    0xFF, 0x39, 0xDF, 0xFF, 0x39, 0xDF, 0xFF, 0x39, 0xDF, 0xFF, 0x39, 0xDF, 0xFF, 0x39, 0xDF, 0xFF,
    0x39, 0xDF, 0xFF, 0x39, 0xDF, 0xFF, 0x39, 0xDF, 0xFF, 0x31, 0xBC, 0xF7, 0x00, 0x00, 0xBF, 0x00,
    0x00, 0xBF, 0x00, 0x00, 0xBF, 0x00, 0x00, 0xBF, 0x00, 0x00, 0xBF, 0x00, 0x00, 0xBF, 0x00, 0x01,
    0xC1, 0x21, 0x34, 0xE4, 0x39, 0xDF, 0xFF, 0x39, 0xDF, 0xFF, 0x39, 0xDF, 0xFF, 0x39, 0xDF, 0xFF,
    0x39, 0xDF, 0xFF, 0x39, 0xDF, 0xFF, 0x39, 0xDF, 0xFF, 0x39, 0xDF, 0xFF, 0x39, 0xDF, 0xFF, 0x39,
    0xDF, 0xFF, 0x39, 0xDF, 0xFF, 0x39, 0xDF, 0xFF, 0x39, 0xDF, 0xFF, 0x39, 0xDF, 0xFF, 0x39, 0xDF,
    0xFF, 0x39, 0xDF, 0xFF, 0x39, 0xDF, 0xFF, 0x39, 0xDF, 0xFF, 0x31, 0x9C, 0xF5, 0x08, 0x67, 0xCB,
    0x00, 0x00, 0xBF, 0x00, 0x00, 0xBF, 0x00, 0x00, 0xBF, 0x00, 0x00, 0xBF, 0x00, 0x00, 0xBF, 0x00,
    0x00, 0xBF, 0x00, 0x00, 0xBF, 0x00, 0x00, 0xBF, 0x00, 0x00, 0xBF, 0x00, 0x00, 0xBF, 0x00, 0x00,
    0xBF, 0x00, 0x00, 0xBF, 0x00, 0x00, 0xBF, 0x00, 0x00, 0xBF, 0x00, 0x23, 0xC5, 0x29, 0x78, 0xEC,
    0x39, 0xDF, 0xFF, 0x39, 0xDF, 0xFF, 0x39, 0xDF, 0xFF, 0x39, 0xDF, 0xFF, 0x39, 0xDF, 0xFF, 0x39,
    0xDF, 0xFF, 0x39, 0xDF, 0xFF, 0x39, 0xDF, 0xFF, 0x39, 0xDF, 0xFF, 0x39, 0xDF, 0xFF, 0x39, 0xDF,
    0xFF, 0x39, 0xDF, 0xFF, 0x39, 0xDF, 0xFF, 0x39, 0xDF, 0xFF, 0x39, 0xDF, 0xFF, 0x39, 0xDF, 0xFF,
    0x39, 0xDF, 0xFF, 0x39, 0xDF, 0xFF, 0x31, 0x9B, 0xF2, 0x00, 0x00, 0xBF, 0x00, 0x00, 0xBF, 0x00,
    0x00, 0xBF, 0x00, 0x00, 0xBF, 0x00, 0x00, 0xBF, 0x00, 0x00, 0xBF, 0x29, 0x78, 0xEC, 0x39, 0xDF,
    0xFF, 0x39, 0xDF, 0xFF, 0x39, 0xDF, 0xFF, 0x39, 0xDF, 0xFF, 0x39, 0xDF, 0xFF, 0x39, 0xDF, 0xFF,
    0x39, 0xDF, 0xFF, 0x08, 0x44, 0xC6, 0x00, 0x00, 0xBF, 0x00, 0x00, 0xBF, 0x00, 0x00, 0xBF, 0x00,
    0x00, 0xBF, 0x00, 0x00, 0xBF, 0x00, 0x00, 0xBF, 0x00, 0x00, 0xBF, 0x00, 0x00, 0xBF, 0x08, 0x46,
    0xC9, 0x31, 0xBD, 0xF9, 0x39, 0xDF, 0xFF, 0x39, 0xDF, 0xFF, 0x39, 0xDF, 0xFF, 0x39, 0xDF, 0xFF,
    0x39, 0xDF, 0xFF, 0x39, 0xDF, 0xFF, 0x39, 0xDF, 0xFF, 0x39, 0xDF, 0xFF, 0x29, 0x78, 0xEC, 0x00,
    0x01, 0xC1, 0x00, 0x00, 0xBF, 0x00, 0x00, 0xBF, 0x00, 0x00, 0xBF, 0x00, 0x00, 0xBF, 0x00, 0x00,
    0xBF, 0x00, 0x00, 0xBF, 0x00, 0x00, 0xBF, 0x00, 0x00, 0xBF, 0x00, 0x00, 0xBF, 0x00, 0x00, 0xBF,
    0x00, 0x00, 0xBF, 0x00, 0x00, 0xBF, 0x00, 0x00, 0xBF, 0x00, 0x00, 0xBF, 0x00, 0x00, 0xBF, 0x00,
    0x00, 0xBF, 0x00, 0x00, 0xBF, 0x00, 0x00, 0xBF, 0x00, 0x00, 0xBF, 0x20, 0xCF, 0xDF, 0x41, 0x7B,
    0xFF, 0x41, 0x7B, 0xFF, 0x41, 0x7B, 0xFF, 0x41, 0x7B, 0xFF, 0x51, 0xFC, 0xFF, 0x6A, 0xDD, 0xFF,
    0x6A, 0xDD, 0xFF, 0x6A, 0xDD, 0xFF, 0x6A, 0xDD, 0xFF, 0x6A, 0xDD, 0xFF, 0x6A, 0xDD, 0xFF, 0x6A,
    0xDD, 0xFF, 0x6A, 0xDD, 0xFF, 0x6A, 0xDD, 0xFF, 0x6A, 0xDD, 0xFF, 0x6A, 0xDD, 0xFF, 0x6A, 0xDD,
    0xFF, 0x6B, 0x1D, 0xFF, 0x55, 0x5F, 0xFF, 0x4E, 0x7F, 0xFF, 0x4E, 0x7F, 0xFF, 0x4E, 0x7F, 0xFF,
    0x4E, 0x7F, 0xFF, 0x4E, 0x7F, 0xFF, 0x4E, 0x7F, 0xFF, 0x4E, 0x7F, 0xFF, 0x4E, 0x7F, 0xFF, 0x4E,
    0x7F, 0xFF, 0x4E, 0x7F, 0xFF, 0x4E, 0x7F, 0xFF, 0x4E, 0x7F, 0xFF, 0x4E, 0x7F, 0xFF, 0x4E, 0x7F,
    0xFF, 0x4E, 0x7F, 0xFF, 0x4E, 0x7F, 0xFF, 0x4E, 0x7F, 0xFF, 0x4E, 0x7F, 0xFF, 0x4E, 0x7F, 0xFF,
    0x4E, 0x7F, 0xFF, 0x4E, 0x7F, 0xFF, 0x4E, 0x7F, 0xFF, 0x4E, 0x7F, 0xFF, 0x4E, 0x7F, 0xFF, 0x4E,
    0x7F, 0xFF, 0x4E, 0x7F, 0xFF, 0x4E, 0x7F, 0xFF, 0x4E, 0x7F, 0xFF, 0x4E, 0x7F, 0xFF, 0x4E, 0x7F,
    0xFF, 0x4E, 0x7F, 0xFF, 0x4E, 0x7F, 0xFF, 0x4E, 0x7F, 0xFF, 0x4E, 0x7F, 0xFF, 0x4E, 0x7F, 0xFF,
    0x4E, 0x7F, 0xFF, 0x4E, 0x7F, 0xFF, 0x4E, 0x7F, 0xFF, 0x4E, 0x7F, 0xFF, 0x4E, 0x7F, 0xFF, 0x4E,
    0x7F, 0xFF, 0x4E, 0x7F, 0xFF, 0x4E, 0x7F, 0xFF, 0x4E, 0x7F, 0xFF, 0x4E, 0x7F, 0xFF, 0x4E, 0x7F,
    0xFF, 0x4E, 0x7F, 0xFF, 0x4E, 0x7F, 0xFF, 0x4E, 0x7F, 0xFF, 0x4E, 0x7F, 0xFF, 0x4E, 0x7F, 0xFF,
    0x4E, 0x7F, 0xFF, 0x4E, 0x7F, 0xFF, 0x4E, 0x7F, 0xFF, 0x4E, 0x7F, 0xFF, 0x4E, 0x7F, 0xFF, 0x4E,
    0x7F, 0xFF, 0x4E, 0x7F, 0xFF, 0x4E, 0x7F, 0xFF, 0x4E, 0x7F, 0xFF, 0x4E, 0x7F, 0xFF, 0x4E, 0x7F,
    0xFF, 0x4E, 0x7F, 0xFF, 0x4E, 0x7F, 0xFF, 0x4E, 0x7F, 0xFF, 0x4E, 0x7F, 0xFF, 0x4E, 0x7F, 0xFF,
    0x4E, 0x7F, 0xFF, 0x4E, 0x7F, 0xFF, 0x4E, 0x7F, 0xFF, 0x4E, 0x7F, 0xFF, 0x4E, 0x7F, 0xFF, 0x4E,
    0x5F, 0xFE, 0x09, 0x05, 0xC8, 0x00, 0x00, 0xBF, 0x00, 0x00, 0xBF, 0x00, 0x00, 0xBF, 0x00, 0x00,
    0xBF, 0x00, 0x00, 0xBF, 0x00, 0x00, 0xBF, 0x00, 0x00, 0xBF, 0x00, 0x00, 0xBF, 0x00, 0x00, 0xBF,
    0x00, 0x00, 0xBF, 0x00, 0x00, 0xBF, 0x00, 0x00, 0xBF, 0x00, 0x00, 0xBF, 0x00, 0x00, 0xBF, 0x00,
    0x00, 0xBF, 0x00, 0x00, 0xBF, 0x00, 0x00, 0xBF, 0x07, 0x42, 0xF8, 0x07, 0xE2, 0xFF, 0x07, 0xE2,
    0xFF, 0x07, 0xE2, 0xFF, 0x07, 0xE2, 0xFF, 0x07, 0xE2, 0xFF, 0x07, 0xE2, 0xFF, 0x07, 0xE2, 0xFF,
    0x07, 0xE2, 0xFF, 0x07, 0xE2, 0xFF, 0x07, 0xE2, 0xFF, 0x07, 0x42, 0xF8, 0x00, 0x00, 0xBF, 0x00,
    0x00, 0xBF, 0x00, 0x00, 0xBF, 0x00, 0x00, 0xBF, 0x00, 0x00, 0xBF, 0x00, 0x00, 0xBF, 0x00, 0x00,
    0xBF, 0x00, 0x00, 0xBF, 0x00, 0x00, 0xBF, 0x00, 0x00, 0xBF, 0x00, 0x00, 0xBF, 0x00, 0x00, 0xBF,
    0x00, 0x00, 0xBF, 0x00, 0x00, 0xBF, 0x00, 0x00, 0xBF, 0x00, 0x00, 0xBF, 0x18, 0xEF, 0xDA, 0x39,
    0xDF, 0xFF, 0x39, 0xDF, 0xFF, 0x39, 0xDF, 0xFF, 0x39, 0xDF, 0xFF, 0x39, 0xDF, 0xFF, 0x39, 0xDF,
    0xFF, 0x39, 0xDF, 0xFF, 0x39, 0xDF, 0xFF, 0x39, 0xDF, 0xFF, 0x39, 0xDF, 0xFF, 0x39, 0xDF, 0xFF,
    0x39, 0xDF, 0xFF, 0x39, 0xDF, 0xFF, 0x39, 0xDF, 0xFF, 0x39, 0xDF, 0xFF, 0x39, 0xDF, 0xFF, 0x39,
    0xDF, 0xFF, 0x39, 0xDF, 0xFF, 0x39, 0xDE, 0xFB, 0x29, 0x56, 0xE8, 0x08, 0x67, 0xCB, 0x00, 0x00,
    0xBF, 0x00, 0x00, 0xBF, 0x00, 0x00, 0xBF, 0x00, 0x00, 0xBF, 0x00, 0x00, 0xBF, 0x00, 0x00, 0xBF,
    0x00, 0x00, 0xBF, 0x00, 0x00, 0xBF, 0x00, 0x00, 0xBF, 0x00, 0x00, 0xBF, 0x29, 0x57, 0xEB, 0x39,
    0xDF, 0xFF, 0x39, 0xDF, 0xFF, 0x39, 0xDF, 0xFF, 0x39, 0xDF, 0xFF, 0x39, 0xDF, 0xFF, 0x39, 0xDF,
    0xFF, 0x39, 0xDF, 0xFF, 0x39, 0xDF, 0xFF, 0x39, 0xDF, 0xFF, 0x39, 0xDF, 0xFF, 0x39, 0xDF, 0xFF,
    0x39, 0xDF, 0xFF, 0x39, 0xDF, 0xFF, 0x39, 0xDF, 0xFF, 0x39, 0xDF, 0xFF, 0x39, 0xDF, 0xFF, 0x39,
    0xDF, 0xFF, 0x39, 0xDF, 0xFF, 0x39, 0xDF, 0xFF, 0x39, 0xDF, 0xFF, 0x31, 0xBC, 0xF7, 0x00, 0x00,
    0xBF, 0x00, 0x00, 0xBF, 0x00, 0x00, 0xBF, 0x00, 0x00, 0xBF, 0x00, 0x00, 0xBF, 0x00, 0x00, 0xBF,
    0x00, 0x00, 0xBF, 0x00, 0x00, 0xBF, 0x10, 0x88, 0xCD, 0x29, 0x79, 0xEF, 0x39, 0xDF, 0xFF, 0x39,
    0xDF, 0xFF, 0x39, 0xDF, 0xFF, 0x39, 0xDF, 0xFF, 0x39, 0xDF, 0xFF, 0x39, 0xDF, 0xFF, 0x39, 0xDF,
    0xFF, 0x39, 0xDF, 0xFF, 0x39, 0xDF, 0xFF, 0x39, 0xDF, 0xFF, 0x39, 0xDF, 0xFF, 0x39, 0xDF, 0xFF,
    0x39, 0xDF, 0xFF, 0x39, 0xDF, 0xFF, 0x31, 0xBD, 0xF9, 0x18, 0xF1, 0xDC, 0x00, 0x01, 0xC1, 0x00,
    0x00, 0xBF, 0x00, 0x00, 0xBF, 0x00, 0x00, 0xBF, 0x00, 0x00, 0xBF, 0x00, 0x00, 0xBF, 0x00, 0x00,
    0xBF, 0x00, 0x00, 0xBF, 0x00, 0x00, 0xBF, 0x00, 0x00, 0xBF, 0x00, 0x00, 0xBF, 0x00, 0x00, 0xBF,
    0x00, 0x00, 0xBF, 0x00, 0x00, 0xBF, 0x00, 0x00, 0xBF, 0x00, 0x00, 0xBF, 0x00, 0x00, 0xBF, 0x00,
    0x00, 0xBF, 0x10, 0xAB, 0xD1, 0x31, 0x9A, 0xF1, 0x39, 0xDF, 0xFF, 0x39, 0xDF, 0xFF, 0x39, 0xDF,
    0xFF, 0x39, 0xDF, 0xFF, 0x39, 0xDF, 0xFF, 0x39, 0xDF, 0xFF, 0x39, 0xDF, 0xFF, 0x39, 0xDF, 0xFF,
    0x39, 0xDF, 0xFF, 0x39, 0xDF, 0xFF, 0x39, 0xDF, 0xFF, 0x39, 0xDF, 0xFF, 0x39, 0xDF, 0xFF, 0x39,
    0xDF, 0xFF, 0x39, 0xDF, 0xFD, 0x29, 0x56, 0xE8, 0x08, 0x67, 0xCB, 0x00, 0x00, 0xBF, 0x00, 0x00,
    0xBF, 0x00, 0x00, 0xBF, 0x00, 0x00, 0xBF, 0x00, 0x00, 0xBF, 0x00, 0x00, 0xBF, 0x29, 0x78, 0xEC,
    0x39, 0xDF, 0xFF, 0x39, 0xDF, 0xFF, 0x39, 0xDF, 0xFF, 0x39, 0xDF, 0xFF, 0x39, 0xDF, 0xFF, 0x39,
    0xDF, 0xFF, 0x39, 0xDF, 0xFF, 0x08, 0x44, 0xC6, 0x00, 0x00, 0xBF, 0x00, 0x00, 0xBF, 0x00, 0x00,
    0xBF, 0x00, 0x00, 0xBF, 0x00, 0x00, 0xBF, 0x00, 0x00, 0xBF, 0x00, 0x00, 0xBF, 0x00, 0x00, 0xBF,
    0x00, 0x00, 0xBF, 0x08, 0x46, 0xC9, 0x31, 0xBD, 0xF8, 0x39, 0xDF, 0xFF, 0x39, 0xDF, 0xFF, 0x39,
    0xDF, 0xFF, 0x39, 0xDF, 0xFF, 0x39, 0xDF, 0xFF, 0x39, 0xDF, 0xFF, 0x39, 0xDF, 0xFF, 0x39, 0xDF,
    0xFF, 0x29, 0x78, 0xED, 0x00, 0x01, 0xC1, 0x00, 0x00, 0xBF, 0x00, 0x00, 0xBF, 0x00, 0x00, 0xBF,
    0x00, 0x00, 0xBF, 0x00, 0x00, 0xBF, 0x00, 0x00, 0xBF, 0x00, 0x00, 0xBF, 0x00, 0x00, 0xBF, 0x00,
    0x00, 0xBF, 0x00, 0x00, 0xBF, 0x00, 0x00, 0xBF, 0x00, 0x00, 0xBF, 0x00, 0x00, 0xBF, 0x00, 0x00,
    0xBF, 0x00, 0x00, 0xBF, 0x00, 0x00, 0xBF, 0x00, 0x00, 0xBF, 0x00, 0x00, 0xBF, 0x20, 0xAE, 0xDB,
    0x41, 0x7B, 0xFF, 0x41, 0x7B, 0xFF, 0x41, 0x7B, 0xFF, 0x41, 0x7B, 0xFF, 0x49, 0xBC, 0xFF, 0x6A,
    0xDD, 0xFF, 0x6A, 0xDD, 0xFF, 0x6A, 0xDD, 0xFF, 0x6A, 0xDD, 0xFF, 0x6A, 0xDD, 0xFF, 0x6A, 0xDD,
    0xFF, 0x6A, 0xDD, 0xFF, 0x6A, 0xDD, 0xFF, 0x6A, 0xDD, 0xFF, 0x6A, 0xDD, 0xFF, 0x6A, 0xDD, 0xFF,
    0x63, 0x9D, 0xFF, 0x55, 0xFF, 0xFF, 0x4E, 0x7F, 0xFF, 0x4E, 0x7F, 0xFF, 0x4E, 0x7F, 0xFF, 0x4E,
    0x7F, 0xFF, 0x4E, 0x7F, 0xFF, 0x4E, 0x7F, 0xFF, 0x4E, 0x7F, 0xFF, 0x4E, 0x7F, 0xFF, 0x4E, 0x7F,
    0xFF, 0x4E, 0x7F, 0xFF, 0x4E, 0x7F, 0xFF, 0x4E, 0x7F, 0xFF, 0x4E, 0x7F, 0xFF, 0x4E, 0x7F, 0xFF,
    0x4E, 0x7F, 0xFF, 0x4E, 0x7F, 0xFF, 0x4E, 0x7F, 0xFF, 0x4E, 0x7F, 0xFF, 0x4E, 0x7F, 0xFF, 0x4E,
    0x7F, 0xFF, 0x4E, 0x7F, 0xFF, 0x4E, 0x7F, 0xFF, 0x4E, 0x7F, 0xFF, 0x4E, 0x7F, 0xFF, 0x4E, 0x7F,
    0xFF, 0x4E, 0x7F, 0xFF, 0x4E, 0x7F, 0xFF, 0x4E, 0x7F, 0xFF, 0x4E, 0x7F, 0xFF, 0x4E, 0x7F, 0xFF,
    0x4E, 0x7F, 0xFF, 0x4E, 0x7F, 0xFF, 0x4E, 0x7F, 0xFF, 0x4E, 0x7F, 0xFF, 0x4E, 0x7F, 0xFF, 0x4E,
    0x7F, 0xFF, 0x4E, 0x7F, 0xFF, 0x4E, 0x7F, 0xFF, 0x4E, 0x7F, 0xFF, 0x4E, 0x7F, 0xFF, 0x4E, 0x7F,
    0xFF, 0x4E, 0x7F, 0xFF, 0x4E, 0x7F, 0xFF, 0x4E, 0x7F, 0xFF, 0x4E, 0x7F, 0xFF, 0x4E, 0x7F, 0xFF,
    0x4E, 0x5F, 0xFF, 0x4E, 0x5F, 0xFF, 0x4E, 0x5F, 0xFF, 0x4E, 0x5F, 0xFF, 0x4E, 0x7F, 0xFF, 0x4E,
    0x7F, 0xFF, 0x4E, 0x7F, 0xFF, 0x4E, 0x7F, 0xFF, 0x4E, 0x7F, 0xFF, 0x4E, 0x7F, 0xFF, 0x4E, 0x7F,
    0xFF, 0x4E, 0x7F, 0xFF, 0x4E, 0x7F, 0xFF, 0x4E, 0x7F, 0xFF, 0x4E, 0x7F, 0xFF, 0x4E, 0x7F, 0xFF,
    0x4E, 0x7F, 0xFF, 0x4E, 0x7F, 0xFF, 0x4E, 0x7F, 0xFF, 0x4E, 0x7F, 0xFF, 0x4E, 0x7F, 0xFF, 0x4E,
    0x7F, 0xFF, 0x4E, 0x7F, 0xFF, 0x4E, 0x7F, 0xFF, 0x4E, 0x7F, 0xFF, 0x4E, 0x7F, 0xFF, 0x4E, 0x7F,
    0xFF, 0x4E, 0x7F, 0xFF, 0x23, 0x50, 0xDC, 0x00, 0x00, 0xBF, 0x00, 0x00, 0xBF, 0x00, 0x00, 0xBF,
    0x00, 0x00, 0xBF, 0x00, 0x00, 0xBF, 0x00, 0x00, 0xBF, 0x00, 0x00, 0xBF, 0x00, 0x00, 0xBF, 0x00,
    0x00, 0xBF, 0x00, 0x00, 0xBF, 0x00, 0x00, 0xBF, 0x00, 0x00, 0xBF, 0x00, 0x00, 0xBF, 0x00, 0x00,
    0xBF, 0x00, 0x00, 0xBF, 0x00, 0x00, 0xBF, 0x00, 0x00, 0xBF, 0x07, 0x42, 0xF8, 0x07, 0xE2, 0xFF,
    0x07, 0xE2, 0xFF, 0x07, 0xE2, 0xFF, 0x07, 0xE2, 0xFF, 0x07, 0xE2, 0xFF, 0x07, 0xE2, 0xFF, 0x07,
    0xE2, 0xFF, 0x07, 0xE2, 0xFF, 0x07, 0xE2, 0xFF, 0x07, 0xE2, 0xFF, 0x07, 0x42, 0xF8, 0x00, 0x00,
    0xBF, 0x00, 0x00, 0xBF, 0x00, 0x00, 0xBF, 0x00, 0x00, 0xBF, 0x00, 0x00, 0xBF, 0x00, 0x00, 0xBF,
    0x00, 0x00, 0xBF, 0x00, 0x00, 0xBF, 0x00, 0x00, 0xBF, 0x00, 0x00, 0xBF, 0x00, 0x00, 0xBF, 0x00,
    0x00, 0xBF, 0x00, 0x00, 0xBF, 0x00, 0x00, 0xBF, 0x00, 0x00, 0xBF, 0x00, 0x00, 0xBF, 0x10, 0xAB,
    0xD2, 0x29, 0x79, 0xEE, 0x29, 0x79, 0xEE, 0x29, 0x79, 0xEE, 0x29, 0x79, 0xEE, 0x29, 0x79, 0xEE,
    0x29, 0x79, 0xEE, 0x29, 0x79, 0xEE, 0x29, 0x79, 0xEE, 0x29, 0x79, 0xEE, 0x29, 0x79, 0xEE, 0x29,
    0x79, 0xEE, 0x29, 0x79, 0xEE, 0x29, 0x79, 0xEE, 0x29, 0x57, 0xEA, 0x29, 0x56, 0xE8, 0x21, 0x34,
    0xE3, 0x18, 0xEF, 0xD9, 0x10, 0x89, 0xCF, 0x00, 0x01, 0xC1, 0x00, 0x00, 0xBF, 0x00, 0x00, 0xBF,
    0x00, 0x00, 0xBF, 0x00, 0x00, 0xBF, 0x00, 0x00, 0xBF, 0x00, 0x00, 0xBF, 0x00, 0x00, 0xBF, 0x00,
    0x00, 0xBF, 0x00, 0x00, 0xBF, 0x00, 0x00, 0xBF, 0x00, 0x00, 0xBF, 0x00, 0x00, 0xBF, 0x21, 0x12,
    0xDF, 0x29, 0x79, 0xEE, 0x29, 0x79, 0xEE, 0x29, 0x79, 0xEE, 0x29, 0x79, 0xEE, 0x29, 0x79, 0xEE,
    0x29, 0x79, 0xEE, 0x29, 0x79, 0xEE, 0x29, 0x79, 0xEE, 0x29, 0x79, 0xEE, 0x29, 0x79, 0xEE, 0x29,
    0x79, 0xEE, 0x29, 0x79, 0xEE, 0x29, 0x79, 0xEE, 0x29, 0x79, 0xEE, 0x29, 0x79, 0xEE, 0x29, 0x79,
    0xEE, 0x29, 0x79, 0xEE, 0x29, 0x79, 0xEE, 0x29, 0x79, 0xEE, 0x29, 0x79, 0xEE, 0x29, 0x56, 0xE8,
    0x00, 0x00, 0xBF, 0x00, 0x00, 0xBF, 0x00, 0x00, 0xBF, 0x00, 0x00, 0xBF, 0x00, 0x00, 0xBF, 0x00,
    0x00, 0xBF, 0x00, 0x00, 0xBF, 0x00, 0x00, 0xBF, 0x00, 0x00, 0xBF, 0x00, 0x00, 0xBF, 0x08, 0x67,
    0xCA, 0x18, 0xF1, 0xDD, 0x29, 0x78, 0xEE, 0x39, 0xDF, 0xFC, 0x39, 0xDF, 0xFF, 0x39, 0xDF, 0xFF,
    0x39, 0xDF, 0xFF, 0x39, 0xDF, 0xFF, 0x39, 0xDF, 0xFF, 0x39, 0xDF, 0xFF, 0x39, 0xDF, 0xFF, 0x31,
    0x9B, 0xF5, 0x21, 0x34, 0xE4, 0x10, 0xAC, 0xD4, 0x00, 0x01, 0xC1, 0x00, 0x00, 0xBF, 0x00, 0x00,
    0xBF, 0x00, 0x00, 0xBF, 0x00, 0x00, 0xBF, 0x00, 0x00, 0xBF, 0x00, 0x00, 0xBF, 0x00, 0x00, 0xBF,
    0x00, 0x00, 0xBF, 0x00, 0x00, 0xBF, 0x00, 0x00, 0xBF, 0x00, 0x00, 0xBF, 0x00, 0x00, 0xBF, 0x00,
    0x00, 0xBF, 0x00, 0x00, 0xBF, 0x00, 0x00, 0xBF, 0x00, 0x00, 0xBF, 0x00, 0x00, 0xBF, 0x00, 0x00,
    0xBF, 0x00, 0x00, 0xBF, 0x00, 0x00, 0xBF, 0x00, 0x00, 0xBF, 0x08, 0x67, 0xCB, 0x21, 0x12, 0xE0,
    0x31, 0x9A, 0xF1, 0x39, 0xDF, 0xFD, 0x39, 0xDF, 0xFF, 0x39, 0xDF, 0xFF, 0x39, 0xDF, 0xFF, 0x39,
    0xDF, 0xFF, 0x39, 0xDF, 0xFF, 0x39, 0xDF, 0xFF, 0x39, 0xDF, 0xFF, 0x31, 0xBD, 0xF8, 0x29, 0x57,
    0xEB, 0x18, 0xCE, 0xD7, 0x00, 0x23, 0xC4, 0x00, 0x00, 0xBF, 0x00, 0x00, 0xBF, 0x00, 0x00, 0xBF,
    0x00, 0x00, 0xBF, 0x00, 0x00, 0xBF, 0x00, 0x00, 0xBF, 0x00, 0x00, 0xBF, 0x00, 0x00, 0xBF, 0x21,
    0x12, 0xE0, 0x29, 0x79, 0xEE, 0x29, 0x79, 0xEE, 0x29, 0x79, 0xEE, 0x29, 0x79, 0xEE, 0x29, 0x79,
    0xEE, 0x29, 0x79, 0xEE, 0x29, 0x79, 0xEE, 0x00, 0x23, 0xC4, 0x00, 0x00, 0xBF, 0x00, 0x00, 0xBF,
    0x00, 0x00, 0xBF, 0x00, 0x00, 0xBF, 0x00, 0x00, 0xBF, 0x00, 0x00, 0xBF, 0x00, 0x00, 0xBF, 0x00,
    0x00, 0xBF, 0x00, 0x00, 0xBF, 0x00, 0x00, 0xBF, 0x08, 0x46, 0xC9, 0x29, 0x78, 0xED, 0x29, 0x79,
    0xEE, 0x29, 0x79, 0xEE, 0x29, 0x79, 0xEE, 0x29, 0x79, 0xEE, 0x29, 0x79, 0xEE, 0x29, 0x79, 0xEE,
    0x29, 0x79, 0xEE, 0x29, 0x79, 0xEE, 0x18, 0xF0, 0xDC, 0x00, 0x00, 0xBF, 0x00, 0x00, 0xBF, 0x00,
    0x00, 0xBF, 0x00, 0x00, 0xBF, 0x00, 0x00, 0xBF, 0x00, 0x00, 0xBF, 0x00, 0x00, 0xBF, 0x00, 0x00,
    0xBF, 0x00, 0x00, 0xBF, 0x00, 0x00, 0xBF, 0x00, 0x00, 0xBF, 0x00, 0x00, 0xBF, 0x00, 0x00, 0xBF,
    0x00, 0x00, 0xBF, 0x00, 0x00, 0xBF, 0x00, 0x00, 0xBF, 0x00, 0x00, 0xBF, 0x00, 0x00, 0xBF, 0x20,
    0xCD, 0xD8, 0x41, 0x7B, 0xFF, 0x41, 0x7B, 0xFF, 0x41, 0x7B, 0xFF, 0x41, 0x7B, 0xFF, 0x41, 0x9B,
    0xFF, 0x6A, 0xBD, 0xFF, 0x6A, 0xDD, 0xFF, 0x6A, 0xDD, 0xFF, 0x6A, 0xDD, 0xFF, 0x6A, 0xDD, 0xFF,
    0x6A, 0xDD, 0xFF, 0x6A, 0xDD, 0xFF, 0x6A, 0xDD, 0xFF, 0x6A, 0xDD, 0xFF, 0x6A, 0xDD, 0xFF, 0x5C,
    0x5E, 0xFF, 0x4E, 0x5F, 0xFF, 0x4E, 0x7F, 0xFF, 0x4E, 0x7F, 0xFF, 0x4E, 0x7F, 0xFF, 0x4E, 0x7F,
    0xFF, 0x4E, 0x7F, 0xFF, 0x4E, 0x7F, 0xFF, 0x4E, 0x7F, 0xFF, 0x4E, 0x7F, 0xFF, 0x4E, 0x7F, 0xFF,
    0x4E, 0x7F, 0xFF, 0x4E, 0x7F, 0xFF, 0x4E, 0x7F, 0xFF, 0x4E, 0x7F, 0xFF, 0x4E, 0x7F, 0xFF, 0x4E,
    0x7F, 0xFF, 0x4E, 0x7F, 0xFF, 0x4E, 0x7F, 0xFF, 0x4E, 0x7F, 0xFF, 0x4E, 0x7F, 0xFF, 0x4E, 0x7F,
    0xFF, 0x4E, 0x7F, 0xFF, 0x4E, 0x7F, 0xFF, 0x4E, 0x7F, 0xFF, 0x4E, 0x7F, 0xFF, 0x4E, 0x7F, 0xFF,
    0x4E, 0x7F, 0xFF, 0x4E, 0x7F, 0xFF, 0x4E, 0x7F, 0xFF, 0x4E, 0x7F, 0xFF, 0x4E, 0x7F, 0xFF, 0x4E,
    0x7F, 0xFF, 0x4E, 0x7F, 0xFF, 0x4E, 0x7F, 0xFF, 0x4E, 0x7F, 0xFF, 0x4E, 0x7F, 0xFF, 0x4E, 0x7F,
    0xFF, 0x4E, 0x7F, 0xFF, 0x4E, 0x7F, 0xFF, 0x4E, 0x7F, 0xFF, 0x4E, 0x7F, 0xFF, 0x4E, 0x7F, 0xFF,
    0x4E, 0x7F, 0xFF, 0x4E, 0x5F, 0xFF, 0x3D, 0x9B, 0xFF, 0x2C, 0x76, 0xFF, 0x1B, 0x92, 0xFF, 0x0A,
    0xF0, 0xFF, 0x02, 0x8E, 0xFF, 0x02, 0x4D, 0xFF, 0x02, 0x4D, 0xFF, 0x02, 0x8E, 0xFF, 0x0A, 0xF0,
    0xFF, 0x1B, 0x72, 0xFF, 0x24, 0x56, 0xFF, 0x3D, 0x5A, 0xFF, 0x4E, 0x3F, 0xFF, 0x4E, 0x7F, 0xFF,
    0x4E, 0x7F, 0xFF, 0x4E, 0x7F, 0xFF, 0x4E, 0x7F, 0xFF, 0x4E, 0x7F, 0xFF, 0x4E, 0x7F, 0xFF, 0x4E,
    0x7F, 0xFF, 0x4E, 0x7F, 0xFF, 0x4E, 0x7F, 0xFF, 0x4E, 0x7F, 0xFF, 0x4E, 0x7F, 0xFF, 0x4E, 0x7F,
    0xFF, 0x4E, 0x7F, 0xFF, 0x4E, 0x7F, 0xFF, 0x4E, 0x7F, 0xFF, 0x4E, 0x7F, 0xFF, 0x4E, 0x7F, 0xFF,
    0x4E, 0x7F, 0xFF, 0x4E, 0x7F, 0xFF, 0x3D, 0x19, 0xEE, 0x00, 0x00, 0xBF, 0x00, 0x00, 0xBF, 0x00,
    0x00, 0xBF, 0x00, 0x00, 0xBF, 0x00, 0x00, 0xBF, 0x00, 0x00, 0xBF, 0x00, 0x00, 0xBF, 0x00, 0x00,
    0xBF, 0x00, 0x00, 0xBF, 0x00, 0x00, 0xBF, 0x00, 0x00, 0xBF, 0x00, 0x00, 0xBF, 0x00, 0x00, 0xBF,
    0x00, 0x00, 0xBF, 0x00, 0x00, 0xBF, 0x00, 0x00, 0xBF, 0x00, 0x00, 0xBF, 0x07, 0x42, 0xF8, 0x07,
    0xE2, 0xFF, 0x07, 0xE2, 0xFF, 0x07, 0xE2, 0xFF, 0x07, 0xE2, 0xFF, 0x07, 0xE2, 0xFF, 0x07, 0xE2,
    0xFF, 0x07, 0xE2, 0xFF, 0x07, 0xE2, 0xFF, 0x07, 0xE2, 0xFF, 0x07, 0xE2, 0xFF, 0x07, 0x42, 0xF8,
    0x00, 0x00, 0xBF, 0x00, 0x00, 0xBF, 0x00, 0x00, 0xBF, 0x00, 0x00, 0xBF, 0x00, 0x00, 0xBF, 0x00,
    0x00, 0xBF, 0x00, 0x00, 0xBF, 0x00, 0x00, 0xBF, 0x00, 0x00, 0xBF, 0x00, 0x00, 0xBF, 0x00, 0x00,
    0xBF, 0x00, 0x00, 0xBF, 0x00, 0x00, 0xBF, 0x00, 0x00, 0xBF, 0x00, 0x00, 0xBF, 0x00, 0x00, 0xBF,
    0x00, 0x00, 0xBF, 0x00, 0x00, 0xBF, 0x00, 0x00, 0xBF, 0x00, 0x00, 0xBF, 0x00, 0x00, 0xBF, 0x00,
    0x00, 0xBF, 0x00, 0x00, 0xBF, 0x00, 0x00, 0xBF, 0x00, 0x00, 0xBF, 0x00, 0x00, 0xBF, 0x00, 0x00,
    0xBF, 0x00, 0x00, 0xBF, 0x00, 0x00, 0xBF, 0x00, 0x00, 0xBF, 0x00, 0x00, 0xBF, 0x00, 0x00, 0xBF,
    0x00, 0x00, 0xBF, 0x00, 0x00, 0xBF, 0x00, 0x00, 0xBF, 0x00, 0x00, 0xBF, 0x00, 0x00, 0xBF, 0x00,
    0x00, 0xBF, 0x00, 0x00, 0xBF, 0x00, 0x00, 0xBF, 0x00, 0x00, 0xBF, 0x00, 0x00, 0xBF, 0x00, 0x00,
    0xBF, 0x00, 0x00, 0xBF, 0x00, 0x00, 0xBF, 0x00, 0x00, 0xBF, 0x00, 0x00, 0xBF, 0x00, 0x00, 0xBF,
    0x00, 0x00, 0xBF, 0x00, 0x00, 0xBF, 0x00, 0x00, 0xBF, 0x00, 0x00, 0xBF, 0x00, 0x00, 0xBF, 0x00,
    0x00, 0xBF, 0x00, 0x00, 0xBF, 0x00, 0x00, 0xBF, 0x00, 0x00, 0xBF, 0x00, 0x00, 0xBF, 0x00, 0x00,
    0xBF, 0x00, 0x00, 0xBF, 0x00, 0x00, 0xBF, 0x00, 0x00, 0xBF, 0x00, 0x00, 0xBF, 0x00, 0x00, 0xBF,
    0x00, 0x00, 0xBF, 0x00, 0x00, 0xBF, 0x00, 0x00, 0xBF, 0x00, 0x00, 0xBF, 0x00, 0x00, 0xBF, 0x00,
    0x00, 0xBF, 0x00, 0x00, 0xBF, 0x00, 0x00, 0xBF, 0x00, 0x00, 0xBF, 0x00, 0x00, 0xBF, 0x00, 0x00,
    0xBF, 0x00, 0x00, 0xBF, 0x00, 0x00, 0xBF, 0x00, 0x00, 0xBF, 0x00, 0x00, 0xBF, 0x00, 0x00, 0xBF,
    0x00, 0x00, 0xBF, 0x00, 0x00, 0xBF, 0x00, 0x00, 0xBF, 0x00, 0x00, 0xC0, 0x08, 0x44, 0xC6, 0x08,
    0x67, 0xCB, 0x10, 0x8A, 0xD0, 0x10, 0xAB, 0xD2, 0x10, 0x88, 0xCD, 0x08, 0x45, 0xC8, 0x00, 0x22,
    0xC2, 0x00, 0x00, 0xBF, 0x00, 0x00, 0xBF, 0x00, 0x00, 0xBF, 0x00, 0x00, 0xBF, 0x00, 0x00, 0xBF,
    0x00, 0x00, 0xBF, 0x00, 0x00, 0xBF, 0x00, 0x00, 0xBF, 0x00, 0x00, 0xBF, 0x00, 0x00, 0xBF, 0x00,
    0x00, 0xBF, 0x00, 0x00, 0xBF, 0x00, 0x00, 0xBF, 0x00, 0x00, 0xBF, 0x00, 0x00, 0xBF, 0x00, 0x00,
    0xBF, 0x00, 0x00, 0xBF, 0x00, 0x00, 0xBF, 0x00, 0x00, 0xBF, 0x00, 0x00, 0xBF, 0x00, 0x00, 0xBF,
    0x00, 0x00, 0xBF, 0x00, 0x00, 0xBF, 0x00, 0x00, 0xBF, 0x00, 0x00, 0xBF, 0x00, 0x00, 0xBF, 0x00,
    0x00, 0xBF, 0x00, 0x00, 0xBF, 0x00, 0x00, 0xC0, 0x08, 0x44, 0xC5, 0x08, 0x67, 0xCA, 0x10, 0x89,
    0xCF, 0x10, 0xAB, 0xD2, 0x10, 0x8A, 0xCF, 0x08, 0x67, 0xCC, 0x00, 0x22, 0xC3, 0x00, 0x00, 0xBF,
    0x00, 0x00, 0xBF, 0x00, 0x00, 0xBF, 0x00, 0x00, 0xBF, 0x00, 0x00, 0xBF, 0x00, 0x00, 0xBF, 0x00,
    0x00, 0xBF, 0x00, 0x00, 0xBF, 0x00, 0x00, 0xBF, 0x00, 0x00, 0xBF, 0x00, 0x00, 0xBF, 0x00, 0x00,
    0xBF, 0x00, 0x00, 0xBF, 0x00, 0x00, 0xBF, 0x00, 0x00, 0xBF, 0x00, 0x00, 0xBF, 0x00, 0x00, 0xBF,
    0x00, 0x00, 0xBF, 0x00, 0x00, 0xBF, 0x00, 0x00, 0xBF, 0x00, 0x00, 0xBF, 0x00, 0x00, 0xBF, 0x00,
    0x00, 0xBF, 0x00, 0x00, 0xBF, 0x00, 0x00, 0xBF, 0x00, 0x00, 0xBF, 0x00, 0x00, 0xBF, 0x00, 0x00,
    0xBF, 0x00, 0x00, 0xBF, 0x00, 0x00, 0xBF, 0x00, 0x00, 0xBF, 0x00, 0x00, 0xBF, 0x00, 0x00, 0xBF,
    0x00, 0x00, 0xBF, 0x00, 0x00, 0xBF, 0x00, 0x00, 0xBF, 0x00, 0x00, 0xBF, 0x00, 0x00, 0xBF, 0x00,
    0x00, 0xBF, 0x00, 0x00, 0xBF, 0x00, 0x00, 0xBF, 0x00, 0x00, 0xBF, 0x00, 0x00, 0xBF, 0x00, 0x00,
    0xBF, 0x00, 0x00, 0xBF, 0x00, 0x00, 0xBF, 0x00, 0x00, 0xBF, 0x00, 0x00, 0xBF, 0x00, 0x00, 0xBF,
    0x00, 0x00, 0xBF, 0x00, 0x00, 0xBF, 0x00, 0x00, 0xBF, 0x00, 0x00, 0xBF, 0x00, 0x00, 0xBF, 0x00,
    0x00, 0xBF, 0x00, 0x00, 0xBF, 0x00, 0x00, 0xBF, 0x00, 0x00, 0xBF, 0x00, 0x00, 0xBF, 0x00, 0x00,
    0xBF, 0x29, 0xF1, 0xE0, 0x41, 0x7B, 0xFF, 0x41, 0x7B, 0xFF, 0x41, 0x7B, 0xFF, 0x41, 0x7B, 0xFF,
    0x41, 0x7B, 0xFF, 0x62, 0x9C, 0xFF, 0x6A, 0xDD, 0xFF, 0x6A, 0xDD, 0xFF, 0x6A, 0xDD, 0xFF, 0x6A,
    0xDD, 0xFF, 0x6A, 0xDD, 0xFF, 0x6A, 0xDD, 0xFF, 0x6A, 0xDD, 0xFF, 0x6B, 0x1D, 0xFF, 0x55, 0x3F,
    0xFF, 0x4E, 0x7F, 0xFF, 0x4E, 0x7F, 0xFF, 0x4E, 0x7F, 0xFF, 0x4E, 0x7F, 0xFF, 0x4E, 0x7F, 0xFF,
    0x4E, 0x7F, 0xFF, 0x4E, 0x7F, 0xFF, 0x4E, 0x7F, 0xFF, 0x4E, 0x7F, 0xFF, 0x4E, 0x7F, 0xFF, 0x4E,
    0x7F, 0xFF, 0x4E, 0x7F, 0xFF, 0x4E, 0x7F, 0xFF, 0x4E, 0x7F, 0xFF, 0x4E, 0x7F, 0xFF, 0x4E, 0x7F,
    0xFF, 0x4E, 0x7F, 0xFF, 0x4E, 0x7F, 0xFF, 0x4E, 0x7F, 0xFF, 0x4E, 0x7F, 0xFF, 0x4E, 0x7F, 0xFF,
    0x4E, 0x7F, 0xFF, 0x4E, 0x7F, 0xFF, 0x4E, 0x7F, 0xFF, 0x4E, 0x7F, 0xFF, 0x4E, 0x7F, 0xFF, 0x4E,
    0x7F, 0xFF, 0x4E, 0x7F, 0xFF, 0x4E, 0x7F, 0xFF, 0x4E, 0x7F, 0xFF, 0x4E, 0x7F, 0xFF, 0x4E, 0x7F,
    0xFF, 0x4E, 0x7F, 0xFF, 0x4E, 0x7F, 0xFF, 0x4E, 0x7F, 0xFF, 0x4E, 0x7F, 0xFF, 0x4E, 0x7F, 0xFF,
    0x4E, 0x7F, 0xFF, 0x4E, 0x7F, 0xFF, 0x4E, 0x7F, 0xFF, 0x4E, 0x7F, 0xFF, 0x4E, 0x7F, 0xFF, 0x45,
    0xFE, 0xFF, 0x24, 0x56, 0xFF, 0x0A, 0xAF, 0xFF, 0x02, 0x2C, 0xFF, 0x02, 0x2C, 0xFF, 0x02, 0x2C,
    0xFF, 0x02, 0x2C, 0xFF, 0x02, 0x2C, 0xFF, 0x02, 0x2C, 0xFF, 0x02, 0x2C, 0xFF, 0x02, 0x2C, 0xFF,
    0x02, 0x2C, 0xFF, 0x02, 0x2C, 0xFF, 0x02, 0x2C, 0xFF, 0x02, 0x2C, 0xFF, 0x02, 0x6E, 0xFF, 0x1B,
    0xD4, 0xFF, 0x3D, 0x7B, 0xFF, 0x4E, 0x5F, 0xFF, 0x4E, 0x7F, 0xFF, 0x4E, 0x7F, 0xFF, 0x4E, 0x7F,
    0xFF, 0x4E, 0x7F, 0xFF, 0x4E, 0x7F, 0xFF, 0x4E, 0x7F, 0xFF, 0x4E, 0x7F, 0xFF, 0x4E, 0x7F, 0xFF,
    0x4E, 0x7F, 0xFF, 0x4E, 0x7F, 0xFF, 0x4E, 0x7F, 0xFF, 0x4E, 0x7F, 0xFF, 0x4E, 0x7F, 0xFF, 0x4E,
    0x7F, 0xFF, 0x4E, 0x7F, 0xFF, 0x4E, 0x7F, 0xFF, 0x4E, 0x3F, 0xFC, 0x00, 0x62, 0xC2, 0x00, 0x00,
    0xBF, 0x00, 0x00, 0xBF, 0x00, 0x00, 0xBF, 0x00, 0x00, 0xBF, 0x00, 0x00, 0xBF, 0x00, 0x00, 0xBF,
    0x00, 0x00, 0xBF, 0x00, 0x00, 0xBF, 0x00, 0x00, 0xBF, 0x00, 0x00, 0xBF, 0x00, 0x00, 0xBF, 0x00,
    0x00, 0xBF, 0x00, 0x00, 0xBF, 0x00, 0x00, 0xBF, 0x00, 0x00, 0xBF, 0x00, 0x00, 0xBF, 0x07, 0x42,
    0xF8, 0x07, 0xE2, 0xFF, 0x07, 0xE2, 0xFF, 0x07, 0xE2, 0xFF, 0x07, 0xE2, 0xFF, 0x07, 0xE2, 0xFF,
    0x07, 0xE2, 0xFF, 0x07, 0xE2, 0xFF, 0x07, 0xE2, 0xFF, 0x07, 0xE2, 0xFF, 0x07, 0xE2, 0xFF, 0x07,
    0x42, 0xF8, 0x00, 0x00, 0xBF, 0x00, 0x00, 0xBF, 0x00, 0x00, 0xBF, 0x00, 0x00, 0xBF, 0x00, 0x00,
    0xBF, 0x00, 0x00, 0xBF, 0x00, 0x00, 0xBF, 0x00, 0x00, 0xBF, 0x00, 0x00, 0xBF, 0x00, 0x00, 0xBF,
    0x00, 0x00, 0xBF, 0x00, 0x00, 0xBF, 0x00, 0x00, 0xBF, 0x00, 0x00, 0xBF, 0x00, 0x00, 0xBF, 0x00,
    0x00, 0xBF, 0x00, 0x00, 0xBF, 0x00, 0x00, 0xBF, 0x00, 0x00, 0xBF, 0x00, 0x00, 0xBF, 0x00, 0x00,
    0xBF, 0x00, 0x00, 0xBF, 0x00, 0x00, 0xBF, 0x00, 0x00, 0xBF, 0x00, 0x00, 0xBF, 0x00, 0x00, 0xBF,
    0x00, 0x00, 0xBF, 0x00, 0x00, 0xBF, 0x00, 0x00, 0xBF, 0x00, 0x00, 0xBF, 0x00, 0x00, 0xBF, 0x00,
    0x00, 0xBF, 0x00, 0x00, 0xBF, 0x00, 0x00, 0xBF, 0x00, 0x00, 0xBF, 0x00, 0x00, 0xBF, 0x00, 0x00,
    0xBF, 0x00, 0x00, 0xBF, 0x00, 0x00, 0xBF, 0x00, 0x00, 0xBF, 0x00, 0x00, 0xBF, 0x00, 0x00, 0xBF,
    0x00, 0x00, 0xBF, 0x00, 0x00, 0xBF, 0x00, 0x00, 0xBF, 0x00, 0x00, 0xBF, 0x00, 0x00, 0xBF, 0x00,
    0x00, 0xBF, 0x00, 0x00, 0xBF, 0x00, 0x00, 0xBF, 0x00, 0x00, 0xBF, 0x00, 0x00, 0xBF, 0x00, 0x00,
    0xBF, 0x00, 0x00, 0xBF, 0x00, 0x00, 0xBF, 0x00, 0x00, 0xBF, 0x00, 0x00, 0xBF, 0x00, 0x00, 0xBF,
    0x00, 0x00, 0xBF, 0x00, 0x00, 0xBF, 0x00, 0x00, 0xBF, 0x00, 0x00, 0xBF, 0x00, 0x00, 0xBF, 0x00,
    0x00, 0xBF, 0x00, 0x00, 0xBF, 0x00, 0x00, 0xBF, 0x00, 0x00, 0xBF, 0x00, 0x00, 0xBF, 0x00, 0x00,
    0xBF, 0x00, 0x00, 0xBF, 0x00, 0x00, 0xBF, 0x00, 0x00, 0xBF, 0x00, 0x00, 0xBF, 0x00, 0x00, 0xBF,
    0x00, 0x00, 0xBF, 0x00, 0x00, 0xBF, 0x00, 0x00, 0xBF, 0x00, 0x00, 0xBF, 0x00, 0x00, 0xBF, 0x00,
    0x00, 0xBF, 0x00, 0x00, 0xBF, 0x00, 0x00, 0xBF, 0x00, 0x00, 0xBF, 0x00, 0x00, 0xBF, 0x00, 0x00,
    0xBF, 0x00, 0x00, 0xBF, 0x00, 0x00, 0xBF, 0x00, 0x00, 0xBF, 0x00, 0x00, 0xBF, 0x00, 0x00, 0xBF,
    0x00, 0x00, 0xBF, 0x00, 0x00, 0xBF, 0x00, 0x00, 0xBF, 0x00, 0x00, 0xBF, 0x00, 0x00, 0xBF, 0x00,
    0x00, 0xBF, 0x00, 0x00, 0xBF, 0x00, 0x00, 0xBF, 0x00, 0x00, 0xBF, 0x00, 0x00, 0xBF, 0x00, 0x00,
    0xBF, 0x00, 0x00, 0xBF, 0x00, 0x00, 0xBF, 0x00, 0x00, 0xBF, 0x00, 0x00, 0xBF, 0x00, 0x00, 0xBF,
    0x00, 0x00, 0xBF, 0x00, 0x00, 0xBF, 0x00, 0x00, 0xBF, 0x00, 0x00, 0xBF, 0x00, 0x00, 0xBF, 0x00,
    0x00, 0xBF, 0x00, 0x00, 0xBF, 0x00, 0x00, 0xBF, 0x00, 0x00, 0xBF, 0x00, 0x00, 0xBF, 0x00, 0x00,
    0xBF, 0x00, 0x00, 0xBF, 0x00, 0x00, 0xBF, 0x00, 0x00, 0xBF, 0x00, 0x00, 0xBF, 0x00, 0x00, 0xBF,
    0x00, 0x00, 0xBF, 0x00, 0x00, 0xBF, 0x00, 0x00, 0xBF, 0x00, 0x00, 0xBF, 0x00, 0x00, 0xBF, 0x00,
    0x00, 0xBF, 0x00, 0x00, 0xBF, 0x00, 0x00, 0xBF, 0x00, 0x00, 0xBF, 0x00, 0x00, 0xBF, 0x00, 0x00,
    0xBF, 0x00, 0x00, 0xBF, 0x00, 0x00, 0xBF, 0x00, 0x00, 0xBF, 0x00, 0x00, 0xBF, 0x00, 0x00, 0xBF,
    0x00, 0x00, 0xBF, 0x00, 0x00, 0xBF, 0x00, 0x00, 0xBF, 0x00, 0x00, 0xBF, 0x00, 0x00, 0xBF, 0x00,
    0x00, 0xBF, 0x00, 0x00, 0xBF, 0x00, 0x00, 0xBF, 0x00, 0x00, 0xBF, 0x00, 0x00, 0xBF, 0x00, 0x00,
    0xBF, 0x00, 0x00, 0xBF, 0x00, 0x00, 0xBF, 0x00, 0x00, 0xBF, 0x00, 0x00, 0xBF, 0x00, 0x00, 0xBF,
    0x00, 0x00, 0xBF, 0x00, 0x00, 0xBF, 0x00, 0x00, 0xBF, 0x00, 0x00, 0xBF, 0x00, 0x00, 0xBF, 0x00,
    0x00, 0xBF, 0x00, 0x00, 0xBF, 0x00, 0x00, 0xBF, 0x00, 0x00, 0xBF, 0x00, 0x00, 0xBF, 0x00, 0x00,
    0xBF, 0x00, 0x00, 0xBF, 0x00, 0x00, 0xBF, 0x00, 0x00, 0xBF, 0x00, 0x00, 0xBF, 0x00, 0x00, 0xBF,
    0x00, 0x00, 0xBF, 0x00, 0x00, 0xBF, 0x00, 0x00, 0xBF, 0x00, 0x00, 0xBF, 0x00, 0x00, 0xBF, 0x00,
    0x00, 0xBF, 0x00, 0x00, 0xBF, 0x00, 0x00, 0xBF, 0x00, 0x00, 0xBF, 0x00, 0x00, 0xBF, 0x00, 0x00,
    0xBF, 0x00, 0x00, 0xBF, 0x00, 0x00, 0xBF, 0x00, 0x00, 0xBF, 0x00, 0x00, 0xBF, 0x00, 0x00, 0xBF,
    0x00, 0x00, 0xBF, 0x3B, 0xB8, 0xEF, 0x41, 0x7B, 0xFF, 0x41, 0x7B, 0xFF, 0x41, 0x7B, 0xFF, 0x41,
    0x7B, 0xFF, 0x41, 0x7B, 0xFF, 0x5A, 0x5C, 0xFF, 0x6A, 0xDD, 0xFF, 0x6A, 0xDD, 0xFF, 0x6A, 0xDD,
    0xFF, 0x6A, 0xDD, 0xFF, 0x6A, 0xDD, 0xFF, 0x6A, 0xDD, 0xFF, 0x63, 0x9D, 0xFF, 0x55, 0xFF, 0xFF,
    0x4E, 0x7F, 0xFF, 0x4E, 0x7F, 0xFF, 0x4E, 0x7F, 0xFF, 0x4E, 0x7F, 0xFF, 0x4E, 0x7F, 0xFF, 0x4E,
    0x7F, 0xFF, 0x4E, 0x7F, 0xFF, 0x4E, 0x7F, 0xFF, 0x4E, 0x7F, 0xFF, 0x4E, 0x7F, 0xFF, 0x4E, 0x7F,
    0xFF, 0x4E, 0x7F, 0xFF, 0x4E, 0x7F, 0xFF, 0x4E, 0x7F, 0xFF, 0x4E, 0x7F, 0xFF, 0x4E, 0x7F, 0xFF,
    0x4E, 0x7F, 0xFF, 0x4E, 0x7F, 0xFF, 0x4E, 0x7F, 0xFF, 0x4E, 0x7F, 0xFF, 0x4E, 0x7F, 0xFF, 0x4E,
    0x7F, 0xFF, 0x4E, 0x7F, 0xFF, 0x4E, 0x7F, 0xFF, 0x4E, 0x7F, 0xFF, 0x4E, 0x7F, 0xFF, 0x4E, 0x7F,
    0xFF, 0x4E, 0x7F, 0xFF, 0x4E, 0x7F, 0xFF, 0x4E, 0x7F, 0xFF, 0x4E, 0x7F, 0xFF, 0x4E, 0x7F, 0xFF,
    0x4E, 0x7F, 0xFF, 0x4E, 0x7F, 0xFF, 0x4E, 0x7F, 0xFF, 0x4E, 0x7F, 0xFF, 0x4E, 0x7F, 0xFF, 0x4E,
    0x7F, 0xFF, 0x4E, 0x7F, 0xFF, 0x4E, 0x7F, 0xFF, 0x4E, 0x7F, 0xFF, 0x4E, 0x1E, 0xFF, 0x24, 0x35,
    0xFF, 0x02, 0x4D, 0xFF, 0x02, 0x2C, 0xFF, 0x02, 0x2C, 0xFF, 0x02, 0x2C, 0xFF, 0x02, 0x2C, 0xFF,
    0x02, 0x2C, 0xFF, 0x02, 0x2C, 0xFF, 0x02, 0x2C, 0xFF, 0x02, 0x2C, 0xFF, 0x02, 0x2C, 0xFF, 0x02,
    0x2C, 0xFF, 0x02, 0x2C, 0xFF, 0x02, 0x2C, 0xFF, 0x02, 0x2C, 0xFF, 0x02, 0x2C, 0xFF, 0x02, 0x2C,
    0xFF, 0x02, 0x2C, 0xFF, 0x02, 0x2C, 0xFF, 0x13, 0x51, 0xFF, 0x3D, 0x9C, 0xFF, 0x4E, 0x7F, 0xFF,
    0x4E, 0x7F, 0xFF, 0x4E, 0x7F, 0xFF, 0x4E, 0x7F, 0xFF, 0x4E, 0x7F, 0xFF, 0x4E, 0x7F, 0xFF, 0x4E,
    0x7F, 0xFF, 0x4E, 0x7F, 0xFF, 0x4E, 0x7F, 0xFF, 0x4E, 0x7F, 0xFF, 0x4E, 0x7F, 0xFF, 0x4E, 0x7F,
    0xFF, 0x4E, 0x7F, 0xFF, 0x4E, 0x7F, 0xFF, 0x4E, 0x7F, 0xFF, 0x4E, 0x7F, 0xFF, 0x11, 0xE9, 0xCF,
    0x00, 0x00, 0xBF, 0x00, 0x00, 0xBF, 0x00, 0x00, 0xBF, 0x00, 0x00, 0xBF, 0x00, 0x00, 0xBF, 0x00,
    0x00, 0xBF, 0x00, 0x00, 0xBF, 0x00, 0x00, 0xBF, 0x00, 0x00, 0xBF, 0x00, 0x00, 0xBF, 0x00, 0x00,
    0xBF, 0x00, 0x00, 0xBF, 0x00, 0x00, 0xBF, 0x00, 0x00, 0xBF, 0x00, 0x00, 0xBF, 0x00, 0x00, 0xBF,
    0x07, 0x42, 0xF8, 0x07, 0xE2, 0xFF, 0x07, 0xE2, 0xFF, 0x07, 0xE2, 0xFF, 0x07, 0xE2, 0xFF, 0x07,
    0xE2, 0xFF, 0x07, 0xE2, 0xFF, 0x07, 0xE2, 0xFF, 0x07, 0xE2, 0xFF, 0x07, 0xE2, 0xFF, 0x07, 0xE2,
    0xFF, 0x07, 0x42, 0xF8, 0x00, 0x00, 0xBF, 0x00, 0x00, 0xBF, 0x00, 0x00, 0xBF, 0x00, 0x00, 0xBF,
    0x00, 0x00, 0xBF, 0x00, 0x00, 0xBF, 0x00, 0x00, 0xBF, 0x00, 0x00, 0xBF, 0x00, 0x00, 0xBF, 0x00,
    0x00, 0xBF, 0x00, 0x00, 0xBF, 0x00, 0x00, 0xBF, 0x00, 0x00, 0xBF, 0x00, 0x00, 0xBF, 0x00, 0x00,
    0xBF, 0x00, 0x00, 0xBF, 0x00, 0x00, 0xBF, 0x00, 0x00, 0xBF, 0x00, 0x00, 0xBF, 0x00, 0x00, 0xBF,
    0x00, 0x00, 0xBF, 0x00, 0x00, 0xBF, 0x00, 0x00, 0xBF, 0x00, 0x00, 0xBF, 0x00, 0x00, 0xBF, 0x00,
    0x00, 0xBF, 0x00, 0x00, 0xBF, 0x00, 0x00, 0xBF, 0x00, 0x00, 0xBF, 0x00, 0x00, 0xBF, 0x00, 0x00,
    0xBF, 0x00, 0x00, 0xBF, 0x00, 0x00, 0xBF, 0x00, 0x00, 0xBF, 0x00, 0x00, 0xBF, 0x00, 0x00, 0xBF,
    0x00, 0x00, 0xBF, 0x00, 0x00, 0xBF, 0x00, 0x00, 0xBF, 0x00, 0x00, 0xBF, 0x00, 0x00, 0xBF, 0x00,
    0x00, 0xBF, 0x00, 0x00, 0xBF, 0x00, 0x00, 0xBF, 0x00, 0x00, 0xBF, 0x00, 0x00, 0xBF, 0x00, 0x00,
    0xBF, 0x00, 0x00, 0xBF, 0x00, 0x00, 0xBF, 0x00, 0x00, 0xBF, 0x00, 0x00, 0xBF, 0x00, 0x00, 0xBF,
    0x00, 0x00, 0xBF, 0x00, 0x00, 0xBF, 0x00, 0x00, 0xBF, 0x00, 0x00, 0xBF, 0x00, 0x00, 0xBF, 0x00,
    0x00, 0xBF, 0x00, 0x00, 0xBF, 0x00, 0x00, 0xBF, 0x00, 0x00, 0xBF, 0x00, 0x00, 0xBF, 0x00, 0x00,
    0xBF, 0x00, 0x00, 0xBF, 0x00, 0x00, 0xBF, 0x00, 0x00, 0xBF, 0x00, 0x00, 0xBF, 0x00, 0x00, 0xBF,
    0x00, 0x00, 0xBF, 0x00, 0x00, 0xBF, 0x00, 0x00, 0xBF, 0x00, 0x00, 0xBF, 0x00, 0x00, 0xBF, 0x00,
    0x00, 0xBF, 0x00, 0x00, 0xBF, 0x00, 0x00, 0xBF, 0x00, 0x00, 0xBF, 0x00, 0x00, 0xBF, 0x00, 0x00,
    0xBF, 0x00, 0x00, 0xBF, 0x00, 0x00, 0xBF, 0x00, 0x00, 0xBF, 0x00, 0x00, 0xBF, 0x00, 0x00, 0xBF,
    0x00, 0x00, 0xBF, 0x00, 0x00, 0xBF, 0x00, 0x00, 0xBF, 0x00, 0x00, 0xBF, 0x00, 0x00, 0xBF, 0x00,
    0x00, 0xBF, 0x00, 0x00, 0xBF, 0x00, 0x00, 0xBF, 0x00, 0x00, 0xBF, 0x00, 0x00, 0xBF, 0x00, 0x00,
    0xBF, 0x00, 0x00, 0xBF, 0x00, 0x00, 0xBF, 0x00, 0x00, 0xBF, 0x00, 0x00, 0xBF, 0x00, 0x00, 0xBF,
    0x00, 0x00, 0xBF, 0x00, 0x00, 0xBF, 0x00, 0x00, 0xBF, 0x00, 0x00, 0xBF, 0x00, 0x00, 0xBF, 0x00,
    0x00, 0xBF, 0x00, 0x00, 0xBF, 0x00, 0x00, 0xBF, 0x00, 0x00, 0xBF, 0x00, 0x00, 0xBF, 0x00, 0x00,
    0xBF, 0x00, 0x00, 0xBF, 0x00, 0x00, 0xBF, 0x00, 0x00, 0xBF, 0x00, 0x00, 0xBF, 0x00, 0x00, 0xBF,
    0x00, 0x00, 0xBF, 0x00, 0x00, 0xBF, 0x00, 0x00, 0xBF, 0x00, 0x00, 0xBF, 0x00, 0x00, 0xBF, 0x00,
    0x00, 0xBF, 0x00, 0x00, 0xBF, 0x00, 0x00, 0xBF, 0x00, 0x00, 0xBF, 0x00, 0x00, 0xBF, 0x00, 0x00,
    0xBF, 0x00, 0x00, 0xBF, 0x00, 0x00, 0xBF, 0x00, 0x00, 0xBF, 0x00, 0x00, 0xBF, 0x00, 0x00, 0xBF,
    0x00, 0x00, 0xBF, 0x00, 0x00, 0xBF, 0x00, 0x00, 0xBF, 0x00, 0x00, 0xBF, 0x00, 0x00, 0xBF, 0x00,
    0x00, 0xBF, 0x00, 0x00, 0xBF, 0x00, 0x00, 0xBF, 0x00, 0x00, 0xBF, 0x00, 0x00, 0xBF, 0x00, 0x00,
    0xBF, 0x00, 0x00, 0xBF, 0x00, 0x00, 0xBF, 0x00, 0x00, 0xBF, 0x00, 0x00, 0xBF, 0x00, 0x00, 0xBF,
    0x00, 0x00, 0xBF, 0x00, 0x00, 0xBF, 0x00, 0x00, 0xBF, 0x00, 0x00, 0xBF, 0x00, 0x00, 0xBF, 0x00,
    0x00, 0xBF, 0x00, 0x00, 0xBF, 0x00, 0x00, 0xBF, 0x00, 0x00, 0xBF, 0x00, 0x00, 0xBF, 0x00, 0x00,
    0xBF, 0x00, 0x00, 0xBF, 0x00, 0x00, 0xBF, 0x00, 0x00, 0xBF, 0x00, 0x00, 0xBF, 0x00, 0x00, 0xBF,
    0x00, 0x00, 0xBF, 0x00, 0x00, 0xBF, 0x00, 0x00, 0xBF, 0x00, 0x00, 0xBF, 0x00, 0x00, 0xBF, 0x00,
    0x00, 0xBF, 0x00, 0x00, 0xBF, 0x00, 0x00, 0xBF, 0x00, 0x00, 0xBF, 0x00, 0x00, 0xBF, 0x00, 0x00,
    0xBF, 0x00, 0x00, 0xBF, 0x00, 0x00, 0xBF, 0x00, 0x00, 0xBF, 0x00, 0x00, 0xBF, 0x00, 0x00, 0xBF,
    0x00, 0x00, 0xBF, 0x00, 0x00, 0xBF, 0x00, 0x00, 0xBF, 0x00, 0x00, 0xBF, 0x00, 0x00, 0xBF, 0x00,
    0x00, 0xBF, 0x00, 0x41, 0xC1, 0x4D, 0x1D, 0xFB, 0x41, 0x7B, 0xFF, 0x41, 0x7B, 0xFF, 0x41, 0x7B,
    0xFF, 0x41, 0x7B, 0xFF, 0x41, 0x7B, 0xFF, 0x51, 0xFC, 0xFF, 0x6A, 0xDD, 0xFF, 0x6A, 0xDD, 0xFF,
    0x6A, 0xDD, 0xFF, 0x6A, 0xDD, 0xFF, 0x6A, 0xFD, 0xFF, 0x5C, 0x9E, 0xFF, 0x4E, 0x5F, 0xFF, 0x4E,
    0x7F, 0xFF, 0x4E, 0x7F, 0xFF, 0x4E, 0x7F, 0xFF, 0x4E, 0x7F, 0xFF, 0x4E, 0x7F, 0xFF, 0x4E, 0x7F,
    0xFF, 0x4E, 0x7F, 0xFF, 0x4E, 0x7F, 0xFF, 0x4E, 0x7F, 0xFF, 0x4E, 0x7F, 0xFF, 0x4E, 0x7F, 0xFF,
    0x4E, 0x7F, 0xFF, 0x4E, 0x7F, 0xFF, 0x4E, 0x7F, 0xFF, 0x4E, 0x7F, 0xFF, 0x4E, 0x7F, 0xFF, 0x4E,
    0x7F, 0xFF, 0x4E, 0x7F, 0xFF, 0x4E, 0x7F, 0xFF, 0x4E, 0x7F, 0xFF, 0x4E, 0x7F, 0xFF, 0x4E, 0x7F,
    0xFF, 0x4E, 0x7F, 0xFF, 0x4E, 0x7F, 0xFF, 0x4E, 0x7F, 0xFF, 0x4E, 0x7F, 0xFF, 0x4E, 0x7F, 0xFF,
    0x4E, 0x7F, 0xFF, 0x4E, 0x7F, 0xFF, 0x4E, 0x7F, 0xFF, 0x4E, 0x7F, 0xFF, 0x4E, 0x7F, 0xFF, 0x4E,
    0x7F, 0xFF, 0x4E, 0x7F, 0xFF, 0x4E, 0x7F, 0xFF, 0x4E, 0x7F, 0xFF, 0x4E, 0x7F, 0xFF, 0x4E, 0x7F,
    0xFF, 0x4E, 0x7F, 0xFF, 0x4E, 0x7F, 0xFF, 0x4E, 0x7F, 0xFF, 0x35, 0x3A, 0xFF, 0x0A, 0xAE, 0xFF,
    0x02, 0x2C, 0xFF, 0x02, 0x2C, 0xFF, 0x02, 0x2C, 0xFF, 0x02, 0x2C, 0xFF, 0x02, 0x2C, 0xFF, 0x02,
    0x2C, 0xFF, 0x02, 0x2C, 0xFF, 0x02, 0x2C, 0xFF, 0x02, 0x2C, 0xFF, 0x02, 0x2C, 0xFF, 0x02, 0x2C,
    0xFF, 0x02, 0x2C, 0xFF, 0x02, 0x2C, 0xFF, 0x02, 0x2C, 0xFF, 0x02, 0x2C, 0xFF, 0x02, 0x2C, 0xFF,
    0x02, 0x2C, 0xFF, 0x02, 0x2C, 0xFF, 0x02, 0x2C, 0xFF, 0x02, 0x2C, 0xFF, 0x02, 0x4D, 0xFF, 0x3D,
    0x5B, 0xFF, 0x4E, 0x7F, 0xFF, 0x4E, 0x7F, 0xFF, 0x4E, 0x7F, 0xFF, 0x4E, 0x7F, 0xFF, 0x4E, 0x7F,
    0xFF, 0x4E, 0x7F, 0xFF, 0x4E, 0x7F, 0xFF, 0x4E, 0x7F, 0xFF, 0x4E, 0x7F, 0xFF, 0x4E, 0x7F, 0xFF,
    0x4E, 0x7F, 0xFF, 0x4E, 0x7F, 0xFF, 0x4E, 0x7F, 0xFF, 0x4E, 0x7F, 0xFF, 0x4E, 0x7F, 0xFF, 0x2B,
    0x91, 0xDE, 0x00, 0x00, 0xBF, 0x00, 0x00, 0xBF, 0x00, 0x00, 0xBF, 0x00, 0x00, 0xBF, 0x00, 0x00,
    0xBF, 0x00, 0x00, 0xBF, 0x00, 0x00, 0xBF, 0x00, 0x00, 0xBF, 0x00, 0x00, 0xBF, 0x00, 0x00, 0xBF,
    0x00, 0x00, 0xBF, 0x00, 0x00, 0xBF, 0x00, 0x00, 0xBF, 0x00, 0x00, 0xBF, 0x00, 0x00, 0xBF, 0x00,
    0x00, 0xBF, 0x07, 0x42, 0xF8, 0x07, 0xE2, 0xFF, 0x07, 0xE2, 0xFF, 0x07, 0xE2, 0xFF, 0x07, 0xE2,
    0xFF, 0x07, 0xE2, 0xFF, 0x07, 0xE2, 0xFF, 0x07, 0xE2, 0xFF, 0x07, 0xE2, 0xFF, 0x07, 0xE2, 0xFF,
    0x07, 0xE2, 0xFF, 0x07, 0x42, 0xF8, 0x00, 0x00, 0xBF, 0x00, 0x00, 0xBF, 0x00, 0x00, 0xBF, 0x00,
    0x00, 0xBF, 0x00, 0x00, 0xBF, 0x00, 0x00, 0xBF, 0x00, 0x00, 0xBF, 0x00, 0x00, 0xBF, 0x00, 0x00,
    0xBF, 0x00, 0x00, 0xBF, 0x00, 0x00, 0xBF, 0x00, 0x00, 0xBF, 0x00, 0x00, 0xBF, 0x00, 0x00, 0xBF,
    0x00, 0x00, 0xBF, 0x00, 0x00, 0xBF, 0x00, 0x00, 0xBF, 0x00, 0x00, 0xBF, 0x00, 0x00, 0xBF, 0x00,
    0x00, 0xBF, 0x00, 0x00, 0xBF, 0x00, 0x00, 0xBF, 0x00, 0x00, 0xBF, 0x00, 0x00, 0xBF, 0x00, 0x00,
    0xBF, 0x00, 0x00, 0xBF, 0x00, 0x00, 0xBF, 0x00, 0x00, 0xBF, 0x00, 0x00, 0xBF, 0x00, 0x00, 0xBF,
    0x00, 0x00, 0xBF, 0x00, 0x00, 0xBF, 0x00, 0x00, 0xBF, 0x00, 0x00, 0xBF, 0x00, 0x00, 0xBF, 0x00,
    0x00, 0xBF, 0x00, 0x00, 0xBF, 0x00, 0x00, 0xBF, 0x00, 0x00, 0xBF, 0x00, 0x00, 0xBF, 0x00, 0x00,
    0xBF, 0x00, 0x00, 0xBF, 0x00, 0x00, 0xBF, 0x00, 0x00, 0xBF, 0x00, 0x00, 0xBF, 0x00, 0x00, 0xBF,
    0x00, 0x00, 0xBF, 0x00, 0x00, 0xBF, 0x00, 0x00, 0xBF, 0x00, 0x00, 0xBF, 0x00, 0x00, 0xBF, 0x00,
    0x00, 0xBF, 0x00, 0x00, 0xBF, 0x00, 0x00, 0xBF, 0x00, 0x00, 0xBF, 0x00, 0x00, 0xBF, 0x00, 0x00,
    0xBF, 0x00, 0x00, 0xBF, 0x00, 0x00, 0xBF, 0x00, 0x00, 0xBF, 0x00, 0x00, 0xBF, 0x00, 0x00, 0xBF,
    0x00, 0x00, 0xBF, 0x00, 0x00, 0xBF, 0x00, 0x00, 0xBF, 0x00, 0x00, 0xBF, 0x00, 0x00, 0xBF, 0x00,
    0x00, 0xBF, 0x00, 0x00, 0xBF, 0x00, 0x00, 0xBF, 0x00, 0x00, 0xBF, 0x00, 0x00, 0xBF, 0x00, 0x00,
    0xBF, 0x00, 0x00, 0xBF, 0x00, 0x00, 0xBF, 0x00, 0x00, 0xBF, 0x00, 0x00, 0xBF, 0x00, 0x00, 0xBF,
    0x00, 0x00, 0xBF, 0x00, 0x00, 0xBF, 0x00, 0x00, 0xBF, 0x00, 0x00, 0xBF, 0x00, 0x00, 0xBF, 0x00,
    0x00, 0xBF, 0x00, 0x00, 0xBF, 0x00, 0x00, 0xBF, 0x00, 0x00, 0xBF, 0x00, 0x00, 0xBF, 0x00, 0x00,
    0xBF, 0x00, 0x00, 0xBF, 0x00, 0x00, 0xBF, 0x00, 0x00, 0xBF, 0x00, 0x00, 0xBF, 0x00, 0x00, 0xBF,
    0x00, 0x00, 0xBF, 0x00, 0x00, 0xBF, 0x00, 0x00, 0xBF, 0x00, 0x00, 0xBF, 0x00, 0x00, 0xBF, 0x00,
    0x00, 0xBF, 0x00, 0x00, 0xBF, 0x00, 0x00, 0xBF, 0x00, 0x00, 0xBF, 0x00, 0x00, 0xBF, 0x00, 0x00,
    0xBF, 0x00, 0x00, 0xBF, 0x00, 0x00, 0xBF, 0x00, 0x00, 0xBF, 0x00, 0x00, 0xBF, 0x00, 0x00, 0xBF,
    0x00, 0x00, 0xBF, 0x00, 0x00, 0xBF, 0x00, 0x00, 0xBF, 0x00, 0x00, 0xBF, 0x00, 0x00, 0xBF, 0x00,
    0x00, 0xBF, 0x00, 0x00, 0xBF, 0x00, 0x00, 0xBF, 0x00, 0x00, 0xBF, 0x00, 0x00, 0xBF, 0x00, 0x00,
    0xBF, 0x00, 0x00, 0xBF, 0x00, 0x00, 0xBF, 0x00, 0x00, 0xBF, 0x00, 0x00, 0xBF, 0x00, 0x00, 0xBF,
    0x00, 0x00, 0xBF, 0x00, 0x00, 0xBF, 0x00, 0x00, 0xBF, 0x00, 0x00, 0xBF, 0x00, 0x00, 0xBF, 0x00,
    0x00, 0xBF, 0x00, 0x00, 0xBF, 0x00, 0x00, 0xBF, 0x00, 0x00, 0xBF, 0x00, 0x00, 0xBF, 0x00, 0x00,
    0xBF, 0x00, 0x00, 0xBF, 0x00, 0x00, 0xBF, 0x00, 0x00, 0xBF, 0x00, 0x00, 0xBF, 0x00, 0x00, 0xBF,
    0x00, 0x00, 0xBF, 0x00, 0x00, 0xBF, 0x00, 0x00, 0xBF, 0x00, 0x00, 0xBF, 0x00, 0x00, 0xBF, 0x00,
    0x00, 0xBF, 0x00, 0x00, 0xBF, 0x00, 0x00, 0xBF, 0x00, 0x00, 0xBF, 0x00, 0x00, 0xBF, 0x00, 0x00,
    0xBF, 0x00, 0x00, 0xBF, 0x00, 0x00, 0xBF, 0x00, 0x00, 0xBF, 0x00, 0x00, 0xBF, 0x00, 0x00, 0xBF,
    0x00, 0x00, 0xBF, 0x00, 0x00, 0xBF, 0x00, 0x00, 0xBF, 0x00, 0x00, 0xBF, 0x00, 0x00, 0xBF, 0x00,
    0x00, 0xBF, 0x00, 0x00, 0xBF, 0x00, 0x00, 0xBF, 0x00, 0x00, 0xBF, 0x00, 0x00, 0xBF, 0x00, 0x00,
    0xBF, 0x00, 0x00, 0xBF, 0x00, 0x00, 0xBF, 0x00, 0x00, 0xBF, 0x00, 0x00, 0xBF, 0x00, 0x00, 0xBF,
    0x00, 0x00, 0xBF, 0x00, 0x00, 0xBF, 0x00, 0x00, 0xBF, 0x00, 0x00, 0xBF, 0x00, 0x00, 0xBF, 0x00,
    0x00, 0xBF, 0x00, 0x00, 0xBF, 0x00, 0x00, 0xBF, 0x00, 0x00, 0xBF, 0x00, 0x00, 0xBF, 0x00, 0x00,
    0xBF, 0x00, 0x00, 0xBF, 0x11, 0x67, 0xCB, 0x4D, 0xBF, 0xFF, 0x41, 0x7B, 0xFF, 0x41, 0x7B, 0xFF,
    0x41, 0x7B, 0xFF, 0x41, 0x7B, 0xFF, 0x41, 0x7B, 0xFF, 0x49, 0xBB, 0xFF, 0x6A, 0xDD, 0xFF, 0x6A,
    0xDD, 0xFF, 0x6A, 0xDD, 0xFF, 0x63, 0x7D, 0xFF, 0x55, 0xBF, 0xFF, 0x4E, 0x7F, 0xFF, 0x4E, 0x7F,
    0xFF, 0x4E, 0x7F, 0xFF, 0x4E, 0x7F, 0xFF, 0x4E, 0x7F, 0xFF, 0x4E, 0x7F, 0xFF, 0x4E, 0x7F, 0xFF,
    0x4E, 0x7F, 0xFF, 0x4E, 0x7F, 0xFF, 0x4E, 0x7F, 0xFF, 0x4E, 0x7F, 0xFF, 0x4E, 0x7F, 0xFF, 0x4E,
    0x7F, 0xFF, 0x4E, 0x7F, 0xFF, 0x4E, 0x7F, 0xFF, 0x4E, 0x7F, 0xFF, 0x4E, 0x7F, 0xFF, 0x4E, 0x7F,
    0xFF, 0x4E, 0x7F, 0xFF, 0x4E, 0x7F, 0xFF, 0x4E, 0x7F, 0xFF, 0x4E, 0x7F, 0xFF, 0x4E, 0x7F, 0xFF,
    0x4E, 0x7F, 0xFF, 0x4E, 0x7F, 0xFF, 0x4E, 0x7F, 0xFF, 0x4E, 0x7F, 0xFF, 0x4E, 0x7F, 0xFF, 0x4E,
    0x7F, 0xFF, 0x4E, 0x7F, 0xFF, 0x4E, 0x7F, 0xFF, 0x4E, 0x7F, 0xFF, 0x4E, 0x7F, 0xFF, 0x4E, 0x7F,
    0xFF, 0x4E, 0x7F, 0xFF, 0x4E, 0x7F, 0xFF, 0x4E, 0x7F, 0xFF, 0x4E, 0x7F, 0xFF, 0x4E, 0x7F, 0xFF,
    0x4E, 0x7F, 0xFF, 0x4E, 0x7F, 0xFF, 0x4E, 0x5F, 0xFF, 0x24, 0x35, 0xFF, 0x02, 0x2C, 0xFF, 0x02,
    0x2C, 0xFF, 0x02, 0x2C, 0xFF, 0x02, 0x2C, 0xFF, 0x02, 0x2C, 0xFF, 0x02, 0x2C, 0xFF, 0x02, 0x2C,
    0xFF, 0x02, 0x2C, 0xFF, 0x02, 0x2C, 0xFF, 0x02, 0x2C, 0xFF, 0x02, 0x2C, 0xFF, 0x02, 0x2C, 0xFF,
    0x02, 0x2C, 0xFF, 0x02, 0x2C, 0xFF, 0x02, 0x2C, 0xFF, 0x02, 0x2C, 0xFF, 0x02, 0x2C, 0xFF, 0x02,
    0x2C, 0xFF, 0x02, 0x2C, 0xFF, 0x02, 0x2C, 0xFF, 0x02, 0x2C, 0xFF, 0x02, 0x2C, 0xFF, 0x02, 0x2C,
    0xFF, 0x13, 0x31, 0xFF, 0x4E, 0x7F, 0xFF, 0x4E, 0x7F, 0xFF, 0x4E, 0x7F, 0xFF, 0x4E, 0x7F, 0xFF,
    0x4E, 0x7F, 0xFF, 0x4E, 0x7F, 0xFF, 0x4E, 0x7F, 0xFF, 0x4E, 0x7F, 0xFF, 0x4E, 0x7F, 0xFF, 0x4E,
    0x7F, 0xFF, 0x4E, 0x7F, 0xFF, 0x4E, 0x7F, 0xFF, 0x4E, 0x7F, 0xFF, 0x4E, 0x7F, 0xFF, 0x4E, 0x7F,
    0xFF, 0x3C, 0xD7, 0xEB, 0x00, 0x00, 0xBF, 0x00, 0x00, 0xBF, 0x00, 0x00, 0xBF, 0x00, 0x00, 0xBF,
    0x00, 0x00, 0xBF, 0x00, 0x00, 0xBF, 0x00, 0x00, 0xBF, 0x00, 0x00, 0xBF, 0x00, 0x00, 0xBF, 0x00,
    0x00, 0xBF, 0x00, 0x00, 0xBF, 0x00, 0x00, 0xBF, 0x00, 0x00, 0xBF, 0x00, 0x00, 0xBF, 0x00, 0x00,
    0xBF, 0x00, 0x00, 0xBF, 0x07, 0x42, 0xF8, 0x07, 0xE2, 0xFF, 0x07, 0xE2, 0xFF, 0x07, 0xE2, 0xFF,
    0x07, 0xE2, 0xFF, 0x07, 0xE2, 0xFF, 0x07, 0xE2, 0xFF, 0x07, 0xE2, 0xFF, 0x07, 0xE2, 0xFF, 0x07,
    0xE2, 0xFF, 0x07, 0xE2, 0xFF, 0x07, 0x42, 0xF8, 0x00, 0x00, 0xBF, 0x00, 0x00, 0xBF, 0x00, 0x00,
    0xBF, 0x00, 0x00, 0xBF, 0x00, 0x00, 0xBF, 0x00, 0x00, 0xBF, 0x00, 0x00, 0xBF, 0x00, 0x00, 0xBF,
    0x00, 0x00, 0xBF, 0x00, 0x00, 0xBF, 0x00, 0x00, 0xBF, 0x00, 0x00, 0xBF, 0x00, 0x00, 0xBF, 0x00,
    0x00, 0xBF, 0x00, 0x00, 0xBF, 0x00, 0x00, 0xBF, 0x00, 0x00, 0xBF, 0x00, 0x00, 0xBF, 0x00, 0x00,
    0xBF, 0x00, 0x00, 0xBF, 0x00, 0x00, 0xBF, 0x00, 0x00, 0xBF, 0x00, 0x00, 0xBF, 0x00, 0x00, 0xBF,
    0x00, 0x00, 0xBF, 0x00, 0x00, 0xBF, 0x00, 0x00, 0xBF, 0x00, 0x00, 0xBF, 0x00, 0x00, 0xBF, 0x00,
    0x00, 0xBF, 0x00, 0x00, 0xBF, 0x00, 0x00, 0xBF, 0x00, 0x00, 0xBF, 0x00, 0x00, 0xBF, 0x00, 0x00,
    0xBF, 0x00, 0x00, 0xBF, 0x00, 0x00, 0xBF, 0x00, 0x00, 0xBF, 0x00, 0x00, 0xBF, 0x00, 0x00, 0xBF,
    0x00, 0x00, 0xBF, 0x00, 0x00, 0xBF, 0x00, 0x00, 0xBF, 0x00, 0x00, 0xBF, 0x00, 0x00, 0xBF, 0x00,
    0x00, 0xBF, 0x00, 0x00, 0xBF, 0x00, 0x00, 0xBF, 0x00, 0x00, 0xBF, 0x00, 0x00, 0xBF, 0x00, 0x00,
    0xBF, 0x00, 0x00, 0xBF, 0x00, 0x00, 0xBF, 0x00, 0x00, 0xBF, 0x00, 0x00, 0xBF, 0x00, 0x00, 0xBF,
    0x00, 0x00, 0xBF, 0x00, 0x00, 0xBF, 0x00, 0x00, 0xBF, 0x00, 0x00, 0xBF, 0x00, 0x00, 0xBF, 0x00,
    0x00, 0xBF, 0x00, 0x00, 0xBF, 0x00, 0x00, 0xBF, 0x00, 0x00, 0xBF, 0x00, 0x00, 0xBF, 0x00, 0x00,
    0xBF, 0x00, 0x00, 0xBF, 0x00, 0x00, 0xBF, 0x00, 0x00, 0xBF, 0x00, 0x00, 0xBF, 0x00, 0x00, 0xBF,
    0x00, 0x00, 0xBF, 0x00, 0x00, 0xBF, 0x00, 0x00, 0xBF, 0x00, 0x00, 0xBF, 0x00, 0x00, 0xBF, 0x00,
    0x00, 0xBF, 0x00, 0x00, 0xBF, 0x00, 0x00, 0xBF, 0x00, 0x00, 0xBF, 0x00, 0x00, 0xBF, 0x00, 0x00,
    0xBF, 0x00, 0x00, 0xBF, 0x00, 0x00, 0xBF, 0x00, 0x00, 0xBF, 0x00, 0x00, 0xBF, 0x00, 0x00, 0xBF,
    0x00, 0x00, 0xBF, 0x00, 0x00, 0xBF, 0x00, 0x00, 0xBF, 0x00, 0x00, 0xBF, 0x00, 0x00, 0xBF, 0x00,
    0x00, 0xBF, 0x00, 0x00, 0xBF, 0x00, 0x00, 0xBF, 0x00, 0x00, 0xBF, 0x00, 0x00, 0xBF, 0x00, 0x00,
    0xBF, 0x00, 0x00, 0xBF, 0x00, 0x00, 0xBF, 0x00, 0x00, 0xBF, 0x00, 0x00, 0xBF, 0x00, 0x00, 0xBF,
    0x00, 0x00, 0xBF, 0x00, 0x00, 0xBF, 0x00, 0x00, 0xBF, 0x00, 0x00, 0xBF, 0x00, 0x00, 0xBF, 0x00,
    0x00, 0xBF, 0x00, 0x00, 0xBF, 0x00, 0x00, 0xBF, 0x00, 0x00, 0xBF, 0x00, 0x00, 0xBF, 0x00, 0x00,
    0xBF, 0x00, 0x00, 0xBF, 0x00, 0x00, 0xBF, 0x00, 0x00, 0xBF, 0x00, 0x00, 0xBF, 0x00, 0x00, 0xBF,
    0x00, 0x00, 0xBF, 0x00, 0x00, 0xBF, 0x00, 0x00, 0xBF, 0x00, 0x00, 0xBF, 0x00, 0x00, 0xBF, 0x00,
    0x00, 0xBF, 0x00, 0x00, 0xBF, 0x00, 0x00, 0xBF, 0x00, 0x00, 0xBF, 0x00, 0x00, 0xBF, 0x00, 0x00,
    0xBF, 0x00, 0x00, 0xBF, 0x00, 0x00, 0xBF, 0x00, 0x00, 0xBF, 0x00, 0x00, 0xBF, 0x00, 0x00, 0xBF,
    0x00, 0x00, 0xBF, 0x00, 0x00, 0xBF, 0x00, 0x00, 0xBF, 0x00, 0x00, 0xBF, 0x00, 0x00, 0xBF, 0x00,
    0x00, 0xBF, 0x00, 0x00, 0xBF, 0x00, 0x00, 0xBF, 0x00, 0x00, 0xBF, 0x00, 0x00, 0xBF, 0x00, 0x00,
    0xBF, 0x00, 0x00, 0xBF, 0x00, 0x00, 0xBF, 0x00, 0x00, 0xBF, 0x00, 0x00, 0xBF, 0x00, 0x00, 0xBF,
    0x00, 0x00, 0xBF, 0x00, 0x00, 0xBF, 0x00, 0x00, 0xBF, 0x00, 0x00, 0xBF, 0x00, 0x00, 0xBF, 0x00,
    0x00, 0xBF, 0x00, 0x00, 0xBF, 0x00, 0x00, 0xBF, 0x00, 0x00, 0xBF, 0x00, 0x00, 0xBF, 0x00, 0x00,
    0xBF, 0x00, 0x00, 0xBF, 0x00, 0x00, 0xBF, 0x00, 0x00, 0xBF, 0x00, 0x00, 0xBF, 0x00, 0x00, 0xBF,
    0x00, 0x00, 0xBF, 0x00, 0x00, 0xBF, 0x00, 0x00, 0xBF, 0x00, 0x00, 0xBF, 0x00, 0x00, 0xBF, 0x00,
    0x00, 0xBF, 0x00, 0x00, 0xBF, 0x00, 0x00, 0xBF, 0x00, 0x00, 0xBF, 0x00, 0x00, 0xBF, 0x00, 0x00,
    0xBF, 0x00, 0x00, 0xBF, 0x00, 0x00, 0xBF, 0x00, 0x00, 0xBF, 0x00, 0x00, 0xBF, 0x00, 0x00, 0xBF,
    0x00, 0x00, 0xBF, 0x00, 0x00, 0xBF, 0x22, 0xCD, 0xD6, 0x4D, 0xFF, 0xFF, 0x41, 0x7B, 0xFF, 0x41,
    0x7B, 0xFF, 0x41, 0x7B, 0xFF, 0x41, 0x7B, 0xFF, 0x41, 0x7B, 0xFF, 0x41, 0x7B, 0xFF, 0x6A, 0xBD,
    0xFF, 0x6A, 0xFD, 0xFF, 0x5C, 0xBE, 0xFF, 0x4E, 0x5F, 0xFF, 0x4E, 0x7F, 0xFF, 0x4E, 0x7F, 0xFF,
    0x4E, 0x7F, 0xFF, 0x4E, 0x7F, 0xFF, 0x4E, 0x7F, 0xFF, 0x4E, 0x7F, 0xFF, 0x4E, 0x7F, 0xFF, 0x4E,
    0x7F, 0xFF, 0x4E, 0x7F, 0xFF, 0x4E, 0x7F, 0xFF, 0x4E, 0x7F, 0xFF, 0x4E, 0x7F, 0xFF, 0x4E, 0x7F,
    0xFF, 0x4E, 0x7F, 0xFF, 0x4E, 0x7F, 0xFF, 0x4E, 0x7F, 0xFF, 0x4E, 0x7F, 0xFF, 0x4E, 0x7F, 0xFF,
    0x4E, 0x7F, 0xFF, 0x4E, 0x7F, 0xFF, 0x4E, 0x7F, 0xFF, 0x4E, 0x7F, 0xFF, 0x4E, 0x7F, 0xFF, 0x4E,
    0x7F, 0xFF, 0x4E, 0x7F, 0xFF, 0x4E, 0x7F, 0xFF, 0x4E, 0x7F, 0xFF, 0x4E, 0x7F, 0xFF, 0x4E, 0x7F,
    0xFF, 0x4E, 0x7F, 0xFF, 0x4E, 0x7F, 0xFF, 0x4E, 0x7F, 0xFF, 0x4E, 0x7F, 0xFF, 0x4E, 0x7F, 0xFF,
    0x4E, 0x7F, 0xFF, 0x4E, 0x7F, 0xFF, 0x4E, 0x7F, 0xFF, 0x4E, 0x7F, 0xFF, 0x4E, 0x7F, 0xFF, 0x4E,
    0x7F, 0xFF, 0x4E, 0x7F, 0xFF, 0x4E, 0x7F, 0xFF, 0x2C, 0x97, 0xFF, 0x02, 0x2C, 0xFF, 0x02, 0x2C,
    0xFF, 0x02, 0x2C, 0xFF, 0x02, 0x2C, 0xFF, 0x02, 0x2C, 0xFF, 0x02, 0x2C, 0xFF, 0x02, 0x2C, 0xFF,
    0x02, 0x2C, 0xFF, 0x02, 0x2C, 0xFF, 0x02, 0x2D, 0xFF, 0x0A, 0x8E, 0xFF, 0x13, 0x31, 0xFF, 0x1B,
    0x72, 0xFF, 0x1B, 0x72, 0xFF, 0x13, 0x31, 0xFF, 0x0A, 0x8E, 0xFF, 0x02, 0x2D, 0xFF, 0x02, 0x2C,
    0xFF, 0x02, 0x2C, 0xFF, 0x02, 0x2C, 0xFF, 0x02, 0x2C, 0xFF, 0x02, 0x2C, 0xFF, 0x02, 0x2C, 0xFF,
    0x02, 0x2C, 0xFF, 0x0A, 0xCF, 0xFF, 0x4E, 0x7F, 0xFF, 0x4E, 0x7F, 0xFF, 0x4E, 0x7F, 0xFF, 0x4E,
    0x7F, 0xFF, 0x4E, 0x7F, 0xFF, 0x4E, 0x7F, 0xFF, 0x4E, 0x7F, 0xFF, 0x4E, 0x7F, 0xFF, 0x4E, 0x7F,
    0xFF, 0x4E, 0x7F, 0xFF, 0x4E, 0x7F, 0xFF, 0x4E, 0x7F, 0xFF, 0x4E, 0x7F, 0xFF, 0x4E, 0x7F, 0xFF,
    0x4E, 0x7F, 0xFF, 0x45, 0xBC, 0xF6, 0x00, 0x00, 0xC0, 0x00, 0x00, 0xBF, 0x00, 0x00, 0xBF, 0x00,
    0x00, 0xBF, 0x00, 0x00, 0xBF, 0x00, 0x00, 0xBF, 0x00, 0x00, 0xBF, 0x00, 0x00, 0xBF, 0x00, 0x00,
    0xBF, 0x00, 0x00, 0xBF, 0x00, 0x00, 0xBF, 0x00, 0x00, 0xBF, 0x00, 0x00, 0xBF, 0x00, 0x00, 0xBF,
    0x00, 0x00, 0xBF, 0x00, 0x00, 0xBF, 0x07, 0x42, 0xF8, 0x07, 0xE2, 0xFF, 0x07, 0xE2, 0xFF, 0x07,
    0xE2, 0xFF, 0x07, 0xE2, 0xFF, 0x07, 0xE2, 0xFF, 0x07, 0xE2, 0xFF, 0x07, 0xE2, 0xFF, 0x07, 0xE2,
    0xFF, 0x07, 0xE2, 0xFF, 0x07, 0xE2, 0xFF, 0x07, 0x42, 0xF8, 0x00, 0x00, 0xBF, 0x00, 0x00, 0xBF,
    0x00, 0x00, 0xBF, 0x00, 0x00, 0xBF, 0x00, 0x00, 0xBF, 0x00, 0x00, 0xBF, 0x00, 0x00, 0xBF, 0x00,
    0x00, 0xBF, 0x00, 0x00, 0xBF, 0x00, 0x00, 0xBF, 0x00, 0x00, 0xBF, 0x00, 0x00, 0xBF, 0x00, 0x00,
    0xBF, 0x00, 0x00, 0xBF, 0x00, 0x00, 0xBF, 0x00, 0x00, 0xBF, 0x00, 0x00, 0xBF, 0x00, 0x00, 0xBF,
    0x00, 0x00, 0xBF, 0x00, 0x00, 0xBF, 0x00, 0x00, 0xBF, 0x00, 0x00, 0xBF, 0x00, 0x00, 0xBF, 0x00,
    0x00, 0xBF, 0x00, 0x00, 0xBF, 0x00, 0x00, 0xBF, 0x00, 0x00, 0xBF, 0x00, 0x00, 0xBF, 0x00, 0x00,
    0xBF, 0x00, 0x00, 0xBF, 0x00, 0x00, 0xBF, 0x00, 0x00, 0xBF, 0x00, 0x00, 0xBF, 0x00, 0x00, 0xBF,
    0x00, 0x00, 0xBF, 0x00, 0x00, 0xBF, 0x00, 0x00, 0xBF, 0x00, 0x00, 0xBF, 0x00, 0x00, 0xBF, 0x00,
    0x00, 0xBF, 0x00, 0x00, 0xBF, 0x00, 0x00, 0xBF, 0x00, 0x00, 0xBF, 0x00, 0x00, 0xBF, 0x00, 0x00,
    0xBF, 0x00, 0x00, 0xBF, 0x00, 0x00, 0xBF, 0x00, 0x00, 0xBF, 0x00, 0x00, 0xBF, 0x00, 0x00, 0xBF,
    0x00, 0x00, 0xBF, 0x00, 0x00, 0xBF, 0x00, 0x00, 0xBF, 0x00, 0x00, 0xBF, 0x00, 0x00, 0xBF, 0x00,
    0x00, 0xBF, 0x00, 0x00, 0xBF, 0x00, 0x00, 0xBF, 0x00, 0x00, 0xBF, 0x00, 0x00, 0xBF, 0x00, 0x00,
    0xBF, 0x00, 0x00, 0xBF, 0x00, 0x00, 0xBF, 0x00, 0x00, 0xBF, 0x00, 0x00, 0xBF, 0x00, 0x00, 0xBF,
    0x00, 0x00, 0xBF, 0x00, 0x00, 0xBF, 0x00, 0x00, 0xBF, 0x00, 0x00, 0xBF, 0x00, 0x00, 0xBF, 0x00,
    0x00, 0xBF, 0x00, 0x00, 0xBF, 0x00, 0x00, 0xBF, 0x00, 0x00, 0xBF, 0x00, 0x00, 0xBF, 0x00, 0x00,
    0xBF, 0x00, 0x00, 0xBF, 0x00, 0x00, 0xBF, 0x00, 0x00, 0xBF, 0x00, 0x00, 0xBF, 0x00, 0x00, 0xBF,
    0x00, 0x00, 0xBF, 0x00, 0x00, 0xBF, 0x00, 0x00, 0xBF, 0x00, 0x00, 0xBF, 0x00, 0x00, 0xBF, 0x00,
    0x00, 0xBF, 0x00, 0x00, 0xBF, 0x00, 0x00, 0xBF, 0x00, 0x00, 0xBF, 0x00, 0x00, 0xBF, 0x00, 0x00,
    0xBF, 0x00, 0x00, 0xBF, 0x00, 0x00, 0xBF, 0x00, 0x00, 0xBF, 0x00, 0x00, 0xBF, 0x00, 0x00, 0xBF,
    0x00, 0x00, 0xBF, 0x00, 0x00, 0xBF, 0x00, 0x00, 0xBF, 0x00, 0x00, 0xBF, 0x00, 0x00, 0xBF, 0x00,
    0x00, 0xBF, 0x00, 0x00, 0xBF, 0x00, 0x00, 0xBF, 0x00, 0x00, 0xBF, 0x00, 0x00, 0xBF, 0x00, 0x00,
    0xBF, 0x00, 0x00, 0xBF, 0x00, 0x00, 0xBF, 0x00, 0x00, 0xBF, 0x00, 0x00, 0xBF, 0x00, 0x00, 0xBF,
    0x00, 0x00, 0xBF, 0x00, 0x00, 0xBF, 0x00, 0x00, 0xBF, 0x00, 0x00, 0xBF, 0x00, 0x00, 0xBF, 0x00,
    0x00, 0xBF, 0x00, 0x00, 0xBF, 0x00, 0x00, 0xBF, 0x00, 0x00, 0xBF, 0x00, 0x00, 0xBF, 0x00, 0x00,
    0xBF, 0x00, 0x00, 0xBF, 0x00, 0x00, 0xBF, 0x00, 0x00, 0xBF, 0x00, 0x00, 0xBF, 0x00, 0x00, 0xBF,
    0x00, 0x00, 0xBF, 0x00, 0x00, 0xBF, 0x00, 0x00, 0xBF, 0x00, 0x00, 0xBF, 0x00, 0x00, 0xBF, 0x00,
    0x00, 0xBF, 0x00, 0x00, 0xBF, 0x00, 0x00, 0xBF, 0x00, 0x00, 0xBF, 0x00, 0x00, 0xBF, 0x00, 0x00,
    0xBF, 0x00, 0x00, 0xBF, 0x00, 0x00, 0xBF, 0x00, 0x00, 0xBF, 0x00, 0x00, 0xBF, 0x00, 0x00, 0xBF,
    0x00, 0x00, 0xBF, 0x00, 0x00, 0xBF, 0x00, 0x00, 0xBF, 0x00, 0x00, 0xBF, 0x00, 0x00, 0xBF, 0x00,
    0x00, 0xBF, 0x00, 0x00, 0xBF, 0x00, 0x00, 0xBF, 0x00, 0x00, 0xBF, 0x00, 0x00, 0xBF, 0x00, 0x00,
    0xBF, 0x00, 0x00, 0xBF, 0x00, 0x00, 0xBF, 0x00, 0x00, 0xBF, 0x00, 0x00, 0xBF, 0x00, 0x00, 0xBF,
    0x00, 0x00, 0xBF, 0x00, 0x00, 0xBF, 0x00, 0x00, 0xBF, 0x00, 0x00, 0xBF, 0x00, 0x00, 0xBF, 0x00,
    0x00, 0xBF, 0x00, 0x00, 0xBF, 0x00, 0x00, 0xBF, 0x00, 0x00, 0xBF, 0x00, 0x00, 0xBF, 0x00, 0x00,
    0xBF, 0x00, 0x00, 0xBF, 0x00, 0x00, 0xBF, 0x00, 0x00, 0xBF, 0x00, 0x00, 0xBF, 0x00, 0x00, 0xBF,
    0x00, 0x00, 0xBF, 0x00, 0x00, 0xBF, 0x00, 0x00, 0xBF, 0x00, 0x00, 0xBF, 0x00, 0x00, 0xBF, 0x00,
    0x00, 0xBF, 0x00, 0x00, 0xBF, 0x00, 0x00, 0xBF, 0x2B, 0xD2, 0xE0, 0x4E, 0x3F, 0xFF, 0x41, 0x9B,
    0xFF, 0x41, 0x7B, 0xFF, 0x41, 0x7B, 0xFF, 0x41, 0x7B, 0xFF, 0x41, 0x7B, 0xFF, 0x41, 0x9B, 0xFF,
    0x53, 0xBD, 0xFF, 0x55, 0xFF, 0xFF, 0x4E, 0x7F, 0xFF, 0x4E, 0x7F, 0xFF, 0x4E, 0x7F, 0xFF, 0x4E,
    0x7F, 0xFF, 0x4E, 0x7F, 0xFF, 0x4E, 0x7F, 0xFF, 0x4E, 0x7F, 0xFF, 0x4E, 0x7F, 0xFF, 0x4E, 0x7F,
    0xFF, 0x4E, 0x7F, 0xFF, 0x4E, 0x7F, 0xFF, 0x4E, 0x7F, 0xFF, 0x4E, 0x7F, 0xFF, 0x4E, 0x7F, 0xFF,
    0x4E, 0x7F, 0xFF, 0x4E, 0x7F, 0xFF, 0x4E, 0x7F, 0xFF, 0x4E, 0x7F, 0xFF, 0x4E, 0x7F, 0xFF, 0x4E,
    0x7F, 0xFF, 0x4E, 0x7F, 0xFF, 0x4E, 0x7F, 0xFF, 0x4E, 0x7F, 0xFF, 0x4E, 0x7F, 0xFF, 0x4E, 0x7F,
    0xFF, 0x4E, 0x5F, 0xFF, 0x4E, 0x3F, 0xFF, 0x4E, 0x3F, 0xFF, 0x4E, 0x5F, 0xFF, 0x4E, 0x5F, 0xFF,
    0x4E, 0x7F, 0xFF, 0x4E, 0x7F, 0xFF, 0x4E, 0x7F, 0xFF, 0x4E, 0x7F, 0xFF, 0x4E, 0x7F, 0xFF, 0x4E,
    0x7F, 0xFF, 0x4E, 0x7F, 0xFF, 0x4E, 0x7F, 0xFF, 0x4E, 0x7F, 0xFF, 0x4E, 0x7F, 0xFF, 0x4E, 0x7F,
    0xFF, 0x4E, 0x7F, 0xFF, 0x4E, 0x7F, 0xFF, 0x4E, 0x7F, 0xFF, 0x13, 0x11, 0xFF, 0x02, 0x2C, 0xFF,
    0x02, 0x2C, 0xFF, 0x02, 0x2C, 0xFF, 0x02, 0x2C, 0xFF, 0x02, 0x2C, 0xFF, 0x02, 0x2C, 0xFF, 0x02,
    0x2C, 0xFF, 0x0A, 0xF0, 0xFF, 0x2C, 0x97, 0xFF, 0x45, 0xDD, 0xFF, 0x4E, 0x7F, 0xFF, 0x4E, 0x7F,
    0xFF, 0x4E, 0x7F, 0xFF, 0x4E, 0x7F, 0xFF, 0x4E, 0x7F, 0xFF, 0x4E, 0x7F, 0xFF, 0x45, 0xFD, 0xFF,
    0x34, 0xD8, 0xFF, 0x13, 0x52, 0xFF, 0x02, 0x2D, 0xFF, 0x02, 0x2C, 0xFF, 0x02, 0x2C, 0xFF, 0x02,
    0x2C, 0xFF, 0x02, 0x2C, 0xFF, 0x24, 0x15, 0xFF, 0x4E, 0x7F, 0xFF, 0x4E, 0x7F, 0xFF, 0x4E, 0x7F,
    0xFF, 0x4E, 0x7F, 0xFF, 0x4E, 0x7F, 0xFF, 0x4E, 0x7F, 0xFF, 0x4E, 0x7F, 0xFF, 0x4E, 0x7F, 0xFF,
    0x4E, 0x7F, 0xFF, 0x4E, 0x7F, 0xFF, 0x4E, 0x7F, 0xFF, 0x4E, 0x7F, 0xFF, 0x4E, 0x7F, 0xFF, 0x4E,
    0x7F, 0xFF, 0x4E, 0x7F, 0xFF, 0x4E, 0x5F, 0xFE, 0x00, 0x61, 0xC2, 0x00, 0x00, 0xBF, 0x00, 0x00,
    0xBF, 0x00, 0x00, 0xBF, 0x00, 0x00, 0xBF, 0x00, 0x00, 0xBF, 0x00, 0x00, 0xBF, 0x00, 0x00, 0xBF,
    0x00, 0x00, 0xBF, 0x00, 0x00, 0xBF, 0x00, 0x00, 0xBF, 0x00, 0x00, 0xBF, 0x00, 0x00, 0xBF, 0x00,
    0x00, 0xBF, 0x00, 0x00, 0xBF, 0x00, 0x00, 0xBF, 0x07, 0x42, 0xF8, 0x07, 0xE2, 0xFF, 0x07, 0xE2,
    0xFF, 0x07, 0xE2, 0xFF, 0x07, 0xE2, 0xFF, 0x07, 0xE2, 0xFF, 0x07, 0xE2, 0xFF, 0x07, 0xE2, 0xFF,
    0x07, 0xE2, 0xFF, 0x07, 0xE2, 0xFF, 0x07, 0xE2, 0xFF, 0x07, 0x42, 0xF8, 0x00, 0x00, 0xBF, 0x00,
    0x00, 0xBF, 0x00, 0x00, 0xBF, 0x00, 0x00, 0xBF, 0x00, 0x00, 0xBF, 0x00, 0x00, 0xBF, 0x00, 0x00,
    0xBF, 0x00, 0x00, 0xBF, 0x00, 0x00, 0xBF, 0x00, 0x00, 0xBF, 0x00, 0x00, 0xBF, 0x00, 0x00, 0xBF,
    0x00, 0x00, 0xBF, 0x00, 0x00, 0xBF, 0x00, 0x00, 0xBF, 0x00, 0x00, 0xBF, 0x00, 0x00, 0xBF, 0x00,
    0x00, 0xBF, 0x00, 0x00, 0xBF, 0x00, 0x00, 0xBF, 0x00, 0x00, 0xBF, 0x00, 0x00, 0xBF, 0x00, 0x00,
    0xBF, 0x00, 0x00, 0xBF, 0x00, 0x00, 0xBF, 0x00, 0x00, 0xBF, 0x00, 0x00, 0xBF, 0x00, 0x00, 0xBF,
    0x00, 0x00, 0xBF, 0x00, 0x00, 0xBF, 0x00, 0x00, 0xBF, 0x00, 0x00, 0xBF, 0x00, 0x00, 0xBF, 0x00,
    0x00, 0xBF, 0x00, 0x00, 0xBF, 0x00, 0x00, 0xBF, 0x00, 0x00, 0xBF, 0x00, 0x00, 0xBF, 0x00, 0x00,
    0xBF, 0x00, 0x00, 0xBF, 0x00, 0x00, 0xBF, 0x00, 0x00, 0xBF, 0x00, 0x00, 0xBF, 0x00, 0x00, 0xBF,
    0x00, 0x00, 0xBF, 0x00, 0x00, 0xBF, 0x00, 0x00, 0xBF, 0x00, 0x00, 0xBF, 0x00, 0x00, 0xBF, 0x00,
    0x00, 0xBF, 0x00, 0x00, 0xBF, 0x00, 0x00, 0xBF, 0x00, 0x00, 0xBF, 0x00, 0x00, 0xBF, 0x00, 0x00,
    0xBF, 0x00, 0x00, 0xBF, 0x00, 0x00, 0xBF, 0x00, 0x00, 0xBF, 0x00, 0x00, 0xBF, 0x00, 0x00, 0xBF,
    0x00, 0x00, 0xBF, 0x00, 0x00, 0xBF, 0x00, 0x00, 0xBF, 0x00, 0x00, 0xBF, 0x00, 0x00, 0xBF, 0x00,
    0x00, 0xBF, 0x00, 0x00, 0xBF, 0x00, 0x00, 0xBF, 0x00, 0x00, 0xBF, 0x00, 0x00, 0xBF, 0x00, 0x00,
    0xBF, 0x00, 0x00, 0xBF, 0x00, 0x00, 0xBF, 0x00, 0x00, 0xBF, 0x00, 0x00, 0xBF, 0x00, 0x00, 0xBF,
    0x00, 0x00, 0xBF, 0x00, 0x00, 0xBF, 0x00, 0x00, 0xBF, 0x00, 0x00, 0xBF, 0x00, 0x00, 0xBF, 0x00,
    0x00, 0xBF, 0x00, 0x00, 0xBF, 0x00, 0x00, 0xBF, 0x00, 0x00, 0xBF, 0x00, 0x00, 0xBF, 0x00, 0x00,
    0xBF, 0x00, 0x00, 0xBF, 0x00, 0x00, 0xBF, 0x00, 0x00, 0xBF, 0x00, 0x00, 0xBF, 0x00, 0x00, 0xBF,
    0x00, 0x00, 0xBF, 0x00, 0x00, 0xBF, 0x00, 0x00, 0xBF, 0x00, 0x00, 0xBF, 0x00, 0x00, 0xBF, 0x00,
    0x00, 0xBF, 0x00, 0x00, 0xBF, 0x00, 0x00, 0xBF, 0x00, 0x00, 0xBF, 0x00, 0x00, 0xBF, 0x00, 0x00,
    0xBF, 0x00, 0x00, 0xBF, 0x00, 0x00, 0xBF, 0x00, 0x00, 0xBF, 0x00, 0x00, 0xBF, 0x00, 0x00, 0xBF,
    0x00, 0x00, 0xBF, 0x00, 0x00, 0xBF, 0x00, 0x00, 0xBF, 0x00, 0x00, 0xBF, 0x00, 0x00, 0xBF, 0x00,
    0x00, 0xBF, 0x00, 0x00, 0xBF, 0x00, 0x00, 0xBF, 0x00, 0x00, 0xBF, 0x00, 0x00, 0xBF, 0x00, 0x00,
    0xBF, 0x00, 0x00, 0xBF, 0x00, 0x00, 0xBF, 0x00, 0x00, 0xBF, 0x00, 0x00, 0xBF, 0x00, 0x00, 0xBF,
    0x00, 0x00, 0xBF, 0x00, 0x00, 0xBF, 0x00, 0x00, 0xBF, 0x00, 0x00, 0xBF, 0x00, 0x00, 0xBF, 0x00,
    0x00, 0xBF, 0x00, 0x00, 0xBF, 0x00, 0x00, 0xBF, 0x00, 0x00, 0xBF, 0x00, 0x00, 0xBF, 0x00, 0x00,
    0xBF, 0x00, 0x00, 0xBF, 0x00, 0x00, 0xBF, 0x00, 0x00, 0xBF, 0x00, 0x00, 0xBF, 0x00, 0x00, 0xBF,
    0x00, 0x00, 0xBF, 0x00, 0x00, 0xBF, 0x00, 0x00, 0xBF, 0x00, 0x00, 0xBF, 0x00, 0x00, 0xBF, 0x00,
    0x00, 0xBF, 0x00, 0x00, 0xBF, 0x00, 0x00, 0xBF, 0x00, 0x00, 0xBF, 0x00, 0x00, 0xBF, 0x00, 0x00,
    0xBF, 0x00, 0x00, 0xBF, 0x00, 0x00, 0xBF, 0x00, 0x00, 0xBF, 0x00, 0x00, 0xBF, 0x00, 0x00, 0xBF,
    0x00, 0x00, 0xBF, 0x00, 0x00, 0xBF, 0x00, 0x00, 0xBF, 0x00, 0x00, 0xBF, 0x00, 0x00, 0xBF, 0x00,
    0x00, 0xBF, 0x00, 0x00, 0xBF, 0x00, 0x00, 0xBF, 0x00, 0x00, 0xBF, 0x00, 0x00, 0xBF, 0x00, 0x00,
    0xBF, 0x00, 0x00, 0xBF, 0x00, 0x00, 0xBF, 0x00, 0x00, 0xBF, 0x00, 0x00, 0xBF, 0x00, 0x00, 0xBF,
    0x00, 0x00, 0xBF, 0x00, 0x00, 0xBF, 0x00, 0x00, 0xBF, 0x00, 0x00, 0xBF, 0x00, 0x00, 0xBF, 0x00,
    0x00, 0xBF, 0x00, 0x00, 0xBF, 0x00, 0x00, 0xBF, 0x00, 0x00, 0xBF, 0x00, 0x00, 0xBF, 0x00, 0x00,
    0xBF, 0x00, 0x00, 0xBF, 0x00, 0x00, 0xBF, 0x00, 0x00, 0xBF, 0x3C, 0x97, 0xE9, 0x4E, 0x5F, 0xFF,
    0x41, 0xDB, 0xFF, 0x41, 0x7B, 0xFF, 0x41, 0x7B, 0xFF, 0x41, 0x9B, 0xFF, 0x43, 0x1D, 0xFF, 0x4D,
    0x7F, 0xFF, 0x4E, 0x7F, 0xFF, 0x4E, 0x7F, 0xFF, 0x4E, 0x7F, 0xFF, 0x4E, 0x7F, 0xFF, 0x4E, 0x7F,
    0xFF, 0x4E, 0x7F, 0xFF, 0x4E, 0x7F, 0xFF, 0x4E, 0x7F, 0xFF, 0x4E, 0x7F, 0xFF, 0x4E, 0x7F, 0xFF,
    0x4E, 0x7F, 0xFF, 0x4E, 0x7F, 0xFF, 0x4E, 0x7F, 0xFF, 0x4E, 0x7F, 0xFF, 0x4E, 0x7F, 0xFF, 0x4E,
    0x7F, 0xFF, 0x4E, 0x7F, 0xFF, 0x4E, 0x7F, 0xFF, 0x4E, 0x7F, 0xFF, 0x4E, 0x7F, 0xFF, 0x4E, 0x7F,
    0xFF, 0x4E, 0x7F, 0xFF, 0x4E, 0x5F, 0xFF, 0x45, 0xDD, 0xFF, 0x2C, 0xB7, 0xFF, 0x1B, 0xB3, 0xFF,
    0x0A, 0xF0, 0xFF, 0x02, 0x8E, 0xFF, 0x02, 0x4D, 0xFF, 0x02, 0x2D, 0xFF, 0x02, 0x4D, 0xFF, 0x0A,
    0x8E, 0xFF, 0x13, 0x10, 0xFF, 0x1B, 0xD4, 0xFF, 0x34, 0xD8, 0xFF, 0x4E, 0x3F, 0xFF, 0x4E, 0x7F,
    0xFF, 0x4E, 0x7F, 0xFF, 0x4E, 0x7F, 0xFF, 0x4E, 0x7F, 0xFF, 0x4E, 0x7F, 0xFF, 0x4E, 0x7F, 0xFF,
    0x4E, 0x7F, 0xFF, 0x4E, 0x7F, 0xFF, 0x4E, 0x7F, 0xFF, 0x4E, 0x7F, 0xFF, 0x13, 0x51, 0xFF, 0x02,
    0x2C, 0xFF, 0x02, 0x2C, 0xFF, 0x02, 0x2C, 0xFF, 0x02, 0x2C, 0xFF, 0x02, 0x2C, 0xFF, 0x0A, 0xCF,
    0xFF, 0x35, 0x1A, 0xFF, 0x4E, 0x5F, 0xFF, 0x4E, 0x7F, 0xFF, 0x4E, 0x7F, 0xFF, 0x4E, 0x7F, 0xFF,
    0x4E, 0x7F, 0xFF, 0x4E, 0x7F, 0xFF, 0x4E, 0x7F, 0xFF, 0x4E, 0x7F, 0xFF, 0x4E, 0x7F, 0xFF, 0x4E,
    0x7F, 0xFF, 0x4E, 0x7F, 0xFF, 0x4E, 0x7F, 0xFF, 0x45, 0xBC, 0xFF, 0x1B, 0xB3, 0xFF, 0x02, 0x4D,
    0xFF, 0x02, 0x4D, 0xFF, 0x1B, 0x93, 0xFF, 0x4E, 0x3E, 0xFF, 0x4E, 0x7F, 0xFF, 0x4E, 0x7F, 0xFF,
    0x4E, 0x7F, 0xFF, 0x4E, 0x7F, 0xFF, 0x4E, 0x7F, 0xFF, 0x4E, 0x7F, 0xFF, 0x4E, 0x7F, 0xFF, 0x4E,
    0x7F, 0xFF, 0x4E, 0x7F, 0xFF, 0x4E, 0x7F, 0xFF, 0x4E, 0x7F, 0xFF, 0x4E, 0x7F, 0xFF, 0x4E, 0x7F,
    0xFF, 0x4E, 0x7F, 0xFF, 0x4E, 0x7F, 0xFF, 0x4E, 0x7F, 0xFF, 0x09, 0x46, 0xC9, 0x00, 0x00, 0xBF,
    0x00, 0x00, 0xBF, 0x00, 0x00, 0xBF, 0x00, 0x00, 0xBF, 0x00, 0x00, 0xBF, 0x00, 0x00, 0xBF, 0x00,
    0x00, 0xBF, 0x00, 0x00, 0xBF, 0x00, 0x00, 0xBF, 0x00, 0x00, 0xBF, 0x00, 0x00, 0xBF, 0x00, 0x00,
    0xBF, 0x00, 0x00, 0xBF, 0x00, 0x00, 0xBF, 0x00, 0x00, 0xBF, 0x07, 0x42, 0xF8, 0x07, 0xE2, 0xFF,
    0x07, 0xE2, 0xFF, 0x07, 0xE2, 0xFF, 0x07, 0xE2, 0xFF, 0x07, 0xE2, 0xFF, 0x07, 0xE2, 0xFF, 0x07,
    0xE2, 0xFF, 0x07, 0xE2, 0xFF, 0x07, 0xE2, 0xFF, 0x07, 0xE2, 0xFF, 0x07, 0x42, 0xF8, 0x00, 0x00,
    0xBF, 0x00, 0x00, 0xBF, 0x00, 0x00, 0xBF, 0x00, 0x00, 0xBF, 0x00, 0x00, 0xBF, 0x00, 0x00, 0xBF,
    0x00, 0x00, 0xBF, 0x00, 0x00, 0xBF, 0x00, 0x00, 0xBF, 0x00, 0x00, 0xBF, 0x00, 0x00, 0xBF, 0x00,
    0x00, 0xBF, 0x00, 0x00, 0xBF, 0x00, 0x00, 0xBF, 0x00, 0x00, 0xBF, 0x00, 0x00, 0xBF, 0x00, 0x00,
    0xBF, 0x00, 0x00, 0xBF, 0x00, 0x00, 0xBF, 0x00, 0x00, 0xBF, 0x00, 0x00, 0xBF, 0x00, 0x00, 0xBF,
    0x00, 0x00, 0xBF, 0x00, 0x00, 0xBF, 0x00, 0x00, 0xBF, 0x00, 0x00, 0xBF, 0x00, 0x00, 0xBF, 0x00,
    0x00, 0xBF, 0x00, 0x00, 0xBF, 0x00, 0x00, 0xBF, 0x00, 0x00, 0xBF, 0x00, 0x00, 0xBF, 0x00, 0x00,
    0xBF, 0x00, 0x00, 0xBF, 0x00, 0x00, 0xBF, 0x00, 0x00, 0xBF, 0x00, 0x00, 0xBF, 0x00, 0x00, 0xBF,
    0x00, 0x00, 0xBF, 0x00, 0x00, 0xBF, 0x00, 0x00, 0xBF, 0x00, 0x00, 0xBF, 0x00, 0x00, 0xBF, 0x00,
    0x00, 0xBF, 0x00, 0x00, 0xBF, 0x00, 0x00, 0xBF, 0x00, 0x00, 0xBF, 0x00, 0x00, 0xBF, 0x00, 0x00,
    0xBF, 0x00, 0x00, 0xBF, 0x00, 0x00, 0xBF, 0x00, 0x00, 0xBF, 0x00, 0x00, 0xBF, 0x00, 0x00, 0xBF,
    0x00, 0x00, 0xBF, 0x00, 0x00, 0xBF, 0x00, 0x00, 0xBF, 0x00, 0x00, 0xBF, 0x00, 0x00, 0xBF, 0x00,
    0x00, 0xBF, 0x00, 0x00, 0xBF, 0x00, 0x00, 0xBF, 0x00, 0x00, 0xBF, 0x00, 0x00, 0xBF, 0x00, 0x00,
    0xBF, 0x00, 0x00, 0xBF, 0x00, 0x00, 0xBF, 0x00, 0x00, 0xBF, 0x00, 0x00, 0xBF, 0x00, 0x00, 0xBF,
    0x00, 0x00, 0xBF, 0x00, 0x00, 0xBF, 0x00, 0x00, 0xBF, 0x00, 0x00, 0xBF, 0x00, 0x00, 0xBF, 0x00,
    0x00, 0xBF, 0x00, 0x00, 0xBF, 0x00, 0x00, 0xBF, 0x00, 0x00, 0xBF, 0x00, 0x00, 0xBF, 0x00, 0x00,
    0xBF, 0x00, 0x00, 0xBF, 0x00, 0x00, 0xBF, 0x00, 0x00, 0xBF, 0x00, 0x00, 0xBF, 0x00, 0x00, 0xBF,
    0x00, 0x00, 0xBF, 0x00, 0x00, 0xBF, 0x00, 0x00, 0xBF, 0x00, 0x00, 0xBF, 0x00, 0x00, 0xBF, 0x00,
    0x00, 0xBF, 0x00, 0x00, 0xBF, 0x00, 0x00, 0xBF, 0x00, 0x00, 0xBF, 0x00, 0x00, 0xBF, 0x00, 0x00,
    0xBF, 0x00, 0x00, 0xBF, 0x00, 0x00, 0xBF, 0x00, 0x00, 0xBF, 0x00, 0x00, 0xBF, 0x00, 0x00, 0xBF,
    0x00, 0x00, 0xBF, 0x00, 0x00, 0xBF, 0x00, 0x00, 0xBF, 0x00, 0x00, 0xBF, 0x00, 0x00, 0xBF, 0x00,
    0x00, 0xBF, 0x00, 0x00, 0xBF, 0x00, 0x00, 0xBF, 0x00, 0x00, 0xBF, 0x00, 0x00, 0xBF, 0x00, 0x00,
    0xBF, 0x00, 0x00, 0xBF, 0x00, 0x00, 0xBF, 0x00, 0x00, 0xBF, 0x00, 0x00, 0xBF, 0x00, 0x00, 0xBF,
    0x00, 0x00, 0xBF, 0x00, 0x00, 0xBF, 0x00, 0x00, 0xBF, 0x00, 0x00, 0xBF, 0x00, 0x00, 0xBF, 0x00,
    0x00, 0xBF, 0x00, 0x00, 0xBF, 0x00, 0x00, 0xBF, 0x00, 0x00, 0xBF, 0x00, 0x00, 0xBF, 0x00, 0x00,
    0xBF, 0x00, 0x00, 0xBF, 0x00, 0x00, 0xBF, 0x00, 0x00, 0xBF, 0x00, 0x00, 0xBF, 0x00, 0x00, 0xBF,
    0x00, 0x00, 0xBF, 0x00, 0x00, 0xBF, 0x00, 0x00, 0xBF, 0x00, 0x00, 0xBF, 0x00, 0x00, 0xBF, 0x00,
    0x00, 0xBF, 0x00, 0x00, 0xBF, 0x00, 0x00, 0xBF, 0x00, 0x00, 0xBF, 0x00, 0x00, 0xBF, 0x00, 0x00,
    0xBF, 0x00, 0x00, 0xBF, 0x00, 0x00, 0xBF, 0x00, 0x00, 0xBF, 0x00, 0x00, 0xBF, 0x00, 0x00, 0xBF,
    0x00, 0x00, 0xBF, 0x00, 0x00, 0xBF, 0x00, 0x00, 0xBF, 0x00, 0x00, 0xBF, 0x00, 0x00, 0xBF, 0x00,
    0x00, 0xBF, 0x00, 0x00, 0xBF, 0x00, 0x00, 0xBF, 0x00, 0x00, 0xBF, 0x00, 0x00, 0xBF, 0x00, 0x00,
    0xBF, 0x00, 0x00, 0xBF, 0x00, 0x00, 0xBF, 0x00, 0x00, 0xBF, 0x00, 0x00, 0xBF, 0x00, 0x00, 0xBF,
    0x00, 0x00, 0xBF, 0x00, 0x00, 0xBF, 0x00, 0x00, 0xBF, 0x00, 0x00, 0xBF, 0x00, 0x00, 0xBF, 0x00,
    0x00, 0xBF, 0x00, 0x00, 0xBF, 0x00, 0x00, 0xBF, 0x00, 0x00, 0xBF, 0x00, 0x00, 0xBF, 0x00, 0x00,
    0xBF, 0x00, 0x00, 0xBF, 0x00, 0x00, 0xBF, 0x00, 0x00, 0xBF, 0x00, 0x00, 0xBF, 0x00, 0x00, 0xBF,
    0x00, 0x00, 0xBF, 0x00, 0x00, 0xBF, 0x00, 0x00, 0xBF, 0x00, 0x00, 0xBF, 0x3D, 0x5A, 0xF0, 0x4E,
    0x5F, 0xFF, 0x4B, 0xBD, 0xFF, 0x42, 0xDC, 0xFF, 0x4B, 0xFD, 0xFF, 0x4D, 0xBF, 0xFF, 0x4E, 0x7F,
    0xFF, 0x4E, 0x7F, 0xFF, 0x4E, 0x7F, 0xFF, 0x4E, 0x7F, 0xFF, 0x4E, 0x7F, 0xFF, 0x4E, 0x7F, 0xFF,
    0x4E, 0x7F, 0xFF, 0x4E, 0x7F, 0xFF, 0x4E, 0x7F, 0xFF, 0x4E, 0x7F, 0xFF, 0x4E, 0x7F, 0xFF, 0x4E,
    0x7F, 0xFF, 0x4E, 0x7F, 0xFF, 0x4E, 0x7F, 0xFF, 0x4E, 0x7F, 0xFF, 0x4E, 0x7F, 0xFF, 0x4E, 0x7F,
    0xFF, 0x4E, 0x7F, 0xFF, 0x4E, 0x7F, 0xFF, 0x4E, 0x7F, 0xFF, 0x4E, 0x7F, 0xFF, 0x4E, 0x7F, 0xFF,
    0x4E, 0x5F, 0xFF, 0x34, 0xD8, 0xFF, 0x13, 0x11, 0xFF, 0x02, 0x2C, 0xFF, 0x02, 0x2C, 0xFF, 0x02,
    0x2C, 0xFF, 0x02, 0x2C, 0xFF, 0x02, 0x2C, 0xFF, 0x02, 0x2C, 0xFF, 0x02, 0x2C, 0xFF, 0x02, 0x2C,
    0xFF, 0x02, 0x2C, 0xFF, 0x02, 0x2C, 0xFF, 0x02, 0x2C, 0xFF, 0x02, 0x2C, 0xFF, 0x0A, 0xF0, 0xFF,
    0x4E, 0x3E, 0xFF, 0x4E, 0x7F, 0xFF, 0x4E, 0x7F, 0xFF, 0x4E, 0x7F, 0xFF, 0x4E, 0x7F, 0xFF, 0x4E,
    0x7F, 0xFF, 0x4E, 0x7F, 0xFF, 0x4E, 0x7F, 0xFF, 0x4E, 0x7F, 0xFF, 0x4E, 0x7F, 0xFF, 0x35, 0x1A,
    0xFF, 0x02, 0x2D, 0xFF, 0x02, 0x2C, 0xFF, 0x02, 0x2C, 0xFF, 0x02, 0x2C, 0xFF, 0x24, 0x15, 0xFF,
    0x4E, 0x3F, 0xFF, 0x4E, 0x7F, 0xFF, 0x4E, 0x7F, 0xFF, 0x4E, 0x7F, 0xFF, 0x4E, 0x7F, 0xFF, 0x4E,
    0x7F, 0xFF, 0x4E, 0x7F, 0xFF, 0x4E, 0x7F, 0xFF, 0x4E, 0x7F, 0xFF, 0x4E, 0x7F, 0xFF, 0x4E, 0x7F,
    0xFF, 0x4E, 0x7F, 0xFF, 0x4E, 0x7F, 0xFF, 0x4E, 0x7F, 0xFF, 0x4E, 0x7F, 0xFF, 0x4E, 0x7F, 0xFF,
    0x4E, 0x3E, 0xFF, 0x4E, 0x1E, 0xFF, 0x4E, 0x7F, 0xFF, 0x4E, 0x7F, 0xFF, 0x4E, 0x7F, 0xFF, 0x4E,
    0x7F, 0xFF, 0x4E, 0x7F, 0xFF, 0x4E, 0x7F, 0xFF, 0x4E, 0x7F, 0xFF, 0x4E, 0x7F, 0xFF, 0x4E, 0x7F,
    0xFF, 0x4E, 0x7F, 0xFF, 0x4E, 0x7F, 0xFF, 0x4E, 0x7F, 0xFF, 0x4E, 0x7F, 0xFF, 0x4E, 0x7F, 0xFF,
    0x4E, 0x7F, 0xFF, 0x4E, 0x7F, 0xFF, 0x4E, 0x7F, 0xFF, 0x4E, 0x7F, 0xFF, 0x1A, 0x2A, 0xD1, 0x00,
    0x00, 0xBF, 0x00, 0x00, 0xBF, 0x00, 0x00, 0xBF, 0x00, 0x00, 0xBF, 0x00, 0x00, 0xBF, 0x00, 0x00,
    0xBF, 0x00, 0x00, 0xBF, 0x00, 0x00, 0xBF, 0x00, 0x00, 0xBF, 0x00, 0x00, 0xBF, 0x00, 0x00, 0xBF,
    0x00, 0x00, 0xBF, 0x00, 0x00, 0xBF, 0x00, 0x00, 0xBF, 0x00, 0x00, 0xBF, 0x07, 0x42, 0xF8, 0x07,
    0xE2, 0xFF, 0x07, 0xE2, 0xFF, 0x07, 0xE2, 0xFF, 0x07, 0xE2, 0xFF, 0x07, 0xE2, 0xFF, 0x07, 0xE2,
    0xFF, 0x07, 0xE2, 0xFF, 0x07, 0xE2, 0xFF, 0x07, 0xE2, 0xFF, 0x07, 0xE2, 0xFF, 0x07, 0x42, 0xF8,
    0x00, 0x00, 0xBF, 0x00, 0x00, 0xBF, 0x00, 0x00, 0xBF, 0x00, 0x00, 0xBF, 0x00, 0x00, 0xBF, 0x00,
    0x00, 0xBF, 0x00, 0x00, 0xBF, 0x00, 0x00, 0xBF, 0x00, 0x00, 0xBF, 0x00, 0x00, 0xBF, 0x00, 0x00,
    0xBF, 0x00, 0x00, 0xBF, 0x00, 0x00, 0xBF, 0x00, 0x00, 0xBF, 0x00, 0x00, 0xBF, 0x00, 0x00, 0xBF,
    0x00, 0x00, 0xBF, 0x00, 0x00, 0xBF, 0x00, 0x00, 0xBF, 0x00, 0x00, 0xBF, 0x00, 0x00, 0xBF, 0x00,
    0x00, 0xBF, 0x00, 0x00, 0xBF, 0x00, 0x00, 0xBF, 0x00, 0x00, 0xBF, 0x00, 0x00, 0xBF, 0x00, 0x00,
    0xBF, 0x00, 0x00, 0xBF, 0x00, 0x00, 0xBF, 0x00, 0x00, 0xBF, 0x00, 0x00, 0xBF, 0x00, 0x00, 0xBF,
    0x00, 0x00, 0xBF, 0x00, 0x00, 0xBF, 0x00, 0x00, 0xBF, 0x00, 0x00, 0xBF, 0x00, 0x00, 0xBF, 0x00,
    0x00, 0xBF, 0x00, 0x00, 0xBF, 0x00, 0x00, 0xBF, 0x00, 0x00, 0xBF, 0x00, 0x00, 0xBF, 0x00, 0x00,
    0xBF, 0x00, 0x00, 0xBF, 0x00, 0x00, 0xBF, 0x00, 0x00, 0xBF, 0x00, 0x00, 0xBF, 0x00, 0x00, 0xBF,
    0x00, 0x00, 0xBF, 0x00, 0x00, 0xBF, 0x00, 0x00, 0xBF, 0x00, 0x00, 0xBF, 0x00, 0x00, 0xBF, 0x00,
    0x00, 0xBF, 0x00, 0x00, 0xBF, 0x00, 0x00, 0xBF, 0x00, 0x00, 0xBF, 0x00, 0x00, 0xBF, 0x00, 0x00,
    0xBF, 0x00, 0x00, 0xBF, 0x00, 0x00, 0xBF, 0x00, 0x00, 0xBF, 0x00, 0x00, 0xBF, 0x00, 0x00, 0xBF,
    0x00, 0x00, 0xBF, 0x00, 0x00, 0xBF, 0x00, 0x00, 0xBF, 0x00, 0x00, 0xBF, 0x00, 0x00, 0xBF, 0x00,
    0x00, 0xBF, 0x00, 0x00, 0xBF, 0x00, 0x00, 0xBF, 0x00, 0x00, 0xBF, 0x00, 0x00, 0xBF, 0x00, 0x00,
    0xBF, 0x00, 0x00, 0xBF, 0x00, 0x00, 0xBF, 0x00, 0x00, 0xBF, 0x00, 0x00, 0xBF, 0x00, 0x00, 0xBF,
    0x00, 0x00, 0xBF, 0x00, 0x00, 0xBF, 0x00, 0x00, 0xBF, 0x00, 0x00, 0xBF, 0x00, 0x00, 0xBF, 0x00,
    0x00, 0xBF, 0x00, 0x00, 0xBF, 0x00, 0x00, 0xBF, 0x00, 0x00, 0xBF, 0x00, 0x00, 0xBF, 0x00, 0x00,
    0xBF, 0x00, 0x00, 0xBF, 0x00, 0x00, 0xBF, 0x00, 0x00, 0xBF, 0x00, 0x00, 0xBF, 0x00, 0x00, 0xBF,
    0x00, 0x00, 0xBF, 0x00, 0x00, 0xBF, 0x00, 0x00, 0xBF, 0x00, 0x00, 0xBF, 0x00, 0x00, 0xBF, 0x00,
    0x00, 0xBF, 0x00, 0x00, 0xBF, 0x00, 0x00, 0xBF, 0x00, 0x00, 0xBF, 0x00, 0x00, 0xBF, 0x00, 0x00,
    0xBF, 0x00, 0x00, 0xBF, 0x00, 0x00, 0xBF, 0x00, 0x00, 0xBF, 0x00, 0x00, 0xBF, 0x00, 0x00, 0xBF,
    0x00, 0x00, 0xBF, 0x00, 0x00, 0xBF, 0x00, 0x00, 0xBF, 0x00, 0x00, 0xBF, 0x00, 0x00, 0xBF, 0x00,
    0x00, 0xBF, 0x00, 0x00, 0xBF, 0x00, 0x00, 0xBF, 0x00, 0x00, 0xBF, 0x00, 0x00, 0xBF, 0x00, 0x00,
    0xBF, 0x00, 0x00, 0xBF, 0x00, 0x00, 0xBF, 0x00, 0x00, 0xBF, 0x00, 0x00, 0xBF, 0x00, 0x00, 0xBF,
    0x00, 0x00, 0xBF, 0x00, 0x00, 0xBF, 0x00, 0x00, 0xBF, 0x00, 0x00, 0xBF, 0x00, 0x00, 0xBF, 0x00,
    0x00, 0xBF, 0x00, 0x00, 0xBF, 0x00, 0x00, 0xBF, 0x00, 0x00, 0xBF, 0x00, 0x00, 0xBF, 0x00, 0x00,
    0xBF, 0x00, 0x00, 0xBF, 0x00, 0x00, 0xBF, 0x00, 0x00, 0xBF, 0x00, 0x00, 0xBF, 0x00, 0x00, 0xBF,
    0x00, 0x00, 0xBF, 0x00, 0x00, 0xBF, 0x00, 0x00, 0xBF, 0x00, 0x00, 0xBF, 0x00, 0x00, 0xBF, 0x00,
    0x00, 0xBF, 0x00, 0x00, 0xBF, 0x00, 0x00, 0xBF, 0x00, 0x00, 0xBF, 0x00, 0x00, 0xBF, 0x00, 0x00,
    0xBF, 0x00, 0x00, 0xBF, 0x00, 0x00, 0xBF, 0x00, 0x00, 0xBF, 0x00, 0x00, 0xBF, 0x00, 0x00, 0xBF,
    0x00, 0x00, 0xBF, 0x00, 0x00, 0xBF, 0x00, 0x00, 0xBF, 0x00, 0x00, 0xBF, 0x00, 0x00, 0xBF, 0x00,
    0x00, 0xBF, 0x00, 0x00, 0xBF, 0x00, 0x00, 0xBF, 0x00, 0x00, 0xBF, 0x00, 0x00, 0xBF, 0x00, 0x00,
    0xBF, 0x00, 0x00, 0xBF, 0x00, 0x00, 0xBF, 0x00, 0x00, 0xBF, 0x00, 0x00, 0xBF, 0x00, 0x00, 0xBF,
    0x00, 0x00, 0xBF, 0x00, 0x00, 0xBF, 0x00, 0x00, 0xBF, 0x00, 0x00, 0xBF, 0x00, 0x00, 0xBF, 0x00,
    0x00, 0xBF, 0x00, 0x00, 0xBF, 0x00, 0x00, 0xBF, 0x00, 0x00, 0xBF, 0x00, 0x00, 0xBF, 0x45, 0xBC,
    0xF6, 0x4E, 0x7F, 0xFF, 0x4E, 0x7F, 0xFF, 0x4E, 0x7F, 0xFF, 0x4E, 0x7F, 0xFF, 0x4E, 0x7F, 0xFF,
    0x4E, 0x7F, 0xFF, 0x4E, 0x7F, 0xFF, 0x4E, 0x7F, 0xFF, 0x4E, 0x7F, 0xFF, 0x4E, 0x7F, 0xFF, 0x4E,
    0x7F, 0xFF, 0x4E, 0x7F, 0xFF, 0x4E, 0x7F, 0xFF, 0x4E, 0x7F, 0xFF, 0x4E, 0x7F, 0xFF, 0x4E, 0x7F,
    0xFF, 0x4E, 0x7F, 0xFF, 0x4E, 0x7F, 0xFF, 0x4E, 0x7F, 0xFF, 0x4E, 0x7F, 0xFF, 0x4E, 0x7F, 0xFF,
    0x4E, 0x7F, 0xFF, 0x4E, 0x7F, 0xFF, 0x4E, 0x7F, 0xFF, 0x4E, 0x7F, 0xFF, 0x4E, 0x5F, 0xFF, 0x34,
    0xF9, 0xFF, 0x0A, 0xAF, 0xFF, 0x02, 0x2C, 0xFF, 0x02, 0x2C, 0xFF, 0x02, 0x2C, 0xFF, 0x02, 0x2C,
    0xFF, 0x02, 0x2C, 0xFF, 0x02, 0x2C, 0xFF, 0x02, 0x2C, 0xFF, 0x02, 0x2C, 0xFF, 0x02, 0x2C, 0xFF,
    0x02, 0x2C, 0xFF, 0x02, 0x2C, 0xFF, 0x02, 0x2C, 0xFF, 0x02, 0x2C, 0xFF, 0x02, 0x2C, 0xFF, 0x02,
    0x2C, 0xFF, 0x2C, 0x77, 0xFF, 0x4E, 0x7F, 0xFF, 0x4E, 0x7F, 0xFF, 0x4E, 0x7F, 0xFF, 0x4E, 0x7F,
    0xFF, 0x4E, 0x7F, 0xFF, 0x4E, 0x7F, 0xFF, 0x4E, 0x7F, 0xFF, 0x4E, 0x7F, 0xFF, 0x4E, 0x7F, 0xFF,
    0x4E, 0x7F, 0xFF, 0x35, 0x3A, 0xFF, 0x1B, 0x93, 0xFF, 0x1B, 0x93, 0xFF, 0x35, 0x3A, 0xFF, 0x4E,
    0x7F, 0xFF, 0x4E, 0x7F, 0xFF, 0x4E, 0x7F, 0xFF, 0x4E, 0x7F, 0xFF, 0x4E, 0x7F, 0xFF, 0x4E, 0x7F,
    0xFF, 0x4E, 0x7F, 0xFF, 0x4E, 0x7F, 0xFF, 0x4E, 0x7F, 0xFF, 0x4E, 0x7F, 0xFF, 0x4E, 0x7F, 0xFF,
    0x4E, 0x7F, 0xFF, 0x4E, 0x7F, 0xFF, 0x4E, 0x7F, 0xFF, 0x4E, 0x7F, 0xFF, 0x4E, 0x7F, 0xFF, 0x4E,
    0x7F, 0xFF, 0x4E, 0x7F, 0xFF, 0x4E, 0x7F, 0xFF, 0x4E, 0x7F, 0xFF, 0x4E, 0x7F, 0xFF, 0x4E, 0x7F,
    0xFF, 0x4E, 0x7F, 0xFF, 0x4E, 0x7F, 0xFF, 0x4E, 0x7F, 0xFF, 0x4E, 0x7F, 0xFF, 0x4E, 0x7F, 0xFF,
    0x4E, 0x7F, 0xFF, 0x4E, 0x7F, 0xFF, 0x4E, 0x7F, 0xFF, 0x4E, 0x7F, 0xFF, 0x4E, 0x7F, 0xFF, 0x4E,
    0x7F, 0xFF, 0x4E, 0x7F, 0xFF, 0x4E, 0x7F, 0xFF, 0x4E, 0x7F, 0xFF, 0x4E, 0x7F, 0xFF, 0x22, 0xCD,
    0xD7, 0x00, 0x00, 0xBF, 0x00, 0x00, 0xBF, 0x00, 0x00, 0xBF, 0x00, 0x00, 0xBF, 0x00, 0x00, 0xBF,
    0x00, 0x00, 0xBF, 0x00, 0x00, 0xBF, 0x00, 0x00, 0xBF, 0x00, 0x00, 0xBF, 0x00, 0x00, 0xBF, 0x00,
    0x00, 0xBF, 0x00, 0x00, 0xBF, 0x00, 0x00, 0xBF, 0x00, 0x00, 0xBF, 0x00, 0x00, 0xBF, 0x07, 0x42,
    0xF8, 0x07, 0xE2, 0xFF, 0x07, 0xE2, 0xFF, 0x07, 0xE2, 0xFF, 0x07, 0xE2, 0xFF, 0x07, 0xE2, 0xFF,
    0x07, 0xE2, 0xFF, 0x07, 0xE2, 0xFF, 0x07, 0xE2, 0xFF, 0x07, 0xE2, 0xFF, 0x07, 0xE2, 0xFF, 0x07,
    0x42, 0xF8, 0x00, 0x00, 0xBF, 0x00, 0x00, 0xBF, 0x00, 0x00, 0xBF, 0x00, 0x00, 0xBF, 0x00, 0x00,
    0xBF, 0x00, 0x00, 0xBF, 0x00, 0x00, 0xBF, 0x00, 0x00, 0xBF, 0x00, 0x00, 0xBF, 0x00, 0x00, 0xBF,
    0x00, 0x00, 0xBF, 0x00, 0x00, 0xBF, 0x00, 0x00, 0xBF, 0x00, 0x00, 0xBF, 0x00, 0x00, 0xBF, 0x00,
    0x00, 0xBF, 0x00, 0x00, 0xBF, 0x00, 0x00, 0xBF, 0x00, 0x00, 0xBF, 0x00, 0x00, 0xBF, 0x00, 0x00,
    0xBF, 0x00, 0x00, 0xBF, 0x00, 0x00, 0xBF, 0x00, 0x00, 0xBF, 0x00, 0x00, 0xBF, 0x00, 0x00, 0xBF,
    0x00, 0x00, 0xBF, 0x00, 0x00, 0xBF, 0x00, 0x00, 0xBF, 0x00, 0x00, 0xBF, 0x00, 0x00, 0xBF, 0x00,
    0x00, 0xBF, 0x00, 0x00, 0xBF, 0x00, 0x00, 0xBF, 0x00, 0x00, 0xBF, 0x00, 0x00, 0xBF, 0x00, 0x00,
    0xBF, 0x00, 0x00, 0xBF, 0x00, 0x00, 0xBF, 0x00, 0x00, 0xBF, 0x00, 0x00, 0xBF, 0x00, 0x00, 0xBF,
    0x00, 0x00, 0xBF, 0x00, 0x00, 0xBF, 0x00, 0x00, 0xBF, 0x00, 0x00, 0xBF, 0x00, 0x00, 0xBF, 0x00,
    0x00, 0xBF, 0x00, 0x00, 0xBF, 0x00, 0x00, 0xBF, 0x00, 0x00, 0xBF, 0x00, 0x00, 0xBF, 0x00, 0x00,
    0xBF, 0x00, 0x00, 0xBF, 0x00, 0x00, 0xBF, 0x00, 0x00, 0xBF, 0x00, 0x00, 0xBF, 0x00, 0x00, 0xBF,
    0x00, 0x00, 0xBF, 0x00, 0x00, 0xBF, 0x00, 0x00, 0xBF, 0x00, 0x00, 0xBF, 0x00, 0x00, 0xBF, 0x00,
    0x00, 0xBF, 0x00, 0x00, 0xBF, 0x00, 0x00, 0xBF, 0x00, 0x00, 0xBF, 0x00, 0x00, 0xBF, 0x00, 0x00,
    0xBF, 0x00, 0x00, 0xBF, 0x00, 0x00, 0xBF, 0x00, 0x00, 0xBF, 0x00, 0x00, 0xBF, 0x00, 0x00, 0xBF,
    0x00, 0x00, 0xBF, 0x00, 0x00, 0xBF, 0x00, 0x00, 0xBF, 0x00, 0x00, 0xBF, 0x00, 0x00, 0xBF, 0x00,
    0x00, 0xBF, 0x00, 0x00, 0xBF, 0x00, 0x00, 0xBF, 0x00, 0x00, 0xBF, 0x00, 0x00, 0xBF, 0x00, 0x00,
    0xBF, 0x00, 0x00, 0xBF, 0x00, 0x00, 0xBF, 0x00, 0x00, 0xBF, 0x00, 0x00, 0xBF, 0x00, 0x00, 0xBF,
    0x00, 0x00, 0xBF, 0x00, 0x00, 0xBF, 0x00, 0x00, 0xBF, 0x00, 0x00, 0xBF, 0x00, 0x00, 0xBF, 0x00,
    0x00, 0xBF, 0x00, 0x00, 0xBF, 0x00, 0x00, 0xBF, 0x00, 0x00, 0xBF, 0x00, 0x00, 0xBF, 0x00, 0x00,
    0xBF, 0x00, 0x00, 0xBF, 0x00, 0x00, 0xBF, 0x00, 0x00, 0xBF, 0x00, 0x00, 0xBF, 0x00, 0x00, 0xBF,
    0x00, 0x00, 0xBF, 0x00, 0x00, 0xBF, 0x00, 0x00, 0xBF, 0x00, 0x00, 0xBF, 0x00, 0x00, 0xBF, 0x00,
    0x00, 0xBF, 0x00, 0x00, 0xBF, 0x00, 0x00, 0xBF, 0x00, 0x00, 0xBF, 0x00, 0x00, 0xBF, 0x00, 0x00,
    0xBF, 0x00, 0x00, 0xBF, 0x00, 0x00, 0xBF, 0x00, 0x00, 0xBF, 0x00, 0x00, 0xBF, 0x00, 0x00, 0xBF,
    0x00, 0x00, 0xBF, 0x00, 0x00, 0xBF, 0x00, 0x00, 0xBF, 0x00, 0x00, 0xBF, 0x00, 0x00, 0xBF, 0x00,
    0x00, 0xBF, 0x00, 0x00, 0xBF, 0x00, 0x00, 0xBF, 0x00, 0x00, 0xBF, 0x00, 0x00, 0xBF, 0x00, 0x00,
    0xBF, 0x00, 0x00, 0xBF, 0x00, 0x00, 0xBF, 0x00, 0x00, 0xBF, 0x00, 0x00, 0xBF, 0x00, 0x00, 0xBF,
    0x00, 0x00, 0xBF, 0x00, 0x00, 0xBF, 0x00, 0x00, 0xBF, 0x00, 0x00, 0xBF, 0x00, 0x00, 0xBF, 0x00,
    0x00, 0xBF, 0x00, 0x00, 0xBF, 0x00, 0x00, 0xBF, 0x00, 0x00, 0xBF, 0x00, 0x00, 0xBF, 0x00, 0x00,
    0xBF, 0x00, 0x00, 0xBF, 0x00, 0x00, 0xBF, 0x00, 0x00, 0xBF, 0x00, 0x00, 0xBF, 0x00, 0x00, 0xBF,
    0x00, 0x00, 0xBF, 0x00, 0x00, 0xBF, 0x00, 0x00, 0xBF, 0x00, 0x00, 0xBF, 0x00, 0x00, 0xBF, 0x00,
    0x00, 0xBF, 0x00, 0x00, 0xBF, 0x00, 0x00, 0xBF, 0x00, 0x00, 0xBF, 0x00, 0x00, 0xBF, 0x00, 0x00,
    0xBF, 0x00, 0x00, 0xBF, 0x00, 0x00, 0xBF, 0x00, 0x00, 0xBF, 0x00, 0x00, 0xBF, 0x00, 0x00, 0xBF,
    0x00, 0x00, 0xBF, 0x00, 0x00, 0xBF, 0x00, 0x00, 0xBF, 0x00, 0x00, 0xBF, 0x00, 0x00, 0xBF, 0x00,
    0x00, 0xBF, 0x00, 0x00, 0xBF, 0x00, 0x00, 0xBF, 0x00, 0x00, 0xBF, 0x00, 0x00, 0xBF, 0x00, 0x00,
    0xBF, 0x00, 0x00, 0xBF, 0x00, 0x00, 0xBF, 0x00, 0x00, 0xBF, 0x00, 0x00, 0xBF, 0x00, 0x20, 0xC0,
    0x4E, 0x1E, 0xFA, 0x4E, 0x7F, 0xFF, 0x4E, 0x7F, 0xFF, 0x4E, 0x7F, 0xFF, 0x4E, 0x7F, 0xFF, 0x4E,
    0x7F, 0xFF, 0x4E, 0x7F, 0xFF, 0x4E, 0x7F, 0xFF, 0x4E, 0x7F, 0xFF, 0x4E, 0x7F, 0xFF, 0x4E, 0x7F,
    0xFF, 0x4E, 0x7F, 0xFF, 0x4E, 0x7F, 0xFF, 0x4E, 0x7F, 0xFF, 0x4E, 0x7F, 0xFF, 0x4E, 0x7F, 0xFF,
    0x4E, 0x7F, 0xFF, 0x4E, 0x7F, 0xFF, 0x4E, 0x7F, 0xFF, 0x4E, 0x7F, 0xFF, 0x4E, 0x7F, 0xFF, 0x4E,
    0x7F, 0xFF, 0x4E, 0x7F, 0xFF, 0x4E, 0x7F, 0xFF, 0x4E, 0x7F, 0xFF, 0x45, 0xDD, 0xFF, 0x13, 0x51,
    0xFF, 0x02, 0x2C, 0xFF, 0x02, 0x2C, 0xFF, 0x02, 0x2C, 0xFF, 0x02, 0x2C, 0xFF, 0x02, 0x2C, 0xFF,
    0x02, 0x2C, 0xFF, 0x02, 0x2C, 0xFF, 0x02, 0x2C, 0xFF, 0x02, 0x2C, 0xFF, 0x02, 0x2C, 0xFF, 0x02,
    0x2C, 0xFF, 0x02, 0x2C, 0xFF, 0x02, 0x2C, 0xFF, 0x02, 0x2C, 0xFF, 0x02, 0x2C, 0xFF, 0x02, 0x2C,
    0xFF, 0x02, 0x2C, 0xFF, 0x23, 0xF4, 0xFF, 0x4E, 0x7F, 0xFF, 0x4E, 0x7F, 0xFF, 0x4E, 0x7F, 0xFF,
    0x4E, 0x7F, 0xFF, 0x4E, 0x7F, 0xFF, 0x4E, 0x7F, 0xFF, 0x4E, 0x7F, 0xFF, 0x4E, 0x7F, 0xFF, 0x4E,
    0x7F, 0xFF, 0x4E, 0x7F, 0xFF, 0x4E, 0x7F, 0xFF, 0x4E, 0x7F, 0xFF, 0x4E, 0x7F, 0xFF, 0x4E, 0x7F,
    0xFF, 0x4E, 0x7F, 0xFF, 0x4E, 0x7F, 0xFF, 0x4E, 0x7F, 0xFF, 0x4E, 0x7F, 0xFF, 0x4E, 0x7F, 0xFF,
    0x4E, 0x7F, 0xFF, 0x4E, 0x7F, 0xFF, 0x4E, 0x7F, 0xFF, 0x4E, 0x7F, 0xFF, 0x4E, 0x7F, 0xFF, 0x4E,
    0x7F, 0xFF, 0x4E, 0x7F, 0xFF, 0x4E, 0x7F, 0xFF, 0x4E, 0x7F, 0xFF, 0x4E, 0x7F, 0xFF, 0x4E, 0x7F,
    0xFF, 0x4E, 0x7F, 0xFF, 0x4E, 0x7F, 0xFF, 0x4E, 0x7F, 0xFF, 0x4E, 0x7F, 0xFF, 0x4E, 0x7F, 0xFF,
    0x4E, 0x7F, 0xFF, 0x4E, 0x7F, 0xFF, 0x4E, 0x7F, 0xFF, 0x4E, 0x7F, 0xFF, 0x4E, 0x7F, 0xFF, 0x4E,
    0x7F, 0xFF, 0x4E, 0x7F, 0xFF, 0x4E, 0x7F, 0xFF, 0x4E, 0x7F, 0xFF, 0x4E, 0x7F, 0xFF, 0x4E, 0x7F,
    0xFF, 0x4E, 0x7F, 0xFF, 0x4E, 0x7F, 0xFF, 0x4E, 0x7F, 0xFF, 0x4E, 0x7F, 0xFF, 0x4E, 0x7F, 0xFF,
    0x2B, 0x50, 0xDB, 0x00, 0x00, 0xBF, 0x00, 0x00, 0xBF, 0x00, 0x00, 0xBF, 0x00, 0x00, 0xBF, 0x00,
    0x00, 0xBF, 0x00, 0x00, 0xBF, 0x00, 0x00, 0xBF, 0x00, 0x00, 0xBF, 0x00, 0x00, 0xBF, 0x00, 0x00,
    0xBF, 0x00, 0x00, 0xBF, 0x00, 0x00, 0xBF, 0x00, 0x00, 0xBF, 0x00, 0x00, 0xBF, 0x00, 0x00, 0xBF,
    0x07, 0x42, 0xF8, 0x07, 0xE2, 0xFF, 0x07, 0xE2, 0xFF, 0x07, 0xE2, 0xFF, 0x07, 0xE2, 0xFF, 0x07,
    0xE2, 0xFF, 0x07, 0xE2, 0xFF, 0x07, 0xE2, 0xFF, 0x07, 0xE2, 0xFF, 0x07, 0xE2, 0xFF, 0x07, 0xE2,
    0xFF, 0x07, 0x42, 0xF8, 0x00, 0x00, 0xBF, 0x00, 0x00, 0xBF, 0x00, 0x00, 0xBF, 0x00, 0x00, 0xBF,
    0x00, 0x00, 0xBF, 0x00, 0x00, 0xBF, 0x00, 0x00, 0xBF, 0x00, 0x00, 0xBF, 0x00, 0x00, 0xBF, 0x00,
    0x00, 0xBF, 0x00, 0x00, 0xBF, 0x00, 0x00, 0xBF, 0x00, 0x00, 0xBF, 0x00, 0x00, 0xBF, 0x00, 0x00,
    0xBF, 0x00, 0x00, 0xBF, 0x00, 0x00, 0xBF, 0x00, 0x00, 0xBF, 0x00, 0x00, 0xBF, 0x00, 0x00, 0xBF,
    0x00, 0x00, 0xBF, 0x00, 0x00, 0xBF, 0x00, 0x00, 0xBF, 0x00, 0x00, 0xBF, 0x00, 0x00, 0xBF, 0x00,
    0x00, 0xBF, 0x00, 0x00, 0xBF, 0x00, 0x00, 0xBF, 0x00, 0x00, 0xBF, 0x00, 0x00, 0xBF, 0x00, 0x00,
    0xBF, 0x00, 0x00, 0xBF, 0x00, 0x00, 0xBF, 0x00, 0x00, 0xBF, 0x00, 0x00, 0xBF, 0x00, 0x00, 0xBF,
    0x00, 0x00, 0xBF, 0x00, 0x00, 0xBF, 0x00, 0x00, 0xBF, 0x00, 0x00, 0xBF, 0x00, 0x00, 0xBF, 0x00,
    0x00, 0xBF, 0x00, 0x00, 0xBF, 0x00, 0x00, 0xBF, 0x00, 0x00, 0xBF, 0x00, 0x00, 0xBF, 0x00, 0x00,
    0xBF, 0x00, 0x00, 0xBF, 0x00, 0x00, 0xBF, 0x00, 0x00, 0xBF, 0x00, 0x00, 0xBF, 0x00, 0x00, 0xBF,
    0x00, 0x00, 0xBF, 0x00, 0x00, 0xBF, 0x00, 0x00, 0xBF, 0x00, 0x00, 0xBF, 0x00, 0x00, 0xBF, 0x00,
    0x00, 0xBF, 0x00, 0x00, 0xBF, 0x00, 0x00, 0xBF, 0x00, 0x00, 0xBF, 0x00, 0x00, 0xBF, 0x00, 0x00,
    0xBF, 0x00, 0x00, 0xBF, 0x00, 0x00, 0xBF, 0x00, 0x00, 0xBF, 0x00, 0x00, 0xBF, 0x00, 0x00, 0xBF,
    0x00, 0x00, 0xBF, 0x00, 0x00, 0xBF, 0x00, 0x00, 0xBF, 0x00, 0x00, 0xBF, 0x00, 0x00, 0xBF, 0x00,
    0x00, 0xBF, 0x00, 0x00, 0xBF, 0x00, 0x00, 0xBF, 0x00, 0x00, 0xBF, 0x00, 0x00, 0xBF, 0x00, 0x00,
    0xBF, 0x00, 0x00, 0xBF, 0x00, 0x00, 0xBF, 0x00, 0x00, 0xBF, 0x00, 0x00, 0xBF, 0x00, 0x00, 0xBF,
    0x00, 0x00, 0xBF, 0x00, 0x00, 0xBF, 0x00, 0x00, 0xBF, 0x00, 0x00, 0xBF, 0x00, 0x00, 0xBF, 0x00,
    0x00, 0xBF, 0x00, 0x00, 0xBF, 0x00, 0x00, 0xBF, 0x00, 0x00, 0xBF, 0x00, 0x00, 0xBF, 0x00, 0x00,
    0xBF, 0x00, 0x00, 0xBF, 0x00, 0x00, 0xBF, 0x00, 0x00, 0xBF, 0x00, 0x00, 0xBF, 0x00, 0x00, 0xBF,
    0x00, 0x00, 0xBF, 0x00, 0x00, 0xBF, 0x00, 0x00, 0xBF, 0x00, 0x00, 0xBF, 0x00, 0x00, 0xBF, 0x00,
    0x00, 0xBF, 0x00, 0x00, 0xBF, 0x00, 0x00, 0xBF, 0x00, 0x00, 0xBF, 0x00, 0x00, 0xBF, 0x00, 0x00,
    0xBF, 0x00, 0x00, 0xBF, 0x00, 0x00, 0xBF, 0x00, 0x00, 0xBF, 0x00, 0x00, 0xBF, 0x00, 0x00, 0xBF,
    0x00, 0x00, 0xBF, 0x00, 0x00, 0xBF, 0x00, 0x00, 0xBF, 0x00, 0x00, 0xBF, 0x00, 0x00, 0xBF, 0x00,
    0x00, 0xBF, 0x00, 0x00, 0xBF, 0x00, 0x00, 0xBF, 0x00, 0x00, 0xBF, 0x00, 0x00, 0xBF, 0x00, 0x00,
    0xBF, 0x00, 0x00, 0xBF, 0x00, 0x00, 0xBF, 0x00, 0x00, 0xBF, 0x00, 0x00, 0xBF, 0x00, 0x00, 0xBF,
    0x00, 0x00, 0xBF, 0x00, 0x00, 0xBF, 0x00, 0x00, 0xBF, 0x00, 0x00, 0xBF, 0x00, 0x00, 0xBF, 0x00,
    0x00, 0xBF, 0x00, 0x00, 0xBF, 0x00, 0x00, 0xBF, 0x00, 0x00, 0xBF, 0x00, 0x00, 0xBF, 0x00, 0x00,
    0xBF, 0x00, 0x00, 0xBF, 0x00, 0x00, 0xBF, 0x00, 0x00, 0xBF, 0x00, 0x00, 0xBF, 0x00, 0x00, 0xBF,
    0x00, 0x00, 0xBF, 0x00, 0x00, 0xBF, 0x00, 0x00, 0xBF, 0x00, 0x00, 0xBF, 0x00, 0x00, 0xBF, 0x00,
    0x00, 0xBF, 0x00, 0x00, 0xBF, 0x00, 0x00, 0xBF, 0x00, 0x00, 0xBF, 0x00, 0x00, 0xBF, 0x00, 0x00,
    0xBF, 0x00, 0x00, 0xBF, 0x00, 0x00, 0xBF, 0x00, 0x00, 0xBF, 0x00, 0x00, 0xBF, 0x00, 0x00, 0xBF,
    0x00, 0x00, 0xBF, 0x00, 0x00, 0xBF, 0x00, 0x00, 0xBF, 0x00, 0x00, 0xBF, 0x00, 0x00, 0xBF, 0x00,
    0x00, 0xBF, 0x00, 0x00, 0xBF, 0x00, 0x00, 0xBF, 0x00, 0x00, 0xBF, 0x00, 0x00, 0xBF, 0x00, 0x00,
    0xBF, 0x00, 0x00, 0xBF, 0x00, 0x00, 0xBF, 0x00, 0x00, 0xBF, 0x00, 0x00, 0xBF, 0x00, 0x00, 0xBF,
    0x00, 0x00, 0xBF, 0x00, 0x00, 0xBF, 0x00, 0x00, 0xBF, 0x00, 0x00, 0xBF, 0x00, 0x00, 0xBF, 0x00,
    0x41, 0xC1, 0x4E, 0x3F, 0xFC, 0x4E, 0x7F, 0xFF, 0x4E, 0x7F, 0xFF, 0x4E, 0x7F, 0xFF, 0x4E, 0x7F,
    0xFF, 0x4E, 0x7F, 0xFF, 0x4E, 0x7F, 0xFF, 0x4E, 0x7F, 0xFF, 0x4E, 0x7F, 0xFF, 0x4E, 0x7F, 0xFF,
    0x4E, 0x7F, 0xFF, 0x4E, 0x7F, 0xFF, 0x4E, 0x7F, 0xFF, 0x4E, 0x7F, 0xFF, 0x4E, 0x7F, 0xFF, 0x4E,
    0x7F, 0xFF, 0x4E, 0x7F, 0xFF, 0x4E, 0x7F, 0xFF, 0x4E, 0x7F, 0xFF, 0x4E, 0x7F, 0xFF, 0x4E, 0x7F,
    0xFF, 0x4E, 0x7F, 0xFF, 0x4E, 0x7F, 0xFF, 0x4E, 0x7F, 0xFF, 0x35, 0x3A, 0xFF, 0x02, 0x6E, 0xFF,
    0x02, 0x2C, 0xFF, 0x02, 0x2C, 0xFF, 0x02, 0x2C, 0xFF, 0x02, 0x2C, 0xFF, 0x02, 0x2C, 0xFF, 0x02,
    0x2C, 0xFF, 0x02, 0x2C, 0xFF, 0x02, 0x2C, 0xFF, 0x02, 0x2C, 0xFF, 0x02, 0x2C, 0xFF, 0x02, 0x2C,
    0xFF, 0x02, 0x2C, 0xFF, 0x02, 0x2C, 0xFF, 0x02, 0x2C, 0xFF, 0x02, 0x2C, 0xFF, 0x02, 0x2C, 0xFF,
    0x02, 0x2C, 0xFF, 0x02, 0x2C, 0xFF, 0x34, 0xF9, 0xFF, 0x4E, 0x7F, 0xFF, 0x4E, 0x7F, 0xFF, 0x4E,
    0x7F, 0xFF, 0x4E, 0x7F, 0xFF, 0x4E, 0x7F, 0xFF, 0x4E, 0x7F, 0xFF, 0x4E, 0x7F, 0xFF, 0x4E, 0x7F,
    0xFF, 0x4E, 0x7F, 0xFF, 0x4E, 0x7F, 0xFF, 0x4E, 0x7F, 0xFF, 0x4E, 0x7F, 0xFF, 0x4E, 0x7F, 0xFF,
    0x4E, 0x7F, 0xFF, 0x4E, 0x7F, 0xFF, 0x4E, 0x7F, 0xFF, 0x4E, 0x7F, 0xFF, 0x4E, 0x7F, 0xFF, 0x4E,
    0x7F, 0xFF, 0x4E, 0x7F, 0xFF, 0x4E, 0x7F, 0xFF, 0x4E, 0x7F, 0xFF, 0x4E, 0x7F, 0xFF, 0x4E, 0x7F,
    0xFF, 0x4E, 0x7F, 0xFF, 0x4E, 0x7F, 0xFF, 0x4E, 0x7F, 0xFF, 0x4E, 0x7F, 0xFF, 0x4E, 0x7F, 0xFF,
    0x4E, 0x7F, 0xFF, 0x4E, 0x7F, 0xFF, 0x4E, 0x7F, 0xFF, 0x4E, 0x7F, 0xFF, 0x4E, 0x7F, 0xFF, 0x4E,
    0x7F, 0xFF, 0x4E, 0x7F, 0xFF, 0x4E, 0x7F, 0xFF, 0x4E, 0x7F, 0xFF, 0x4E, 0x7F, 0xFF, 0x4E, 0x7F,
    0xFF, 0x4E, 0x7F, 0xFF, 0x4E, 0x7F, 0xFF, 0x4E, 0x7F, 0xFF, 0x4E, 0x7F, 0xFF, 0x4E, 0x7F, 0xFF,
    0x4E, 0x7F, 0xFF, 0x4E, 0x7F, 0xFF, 0x4E, 0x7F, 0xFF, 0x4E, 0x7F, 0xFF, 0x4E, 0x7F, 0xFF, 0x4E,
    0x7F, 0xFF, 0x2B, 0x92, 0xDF, 0x00, 0x00, 0xBF, 0x00, 0x00, 0xBF, 0x00, 0x00, 0xBF, 0x00, 0x00,
    0xBF, 0x00, 0x00, 0xBF, 0x00, 0x00, 0xBF, 0x00, 0x00, 0xBF, 0x00, 0x00, 0xBF, 0x00, 0x00, 0xBF,
    0x00, 0x00, 0xBF, 0x00, 0x00, 0xBF, 0x00, 0x00, 0xBF, 0x00, 0x00, 0xBF, 0x00, 0x00, 0xBF, 0x00,
    0x00, 0xBF, 0x07, 0x42, 0xF8, 0x07, 0xE2, 0xFF, 0x07, 0xE2, 0xFF, 0x07, 0xE2, 0xFF, 0x07, 0xE2,
    0xFF, 0x07, 0xE2, 0xFF, 0x07, 0xE2, 0xFF, 0x07, 0xE2, 0xFF, 0x07, 0xE2, 0xFF, 0x07, 0xE2, 0xFF,
    0x07, 0xE2, 0xFF, 0x07, 0x42, 0xF8, 0x00, 0x00, 0xBF, 0x00, 0x00, 0xBF, 0x00, 0x00, 0xBF, 0x00,
    0x00, 0xBF, 0x00, 0x00, 0xBF, 0x00, 0x00, 0xBF, 0x00, 0x00, 0xBF, 0x00, 0x00, 0xBF, 0x00, 0x00,
    0xBF, 0x00, 0x00, 0xBF, 0x00, 0x00, 0xBF, 0x00, 0x00, 0xBF, 0x00, 0x00, 0xBF, 0x00, 0x00, 0xBF,
    0x00, 0x00, 0xBF, 0x00, 0x00, 0xBF, 0x00, 0x00, 0xBF, 0x00, 0x00, 0xBF, 0x00, 0x00, 0xBF, 0x00,
    0x00, 0xBF, 0x00, 0x00, 0xBF, 0x00, 0x00, 0xBF, 0x00, 0x00, 0xBF, 0x00, 0x00, 0xBF, 0x00, 0x00,
    0xBF, 0x00, 0x00, 0xBF, 0x00, 0x00, 0xBF, 0x00, 0x00, 0xBF, 0x00, 0x00, 0xBF, 0x00, 0x00, 0xBF,
    0x00, 0x00, 0xBF, 0x00, 0x00, 0xBF, 0x00, 0x00, 0xBF, 0x00, 0x00, 0xBF, 0x00, 0x00, 0xBF, 0x00,
    0x00, 0xBF, 0x00, 0x00, 0xBF, 0x00, 0x00, 0xBF, 0x00, 0x00, 0xBF, 0x00, 0x00, 0xBF, 0x00, 0x00,
    0xBF, 0x00, 0x00, 0xBF, 0x00, 0x00, 0xBF, 0x00, 0x00, 0xBF, 0x00, 0x00, 0xBF, 0x00, 0x00, 0xBF,
    0x00, 0x00, 0xBF, 0x00, 0x00, 0xBF, 0x00, 0x00, 0xBF, 0x00, 0x00, 0xBF, 0x00, 0x00, 0xBF, 0x00,
    0x00, 0xBF, 0x00, 0x00, 0xBF, 0x00, 0x00, 0xBF, 0x00, 0x00, 0xBF, 0x00, 0x00, 0xBF, 0x00, 0x00,
    0xBF, 0x00, 0x00, 0xBF, 0x00, 0x00, 0xBF, 0x00, 0x00, 0xBF, 0x00, 0x00, 0xBF, 0x00, 0x00, 0xBF,
    0x00, 0x00, 0xBF, 0x00, 0x00, 0xBF, 0x00, 0x00, 0xBF, 0x00, 0x00, 0xBF, 0x00, 0x00, 0xBF, 0x00,
    0x00, 0xBF, 0x00, 0x00, 0xBF, 0x00, 0x00, 0xBF, 0x00, 0x00, 0xBF, 0x00, 0x00, 0xBF, 0x00, 0x00,
    0xBF, 0x00, 0x00, 0xBF, 0x00, 0x00, 0xBF, 0x00, 0x00, 0xBF, 0x00, 0x00, 0xBF, 0x00, 0x00, 0xBF,
    0x00, 0x00, 0xBF, 0x00, 0x00, 0xBF, 0x00, 0x00, 0xBF, 0x00, 0x00, 0xBF, 0x00, 0x00, 0xBF, 0x00,
    0x00, 0xBF, 0x00, 0x00, 0xBF, 0x00, 0x00, 0xBF, 0x00, 0x00, 0xBF, 0x00, 0x00, 0xBF, 0x00, 0x00,
    0xBF, 0x00, 0x00, 0xBF, 0x00, 0x00, 0xBF, 0x00, 0x00, 0xBF, 0x00, 0x00, 0xBF, 0x00, 0x00, 0xBF,
    0x00, 0x00, 0xBF, 0x00, 0x00, 0xBF, 0x00, 0x00, 0xBF, 0x00, 0x00, 0xBF, 0x00, 0x00, 0xBF, 0x00,
    0x00, 0xBF, 0x00, 0x00, 0xBF, 0x00, 0x00, 0xBF, 0x00, 0x00, 0xBF, 0x00, 0x00, 0xBF, 0x00, 0x00,
    0xBF, 0x00, 0x00, 0xBF, 0x00, 0x00, 0xBF, 0x00, 0x00, 0xBF, 0x00, 0x00, 0xBF, 0x00, 0x00, 0xBF,
    0x00, 0x00, 0xBF, 0x00, 0x00, 0xBF, 0x00, 0x00, 0xBF, 0x00, 0x00, 0xBF, 0x00, 0x00, 0xBF, 0x00,
    0x00, 0xBF, 0x00, 0x00, 0xBF, 0x00, 0x00, 0xBF, 0x00, 0x00, 0xBF, 0x00, 0x00, 0xBF, 0x00, 0x00,
    0xBF, 0x00, 0x00, 0xBF, 0x00, 0x00, 0xBF, 0x00, 0x00, 0xBF, 0x00, 0x00, 0xBF, 0x00, 0x00, 0xBF,
    0x00, 0x00, 0xBF, 0x00, 0x00, 0xBF, 0x00, 0x00, 0xBF, 0x00, 0x00, 0xBF, 0x00, 0x00, 0xBF, 0x00,
    0x00, 0xBF, 0x00, 0x00, 0xBF, 0x00, 0x00, 0xBF, 0x00, 0x00, 0xBF, 0x00, 0x00, 0xBF, 0x00, 0x00,
    0xBF, 0x00, 0x00, 0xBF, 0x00, 0x00, 0xBF, 0x00, 0x00, 0xBF, 0x00, 0x00, 0xBF, 0x00, 0x00, 0xBF,
    0x00, 0x00, 0xBF, 0x00, 0x00, 0xBF, 0x00, 0x00, 0xBF, 0x00, 0x00, 0xBF, 0x00, 0x00, 0xBF, 0x00,
    0x00, 0xBF, 0x00, 0x00, 0xBF, 0x00, 0x00, 0xBF, 0x00, 0x00, 0xBF, 0x00, 0x00, 0xBF, 0x00, 0x00,
    0xBF, 0x00, 0x00, 0xBF, 0x00, 0x00, 0xBF, 0x00, 0x00, 0xBF, 0x00, 0x00, 0xBF, 0x00, 0x00, 0xBF,
    0x00, 0x00, 0xBF, 0x00, 0x00, 0xBF, 0x00, 0x00, 0xBF, 0x00, 0x00, 0xBF, 0x00, 0x00, 0xBF, 0x00,
    0x00, 0xBF, 0x00, 0x00, 0xBF, 0x00, 0x00, 0xBF, 0x00, 0x00, 0xBF, 0x00, 0x00, 0xBF, 0x00, 0x00,
    0xBF, 0x00, 0x00, 0xBF, 0x00, 0x00, 0xBF, 0x00, 0x00, 0xBF, 0x00, 0x00, 0xBF, 0x00, 0x00, 0xBF,
    0x00, 0x00, 0xBF, 0x00, 0x00, 0xBF, 0x00, 0x00, 0xBF, 0x00, 0x00, 0xBF, 0x00, 0x00, 0xBF, 0x00,
    0x00, 0xBF, 0x00, 0x00, 0xBF, 0x00, 0x00, 0xBF, 0x00, 0x00, 0xBF, 0x00, 0x00, 0xBF, 0x00, 0x00,
    0xBF, 0x00, 0x41, 0xC1, 0x4E, 0x5F, 0xFE, 0x4E, 0x7F, 0xFF, 0x4E, 0x7F, 0xFF, 0x4E, 0x7F, 0xFF,
    0x4E, 0x7F, 0xFF, 0x4E, 0x7F, 0xFF, 0x4E, 0x7F, 0xFF, 0x4E, 0x7F, 0xFF, 0x4E, 0x7F, 0xFF, 0x4E,
    0x7F, 0xFF, 0x4E, 0x7F, 0xFF, 0x4E, 0x7F, 0xFF, 0x4E, 0x7F, 0xFF, 0x4E, 0x7F, 0xFF, 0x4E, 0x7F,
    0xFF, 0x4E, 0x7F, 0xFF, 0x4E, 0x7F, 0xFF, 0x4E, 0x7F, 0xFF, 0x4E, 0x7F, 0xFF, 0x4E, 0x7F, 0xFF,
    0x4E, 0x7F, 0xFF, 0x4E, 0x7F, 0xFF, 0x4E, 0x7F, 0xFF, 0x2C, 0xB8, 0xFF, 0x02, 0x4D, 0xFF, 0x02,
    0x2C, 0xFF, 0x02, 0x2C, 0xFF, 0x02, 0x2C, 0xFF, 0x02, 0x2C, 0xFF, 0x02, 0x2C, 0xFF, 0x02, 0x2C,
    0xFF, 0x02, 0x2C, 0xFF, 0x02, 0x2C, 0xFF, 0x02, 0x2C, 0xFF, 0x02, 0x6E, 0xFF, 0x13, 0x11, 0xFF,
    0x1B, 0x92, 0xFF, 0x1B, 0x93, 0xFF, 0x13, 0x72, 0xFF, 0x0A, 0xF0, 0xFF, 0x02, 0x4D, 0xFF, 0x02,
    0x2C, 0xFF, 0x02, 0x4D, 0xFF, 0x24, 0x15, 0xFF, 0x4E, 0x5F, 0xFF, 0x4E, 0x7F, 0xFF, 0x4E, 0x7F,
    0xFF, 0x4E, 0x7F, 0xFF, 0x4E, 0x7F, 0xFF, 0x4E, 0x7F, 0xFF, 0x4E, 0x7F, 0xFF, 0x4E, 0x7F, 0xFF,
    0x4E, 0x7F, 0xFF, 0x4E, 0x7F, 0xFF, 0x4E, 0x7F, 0xFF, 0x4E, 0x7F, 0xFF, 0x4E, 0x7F, 0xFF, 0x4E,
    0x7F, 0xFF, 0x4E, 0x7F, 0xFF, 0x4E, 0x7F, 0xFF, 0x4E, 0x7F, 0xFF, 0x4E, 0x7F, 0xFF, 0x4E, 0x7F,
    0xFF, 0x4E, 0x7F, 0xFF, 0x4E, 0x7F, 0xFF, 0x4E, 0x7F, 0xFF, 0x4E, 0x7F, 0xFF, 0x4E, 0x7F, 0xFF,
    0x4E, 0x7F, 0xFF, 0x4E, 0x7F, 0xFF, 0x4E, 0x7F, 0xFF, 0x4E, 0x7F, 0xFF, 0x4E, 0x7F, 0xFF, 0x4E,
    0x7F, 0xFF, 0x4E, 0x7F, 0xFF, 0x4E, 0x7F, 0xFF, 0x4E, 0x7F, 0xFF, 0x4E, 0x7F, 0xFF, 0x4E, 0x7F,
    0xFF, 0x4E, 0x7F, 0xFF, 0x4E, 0x7F, 0xFF, 0x4E, 0x7F, 0xFF, 0x4E, 0x7F, 0xFF, 0x4E, 0x7F, 0xFF,
    0x4E, 0x7F, 0xFF, 0x4E, 0x7F, 0xFF, 0x4E, 0x7F, 0xFF, 0x4E, 0x7F, 0xFF, 0x4E, 0x7F, 0xFF, 0x4E,
    0x7F, 0xFF, 0x4E, 0x7F, 0xFF, 0x4E, 0x7F, 0xFF, 0x4E, 0x7F, 0xFF, 0x4E, 0x7F, 0xFF, 0x4E, 0x7F,
    0xFF, 0x4E, 0x7F, 0xFF, 0x2B, 0xD3, 0xE1, 0x00, 0x00, 0xBF, 0x00, 0x00, 0xBF, 0x00, 0x00, 0xBF,
    0x00, 0x00, 0xBF, 0x00, 0x00, 0xBF, 0x00, 0x00, 0xBF, 0x00, 0x00, 0xBF, 0x00, 0x00, 0xBF, 0x00,
    0x00, 0xBF, 0x00, 0x00, 0xBF, 0x00, 0x00, 0xBF, 0x00, 0x00, 0xBF, 0x00, 0x00, 0xBF, 0x00, 0x00,
    0xBF, 0x00, 0x00, 0xBF, 0x07, 0x42, 0xF8, 0x07, 0xE2, 0xFF, 0x07, 0xE2, 0xFF, 0x07, 0xE2, 0xFF,
    0x07, 0xE2, 0xFF, 0x07, 0xE2, 0xFF, 0x07, 0xE2, 0xFF, 0x07, 0xE2, 0xFF, 0x07, 0xE2, 0xFF, 0x07,
    0xE2, 0xFF, 0x07, 0xE2, 0xFF, 0x07, 0x42, 0xF8, 0x00, 0x00, 0xBF, 0x00, 0x00, 0xBF, 0x00, 0x00,
    0xBF, 0x00, 0x00, 0xBF, 0x00, 0x00, 0xBF, 0x00, 0x00, 0xBF, 0x00, 0x00, 0xBF, 0x00, 0x00, 0xBF,
    0x00, 0x00, 0xBF, 0x00, 0x00, 0xBF, 0x00, 0x00, 0xBF, 0x00, 0x00, 0xBF, 0x00, 0x00, 0xBF, 0x00,
    0x00, 0xBF, 0x00, 0x00, 0xBF, 0x00, 0x00, 0xBF, 0x00, 0x00, 0xBF, 0x00, 0x00, 0xBF, 0x00, 0x00,
    0xBF, 0x00, 0x00, 0xBF, 0x00, 0x00, 0xBF, 0x00, 0x00, 0xBF, 0x00, 0x00, 0xBF, 0x00, 0x00, 0xBF,
    0x00, 0x00, 0xBF, 0x00, 0x00, 0xBF, 0x00, 0x00, 0xBF, 0x00, 0x00, 0xBF, 0x00, 0x00, 0xBF, 0x00,
    0x00, 0xBF, 0x00, 0x00, 0xBF, 0x00, 0x00, 0xBF, 0x00, 0x00, 0xBF, 0x00, 0x00, 0xBF, 0x00, 0x00,
    0xBF, 0x00, 0x00, 0xBF, 0x00, 0x00, 0xBF, 0x00, 0x00, 0xBF, 0x00, 0x00, 0xBF, 0x00, 0x00, 0xBF,
    0x00, 0x00, 0xBF, 0x00, 0x00, 0xBF, 0x00, 0x00, 0xBF, 0x00, 0x00, 0xBF, 0x00, 0x00, 0xBF, 0x00,
    0x00, 0xBF, 0x00, 0x00, 0xBF, 0x00, 0x00, 0xBF, 0x00, 0x00, 0xBF, 0x00, 0x00, 0xBF, 0x00, 0x00,
    0xBF, 0x00, 0x00, 0xBF, 0x00, 0x00, 0xBF, 0x00, 0x00, 0xBF, 0x00, 0x00, 0xBF, 0x00, 0x00, 0xBF,
    0x00, 0x00, 0xBF, 0x00, 0x00, 0xBF, 0x00, 0x00, 0xBF, 0x00, 0x00, 0xBF, 0x00, 0x00, 0xBF, 0x00,
    0x00, 0xBF, 0x00, 0x00, 0xBF, 0x00, 0x00, 0xBF, 0x00, 0x00, 0xBF, 0x00, 0x00, 0xBF, 0x00, 0x00,
    0xBF, 0x00, 0x00, 0xBF, 0x00, 0x00, 0xBF, 0x00, 0x00, 0xBF, 0x00, 0x00, 0xBF, 0x00, 0x00, 0xBF,
    0x00, 0x00, 0xBF, 0x00, 0x00, 0xBF, 0x00, 0x00, 0xBF, 0x00, 0x00, 0xBF, 0x00, 0x00, 0xBF, 0x00,
    0x00, 0xBF, 0x00, 0x00, 0xBF, 0x00, 0x00, 0xBF, 0x00, 0x00, 0xBF, 0x00, 0x00, 0xBF, 0x00, 0x00,
    0xBF, 0x00, 0x00, 0xBF, 0x00, 0x00, 0xBF, 0x00, 0x00, 0xBF, 0x00, 0x00, 0xBF, 0x00, 0x00, 0xBF,
    0x00, 0x00, 0xBF, 0x00, 0x00, 0xBF, 0x00, 0x00, 0xBF, 0x00, 0x00, 0xBF, 0x00, 0x00, 0xBF, 0x00,
    0x00, 0xBF, 0x00, 0x00, 0xBF, 0x00, 0x00, 0xBF, 0x00, 0x00, 0xBF, 0x00, 0x00, 0xBF, 0x00, 0x00,
    0xBF, 0x00, 0x00, 0xBF, 0x00, 0x00, 0xBF, 0x00, 0x00, 0xBF, 0x00, 0x00, 0xBF, 0x00, 0x00, 0xBF,
    0x00, 0x00, 0xBF, 0x00, 0x00, 0xBF, 0x00, 0x00, 0xBF, 0x00, 0x00, 0xBF, 0x00, 0x00, 0xBF, 0x00,
    0x00, 0xBF, 0x00, 0x00, 0xBF, 0x00, 0x00, 0xBF, 0x00, 0x00, 0xBF, 0x00, 0x00, 0xBF, 0x00, 0x00,
    0xBF, 0x00, 0x00, 0xBF, 0x00, 0x00, 0xBF, 0x00, 0x00, 0xBF, 0x00, 0x00, 0xBF, 0x00, 0x00, 0xBF,
    0x00, 0x00, 0xBF, 0x00, 0x00, 0xBF, 0x00, 0x00, 0xBF, 0x00, 0x00, 0xBF, 0x00, 0x00, 0xBF, 0x00,
    0x00, 0xBF, 0x00, 0x00, 0xBF, 0x00, 0x00, 0xBF, 0x00, 0x00, 0xBF, 0x00, 0x00, 0xBF, 0x00, 0x00,
    0xBF, 0x00, 0x00, 0xBF, 0x00, 0x00, 0xBF, 0x00, 0x00, 0xBF, 0x00, 0x00, 0xBF, 0x00, 0x00, 0xBF,
    0x00, 0x00, 0xBF, 0x00, 0x00, 0xBF, 0x00, 0x00, 0xBF, 0x00, 0x00, 0xBF, 0x00, 0x00, 0xBF, 0x00,
    0x00, 0xBF, 0x00, 0x00, 0xBF, 0x00, 0x00, 0xBF, 0x00, 0x00, 0xBF, 0x00, 0x00, 0xBF, 0x00, 0x00,
    0xBF, 0x00, 0x00, 0xBF, 0x00, 0x00, 0xBF, 0x00, 0x00, 0xBF, 0x00, 0x00, 0xBF, 0x00, 0x00, 0xBF,
    0x00, 0x00, 0xBF, 0x00, 0x00, 0xBF, 0x00, 0x00, 0xBF, 0x00, 0x00, 0xBF, 0x00, 0x00, 0xBF, 0x00,
    0x00, 0xBF, 0x00, 0x00, 0xBF, 0x00, 0x00, 0xBF, 0x00, 0x00, 0xBF, 0x00, 0x00, 0xBF, 0x00, 0x00,
    0xBF, 0x00, 0x00, 0xBF, 0x00, 0x00, 0xBF, 0x00, 0x00, 0xBF, 0x00, 0x00, 0xBF, 0x00, 0x00, 0xBF,
    0x00, 0x00, 0xBF, 0x00, 0x00, 0xBF, 0x00, 0x00, 0xBF, 0x00, 0x00, 0xBF, 0x00, 0x00, 0xBF, 0x00,
    0x00, 0xBF, 0x00, 0x00, 0xBF, 0x00, 0x00, 0xBF, 0x00, 0x00, 0xBF, 0x00, 0x00, 0xBF, 0x00, 0x00,
    0xBF, 0x00, 0x00, 0xBF, 0x00, 0x00, 0xBF, 0x00, 0x00, 0xBF, 0x00, 0x00, 0xBF, 0x00, 0x00, 0xBF,
    0x00, 0x00, 0xBF, 0x00, 0x41, 0xC2, 0x4E, 0x7F, 0xFF, 0x4E, 0x7F, 0xFF, 0x4E, 0x7F, 0xFF, 0x4E,
    0x7F, 0xFF, 0x4E, 0x7F, 0xFF, 0x4E, 0x7F, 0xFF, 0x4E, 0x7F, 0xFF, 0x4E, 0x7F, 0xFF, 0x4E, 0x7F,
    0xFF, 0x4E, 0x7F, 0xFF, 0x4E, 0x7F, 0xFF, 0x4E, 0x7F, 0xFF, 0x4E, 0x7F, 0xFF, 0x4E, 0x7F, 0xFF,
    0x4E, 0x7F, 0xFF, 0x4E, 0x7F, 0xFF, 0x4E, 0x7F, 0xFF, 0x4E, 0x7F, 0xFF, 0x4E, 0x7F, 0xFF, 0x4E,
    0x7F, 0xFF, 0x4E, 0x7F, 0xFF, 0x4E, 0x7F, 0xFF, 0x2C, 0xB8, 0xFF, 0x02, 0x2C, 0xFF, 0x02, 0x2C,
    0xFF, 0x02, 0x2C, 0xFF, 0x02, 0x2C, 0xFF, 0x02, 0x2C, 0xFF, 0x02, 0x2C, 0xFF, 0x02, 0x2C, 0xFF,
    0x02, 0x2C, 0xFF, 0x02, 0x8E, 0xFF, 0x24, 0x35, 0xFF, 0x3D, 0x9C, 0xFF, 0x4E, 0x5F, 0xFF, 0x4E,
    0x7F, 0xFF, 0x4E, 0x7F, 0xFF, 0x4E, 0x7F, 0xFF, 0x4E, 0x7F, 0xFF, 0x4E, 0x7F, 0xFF, 0x4E, 0x3F,
    0xFF, 0x45, 0xBC, 0xFF, 0x45, 0xFE, 0xFF, 0x4E, 0x7F, 0xFF, 0x4E, 0x7F, 0xFF, 0x4E, 0x7F, 0xFF,
    0x4E, 0x7F, 0xFF, 0x4E, 0x7F, 0xFF, 0x4E, 0x7F, 0xFF, 0x4E, 0x7F, 0xFF, 0x4E, 0x7F, 0xFF, 0x4E,
    0x7F, 0xFF, 0x4E, 0x7F, 0xFF, 0x4E, 0x7F, 0xFF, 0x4E, 0x7F, 0xFF, 0x4E, 0x7F, 0xFF, 0x4E, 0x7F,
    0xFF, 0x4E, 0x7F, 0xFF, 0x4E, 0x7F, 0xFF, 0x4E, 0x7F, 0xFF, 0x4E, 0x7F, 0xFF, 0x4E, 0x7F, 0xFF,
    0x4E, 0x7F, 0xFF, 0x4E, 0x7F, 0xFF, 0x4E, 0x7F, 0xFF, 0x4E, 0x7F, 0xFF, 0x4E, 0x7F, 0xFF, 0x4E,
    0x7F, 0xFF, 0x4E, 0x7F, 0xFF, 0x4E, 0x7F, 0xFF, 0x4E, 0x7F, 0xFF, 0x4E, 0x7F, 0xFF, 0x4E, 0x7F,
    0xFF, 0x4E, 0x7F, 0xFF, 0x4E, 0x7F, 0xFF, 0x4E, 0x7F, 0xFF, 0x4E, 0x7F, 0xFF, 0x4E, 0x7F, 0xFF,
    0x4E, 0x7F, 0xFF, 0x4E, 0x7F, 0xFF, 0x4E, 0x7F, 0xFF, 0x4E, 0x7F, 0xFF, 0x4E, 0x7F, 0xFF, 0x4E,
    0x7F, 0xFF, 0x4E, 0x7F, 0xFF, 0x4E, 0x7F, 0xFF, 0x4E, 0x7F, 0xFF, 0x4E, 0x7F, 0xFF, 0x4E, 0x7F,
    0xFF, 0x4E, 0x7F, 0xFF, 0x4E, 0x7F, 0xFF, 0x4E, 0x7F, 0xFF, 0x4E, 0x7F, 0xFF, 0x4E, 0x7F, 0xFF,
    0x4E, 0x7F, 0xFF, 0x4E, 0x7F, 0xFF, 0x2B, 0xF3, 0xE2, 0x00, 0x00, 0xBF, 0x00, 0x00, 0xBF, 0x00,
    0x00, 0xBF, 0x00, 0x00, 0xBF, 0x00, 0x00, 0xBF, 0x00, 0x00, 0xBF, 0x00, 0x00, 0xBF, 0x00, 0x00,
    0xBF, 0x00, 0x00, 0xBF, 0x00, 0x00, 0xBF, 0x00, 0x00, 0xBF, 0x00, 0x00, 0xBF, 0x00, 0x00, 0xBF,
    0x00, 0x00, 0xBF, 0x00, 0x00, 0xBF, 0x07, 0x42, 0xF8, 0x07, 0xE2, 0xFF, 0x07, 0xE2, 0xFF, 0x07,
    0xE2, 0xFF, 0x07, 0xE2, 0xFF, 0x07, 0xE2, 0xFF, 0x07, 0xE2, 0xFF, 0x07, 0xE2, 0xFF, 0x07, 0xE2,
    0xFF, 0x07, 0xE2, 0xFF, 0x07, 0xE2, 0xFF, 0x07, 0x42, 0xF8, 0x00, 0x00, 0xBF, 0x00, 0x00, 0xBF,
    0x00, 0x00, 0xBF, 0x00, 0x00, 0xBF, 0x00, 0x00, 0xBF, 0x00, 0x00, 0xBF, 0x00, 0x00, 0xBF, 0x00,
    0x00, 0xBF, 0x00, 0x00, 0xBF, 0x00, 0x00, 0xBF, 0x00, 0x00, 0xBF, 0x00, 0x00, 0xBF, 0x00, 0x00,
    0xBF, 0x00, 0x00, 0xBF, 0x00, 0x00, 0xBF, 0x00, 0x00, 0xBF, 0x00, 0x00, 0xBF, 0x00, 0x00, 0xBF,
    0x00, 0x00, 0xBF, 0x00, 0x00, 0xBF, 0x00, 0x00, 0xBF, 0x00, 0x00, 0xBF, 0x00, 0x00, 0xBF, 0x00,
    0x00, 0xBF, 0x00, 0x00, 0xBF, 0x00, 0x00, 0xBF, 0x00, 0x00, 0xBF, 0x00, 0x00, 0xBF, 0x00, 0x00,
    0xBF, 0x00, 0x00, 0xBF, 0x00, 0x00, 0xBF, 0x00, 0x00, 0xBF, 0x00, 0x00, 0xBF, 0x00, 0x00, 0xBF,
    0x00, 0x00, 0xBF, 0x00, 0x00, 0xBF, 0x00, 0x00, 0xBF, 0x00, 0x00, 0xBF, 0x00, 0x00, 0xBF, 0x00,
    0x00, 0xBF, 0x00, 0x00, 0xBF, 0x00, 0x00, 0xBF, 0x00, 0x00, 0xBF, 0x00, 0x00, 0xBF, 0x00, 0x00,
    0xBF, 0x00, 0x00, 0xBF, 0x00, 0x00, 0xBF, 0x00, 0x00, 0xBF, 0x00, 0x00, 0xBF, 0x00, 0x00, 0xBF,
    0x00, 0x00, 0xBF, 0x00, 0x00, 0xBF, 0x00, 0x00, 0xBF, 0x00, 0x00, 0xBF, 0x00, 0x00, 0xBF, 0x00,
    0x00, 0xBF, 0x00, 0x00, 0xBF, 0x00, 0x00, 0xBF, 0x00, 0x00, 0xBF, 0x00, 0x00, 0xBF, 0x00, 0x00,
    0xBF, 0x00, 0x00, 0xBF, 0x00, 0x00, 0xBF, 0x00, 0x00, 0xBF, 0x00, 0x00, 0xBF, 0x00, 0x00, 0xBF,
    0x00, 0x00, 0xBF, 0x00, 0x00, 0xBF, 0x00, 0x00, 0xBF, 0x00, 0x00, 0xBF, 0x00, 0x00, 0xBF, 0x00,
    0x00, 0xBF, 0x00, 0x00, 0xBF, 0x00, 0x00, 0xBF, 0x00, 0x00, 0xBF, 0x00, 0x00, 0xBF, 0x00, 0x00,
    0xBF, 0x00, 0x00, 0xBF, 0x00, 0x00, 0xBF, 0x00, 0x00, 0xBF, 0x00, 0x00, 0xBF, 0x00, 0x00, 0xBF,
    0x00, 0x00, 0xBF, 0x00, 0x00, 0xBF, 0x00, 0x00, 0xBF, 0x00, 0x00, 0xBF, 0x00, 0x00, 0xBF, 0x00,
    0x00, 0xBF, 0x00, 0x00, 0xBF, 0x00, 0x00, 0xBF, 0x00, 0x00, 0xBF, 0x00, 0x00, 0xBF, 0x00, 0x00,
    0xBF, 0x00, 0x00, 0xBF, 0x00, 0x00, 0xBF, 0x00, 0x00, 0xBF, 0x00, 0x00, 0xBF, 0x00, 0x00, 0xBF,
    0x00, 0x00, 0xBF, 0x00, 0x00, 0xBF, 0x00, 0x00, 0xBF, 0x00, 0x00, 0xBF, 0x00, 0x00, 0xBF, 0x00,
    0x00, 0xBF, 0x00, 0x00, 0xBF, 0x00, 0x00, 0xBF, 0x00, 0x00, 0xBF, 0x00, 0x00, 0xBF, 0x00, 0x00,
    0xBF, 0x00, 0x00, 0xBF, 0x00, 0x00, 0xBF, 0x00, 0x00, 0xBF, 0x00, 0x00, 0xBF, 0x00, 0x00, 0xBF,
    0x00, 0x00, 0xBF, 0x00, 0x00, 0xBF, 0x00, 0x00, 0xBF, 0x00, 0x00, 0xBF, 0x00, 0x00, 0xBF, 0x00,
    0x00, 0xBF, 0x00, 0x00, 0xBF, 0x00, 0x00, 0xBF, 0x00, 0x00, 0xBF, 0x00, 0x00, 0xBF, 0x00, 0x00,
    0xBF, 0x00, 0x00, 0xBF, 0x00, 0x00, 0xBF, 0x00, 0x00, 0xBF, 0x00, 0x00, 0xBF, 0x00, 0x00, 0xBF,
    0x00, 0x00, 0xBF, 0x00, 0x00, 0xBF, 0x00, 0x00, 0xBF, 0x00, 0x00, 0xBF, 0x00, 0x00, 0xBF, 0x00,
    0x00, 0xBF, 0x00, 0x00, 0xBF, 0x00, 0x00, 0xBF, 0x00, 0x00, 0xBF, 0x00, 0x00, 0xBF, 0x00, 0x00,
    0xBF, 0x00, 0x00, 0xBF, 0x00, 0x00, 0xBF, 0x00, 0x00, 0xBF, 0x00, 0x00, 0xBF, 0x00, 0x00, 0xBF,
    0x00, 0x00, 0xBF, 0x00, 0x00, 0xBF, 0x00, 0x00, 0xBF, 0x00, 0x00, 0xBF, 0x00, 0x00, 0xBF, 0x00,
    0x00, 0xBF, 0x00, 0x00, 0xBF, 0x00, 0x00, 0xBF, 0x00, 0x00, 0xBF, 0x00, 0x00, 0xBF, 0x00, 0x00,
    0xBF, 0x00, 0x00, 0xBF, 0x00, 0x00, 0xBF, 0x00, 0x00, 0xBF, 0x00, 0x00, 0xBF, 0x00, 0x00, 0xBF,
    0x00, 0x00, 0xBF, 0x00, 0x00, 0xBF, 0x00, 0x00, 0xBF, 0x00, 0x00, 0xBF, 0x00, 0x00, 0xBF, 0x00,
    0x00, 0xBF, 0x00, 0x00, 0xBF, 0x00, 0x00, 0xBF, 0x00, 0x00, 0xBF, 0x00, 0x00, 0xBF, 0x00, 0x00,
    0xBF, 0x00, 0x00, 0xBF, 0x00, 0x00, 0xBF, 0x00, 0x00, 0xBF, 0x00, 0x00, 0xBF, 0x00, 0x00, 0xBF,
    0x00, 0x00, 0xBF, 0x00, 0x00, 0xBF, 0x00, 0x00, 0xBF, 0x00, 0x00, 0xBF, 0x00, 0x00, 0xBF, 0x00,
    0x00, 0xBF, 0x00, 0x00, 0xBF, 0x00, 0x41, 0xC1, 0x4E, 0x5F, 0xFE, 0x4E, 0x7F, 0xFF, 0x4E, 0x7F,
    0xFF, 0x4E, 0x7F, 0xFF, 0x4E, 0x7F, 0xFF, 0x4E, 0x7F, 0xFF, 0x4E, 0x7F, 0xFF, 0x4E, 0x7F, 0xFF,
    0x4E, 0x7F, 0xFF, 0x4E, 0x7F, 0xFF, 0x4E, 0x7F, 0xFF, 0x4E, 0x7F, 0xFF, 0x4E, 0x7F, 0xFF, 0x4E,
    0x7F, 0xFF, 0x4E, 0x7F, 0xFF, 0x4E, 0x7F, 0xFF, 0x4E, 0x7F, 0xFF, 0x4E, 0x7F, 0xFF, 0x4E, 0x7F,
    0xFF, 0x4E, 0x7F, 0xFF, 0x4E, 0x7F, 0xFF, 0x35, 0x3A, 0xFF, 0x02, 0x4D, 0xFF, 0x02, 0x2C, 0xFF,
    0x02, 0x2C, 0xFF, 0x02, 0x2C, 0xFF, 0x02, 0x2C, 0xFF, 0x02, 0x2C, 0xFF, 0x02, 0x2C, 0xFF, 0x02,
    0x6D, 0xFF, 0x2C, 0x77, 0xFF, 0x4E, 0x3F, 0xFF, 0x4E, 0x7F, 0xFF, 0x4E, 0x7F, 0xFF, 0x4E, 0x7F,
    0xFF, 0x4E, 0x7F, 0xFF, 0x4E, 0x7F, 0xFF, 0x4E, 0x7F, 0xFF, 0x4E, 0x7F, 0xFF, 0x4E, 0x7F, 0xFF,
    0x4E, 0x7F, 0xFF, 0x4E, 0x7F, 0xFF, 0x4E, 0x7F, 0xFF, 0x4E, 0x7F, 0xFF, 0x4E, 0x7F, 0xFF, 0x4E,
    0x7F, 0xFF, 0x4E, 0x7F, 0xFF, 0x4E, 0x7F, 0xFF, 0x4E, 0x7F, 0xFF, 0x4E, 0x7F, 0xFF, 0x4E, 0x7F,
    0xFF, 0x4E, 0x7F, 0xFF, 0x4E, 0x7F, 0xFF, 0x4E, 0x7F, 0xFF, 0x4E, 0x7F, 0xFF, 0x4E, 0x7F, 0xFF,
    0x4E, 0x7F, 0xFF, 0x4E, 0x7F, 0xFF, 0x4E, 0x7F, 0xFF, 0x4E, 0x7F, 0xFF, 0x4E, 0x7F, 0xFF, 0x4E,
    0x7F, 0xFF, 0x4E, 0x7F, 0xFF, 0x4E, 0x7F, 0xFF, 0x4E, 0x7F, 0xFF, 0x4E, 0x7F, 0xFF, 0x4E, 0x7F,
    0xFF, 0x4E, 0x7F, 0xFF, 0x4E, 0x7F, 0xFF, 0x4E, 0x7F, 0xFF, 0x4E, 0x7F, 0xFF, 0x4E, 0x7F, 0xFF,
    0x4E, 0x7F, 0xFF, 0x4E, 0x7F, 0xFF, 0x4E, 0x7F, 0xFF, 0x4E, 0x7F, 0xFF, 0x4E, 0x7F, 0xFF, 0x4E,
    0x7F, 0xFF, 0x4E, 0x7F, 0xFF, 0x4E, 0x7F, 0xFF, 0x4E, 0x7F, 0xFF, 0x4E, 0x7F, 0xFF, 0x4E, 0x7F,
    0xFF, 0x4E, 0x7F, 0xFF, 0x4E, 0x7F, 0xFF, 0x4E, 0x7F, 0xFF, 0x4E, 0x7F, 0xFF, 0x4E, 0x7F, 0xFF,
    0x4E, 0x7F, 0xFF, 0x4E, 0x7F, 0xFF, 0x4E, 0x7F, 0xFF, 0x4E, 0x7F, 0xFF, 0x4E, 0x7F, 0xFF, 0x4E,
    0x7F, 0xFF, 0x4E, 0x7F, 0xFF, 0x4E, 0x7F, 0xFF, 0x2B, 0xF3, 0xE1, 0x00, 0x00, 0xBF, 0x00, 0x00,
    0xBF, 0x00, 0x00, 0xBF, 0x00, 0x00, 0xBF, 0x00, 0x00, 0xBF, 0x00, 0x00, 0xBF, 0x00, 0x00, 0xBF,
    0x00, 0x00, 0xBF, 0x00, 0x00, 0xBF, 0x00, 0x00, 0xBF, 0x00, 0x00, 0xBF, 0x00, 0x00, 0xBF, 0x00,
    0x00, 0xBF, 0x00, 0x00, 0xBF, 0x00, 0x00, 0xBF, 0x07, 0x42, 0xF8, 0x07, 0xE2, 0xFF, 0x07, 0xE2,
    0xFF, 0x07, 0xE2, 0xFF, 0x07, 0xE2, 0xFF, 0x07, 0xE2, 0xFF, 0x07, 0xE2, 0xFF, 0x07, 0xE2, 0xFF,
    0x07, 0xE2, 0xFF, 0x07, 0xE2, 0xFF, 0x07, 0xE2, 0xFF, 0x07, 0x42, 0xF8, 0x00, 0x00, 0xBF, 0x00,
    0x00, 0xBF, 0x00, 0x00, 0xBF, 0x00, 0x00, 0xBF, 0x00, 0x00, 0xBF, 0x00, 0x00, 0xBF, 0x00, 0x00,
    0xBF, 0x00, 0x00, 0xBF, 0x00, 0x00, 0xBF, 0x00, 0x00, 0xBF, 0x00, 0x00, 0xBF, 0x00, 0x00, 0xBF,
    0x00, 0x00, 0xBF, 0x00, 0x00, 0xBF, 0x00, 0x00, 0xBF, 0x00, 0x00, 0xBF, 0x00, 0x00, 0xBF, 0x00,
    0x00, 0xBF, 0x00, 0x00, 0xBF, 0x00, 0x00, 0xBF, 0x00, 0x00, 0xBF, 0x00, 0x00, 0xBF, 0x00, 0x00,
    0xBF, 0x00, 0x00, 0xBF, 0x00, 0x00, 0xBF, 0x00, 0x00, 0xBF, 0x00, 0x00, 0xBF, 0x00, 0x00, 0xBF,
    0x00, 0x00, 0xBF, 0x00, 0x00, 0xBF, 0x00, 0x00, 0xBF, 0x00, 0x00, 0xBF, 0x00, 0x00, 0xBF, 0x00,
    0x00, 0xBF, 0x00, 0x00, 0xBF, 0x00, 0x00, 0xBF, 0x00, 0x00, 0xBF, 0x00, 0x00, 0xBF, 0x00, 0x00,
    0xBF, 0x00, 0x00, 0xBF, 0x00, 0x00, 0xBF, 0x00, 0x00, 0xBF, 0x00, 0x00, 0xBF, 0x00, 0x00, 0xBF,
    0x00, 0x00, 0xBF, 0x00, 0x00, 0xBF, 0x00, 0x00, 0xBF, 0x00, 0x00, 0xBF, 0x00, 0x00, 0xBF, 0x00,
    0x00, 0xBF, 0x00, 0x00, 0xBF, 0x00, 0x00, 0xBF, 0x00, 0x00, 0xBF, 0x00, 0x00, 0xBF, 0x00, 0x00,
    0xBF, 0x00, 0x00, 0xBF, 0x00, 0x00, 0xBF, 0x00, 0x00, 0xBF, 0x00, 0x00, 0xBF, 0x00, 0x00, 0xBF,
    0x00, 0x00, 0xBF, 0x00, 0x00, 0xBF, 0x00, 0x00, 0xBF, 0x00, 0x00, 0xBF, 0x00, 0x00, 0xBF, 0x00,
    0x00, 0xBF, 0x00, 0x00, 0xBF, 0x00, 0x00, 0xBF, 0x00, 0x00, 0xBF, 0x00, 0x00, 0xBF, 0x00, 0x00,
    0xBF, 0x00, 0x00, 0xBF, 0x00, 0x00, 0xBF, 0x00, 0x00, 0xBF, 0x00, 0x00, 0xBF, 0x00, 0x00, 0xBF,
    0x00, 0x00, 0xBF, 0x00, 0x00, 0xBF, 0x00, 0x00, 0xBF, 0x00, 0x00, 0xBF, 0x00, 0x00, 0xBF, 0x00,
    0x00, 0xBF, 0x00, 0x00, 0xBF, 0x00, 0x00, 0xBF, 0x00, 0x00, 0xBF, 0x00, 0x00, 0xBF, 0x00, 0x00,
    0xBF, 0x00, 0x00, 0xBF, 0x00, 0x00, 0xBF, 0x00, 0x00, 0xBF, 0x00, 0x00, 0xBF, 0x00, 0x00, 0xBF,
    0x00, 0x00, 0xBF, 0x00, 0x00, 0xBF, 0x00, 0x00, 0xBF, 0x00, 0x00, 0xBF, 0x00, 0x00, 0xBF, 0x00,
    0x00, 0xBF, 0x00, 0x00, 0xBF, 0x00, 0x00, 0xBF, 0x00, 0x00, 0xBF, 0x00, 0x00, 0xBF, 0x00, 0x00,
    0xBF, 0x00, 0x00, 0xBF, 0x00, 0x00, 0xBF, 0x00, 0x00, 0xBF, 0x00, 0x00, 0xBF, 0x00, 0x00, 0xBF,
    0x00, 0x00, 0xBF, 0x00, 0x00, 0xBF, 0x00, 0x00, 0xBF, 0x00, 0x00, 0xBF, 0x00, 0x00, 0xBF, 0x00,
    0x00, 0xBF, 0x00, 0x00, 0xBF, 0x00, 0x00, 0xBF, 0x00, 0x00, 0xBF, 0x00, 0x00, 0xBF, 0x00, 0x00,
    0xBF, 0x00, 0x00, 0xBF, 0x00, 0x00, 0xBF, 0x00, 0x00, 0xBF, 0x00, 0x00, 0xBF, 0x00, 0x00, 0xBF,
    0x00, 0x00, 0xBF, 0x00, 0x00, 0xBF, 0x00, 0x00, 0xBF, 0x00, 0x00, 0xBF, 0x00, 0x00, 0xBF, 0x00,
    0x00, 0xBF, 0x00, 0x00, 0xBF, 0x00, 0x00, 0xBF, 0x00, 0x00, 0xBF, 0x00, 0x00, 0xBF, 0x00, 0x00,
    0xBF, 0x00, 0x00, 0xBF, 0x00, 0x00, 0xBF, 0x00, 0x00, 0xBF, 0x00, 0x00, 0xBF, 0x00, 0x00, 0xBF,
    0x00, 0x00, 0xBF, 0x00, 0x00, 0xBF, 0x00, 0x00, 0xBF, 0x00, 0x00, 0xBF, 0x00, 0x00, 0xBF, 0x00,
    0x00, 0xBF, 0x00, 0x00, 0xBF, 0x00, 0x00, 0xBF, 0x00, 0x00, 0xBF, 0x00, 0x00, 0xBF, 0x00, 0x00,
    0xBF, 0x00, 0x00, 0xBF, 0x00, 0x00, 0xBF, 0x00, 0x00, 0xBF, 0x00, 0x00, 0xBF, 0x00, 0x00, 0xBF,
    0x00, 0x00, 0xBF, 0x00, 0x00, 0xBF, 0x00, 0x00, 0xBF, 0x00, 0x00, 0xBF, 0x00, 0x00, 0xBF, 0x00,
    0x00, 0xBF, 0x00, 0x00, 0xBF, 0x00, 0x00, 0xBF, 0x00, 0x00, 0xBF, 0x00, 0x00, 0xBF, 0x00, 0x00,
    0xBF, 0x00, 0x00, 0xBF, 0x00, 0x00, 0xBF, 0x00, 0x00, 0xBF, 0x00, 0x00, 0xBF, 0x00, 0x00, 0xBF,
    0x00, 0x00, 0xBF, 0x00, 0x00, 0xBF, 0x00, 0x00, 0xBF, 0x00, 0x00, 0xBF, 0x00, 0x00, 0xBF, 0x00,
    0x00, 0xBF, 0x00, 0x00, 0xBF, 0x00, 0x00, 0xBF, 0x00, 0x00, 0xBF, 0x00, 0x00, 0xBF, 0x00, 0x00,
    0xBF, 0x00, 0x00, 0xBF, 0x00, 0x00, 0xBF, 0x00, 0x41, 0xC1, 0x4E, 0x5F, 0xFD, 0x4E, 0x7F, 0xFF,
    0x4E, 0x7F, 0xFF, 0x4E, 0x7F, 0xFF, 0x4E, 0x7F, 0xFF, 0x4E, 0x7F, 0xFF, 0x4E, 0x7F, 0xFF, 0x4E,
    0x7F, 0xFF, 0x4E, 0x7F, 0xFF, 0x4E, 0x7F, 0xFF, 0x4E, 0x7F, 0xFF, 0x4E, 0x7F, 0xFF, 0x4E, 0x7F,
    0xFF, 0x4E, 0x7F, 0xFF, 0x4E, 0x7F, 0xFF, 0x4E, 0x7F, 0xFF, 0x4E, 0x7F, 0xFF, 0x4E, 0x7F, 0xFF,
    0x4E, 0x7F, 0xFF, 0x4E, 0x7F, 0xFF, 0x45, 0xFD, 0xFF, 0x02, 0x6E, 0xFF, 0x02, 0x2C, 0xFF, 0x02,
    0x2C, 0xFF, 0x02, 0x2C, 0xFF, 0x02, 0x2C, 0xFF, 0x02, 0x2C, 0xFF, 0x02, 0x2C, 0xFF, 0x13, 0x11,
    0xFF, 0x45, 0xDD, 0xFF, 0x4E, 0x7F, 0xFF, 0x4E, 0x7F, 0xFF, 0x4E, 0x7F, 0xFF, 0x4E, 0x7F, 0xFF,
    0x4E, 0x7F, 0xFF, 0x4E, 0x7F, 0xFF, 0x4E, 0x7F, 0xFF, 0x4E, 0x7F, 0xFF, 0x4E, 0x7F, 0xFF, 0x4E,
    0x7F, 0xFF, 0x4E, 0x7F, 0xFF, 0x4E, 0x7F, 0xFF, 0x4E, 0x7F, 0xFF, 0x4E, 0x7F, 0xFF, 0x4E, 0x7F,
    0xFF, 0x4E, 0x7F, 0xFF, 0x4E, 0x7F, 0xFF, 0x4E, 0x7F, 0xFF, 0x4E, 0x7F, 0xFF, 0x4E, 0x7F, 0xFF,
    0x4E, 0x7F, 0xFF, 0x4E, 0x7F, 0xFF, 0x4E, 0x7F, 0xFF, 0x4E, 0x7F, 0xFF, 0x4E, 0x7F, 0xFF, 0x4E,
    0x7F, 0xFF, 0x4E, 0x7F, 0xFF, 0x4E, 0x7F, 0xFF, 0x4E, 0x7F, 0xFF, 0x4E, 0x7F, 0xFF, 0x4E, 0x7F,
    0xFF, 0x4E, 0x7F, 0xFF, 0x4E, 0x7F, 0xFF, 0x4E, 0x7F, 0xFF, 0x4E, 0x7F, 0xFF, 0x4E, 0x7F, 0xFF,
    0x4E, 0x7F, 0xFF, 0x4E, 0x7F, 0xFF, 0x4E, 0x7F, 0xFF, 0x4E, 0x7F, 0xFF, 0x4E, 0x7F, 0xFF, 0x4E,
    0x7F, 0xFF, 0x4E, 0x7F, 0xFF, 0x4E, 0x7F, 0xFF, 0x4E, 0x7F, 0xFF, 0x4E, 0x7F, 0xFF, 0x4E, 0x7F,
    0xFF, 0x4E, 0x7F, 0xFF, 0x4E, 0x7F, 0xFF, 0x4E, 0x7F, 0xFF, 0x4E, 0x7F, 0xFF, 0x4E, 0x7F, 0xFF,
    0x4E, 0x7F, 0xFF, 0x4E, 0x7F, 0xFF, 0x4E, 0x7F, 0xFF, 0x4E, 0x7F, 0xFF, 0x4E, 0x7F, 0xFF, 0x4E,
    0x7F, 0xFF, 0x4E, 0x7F, 0xFF, 0x4E, 0x7F, 0xFF, 0x4E, 0x7F, 0xFF, 0x4E, 0x7F, 0xFF, 0x4E, 0x7F,
    0xFF, 0x4E, 0x7F, 0xFF, 0x4E, 0x7F, 0xFF, 0x4E, 0x7F, 0xFF, 0x2B, 0xB2, 0xDF, 0x00, 0x00, 0xBF,
    0x00, 0x00, 0xBF, 0x00, 0x00, 0xBF, 0x00, 0x00, 0xBF, 0x00, 0x00, 0xBF, 0x00, 0x00, 0xBF, 0x00,
    0x00, 0xBF, 0x00, 0x00, 0xBF, 0x00, 0x00, 0xBF, 0x00, 0x00, 0xBF, 0x00, 0x00, 0xBF, 0x00, 0x00,
    0xBF, 0x00, 0x00, 0xBF, 0x00, 0x00, 0xBF, 0x00, 0x00, 0xBF, 0x07, 0x42, 0xF8, 0x07, 0xE2, 0xFF,
    0x07, 0xE2, 0xFF, 0x07, 0xE2, 0xFF, 0x07, 0xE2, 0xFF, 0x07, 0xE2, 0xFF, 0x07, 0xE2, 0xFF, 0x07,
    0xE2, 0xFF, 0x07, 0xE2, 0xFF, 0x07, 0xE2, 0xFF, 0x07, 0xE2, 0xFF, 0x07, 0x42, 0xF8, 0x00, 0x00,
    0xBF, 0x00, 0x00, 0xBF, 0x00, 0x00, 0xBF, 0x00, 0x00, 0xBF, 0x00, 0x00, 0xBF, 0x00, 0x00, 0xBF,
    0x00, 0x00, 0xBF, 0x00, 0x00, 0xBF, 0x00, 0x00, 0xBF, 0x00, 0x00, 0xBF, 0x00, 0x00, 0xBF, 0x00,
    0x00, 0xBF, 0x00, 0x00, 0xBF, 0x00, 0x00, 0xBF, 0x00, 0x00, 0xBF, 0x00, 0x00, 0xBF, 0x00, 0x00,
    0xBF, 0x00, 0x00, 0xBF, 0x00, 0x00, 0xBF, 0x00, 0x00, 0xBF, 0x00, 0x00, 0xBF, 0x00, 0x00, 0xBF,
    0x00, 0x00, 0xBF, 0x00, 0x00, 0xBF, 0x00, 0x00, 0xBF, 0x00, 0x00, 0xBF, 0x00, 0x00, 0xBF, 0x00,
    0x00, 0xBF, 0x00, 0x00, 0xBF, 0x00, 0x00, 0xBF, 0x00, 0x00, 0xBF, 0x00, 0x00, 0xBF, 0x00, 0x00,
    0xBF, 0x00, 0x00, 0xBF, 0x00, 0x00, 0xBF, 0x00, 0x00, 0xBF, 0x00, 0x00, 0xBF, 0x00, 0x00, 0xBF,
    0x00, 0x00, 0xBF, 0x00, 0x00, 0xBF, 0x00, 0x00, 0xBF, 0x00, 0x00, 0xBF, 0x00, 0x00, 0xBF, 0x00,
    0x00, 0xBF, 0x00, 0x00, 0xBF, 0x00, 0x00, 0xBF, 0x00, 0x00, 0xBF, 0x00, 0x00, 0xBF, 0x00, 0x00,
    0xBF, 0x00, 0x00, 0xBF, 0x00, 0x00, 0xBF, 0x00, 0x00, 0xBF, 0x00, 0x00, 0xBF, 0x00, 0x00, 0xBF,
    0x00, 0x00, 0xBF, 0x00, 0x00, 0xBF, 0x00, 0x00, 0xBF, 0x00, 0x00, 0xBF, 0x00, 0x00, 0xBF, 0x00,
    0x00, 0xBF, 0x00, 0x00, 0xBF, 0x00, 0x00, 0xBF, 0x00, 0x00, 0xBF, 0x00, 0x00, 0xBF, 0x00, 0x00,
    0xBF, 0x00, 0x00, 0xBF, 0x00, 0x00, 0xBF, 0x00, 0x00, 0xBF, 0x00, 0x00, 0xBF, 0x00, 0x00, 0xBF,
    0x00, 0x00, 0xBF, 0x00, 0x00, 0xBF, 0x00, 0x00, 0xBF, 0x00, 0x00, 0xBF, 0x00, 0x00, 0xBF, 0x00,
    0x00, 0xBF, 0x00, 0x00, 0xBF, 0x00, 0x00, 0xBF, 0x00, 0x00, 0xBF, 0x00, 0x00, 0xBF, 0x00, 0x00,
    0xBF, 0x00, 0x00, 0xBF, 0x00, 0x00, 0xBF, 0x00, 0x00, 0xBF, 0x00, 0x00, 0xBF, 0x00, 0x00, 0xBF,
    0x00, 0x00, 0xBF, 0x00, 0x00, 0xBF, 0x00, 0x00, 0xBF, 0x00, 0x00, 0xBF, 0x00, 0x00, 0xBF, 0x00,
    0x00, 0xBF, 0x00, 0x00, 0xBF, 0x00, 0x00, 0xBF, 0x00, 0x00, 0xBF, 0x00, 0x00, 0xBF, 0x00, 0x00,
    0xBF, 0x00, 0x00, 0xBF, 0x00, 0x00, 0xBF, 0x00, 0x00, 0xBF, 0x00, 0x00, 0xBF, 0x00, 0x00, 0xBF,
    0x00, 0x00, 0xBF, 0x00, 0x00, 0xBF, 0x00, 0x00, 0xBF, 0x00, 0x00, 0xBF, 0x00, 0x00, 0xBF, 0x00,
    0x00, 0xBF, 0x00, 0x00, 0xBF, 0x00, 0x00, 0xBF, 0x00, 0x00, 0xBF, 0x00, 0x00, 0xBF, 0x00, 0x00,
    0xBF, 0x00, 0x00, 0xBF, 0x00, 0x00, 0xBF, 0x00, 0x00, 0xBF, 0x00, 0x00, 0xBF, 0x00, 0x00, 0xBF,
    0x00, 0x00, 0xBF, 0x00, 0x00, 0xBF, 0x00, 0x00, 0xBF, 0x00, 0x00, 0xBF, 0x00, 0x00, 0xBF, 0x00,
    0x00, 0xBF, 0x00, 0x00, 0xBF, 0x00, 0x00, 0xBF, 0x00, 0x00, 0xBF, 0x00, 0x00, 0xBF, 0x00, 0x00,
    0xBF, 0x00, 0x00, 0xBF, 0x00, 0x00, 0xBF, 0x00, 0x00, 0xBF, 0x00, 0x00, 0xBF, 0x00, 0x00, 0xBF,
    0x00, 0x00, 0xBF, 0x00, 0x00, 0xBF, 0x00, 0x00, 0xBF, 0x00, 0x00, 0xBF, 0x00, 0x00, 0xBF, 0x00,
    0x00, 0xBF, 0x00, 0x00, 0xBF, 0x00, 0x00, 0xBF, 0x00, 0x00, 0xBF, 0x00, 0x00, 0xBF, 0x00, 0x00,
    0xBF, 0x00, 0x00, 0xBF, 0x00, 0x00, 0xBF, 0x00, 0x00, 0xBF, 0x00, 0x00, 0xBF, 0x00, 0x00, 0xBF,
    0x00, 0x00, 0xBF, 0x00, 0x00, 0xBF, 0x00, 0x00, 0xBF, 0x00, 0x00, 0xBF, 0x00, 0x00, 0xBF, 0x00,
    0x00, 0xBF, 0x00, 0x00, 0xBF, 0x00, 0x00, 0xBF, 0x00, 0x00, 0xBF, 0x00, 0x00, 0xBF, 0x00, 0x00,
    0xBF, 0x00, 0x00, 0xBF, 0x00, 0x00, 0xBF, 0x00, 0x00, 0xBF, 0x00, 0x00, 0xBF, 0x00, 0x00, 0xBF,
    0x00, 0x00, 0xBF, 0x00, 0x00, 0xBF, 0x00, 0x00, 0xBF, 0x00, 0x00, 0xBF, 0x00, 0x00, 0xBF, 0x00,
    0x00, 0xBF, 0x00, 0x00, 0xBF, 0x00, 0x00, 0xBF, 0x00, 0x00, 0xBF, 0x00, 0x00, 0xBF, 0x00, 0x00,
    0xBF, 0x00, 0x00, 0xBF, 0x00, 0x00, 0xBF, 0x00, 0x00, 0xBF, 0x00, 0x00, 0xBF, 0x00, 0x00, 0xBF,
    0x00, 0x00, 0xBF, 0x00, 0x00, 0xBF, 0x00, 0x00, 0xBF, 0x00, 0x21, 0xC1, 0x4E, 0x1E, 0xFA, 0x4E,
    0x7F, 0xFF, 0x4E, 0x7F, 0xFF, 0x4E, 0x7F, 0xFF, 0x4E, 0x7F, 0xFF, 0x4E, 0x7F, 0xFF, 0x4E, 0x7F,
    0xFF, 0x4E, 0x7F, 0xFF, 0x4E, 0x7F, 0xFF, 0x4E, 0x7F, 0xFF, 0x4E, 0x7F, 0xFF, 0x4E, 0x7F, 0xFF,
    0x4E, 0x7F, 0xFF, 0x4E, 0x7F, 0xFF, 0x4E, 0x7F, 0xFF, 0x4E, 0x7F, 0xFF, 0x4E, 0x7F, 0xFF, 0x4E,
    0x7F, 0xFF, 0x4E, 0x7F, 0xFF, 0x4E, 0x7F, 0xFF, 0x1B, 0xD4, 0xFF, 0x02, 0x2C, 0xFF, 0x02, 0x2C,
    0xFF, 0x02, 0x2C, 0xFF, 0x02, 0x2C, 0xFF, 0x02, 0x2C, 0xFF, 0x02, 0x2C, 0xFF, 0x1B, 0xB3, 0xFF,
    0x4E, 0x3F, 0xFF, 0x4E, 0x7F, 0xFF, 0x4E, 0x7F, 0xFF, 0x4E, 0x7F, 0xFF, 0x4E, 0x7F, 0xFF, 0x4E,
    0x7F, 0xFF, 0x4E, 0x7F, 0xFF, 0x4E, 0x7F, 0xFF, 0x4E, 0x7F, 0xFF, 0x4E, 0x7F, 0xFF, 0x4E, 0x7F,
    0xFF, 0x4E, 0x7F, 0xFF, 0x4E, 0x7F, 0xFF, 0x4E, 0x7F, 0xFF, 0x4E, 0x7F, 0xFF, 0x4E, 0x7F, 0xFF,
    0x4E, 0x7F, 0xFF, 0x4E, 0x7F, 0xFF, 0x4E, 0x7F, 0xFF, 0x4E, 0x7F, 0xFF, 0x4E, 0x7F, 0xFF, 0x4E,
    0x7F, 0xFF, 0x4E, 0x7F, 0xFF, 0x4E, 0x7F, 0xFF, 0x4E, 0x7F, 0xFF, 0x4E, 0x7F, 0xFF, 0x4E, 0x7F,
    0xFF, 0x4E, 0x7F, 0xFF, 0x4E, 0x7F, 0xFF, 0x4E, 0x7F, 0xFF, 0x4E, 0x7F, 0xFF, 0x4E, 0x7F, 0xFF,
    0x4E, 0x7F, 0xFF, 0x4E, 0x7F, 0xFF, 0x4E, 0x7F, 0xFF, 0x4E, 0x7F, 0xFF, 0x4E, 0x7F, 0xFF, 0x4E,
    0x7F, 0xFF, 0x4E, 0x7F, 0xFF, 0x4E, 0x7F, 0xFF, 0x4E, 0x7F, 0xFF, 0x4E, 0x7F, 0xFF, 0x4E, 0x7F,
    0xFF, 0x4E, 0x7F, 0xFF, 0x4E, 0x7F, 0xFF, 0x4E, 0x7F, 0xFF, 0x4E, 0x7F, 0xFF, 0x4E, 0x7F, 0xFF,
    0x4E, 0x7F, 0xFF, 0x4E, 0x7F, 0xFF, 0x4E, 0x7F, 0xFF, 0x4E, 0x7F, 0xFF, 0x4E, 0x7F, 0xFF, 0x4E,
    0x7F, 0xFF, 0x4E, 0x7F, 0xFF, 0x4E, 0x7F, 0xFF, 0x4E, 0x7F, 0xFF, 0x4E, 0x7F, 0xFF, 0x4E, 0x7F,
    0xFF, 0x4E, 0x7F, 0xFF, 0x4E, 0x7F, 0xFF, 0x4E, 0x7F, 0xFF, 0x4E, 0x7F, 0xFF, 0x4E, 0x7F, 0xFF,
    0x4E, 0x7F, 0xFF, 0x4E, 0x7F, 0xFF, 0x4E, 0x7F, 0xFF, 0x4E, 0x7F, 0xFF, 0x2B, 0x70, 0xDC, 0x00,
    0x00, 0xBF, 0x00, 0x00, 0xBF, 0x00, 0x00, 0xBF, 0x00, 0x00, 0xBF, 0x00, 0x00, 0xBF, 0x00, 0x00,
    0xBF, 0x00, 0x00, 0xBF, 0x00, 0x00, 0xBF, 0x00, 0x00, 0xBF, 0x00, 0x00, 0xBF, 0x00, 0x00, 0xBF,
    0x00, 0x00, 0xBF, 0x00, 0x00, 0xBF, 0x00, 0x00, 0xBF, 0x00, 0x00, 0xBF, 0x07, 0x42, 0xF8, 0x07,
    0xE2, 0xFF, 0x07, 0xE2, 0xFF, 0x07, 0xE2, 0xFF, 0x07, 0xE2, 0xFF, 0x07, 0xE2, 0xFF, 0x07, 0xE2,
    0xFF, 0x07, 0xE2, 0xFF, 0x07, 0xE2, 0xFF, 0x07, 0xE2, 0xFF, 0x07, 0xE2, 0xFF, 0x07, 0x42, 0xF8,
    0x00, 0x00, 0xBF, 0x00, 0x00, 0xBF, 0x00, 0x00, 0xBF, 0x00, 0x00, 0xBF, 0x00, 0x00, 0xBF, 0x00,
    0x00, 0xBF, 0x00, 0x00, 0xBF, 0x00, 0x00, 0xBF, 0x00, 0x00, 0xBF, 0x00, 0x00, 0xBF, 0x00, 0x00,
    0xBF, 0x00, 0x00, 0xBF, 0x00, 0x00, 0xBF, 0x00, 0x00, 0xBF, 0x00, 0x00, 0xBF, 0x00, 0x00, 0xBF,
    0x00, 0x00, 0xBF, 0x00, 0x00, 0xBF, 0x00, 0x00, 0xBF, 0x00, 0x00, 0xBF, 0x00, 0x00, 0xBF, 0x00,
    0x00, 0xBF, 0x00, 0x00, 0xBF, 0x00, 0x00, 0xBF, 0x00, 0x00, 0xBF, 0x00, 0x00, 0xBF, 0x00, 0x00,
    0xBF, 0x00, 0x00, 0xBF, 0x00, 0x00, 0xBF, 0x00, 0x00, 0xBF, 0x00, 0x00, 0xBF, 0x00, 0x00, 0xBF,
    0x00, 0x00, 0xBF, 0x00, 0x00, 0xBF, 0x00, 0x00, 0xBF, 0x00, 0x00, 0xBF, 0x00, 0x00, 0xBF, 0x00,
    0x00, 0xBF, 0x00, 0x00, 0xBF, 0x00, 0x00, 0xBF, 0x00, 0x00, 0xBF, 0x00, 0x00, 0xBF, 0x00, 0x00,
    0xBF, 0x00, 0x00, 0xBF, 0x00, 0x00, 0xBF, 0x00, 0x00, 0xBF, 0x00, 0x00, 0xBF, 0x00, 0x00, 0xBF,
    0x00, 0x00, 0xBF, 0x00, 0x00, 0xBF, 0x00, 0x00, 0xBF, 0x00, 0x00, 0xBF, 0x00, 0x00, 0xBF, 0x00,
    0x00, 0xBF, 0x00, 0x00, 0xBF, 0x00, 0x00, 0xBF, 0x00, 0x00, 0xBF, 0x00, 0x00, 0xBF, 0x00, 0x00,
    0xBF, 0x00, 0x00, 0xBF, 0x00, 0x00, 0xBF, 0x00, 0x00, 0xBF, 0x00, 0x00, 0xBF, 0x00, 0x00, 0xBF,
    0x00, 0x00, 0xBF, 0x00, 0x00, 0xBF, 0x00, 0x00, 0xBF, 0x00, 0x00, 0xBF, 0x00, 0x00, 0xBF, 0x00,
    0x00, 0xBF, 0x00, 0x00, 0xBF, 0x00, 0x00, 0xBF, 0x00, 0x00, 0xBF, 0x00, 0x00, 0xBF, 0x00, 0x00,
    0xBF, 0x00, 0x00, 0xBF, 0x00, 0x00, 0xBF, 0x00, 0x00, 0xBF, 0x00, 0x00, 0xBF, 0x00, 0x00, 0xBF,
    0x00, 0x00, 0xBF, 0x00, 0x00, 0xBF, 0x00, 0x00, 0xBF, 0x00, 0x00, 0xBF, 0x00, 0x00, 0xBF, 0x00,
    0x00, 0xBF, 0x00, 0x00, 0xBF, 0x00, 0x00, 0xBF, 0x00, 0x00, 0xBF, 0x00, 0x00, 0xBF, 0x00, 0x00,
    0xBF, 0x00, 0x00, 0xBF, 0x00, 0x00, 0xBF, 0x00, 0x00, 0xBF, 0x00, 0x00, 0xBF, 0x00, 0x00, 0xBF,
    0x00, 0x00, 0xBF, 0x00, 0x00, 0xBF, 0x00, 0x00, 0xBF, 0x00, 0x00, 0xBF, 0x00, 0x00, 0xBF, 0x00,
    0x00, 0xBF, 0x00, 0x00, 0xBF, 0x00, 0x00, 0xBF, 0x00, 0x00, 0xBF, 0x00, 0x00, 0xBF, 0x00, 0x00,
    0xBF, 0x00, 0x00, 0xBF, 0x00, 0x00, 0xBF, 0x00, 0x00, 0xBF, 0x00, 0x00, 0xBF, 0x00, 0x00, 0xBF,
    0x00, 0x00, 0xBF, 0x00, 0x00, 0xBF, 0x00, 0x00, 0xBF, 0x00, 0x00, 0xBF, 0x00, 0x00, 0xBF, 0x00,
    0x00, 0xBF, 0x00, 0x00, 0xBF, 0x00, 0x00, 0xBF, 0x00, 0x00, 0xBF, 0x00, 0x00, 0xBF, 0x00, 0x00,
    0xBF, 0x00, 0x00, 0xBF, 0x00, 0x00, 0xBF, 0x00, 0x00, 0xBF, 0x00, 0x00, 0xBF, 0x00, 0x00, 0xBF,
    0x00, 0x00, 0xBF, 0x00, 0x00, 0xBF, 0x00, 0x00, 0xBF, 0x00, 0x00, 0xBF, 0x00, 0x00, 0xBF, 0x00,
    0x00, 0xBF, 0x00, 0x00, 0xBF, 0x00, 0x00, 0xBF, 0x00, 0x00, 0xBF, 0x00, 0x00, 0xBF, 0x00, 0x00,
    0xBF, 0x00, 0x00, 0xBF, 0x00, 0x00, 0xBF, 0x00, 0x00, 0xBF, 0x00, 0x00, 0xBF, 0x00, 0x00, 0xBF,
    0x00, 0x00, 0xBF, 0x00, 0x00, 0xBF, 0x00, 0x00, 0xBF, 0x00, 0x00, 0xBF, 0x00, 0x00, 0xBF, 0x00,
    0x00, 0xBF, 0x00, 0x00, 0xBF, 0x00, 0x00, 0xBF, 0x00, 0x00, 0xBF, 0x00, 0x00, 0xBF, 0x00, 0x00,
    0xBF, 0x00, 0x00, 0xBF, 0x00, 0x00, 0xBF, 0x00, 0x00, 0xBF, 0x00, 0x00, 0xBF, 0x00, 0x00, 0xBF,
    0x00, 0x00, 0xBF, 0x00, 0x00, 0xBF, 0x00, 0x00, 0xBF, 0x00, 0x00, 0xBF, 0x00, 0x00, 0xBF, 0x00,
    0x00, 0xBF, 0x00, 0x00, 0xBF, 0x00, 0x00, 0xBF, 0x00, 0x00, 0xBF, 0x00, 0x00, 0xBF, 0x00, 0x00,
    0xBF, 0x00, 0x00, 0xBF, 0x00, 0x00, 0xBF, 0x00, 0x00, 0xBF, 0x00, 0x00, 0xBF, 0x00, 0x00, 0xBF,
    0x00, 0x00, 0xBF, 0x00, 0x00, 0xBF, 0x00, 0x00, 0xBF, 0x00, 0x00, 0xBF, 0x00, 0x00, 0xBF, 0x00,
    0x00, 0xBF, 0x00, 0x00, 0xBF, 0x00, 0x00, 0xBF, 0x00, 0x00, 0xBF, 0x00, 0x00, 0xC0, 0x45, 0xDC,
    0xF7, 0x4E, 0x7F, 0xFF, 0x4E, 0x7F, 0xFF, 0x4E, 0x7F, 0xFF, 0x4E, 0x7F, 0xFF, 0x4E, 0x7F, 0xFF,
    0x4E, 0x7F, 0xFF, 0x4E, 0x7F, 0xFF, 0x4E, 0x7F, 0xFF, 0x4E, 0x7F, 0xFF, 0x4E, 0x7F, 0xFF, 0x4E,
    0x7F, 0xFF, 0x4E, 0x7F, 0xFF, 0x4E, 0x7F, 0xFF, 0x4E, 0x7F, 0xFF, 0x4E, 0x7F, 0xFF, 0x4E, 0x7F,
    0xFF, 0x4E, 0x7F, 0xFF, 0x4E, 0x7F, 0xFF, 0x4E, 0x7F, 0xFF, 0x0A, 0xF0, 0xFF, 0x02, 0x2C, 0xFF,
    0x02, 0x2C, 0xFF, 0x02, 0x2C, 0xFF, 0x02, 0x2C, 0xFF, 0x02, 0x2C, 0xFF, 0x1B, 0xB3, 0xFF, 0x4E,
    0x5F, 0xFF, 0x4E, 0x7F, 0xFF, 0x4E, 0x7F, 0xFF, 0x4E, 0x7F, 0xFF, 0x4E, 0x7F, 0xFF, 0x4E, 0x7F,
    0xFF, 0x4E, 0x7F, 0xFF, 0x4E, 0x7F, 0xFF, 0x4E, 0x7F, 0xFF, 0x4E, 0x7F, 0xFF, 0x4E, 0x7F, 0xFF,
    0x4E, 0x7F, 0xFF, 0x4E, 0x7F, 0xFF, 0x4E, 0x7F, 0xFF, 0x4E, 0x7F, 0xFF, 0x4E, 0x7F, 0xFF, 0x4E,
    0x7F, 0xFF, 0x4E, 0x7F, 0xFF, 0x4E, 0x7F, 0xFF, 0x4E, 0x7F, 0xFF, 0x4E, 0x7F, 0xFF, 0x4E, 0x7F,
    0xFF, 0x4E, 0x7F, 0xFF, 0x4E, 0x7F, 0xFF, 0x4E, 0x7F, 0xFF, 0x4E, 0x7F, 0xFF, 0x4E, 0x7F, 0xFF,
    0x4E, 0x7F, 0xFF, 0x4E, 0x7F, 0xFF, 0x4E, 0x7F, 0xFF, 0x4E, 0x7F, 0xFF, 0x4E, 0x7F, 0xFF, 0x4E,
    0x7F, 0xFF, 0x4E, 0x7F, 0xFF, 0x4E, 0x7F, 0xFF, 0x4E, 0x7F, 0xFF, 0x4E, 0x7F, 0xFF, 0x4E, 0x7F,
    0xFF, 0x4E, 0x7F, 0xFF, 0x4E, 0x7F, 0xFF, 0x4E, 0x7F, 0xFF, 0x4E, 0x5F, 0xFF, 0x45, 0xFE, 0xFF,
    0x46, 0x3F, 0xFF, 0x4E, 0x7F, 0xFF, 0x4E, 0x7F, 0xFF, 0x4E, 0x7F, 0xFF, 0x4E, 0x7F, 0xFF, 0x4E,
    0x7F, 0xFF, 0x4E, 0x7F, 0xFF, 0x4E, 0x7F, 0xFF, 0x4E, 0x7F, 0xFF, 0x4E, 0x7F, 0xFF, 0x4E, 0x7F,
    0xFF, 0x4E, 0x7F, 0xFF, 0x4E, 0x7F, 0xFF, 0x4E, 0x7F, 0xFF, 0x4E, 0x7F, 0xFF, 0x4E, 0x7F, 0xFF,
    0x4E, 0x7F, 0xFF, 0x4E, 0x7F, 0xFF, 0x4E, 0x7F, 0xFF, 0x5E, 0x3D, 0xFF, 0x75, 0xB7, 0xFF, 0x85,
    0x54, 0xFF, 0x8D, 0x53, 0xFF, 0x85, 0x75, 0xFF, 0x6D, 0xD9, 0xFF, 0x56, 0x5E, 0xFF, 0x22, 0xEE,
    0xD8, 0x00, 0x00, 0xBF, 0x00, 0x00, 0xBF, 0x00, 0x00, 0xBF, 0x00, 0x00, 0xBF, 0x00, 0x00, 0xBF,
    0x00, 0x00, 0xBF, 0x00, 0x00, 0xBF, 0x00, 0x00, 0xBF, 0x00, 0x00, 0xBF, 0x00, 0x00, 0xBF, 0x00,
    0x00, 0xBF, 0x00, 0x00, 0xBF, 0x00, 0x00, 0xBF, 0x00, 0x00, 0xBF, 0x00, 0x00, 0xBF, 0x07, 0x42,
    0xF8, 0x07, 0xE2, 0xFF, 0x07, 0xE2, 0xFF, 0x07, 0xE2, 0xFF, 0x07, 0xE2, 0xFF, 0x07, 0xE2, 0xFF,
    0x07, 0xE2, 0xFF, 0x07, 0xE2, 0xFF, 0x07, 0xE2, 0xFF, 0x07, 0xE2, 0xFF, 0x07, 0xE2, 0xFF, 0x07,
    0x42, 0xF8, 0x00, 0x00, 0xBF, 0x00, 0x00, 0xBF, 0x00, 0x00, 0xBF, 0x00, 0x00, 0xBF, 0x00, 0x00,
    0xBF, 0x00, 0x00, 0xBF, 0x00, 0x00, 0xBF, 0x00, 0x00, 0xBF, 0x00, 0x00, 0xBF, 0x00, 0x00, 0xBF,
    0x00, 0x00, 0xBF, 0x00, 0x00, 0xBF, 0x00, 0x00, 0xBF, 0x00, 0x00, 0xBF, 0x00, 0x00, 0xBF, 0x00,
    0x00, 0xBF, 0x00, 0x00, 0xBF, 0x00, 0x00, 0xBF, 0x00, 0x00, 0xBF, 0x00, 0x00, 0xBF, 0x00, 0x00,
    0xBF, 0x00, 0x00, 0xBF, 0x00, 0x00, 0xBF, 0x00, 0x00, 0xBF, 0x00, 0x00, 0xBF, 0x00, 0x00, 0xBF,
    0x00, 0x00, 0xBF, 0x00, 0x00, 0xBF, 0x00, 0x00, 0xBF, 0x00, 0x00, 0xBF, 0x00, 0x00, 0xBF, 0x00,
    0x00, 0xBF, 0x00, 0x00, 0xBF, 0x00, 0x00, 0xBF, 0x00, 0x00, 0xBF, 0x00, 0x00, 0xBF, 0x00, 0x00,
    0xBF, 0x00, 0x00, 0xBF, 0x00, 0x00, 0xBF, 0x00, 0x00, 0xBF, 0x00, 0x00, 0xBF, 0x00, 0x00, 0xBF,
    0x00, 0x00, 0xBF, 0x00, 0x00, 0xBF, 0x00, 0x00, 0xBF, 0x00, 0x00, 0xBF, 0x00, 0x00, 0xBF, 0x00,
    0x00, 0xBF, 0x00, 0x00, 0xBF, 0x00, 0x00, 0xBF, 0x00, 0x00, 0xBF, 0x00, 0x00, 0xBF, 0x00, 0x00,
    0xBF, 0x00, 0x00, 0xBF, 0x00, 0x00, 0xBF, 0x00, 0x00, 0xBF, 0x00, 0x00, 0xBF, 0x00, 0x00, 0xBF,
    0x00, 0x00, 0xBF, 0x00, 0x00, 0xBF, 0x00, 0x00, 0xBF, 0x00, 0x00, 0xBF, 0x00, 0x00, 0xBF, 0x00,
    0x00, 0xBF, 0x00, 0x00, 0xBF, 0x00, 0x00, 0xBF, 0x00, 0x00, 0xBF, 0x00, 0x00, 0xBF, 0x00, 0x00,
    0xBF, 0x00, 0x00, 0xBF, 0x00, 0x00, 0xBF, 0x00, 0x00, 0xBF, 0x00, 0x00, 0xBF, 0x00, 0x00, 0xBF,
    0x00, 0x00, 0xBF, 0x00, 0x00, 0xBF, 0x00, 0x00, 0xBF, 0x00, 0x00, 0xBF, 0x00, 0x00, 0xBF, 0x00,
    0x00, 0xBF, 0x00, 0x00, 0xBF, 0x00, 0x00, 0xBF, 0x00, 0x00, 0xBF, 0x00, 0x00, 0xBF, 0x00, 0x00,
    0xBF, 0x00, 0x00, 0xBF, 0x00, 0x00, 0xBF, 0x00, 0x00, 0xBF, 0x00, 0x00, 0xBF, 0x00, 0x00, 0xBF,
    0x00, 0x00, 0xBF, 0x00, 0x00, 0xBF, 0x00, 0x00, 0xBF, 0x00, 0x00, 0xBF, 0x00, 0x00, 0xBF, 0x00,
    0x00, 0xBF, 0x00, 0x00, 0xBF, 0x00, 0x00, 0xBF, 0x00, 0x00, 0xBF, 0x00, 0x00, 0xBF, 0x00, 0x00,
    0xBF, 0x00, 0x00, 0xBF, 0x00, 0x00, 0xBF, 0x00, 0x00, 0xBF, 0x00, 0x00, 0xBF, 0x00, 0x00, 0xBF,
    0x00, 0x00, 0xBF, 0x00, 0x00, 0xBF, 0x00, 0x00, 0xBF, 0x00, 0x00, 0xBF, 0x00, 0x00, 0xBF, 0x00,
    0x00, 0xBF, 0x00, 0x00, 0xBF, 0x00, 0x00, 0xBF, 0x00, 0x00, 0xBF, 0x00, 0x00, 0xBF, 0x00, 0x00,
    0xBF, 0x00, 0x00, 0xBF, 0x00, 0x00, 0xBF, 0x00, 0x00, 0xBF, 0x00, 0x00, 0xBF, 0x00, 0x00, 0xBF,
    0x00, 0x00, 0xBF, 0x00, 0x00, 0xBF, 0x00, 0x00, 0xBF, 0x00, 0x00, 0xBF, 0x00, 0x00, 0xBF, 0x00,
    0x00, 0xBF, 0x00, 0x00, 0xBF, 0x00, 0x00, 0xBF, 0x00, 0x00, 0xBF, 0x00, 0x00, 0xBF, 0x00, 0x00,
    0xBF, 0x00, 0x00, 0xBF, 0x00, 0x00, 0xBF, 0x00, 0x00, 0xBF, 0x00, 0x00, 0xBF, 0x00, 0x00, 0xBF,
    0x00, 0x00, 0xBF, 0x00, 0x00, 0xBF, 0x00, 0x00, 0xBF, 0x00, 0x00, 0xBF, 0x00, 0x00, 0xBF, 0x00,
    0x00, 0xBF, 0x00, 0x00, 0xBF, 0x00, 0x00, 0xBF, 0x00, 0x00, 0xBF, 0x00, 0x00, 0xBF, 0x00, 0x00,
    0xBF, 0x00, 0x00, 0xBF, 0x00, 0x00, 0xBF, 0x00, 0x00, 0xBF, 0x00, 0x00, 0xBF, 0x00, 0x00, 0xBF,
    0x00, 0x00, 0xBF, 0x00, 0x00, 0xBF, 0x00, 0x00, 0xBF, 0x00, 0x00, 0xBF, 0x00, 0x00, 0xBF, 0x00,
    0x00, 0xBF, 0x00, 0x00, 0xBF, 0x00, 0x00, 0xBF, 0x00, 0x00, 0xBF, 0x00, 0x00, 0xBF, 0x00, 0x00,
    0xBF, 0x00, 0x00, 0xBF, 0x00, 0x00, 0xBF, 0x00, 0x00, 0xBF, 0x00, 0x00, 0xBF, 0x00, 0x00, 0xBF,
    0x00, 0x00, 0xBF, 0x00, 0x00, 0xBF, 0x00, 0x00, 0xBF, 0x00, 0x00, 0xBF, 0x00, 0x00, 0xBF, 0x00,
    0x00, 0xBF, 0x00, 0x00, 0xBF, 0x00, 0x00, 0xBF, 0x00, 0x00, 0xBF, 0x00, 0x00, 0xBF, 0x00, 0x00,
    0xBF, 0x00, 0x00, 0xBF, 0x00, 0x00, 0xBF, 0x00, 0x00, 0xBF, 0x00, 0x00, 0xBF, 0x00, 0x00, 0xBF,
    0x45, 0x5A, 0xF2, 0x4E, 0x7F, 0xFF, 0x4E, 0x7F, 0xFF, 0x4E, 0x7F, 0xFF, 0x4E, 0x7F, 0xFF, 0x4E,
    0x7F, 0xFF, 0x4E, 0x7F, 0xFF, 0x4E, 0x7F, 0xFF, 0x4E, 0x7F, 0xFF, 0x4E, 0x7F, 0xFF, 0x4E, 0x7F,
    0xFF, 0x4E, 0x7F, 0xFF, 0x4E, 0x7F, 0xFF, 0x4E, 0x7F, 0xFF, 0x4E, 0x7F, 0xFF, 0x4E, 0x7F, 0xFF,
    0x4E, 0x7F, 0xFF, 0x4E, 0x7F, 0xFF, 0x4E, 0x7F, 0xFF, 0x4E, 0x7F, 0xFF, 0x1B, 0xB3, 0xFF, 0x02,
    0x2C, 0xFF, 0x02, 0x2C, 0xFF, 0x02, 0x2C, 0xFF, 0x02, 0x2C, 0xFF, 0x13, 0x10, 0xFF, 0x4E, 0x3F,
    0xFF, 0x4E, 0x7F, 0xFF, 0x4E, 0x7F, 0xFF, 0x4E, 0x7F, 0xFF, 0x4E, 0x7F, 0xFF, 0x4E, 0x7F, 0xFF,
    0x4E, 0x7F, 0xFF, 0x4E, 0x7F, 0xFF, 0x4E, 0x7F, 0xFF, 0x4E, 0x7F, 0xFF, 0x4E, 0x7F, 0xFF, 0x4E,
    0x7F, 0xFF, 0x4E, 0x7F, 0xFF, 0x4E, 0x7F, 0xFF, 0x4E, 0x7F, 0xFF, 0x4E, 0x7F, 0xFF, 0x4E, 0x7F,
    0xFF, 0x4E, 0x7F, 0xFF, 0x4E, 0x7F, 0xFF, 0x4E, 0x7F, 0xFF, 0x4E, 0x7F, 0xFF, 0x4E, 0x7F, 0xFF,
    0x4E, 0x7F, 0xFF, 0x4E, 0x7F, 0xFF, 0x4E, 0x7F, 0xFF, 0x4E, 0x7F, 0xFF, 0x4E, 0x7F, 0xFF, 0x4E,
    0x7F, 0xFF, 0x4E, 0x7F, 0xFF, 0x4E, 0x7F, 0xFF, 0x4E, 0x7F, 0xFF, 0x4E, 0x7F, 0xFF, 0x4E, 0x7F,
    0xFF, 0x4E, 0x7F, 0xFF, 0x4E, 0x7F, 0xFF, 0x4E, 0x7F, 0xFF, 0x4E, 0x7F, 0xFF, 0x4E, 0x7F, 0xFF,
    0x4E, 0x7F, 0xFF, 0x4E, 0x7F, 0xFF, 0x4E, 0x7F, 0xFF, 0x46, 0x1E, 0xFF, 0x35, 0x5C, 0xFF, 0x2D,
    0x3C, 0xFF, 0x2D, 0x3C, 0xFF, 0x45, 0xFE, 0xFF, 0x4E, 0x7F, 0xFF, 0x4E, 0x7F, 0xFF, 0x4E, 0x7F,
    0xFF, 0x4E, 0x7F, 0xFF, 0x4E, 0x7F, 0xFF, 0x4E, 0x7F, 0xFF, 0x4E, 0x7F, 0xFF, 0x4E, 0x7F, 0xFF,
    0x4E, 0x7F, 0xFF, 0x4E, 0x7F, 0xFF, 0x4E, 0x7F, 0xFF, 0x4E, 0x7F, 0xFF, 0x4E, 0x7F, 0xFF, 0x4E,
    0x7F, 0xFF, 0x4E, 0x7F, 0xFF, 0x6D, 0xFA, 0xFF, 0xA4, 0xCE, 0xFF, 0xC4, 0x47, 0xFF, 0xC4, 0x47,
    0xFF, 0xC4, 0x47, 0xFF, 0xC4, 0x47, 0xFF, 0xC4, 0x47, 0xFF, 0xC4, 0x47, 0xFF, 0xBC, 0x69, 0xFF,
    0x7B, 0x27, 0xE8, 0x10, 0x60, 0xC4, 0x00, 0x00, 0xBF, 0x00, 0x00, 0xBF, 0x00, 0x00, 0xBF, 0x00,
    0x00, 0xBF, 0x00, 0x00, 0xBF, 0x00, 0x00, 0xBF, 0x00, 0x00, 0xBF, 0x00, 0x00, 0xBF, 0x00, 0x00,
    0xBF, 0x00, 0x00, 0xBF, 0x00, 0x00, 0xBF, 0x00, 0x00, 0xBF, 0x00, 0x00, 0xBF, 0x00, 0x00, 0xBF,
    0x07, 0x42, 0xF8, 0x07, 0xE2, 0xFF, 0x07, 0xE2, 0xFF, 0x07, 0xE2, 0xFF, 0x07, 0xE2, 0xFF, 0x07,
    0xE2, 0xFF, 0x07, 0xE2, 0xFF, 0x07, 0xE2, 0xFF, 0x07, 0xE2, 0xFF, 0x07, 0xE2, 0xFF, 0x07, 0xE2,
    0xFF, 0x07, 0x42, 0xF8, 0x00, 0x00, 0xBF, 0x00, 0x00, 0xBF, 0x00, 0x00, 0xBF, 0x00, 0x00, 0xBF,
    0x00, 0x00, 0xBF, 0x00, 0x00, 0xBF, 0x00, 0x00, 0xBF, 0x00, 0x00, 0xBF, 0x00, 0x00, 0xBF, 0x00,
    0x00, 0xBF, 0x00, 0x00, 0xBF, 0x00, 0x00, 0xBF, 0x00, 0x00, 0xBF, 0x00, 0x00, 0xBF, 0x00, 0x00,
    0xBF, 0x00, 0x00, 0xBF, 0x00, 0x00, 0xBF, 0x00, 0x00, 0xBF, 0x00, 0x00, 0xBF, 0x00, 0x00, 0xBF,
    0x00, 0x00, 0xBF, 0x00, 0x00, 0xBF, 0x00, 0x00, 0xBF, 0x00, 0x00, 0xBF, 0x00, 0x00, 0xBF, 0x00,
    0x00, 0xBF, 0x00, 0x00, 0xBF, 0x00, 0x00, 0xBF, 0x00, 0x00, 0xBF, 0x00, 0x00, 0xBF, 0x00, 0x00,
    0xBF, 0x00, 0x00, 0xBF, 0x00, 0x00, 0xBF, 0x00, 0x00, 0xBF, 0x00, 0x00, 0xBF, 0x00, 0x00, 0xBF,
    0x00, 0x00, 0xBF, 0x00, 0x00, 0xBF, 0x00, 0x00, 0xBF, 0x00, 0x00, 0xBF, 0x00, 0x00, 0xBF, 0x00,
    0x00, 0xBF, 0x00, 0x00, 0xBF, 0x00, 0x00, 0xBF, 0x00, 0x00, 0xBF, 0x00, 0x00, 0xBF, 0x00, 0x00,
    0xBF, 0x00, 0x00, 0xBF, 0x00, 0x00, 0xBF, 0x00, 0x00, 0xBF, 0x00, 0x00, 0xBF, 0x00, 0x00, 0xBF,
    0x00, 0x00, 0xBF, 0x00, 0x00, 0xBF, 0x00, 0x00, 0xBF, 0x00, 0x00, 0xBF, 0x00, 0x00, 0xBF, 0x00,
    0x00, 0xBF, 0x00, 0x00, 0xBF, 0x00, 0x00, 0xBF, 0x00, 0x00, 0xBF, 0x00, 0x00, 0xBF, 0x00, 0x00,
    0xBF, 0x00, 0x00, 0xBF, 0x00, 0x00, 0xBF, 0x00, 0x00, 0xBF, 0x00, 0x00, 0xBF, 0x00, 0x00, 0xBF,
    0x00, 0x00, 0xBF, 0x00, 0x00, 0xBF, 0x00, 0x00, 0xBF, 0x00, 0x00, 0xBF, 0x00, 0x00, 0xBF, 0x00,
    0x00, 0xBF, 0x00, 0x00, 0xBF, 0x00, 0x00, 0xBF, 0x00, 0x00, 0xBF, 0x00, 0x00, 0xBF, 0x00, 0x00,
    0xBF, 0x00, 0x00, 0xBF, 0x00, 0x00, 0xBF, 0x00, 0x00, 0xBF, 0x00, 0x00, 0xBF, 0x00, 0x00, 0xBF,
    0x00, 0x00, 0xBF, 0x00, 0x00, 0xBF, 0x00, 0x00, 0xBF, 0x00, 0x00, 0xBF, 0x00, 0x00, 0xBF, 0x00,
    0x00, 0xBF, 0x00, 0x00, 0xBF, 0x00, 0x00, 0xBF, 0x00, 0x00, 0xBF, 0x00, 0x00, 0xBF, 0x00, 0x00,
    0xBF, 0x00, 0x00, 0xBF, 0x00, 0x00, 0xBF, 0x00, 0x00, 0xBF, 0x00, 0x00, 0xBF, 0x00, 0x00, 0xBF,
    0x00, 0x00, 0xBF, 0x00, 0x00, 0xBF, 0x00, 0x00, 0xBF, 0x00, 0x00, 0xBF, 0x00, 0x00, 0xBF, 0x00,
    0x00, 0xBF, 0x00, 0x00, 0xBF, 0x00, 0x00, 0xBF, 0x00, 0x00, 0xBF, 0x00, 0x00, 0xBF, 0x00, 0x00,
    0xBF, 0x00, 0x00, 0xBF, 0x00, 0x00, 0xBF, 0x00, 0x00, 0xBF, 0x00, 0x00, 0xBF, 0x00, 0x00, 0xBF,
    0x00, 0x00, 0xBF, 0x00, 0x00, 0xBF, 0x00, 0x00, 0xBF, 0x00, 0x00, 0xBF, 0x00, 0x00, 0xBF, 0x00,
    0x00, 0xBF, 0x00, 0x00, 0xBF, 0x00, 0x00, 0xBF, 0x00, 0x00, 0xBF, 0x00, 0x00, 0xBF, 0x00, 0x00,
    0xBF, 0x00, 0x00, 0xBF, 0x00, 0x00, 0xBF, 0x00, 0x00, 0xBF, 0x00, 0x00, 0xBF, 0x00, 0x00, 0xBF,
    0x00, 0x00, 0xBF, 0x00, 0x00, 0xBF, 0x00, 0x00, 0xBF, 0x00, 0x00, 0xBF, 0x00, 0x00, 0xBF, 0x00,
    0x00, 0xBF, 0x00, 0x00, 0xBF, 0x00, 0x00, 0xBF, 0x00, 0x00, 0xBF, 0x00, 0x00, 0xBF, 0x00, 0x00,
    0xBF, 0x00, 0x00, 0xBF, 0x00, 0x00, 0xBF, 0x00, 0x00, 0xBF, 0x00, 0x00, 0xBF, 0x00, 0x00, 0xBF,
    0x00, 0x00, 0xBF, 0x00, 0x00, 0xBF, 0x00, 0x00, 0xBF, 0x00, 0x00, 0xBF, 0x00, 0x00, 0xBF, 0x00,
    0x00, 0xBF, 0x00, 0x00, 0xBF, 0x00, 0x00, 0xBF, 0x00, 0x00, 0xBF, 0x00, 0x00, 0xBF, 0x00, 0x00,
    0xBF, 0x00, 0x00, 0xBF, 0x00, 0x00, 0xBF, 0x00, 0x00, 0xBF, 0x00, 0x00, 0xBF, 0x00, 0x00, 0xBF,
    0x00, 0x00, 0xBF, 0x00, 0x00, 0xBF, 0x00, 0x00, 0xBF, 0x00, 0x00, 0xBF, 0x00, 0x00, 0xBF, 0x00,
    0x00, 0xBF, 0x00, 0x00, 0xBF, 0x00, 0x00, 0xBF, 0x00, 0x00, 0xBF, 0x00, 0x00, 0xBF, 0x00, 0x00,
    0xBF, 0x00, 0x00, 0xBF, 0x00, 0x00, 0xBF, 0x00, 0x00, 0xBF, 0x00, 0x00, 0xBF, 0x00, 0x00, 0xBF,
    0x00, 0x00, 0xBF, 0x00, 0x00, 0xBF, 0x00, 0x00, 0xBF, 0x00, 0x00, 0xBF, 0x00, 0x00, 0xBF, 0x00,
    0x00, 0xBF, 0x3C, 0xB7, 0xEB, 0x4E, 0x7F, 0xFF, 0x4E, 0x7F, 0xFF, 0x4E, 0x7F, 0xFF, 0x4E, 0x7F,
    0xFF, 0x4E, 0x7F, 0xFF, 0x4E, 0x7F, 0xFF, 0x4E, 0x7F, 0xFF, 0x4E, 0x7F, 0xFF, 0x4E, 0x7F, 0xFF,
    0x4E, 0x7F, 0xFF, 0x4E, 0x7F, 0xFF, 0x4E, 0x7F, 0xFF, 0x4E, 0x7F, 0xFF, 0x4E, 0x7F, 0xFF, 0x4E,
    0x7F, 0xFF, 0x4E, 0x7F, 0xFF, 0x4E, 0x7F, 0xFF, 0x4E, 0x7F, 0xFF, 0x4E, 0x7F, 0xFF, 0x45, 0xDD,
    0xFF, 0x0A, 0xAF, 0xFF, 0x02, 0x2C, 0xFF, 0x02, 0x2C, 0xFF, 0x0A, 0xAF, 0xFF, 0x45, 0xDD, 0xFF,
    0x4E, 0x7F, 0xFF, 0x4E, 0x7F, 0xFF, 0x4E, 0x7F, 0xFF, 0x4E, 0x7F, 0xFF, 0x4E, 0x7F, 0xFF, 0x4E,
    0x7F, 0xFF, 0x4E, 0x7F, 0xFF, 0x4E, 0x7F, 0xFF, 0x4E, 0x7F, 0xFF, 0x4E, 0x7F, 0xFF, 0x4E, 0x7F,
    0xFF, 0x4E, 0x7F, 0xFF, 0x4E, 0x7F, 0xFF, 0x4E, 0x7F, 0xFF, 0x4E, 0x7F, 0xFF, 0x4E, 0x7F, 0xFF,
    0x4E, 0x7F, 0xFF, 0x4E, 0x7F, 0xFF, 0x4E, 0x7F, 0xFF, 0x4E, 0x7F, 0xFF, 0x4E, 0x7F, 0xFF, 0x4E,
    0x7F, 0xFF, 0x4E, 0x7F, 0xFF, 0x4E, 0x7F, 0xFF, 0x4E, 0x7F, 0xFF, 0x4E, 0x7F, 0xFF, 0x4E, 0x7F,
    0xFF, 0x4E, 0x7F, 0xFF, 0x4E, 0x7F, 0xFF, 0x4E, 0x7F, 0xFF, 0x4E, 0x7F, 0xFF, 0x4E, 0x7F, 0xFF,
    0x4E, 0x7F, 0xFF, 0x4E, 0x7F, 0xFF, 0x4E, 0x7F, 0xFF, 0x4E, 0x7F, 0xFF, 0x4E, 0x7F, 0xFF, 0x4E,
    0x7F, 0xFF, 0x4E, 0x7F, 0xFF, 0x4E, 0x7F, 0xFF, 0x45, 0xFE, 0xFF, 0x2D, 0x3C, 0xFF, 0x2D, 0x3C,
    0xFF, 0x2D, 0x3C, 0xFF, 0x2D, 0x3C, 0xFF, 0x35, 0x7D, 0xFF, 0x4E, 0x7F, 0xFF, 0x4E, 0x7F, 0xFF,
    0x4E, 0x7F, 0xFF, 0x4E, 0x7F, 0xFF, 0x4E, 0x7F, 0xFF, 0x4E, 0x7F, 0xFF, 0x4E, 0x7F, 0xFF, 0x4E,
    0x7F, 0xFF, 0x4E, 0x7F, 0xFF, 0x4E, 0x7F, 0xFF, 0x4E, 0x7F, 0xFF, 0x4E, 0x7F, 0xFF, 0x4E, 0x7F,
    0xFF, 0x4E, 0x5F, 0xFF, 0x8D, 0x32, 0xFF, 0xC4, 0x47, 0xFF, 0xC4, 0x47, 0xFF, 0xC4, 0x47, 0xFF,
    0xC4, 0x47, 0xFF, 0xC4, 0x47, 0xFF, 0xC4, 0x47, 0xFF, 0xC4, 0x47, 0xFF, 0xC4, 0x47, 0xFF, 0xC4,
    0x47, 0xFF, 0xC4, 0x47, 0xFF, 0xB3, 0xE6, 0xF9, 0x41, 0x62, 0xD0, 0x00, 0x00, 0xBF, 0x00, 0x00,
    0xBF, 0x00, 0x00, 0xBF, 0x00, 0x00, 0xBF, 0x00, 0x00, 0xBF, 0x00, 0x00, 0xBF, 0x00, 0x00, 0xBF,
    0x00, 0x00, 0xBF, 0x00, 0x00, 0xBF, 0x00, 0x00, 0xBF, 0x00, 0x00, 0xBF, 0x00, 0x00, 0xBF, 0x00,
    0x00, 0xBF, 0x07, 0x42, 0xF8, 0x07, 0xE2, 0xFF, 0x07, 0xE2, 0xFF, 0x07, 0xE2, 0xFF, 0x07, 0xE2,
    0xFF, 0x07, 0xE2, 0xFF, 0x07, 0xE2, 0xFF, 0x07, 0xE2, 0xFF, 0x07, 0xE2, 0xFF, 0x07, 0xE2, 0xFF,
    0x07, 0xE2, 0xFF, 0x07, 0x42, 0xF8, 0x00, 0x00, 0xBF, 0x00, 0x00, 0xBF, 0x00, 0x00, 0xBF, 0x00,
    0x00, 0xBF, 0x00, 0x00, 0xBF, 0x00, 0x00, 0xBF, 0x00, 0x00, 0xBF, 0x00, 0x00, 0xBF, 0x00, 0x00,
    0xBF, 0x00, 0x00, 0xBF, 0x00, 0x00, 0xBF, 0x00, 0x00, 0xBF, 0x00, 0x00, 0xBF, 0x00, 0x00, 0xBF,
    0x00, 0x00, 0xBF, 0x00, 0x00, 0xBF, 0x00, 0x00, 0xBF, 0x00, 0x00, 0xBF, 0x00, 0x00, 0xBF, 0x00,
    0x00, 0xBF, 0x00, 0x00, 0xBF, 0x00, 0x00, 0xBF, 0x00, 0x00, 0xBF, 0x00, 0x00, 0xBF, 0x00, 0x00,
    0xBF, 0x00, 0x00, 0xBF, 0x00, 0x00, 0xBF, 0x00, 0x00, 0xBF, 0x00, 0x00, 0xBF, 0x00, 0x00, 0xBF,
    0x00, 0x00, 0xBF, 0x00, 0x00, 0xBF, 0x00, 0x00, 0xBF, 0x00, 0x00, 0xBF, 0x00, 0x00, 0xBF, 0x00,
    0x00, 0xBF, 0x00, 0x00, 0xBF, 0x00, 0x00, 0xBF, 0x00, 0x00, 0xBF, 0x00, 0x00, 0xBF, 0x00, 0x00,
    0xBF, 0x00, 0x00, 0xBF, 0x00, 0x00, 0xBF, 0x00, 0x00, 0xBF, 0x00, 0x00, 0xBF, 0x00, 0x00, 0xBF,
    0x00, 0x00, 0xBF, 0x00, 0x00, 0xBF, 0x00, 0x00, 0xBF, 0x00, 0x00, 0xBF, 0x00, 0x00, 0xBF, 0x00,
    0x00, 0xBF, 0x00, 0x00, 0xBF, 0x00, 0x00, 0xBF, 0x00, 0x00, 0xBF, 0x00, 0x00, 0xBF, 0x00, 0x00,
    0xBF, 0x00, 0x00, 0xBF, 0x00, 0x00, 0xBF, 0x00, 0x00, 0xBF, 0x00, 0x00, 0xBF, 0x00, 0x00, 0xBF,
    0x00, 0x00, 0xBF, 0x00, 0x00, 0xBF, 0x00, 0x00, 0xBF, 0x00, 0x00, 0xBF, 0x00, 0x00, 0xBF, 0x00,
    0x00, 0xBF, 0x00, 0x00, 0xBF, 0x00, 0x00, 0xBF, 0x00, 0x00, 0xBF, 0x00, 0x00, 0xBF, 0x00, 0x00,
    0xBF, 0x00, 0x00, 0xBF, 0x00, 0x00, 0xBF, 0x00, 0x00, 0xBF, 0x00, 0x00, 0xBF, 0x00, 0x00, 0xBF,
    0x00, 0x00, 0xBF, 0x00, 0x00, 0xBF, 0x00, 0x00, 0xBF, 0x00, 0x00, 0xBF, 0x00, 0x00, 0xBF, 0x00,
    0x00, 0xBF, 0x00, 0x00, 0xBF, 0x00, 0x00, 0xBF, 0x00, 0x00, 0xBF, 0x00, 0x00, 0xBF, 0x00, 0x00,
    0xBF, 0x00, 0x00, 0xBF, 0x00, 0x00, 0xBF, 0x00, 0x00, 0xBF, 0x00, 0x00, 0xBF, 0x00, 0x00, 0xBF,
    0x00, 0x00, 0xBF, 0x00, 0x00, 0xBF, 0x00, 0x00, 0xBF, 0x00, 0x00, 0xBF, 0x00, 0x00, 0xBF, 0x00,
    0x00, 0xBF, 0x00, 0x00, 0xBF, 0x00, 0x00, 0xBF, 0x00, 0x00, 0xBF, 0x00, 0x00, 0xBF, 0x00, 0x00,
    0xBF, 0x00, 0x00, 0xBF, 0x00, 0x00, 0xBF, 0x00, 0x00, 0xBF, 0x00, 0x00, 0xBF, 0x00, 0x00, 0xBF,
    0x00, 0x00, 0xBF, 0x00, 0x00, 0xBF, 0x00, 0x00, 0xBF, 0x00, 0x00, 0xBF, 0x00, 0x00, 0xBF, 0x00,
    0x00, 0xBF, 0x00, 0x00, 0xBF, 0x00, 0x00, 0xBF, 0x00, 0x00, 0xBF, 0x00, 0x00, 0xBF, 0x00, 0x00,
    0xBF, 0x00, 0x00, 0xBF, 0x00, 0x00, 0xBF, 0x00, 0x00, 0xBF, 0x00, 0x00, 0xBF, 0x00, 0x00, 0xBF,
    0x00, 0x00, 0xBF, 0x00, 0x00, 0xBF, 0x00, 0x00, 0xBF, 0x00, 0x00, 0xBF, 0x00, 0x00, 0xBF, 0x00,
    0x00, 0xBF, 0x00, 0x00, 0xBF, 0x00, 0x00, 0xBF, 0x00, 0x00, 0xBF, 0x00, 0x00, 0xBF, 0x00, 0x00,
    0xBF, 0x00, 0x00, 0xBF, 0x00, 0x00, 0xBF, 0x00, 0x00, 0xBF, 0x00, 0x00, 0xBF, 0x00, 0x00, 0xBF,
    0x00, 0x00, 0xBF, 0x00, 0x00, 0xBF, 0x00, 0x00, 0xBF, 0x00, 0x00, 0xBF, 0x00, 0x00, 0xBF, 0x00,
    0x00, 0xBF, 0x00, 0x00, 0xBF, 0x00, 0x00, 0xBF, 0x00, 0x00, 0xBF, 0x00, 0x00, 0xBF, 0x00, 0x00,
    0xBF, 0x00, 0x00, 0xBF, 0x00, 0x00, 0xBF, 0x00, 0x00, 0xBF, 0x00, 0x00, 0xBF, 0x00, 0x00, 0xBF,
    0x00, 0x00, 0xBF, 0x00, 0x00, 0xBF, 0x00, 0x00, 0xBF, 0x00, 0x00, 0xBF, 0x00, 0x00, 0xBF, 0x00,
    0x00, 0xBF, 0x00, 0x00, 0xBF, 0x00, 0x00, 0xBF, 0x00, 0x00, 0xBF, 0x00, 0x00, 0xBF, 0x00, 0x00,
    0xBF, 0x00, 0x00, 0xBF, 0x00, 0x00, 0xBF, 0x00, 0x00, 0xBF, 0x00, 0x00, 0xBF, 0x00, 0x00, 0xBF,
    0x00, 0x00, 0xBF, 0x00, 0x00, 0xBF, 0x00, 0x00, 0xBF, 0x00, 0x00, 0xBF, 0x00, 0x00, 0xBF, 0x00,
    0x00, 0xBF, 0x00, 0x00, 0xBF, 0x00, 0x00, 0xBF, 0x00, 0x00, 0xBF, 0x00, 0x00, 0xBF, 0x00, 0x00,
    0xBF, 0x00, 0x00, 0xBF, 0x2B, 0xF3, 0xE2, 0x4E, 0x7F, 0xFF, 0x4E, 0x7F, 0xFF, 0x4E, 0x7F, 0xFF,
    0x4E, 0x7F, 0xFF, 0x4E, 0x7F, 0xFF, 0x4E, 0x7F, 0xFF, 0x4E, 0x7F, 0xFF, 0x4E, 0x7F, 0xFF, 0x4E,
    0x7F, 0xFF, 0x4E, 0x7F, 0xFF, 0x4E, 0x7F, 0xFF, 0x4E, 0x7F, 0xFF, 0x4E, 0x7F, 0xFF, 0x4E, 0x7F,
    0xFF, 0x4E, 0x7F, 0xFF, 0x4E, 0x7F, 0xFF, 0x4E, 0x7F, 0xFF, 0x4E, 0x7F, 0xFF, 0x4E, 0x7F, 0xFF,
    0x4E, 0x7F, 0xFF, 0x4E, 0x3F, 0xFF, 0x35, 0x19, 0xFF, 0x35, 0x19, 0xFF, 0x4E, 0x3E, 0xFF, 0x4E,
    0x7F, 0xFF, 0x4E, 0x7F, 0xFF, 0x4E, 0x7F, 0xFF, 0x4E, 0x7F, 0xFF, 0x4E, 0x7F, 0xFF, 0x4E, 0x7F,
    0xFF, 0x4E, 0x7F, 0xFF, 0x4E, 0x7F, 0xFF, 0x4E, 0x7F, 0xFF, 0x4E, 0x7F, 0xFF, 0x4E, 0x7F, 0xFF,
    0x4E, 0x7F, 0xFF, 0x4E, 0x7F, 0xFF, 0x4E, 0x7F, 0xFF, 0x4E, 0x7F, 0xFF, 0x4E, 0x7F, 0xFF, 0x4E,
    0x7F, 0xFF, 0x4E, 0x7F, 0xFF, 0x4E, 0x7F, 0xFF, 0x4E, 0x7F, 0xFF, 0x4E, 0x7F, 0xFF, 0x4E, 0x7F,
    0xFF, 0x4E, 0x7F, 0xFF, 0x4E, 0x7F, 0xFF, 0x4E, 0x7F, 0xFF, 0x4E, 0x7F, 0xFF, 0x4E, 0x7F, 0xFF,
    0x4E, 0x7F, 0xFF, 0x4E, 0x7F, 0xFF, 0x4E, 0x7F, 0xFF, 0x4E, 0x7F, 0xFF, 0x4E, 0x7F, 0xFF, 0x4E,
    0x7F, 0xFF, 0x4E, 0x7F, 0xFF, 0x4E, 0x7F, 0xFF, 0x4E, 0x7F, 0xFF, 0x4E, 0x7F, 0xFF, 0x4E, 0x7F,
    0xFF, 0x4E, 0x7F, 0xFF, 0x4E, 0x7F, 0xFF, 0x46, 0x1F, 0xFF, 0x2D, 0x3C, 0xFF, 0x2D, 0x3C, 0xFF,
    0x2D, 0x3C, 0xFF, 0x2D, 0x3C, 0xFF, 0x2D, 0x3C, 0xFF, 0x3D, 0x9D, 0xFF, 0x4E, 0x7F, 0xFF, 0x4E,
    0x7F, 0xFF, 0x4E, 0x7F, 0xFF, 0x4E, 0x7F, 0xFF, 0x4E, 0x7F, 0xFF, 0x4E, 0x7F, 0xFF, 0x4E, 0x7F,
    0xFF, 0x4E, 0x7F, 0xFF, 0x4E, 0x7F, 0xFF, 0x4E, 0x7F, 0xFF, 0x4E, 0x7F, 0xFF, 0x4E, 0x7F, 0xFF,
    0x56, 0x5F, 0xFF, 0x9C, 0xEF, 0xFF, 0xC4, 0x47, 0xFF, 0xC4, 0x47, 0xFF, 0xC4, 0x47, 0xFF, 0xC4,
    0x47, 0xFF, 0xC4, 0x47, 0xFF, 0xC4, 0x47, 0xFF, 0xC4, 0x47, 0xFF, 0xC4, 0x47, 0xFF, 0xC4, 0x47,
    0xFF, 0xC4, 0x47, 0xFF, 0xC4, 0x47, 0xFF, 0xC4, 0x47, 0xFF, 0xBC, 0x27, 0xFD, 0x49, 0x82, 0xD2,
    0x00, 0x00, 0xBF, 0x00, 0x00, 0xBF, 0x00, 0x00, 0xBF, 0x00, 0x00, 0xBF, 0x00, 0x00, 0xBF, 0x00,
    0x00, 0xBF, 0x00, 0x00, 0xBF, 0x00, 0x00, 0xBF, 0x00, 0x00, 0xBF, 0x00, 0x00, 0xBF, 0x00, 0x00,
    0xBF, 0x00, 0x00, 0xBF, 0x07, 0x42, 0xF8, 0x07, 0xE2, 0xFF, 0x07, 0xE2, 0xFF, 0x07, 0xE2, 0xFF,
    0x07, 0xE2, 0xFF, 0x07, 0xE2, 0xFF, 0x07, 0xE2, 0xFF, 0x07, 0xE2, 0xFF, 0x07, 0xE2, 0xFF, 0x07,
    0xE2, 0xFF, 0x07, 0xE2, 0xFF, 0x07, 0x42, 0xF8, 0x00, 0x00, 0xBF, 0x00, 0x00, 0xBF, 0x00, 0x00,
    0xBF, 0x00, 0x00, 0xBF, 0x00, 0x00, 0xBF, 0x00, 0x00, 0xBF, 0x00, 0x00, 0xBF, 0x00, 0x00, 0xBF,
    0x00, 0x00, 0xBF, 0x00, 0x00, 0xBF, 0x00, 0x00, 0xBF, 0x00, 0x00, 0xBF, 0x00, 0x00, 0xBF, 0x00,
    0x00, 0xBF, 0x00, 0x00, 0xBF, 0x00, 0x00, 0xBF, 0x00, 0x00, 0xBF, 0x00, 0x00, 0xBF, 0x00, 0x00,
    0xBF, 0x00, 0x00, 0xBF, 0x00, 0x00, 0xBF, 0x00, 0x00, 0xBF, 0x00, 0x00, 0xBF, 0x00, 0x00, 0xBF,
    0x00, 0x00, 0xBF, 0x00, 0x00, 0xBF, 0x00, 0x00, 0xBF, 0x00, 0x00, 0xBF, 0x00, 0x00, 0xBF, 0x00,
    0x00, 0xBF, 0x00, 0x00, 0xBF, 0x00, 0x00, 0xBF, 0x00, 0x00, 0xBF, 0x00, 0x00, 0xBF, 0x00, 0x00,
    0xBF, 0x00, 0x00, 0xBF, 0x00, 0x00, 0xBF, 0x00, 0x00, 0xBF, 0x00, 0x00, 0xBF, 0x00, 0x00, 0xBF,
    0x00, 0x00, 0xBF, 0x00, 0x00, 0xBF, 0x00, 0x00, 0xBF, 0x00, 0x00, 0xBF, 0x00, 0x00, 0xBF, 0x00,
    0x00, 0xBF, 0x00, 0x00, 0xBF, 0x00, 0x00, 0xBF, 0x00, 0x00, 0xBF, 0x00, 0x00, 0xBF, 0x00, 0x00,
    0xBF, 0x00, 0x00, 0xC0, 0x00, 0x23, 0xC4, 0x00, 0x22, 0xC3, 0x00, 0x00, 0xBF, 0x00, 0x00, 0xBF,
    0x00, 0x00, 0xBF, 0x00, 0x00, 0xBF, 0x00, 0x00, 0xBF, 0x00, 0x00, 0xBF, 0x00, 0x00, 0xBF, 0x00,
    0x00, 0xBF, 0x00, 0x00, 0xBF, 0x00, 0x00, 0xBF, 0x00, 0x00, 0xBF, 0x00, 0x00, 0xBF, 0x00, 0x00,
    0xBF, 0x00, 0x00, 0xBF, 0x00, 0x00, 0xBF, 0x00, 0x00, 0xBF, 0x00, 0x00, 0xBF, 0x00, 0x00, 0xBF,
    0x00, 0x00, 0xBF, 0x00, 0x00, 0xBF, 0x00, 0x00, 0xBF, 0x00, 0x00, 0xBF, 0x00, 0x00, 0xBF, 0x00,
    0x00, 0xBF, 0x00, 0x00, 0xBF, 0x00, 0x00, 0xBF, 0x00, 0x00, 0xBF, 0x00, 0x00, 0xBF, 0x00, 0x00,
    0xBF, 0x00, 0x00, 0xBF, 0x00, 0x00, 0xBF, 0x00, 0x00, 0xBF, 0x00, 0x00, 0xBF, 0x00, 0x00, 0xBF,
    0x00, 0x00, 0xBF, 0x00, 0x00, 0xBF, 0x00, 0x00, 0xBF, 0x00, 0x00, 0xBF, 0x00, 0x00, 0xBF, 0x00,
    0x00, 0xBF, 0x00, 0x00, 0xBF, 0x00, 0x00, 0xBF, 0x00, 0x00, 0xBF, 0x00, 0x00, 0xBF, 0x00, 0x00,
    0xBF, 0x00, 0x00, 0xBF, 0x00, 0x00, 0xBF, 0x00, 0x00, 0xBF, 0x00, 0x00, 0xBF, 0x00, 0x00, 0xBF,
    0x00, 0x00, 0xBF, 0x00, 0x00, 0xBF, 0x00, 0x00, 0xBF, 0x00, 0x00, 0xBF, 0x00, 0x00, 0xBF, 0x00,
    0x00, 0xBF, 0x00, 0x00, 0xBF, 0x00, 0x00, 0xBF, 0x00, 0x00, 0xBF, 0x00, 0x00, 0xBF, 0x00, 0x00,
    0xBF, 0x00, 0x00, 0xBF, 0x00, 0x00, 0xBF, 0x00, 0x00, 0xBF, 0x00, 0x00, 0xBF, 0x00, 0x00, 0xBF,
    0x00, 0x00, 0xBF, 0x00, 0x00, 0xBF, 0x00, 0x00, 0xBF, 0x00, 0x00, 0xBF, 0x00, 0x00, 0xBF, 0x00,
    0x00, 0xBF, 0x00, 0x00, 0xBF, 0x00, 0x00, 0xBF, 0x00, 0x00, 0xBF, 0x00, 0x00, 0xBF, 0x00, 0x00,
    0xBF, 0x00, 0x00, 0xBF, 0x00, 0x00, 0xBF, 0x00, 0x00, 0xBF, 0x00, 0x00, 0xBF, 0x00, 0x00, 0xBF,
    0x00, 0x00, 0xBF, 0x00, 0x00, 0xBF, 0x00, 0x00, 0xBF, 0x00, 0x00, 0xBF, 0x00, 0x00, 0xBF, 0x00,
    0x00, 0xBF, 0x00, 0x00, 0xBF, 0x00, 0x00, 0xBF, 0x00, 0x00, 0xBF, 0x00, 0x00, 0xBF, 0x00, 0x00,
    0xBF, 0x00, 0x00, 0xBF, 0x00, 0x00, 0xBF, 0x00, 0x00, 0xBF, 0x00, 0x00, 0xBF, 0x00, 0x00, 0xBF,
    0x00, 0x00, 0xBF, 0x00, 0x00, 0xBF, 0x00, 0x00, 0xBF, 0x00, 0x00, 0xBF, 0x00, 0x00, 0xBF, 0x00,
    0x00, 0xBF, 0x00, 0x00, 0xBF, 0x00, 0x00, 0xBF, 0x00, 0x00, 0xBF, 0x00, 0x00, 0xBF, 0x00, 0x00,
    0xBF, 0x00, 0x00, 0xBF, 0x00, 0x00, 0xBF, 0x00, 0x00, 0xBF, 0x00, 0x00, 0xBF, 0x00, 0x00, 0xBF,
    0x00, 0x00, 0xBF, 0x00, 0x00, 0xBF, 0x00, 0x00, 0xBF, 0x00, 0x00, 0xBF, 0x00, 0x00, 0xBF, 0x00,
    0x00, 0xBF, 0x00, 0x00, 0xBF, 0x00, 0x00, 0xBF, 0x00, 0x00, 0xBF, 0x00, 0x00, 0xBF, 0x00, 0x00,
    0xBF, 0x00, 0x00, 0xBF, 0x00, 0x00, 0xBF, 0x00, 0x00, 0xBF, 0x00, 0x00, 0xBF, 0x00, 0x00, 0xBF,
    0x00, 0x00, 0xBF, 0x00, 0x00, 0xBF, 0x23, 0x0E, 0xD8, 0x4E, 0x7F, 0xFF, 0x4E, 0x7F, 0xFF, 0x4E,
    0x7F, 0xFF, 0x4E, 0x7F, 0xFF, 0x4E, 0x7F, 0xFF, 0x4E, 0x7F, 0xFF, 0x4E, 0x7F, 0xFF, 0x4E, 0x7F,
    0xFF, 0x4E, 0x7F, 0xFF, 0x4E, 0x7F, 0xFF, 0x4E, 0x7F, 0xFF, 0x4E, 0x7F, 0xFF, 0x4E, 0x7F, 0xFF,
    0x4E, 0x7F, 0xFF, 0x4E, 0x7F, 0xFF, 0x4E, 0x7F, 0xFF, 0x4E, 0x7F, 0xFF, 0x4E, 0x7F, 0xFF, 0x4E,
    0x7F, 0xFF, 0x4E, 0x7F, 0xFF, 0x4E, 0x7F, 0xFF, 0x4E, 0x7F, 0xFF, 0x4E, 0x7F, 0xFF, 0x4E, 0x7F,
    0xFF, 0x4E, 0x7F, 0xFF, 0x4E, 0x7F, 0xFF, 0x4E, 0x7F, 0xFF, 0x4E, 0x7F, 0xFF, 0x4E, 0x7F, 0xFF,
    0x4E, 0x7F, 0xFF, 0x4E, 0x7F, 0xFF, 0x4E, 0x7F, 0xFF, 0x4E, 0x7F, 0xFF, 0x4E, 0x7F, 0xFF, 0x4E,
    0x7F, 0xFF, 0x4E, 0x7F, 0xFF, 0x4E, 0x7F, 0xFF, 0x4E, 0x7F, 0xFF, 0x4E, 0x7F, 0xFF, 0x4E, 0x7F,
    0xFF, 0x4E, 0x7F, 0xFF, 0x4E, 0x7F, 0xFF, 0x4E, 0x7F, 0xFF, 0x4E, 0x7F, 0xFF, 0x4E, 0x7F, 0xFF,
    0x4E, 0x7F, 0xFF, 0x4E, 0x7F, 0xFF, 0x4E, 0x7F, 0xFF, 0x4E, 0x7F, 0xFF, 0x4E, 0x7F, 0xFF, 0x4E,
    0x7F, 0xFF, 0x4E, 0x7F, 0xFF, 0x4E, 0x7F, 0xFF, 0x4E, 0x7F, 0xFF, 0x4E, 0x7F, 0xFF, 0x4E, 0x7F,
    0xFF, 0x4E, 0x7F, 0xFF, 0x4E, 0x7F, 0xFF, 0x4E, 0x7F, 0xFF, 0x4E, 0x7F, 0xFF, 0x4E, 0x7F, 0xFF,
    0x4E, 0x7F, 0xFF, 0x4E, 0x7F, 0xFF, 0x4E, 0x5F, 0xFF, 0x35, 0x7C, 0xFF, 0x2D, 0x3C, 0xFF, 0x2D,
    0x3C, 0xFF, 0x2D, 0x3C, 0xFF, 0x2D, 0x3C, 0xFF, 0x35, 0x7D, 0xFF, 0x4E, 0x5F, 0xFF, 0x4E, 0x7F,
    0xFF, 0x4E, 0x7F, 0xFF, 0x4E, 0x7F, 0xFF, 0x4E, 0x7F, 0xFF, 0x4E, 0x7F, 0xFF, 0x4E, 0x7F, 0xFF,
    0x4E, 0x7F, 0xFF, 0x4E, 0x7F, 0xFF, 0x4E, 0x7F, 0xFF, 0x4E, 0x7F, 0xFF, 0x4E, 0x7F, 0xFF, 0x56,
    0x5E, 0xFF, 0xA4, 0xCD, 0xFF, 0xC4, 0x47, 0xFF, 0xC4, 0x47, 0xFF, 0xC4, 0x47, 0xFF, 0xC4, 0x47,
    0xFF, 0xC4, 0x47, 0xFF, 0xC4, 0x47, 0xFF, 0xC4, 0x47, 0xFF, 0xC4, 0x47, 0xFF, 0xC4, 0x47, 0xFF,
    0xC4, 0x47, 0xFF, 0xC4, 0x47, 0xFF, 0xC4, 0x47, 0xFF, 0xC4, 0x47, 0xFF, 0xC4, 0x47, 0xFF, 0xBC,
    0x27, 0xFC, 0x31, 0x01, 0xCC, 0x00, 0x00, 0xBF, 0x00, 0x00, 0xBF, 0x00, 0x00, 0xBF, 0x00, 0x00,
    0xBF, 0x00, 0x00, 0xBF, 0x00, 0x00, 0xBF, 0x00, 0x00, 0xBF, 0x00, 0x00, 0xBF, 0x00, 0x00, 0xBF,
    0x00, 0x00, 0xBF, 0x00, 0x00, 0xBF, 0x07, 0x42, 0xF8, 0x07, 0xE2, 0xFF, 0x07, 0xE2, 0xFF, 0x07,
    0xE2, 0xFF, 0x07, 0xE2, 0xFF, 0x07, 0xE2, 0xFF, 0x07, 0xE2, 0xFF, 0x07, 0xE2, 0xFF, 0x07, 0xE2,
    0xFF, 0x07, 0xE2, 0xFF, 0x07, 0xE2, 0xFF, 0x07, 0x42, 0xF8, 0x00, 0x00, 0xBF, 0x00, 0x00, 0xBF,
    0x00, 0x00, 0xBF, 0x00, 0x00, 0xBF, 0x00, 0x00, 0xBF, 0x00, 0x00, 0xBF, 0x00, 0x00, 0xBF, 0x00,
    0x00, 0xBF, 0x00, 0x00, 0xBF, 0x00, 0x00, 0xBF, 0x10, 0x89, 0xCE, 0x21, 0x13, 0xE1, 0x21, 0x13,
    0xE1, 0x21, 0x13, 0xE1, 0x21, 0x13, 0xE1, 0x21, 0x13, 0xE1, 0x21, 0x13, 0xE1, 0x21, 0x13, 0xE1,
    0x21, 0x13, 0xE1, 0x21, 0x13, 0xE1, 0x21, 0x13, 0xE1, 0x21, 0x13, 0xE1, 0x21, 0x13, 0xE1, 0x21,
    0x13, 0xE1, 0x21, 0x13, 0xE1, 0x21, 0x13, 0xE1, 0x21, 0x13, 0xE1, 0x21, 0x13, 0xE1, 0x21, 0x13,
    0xE1, 0x21, 0x13, 0xE1, 0x21, 0x13, 0xE1, 0x18, 0xCD, 0xD6, 0x00, 0x00, 0xBF, 0x00, 0x00, 0xBF,
    0x00, 0x00, 0xBF, 0x00, 0x00, 0xBF, 0x00, 0x00, 0xBF, 0x00, 0x00, 0xBF, 0x00, 0x00, 0xBF, 0x00,
    0x00, 0xBF, 0x00, 0x00, 0xBF, 0x00, 0x00, 0xBF, 0x00, 0x00, 0xBF, 0x00, 0x00, 0xBF, 0x00, 0x00,
    0xBF, 0x00, 0x00, 0xBF, 0x08, 0x44, 0xC6, 0x18, 0xEF, 0xDA, 0x29, 0x57, 0xEA, 0x31, 0x9C, 0xF5,
    0x31, 0xBE, 0xFB, 0x39, 0xDF, 0xFF, 0x39, 0xDF, 0xFF, 0x39, 0xDF, 0xFF, 0x39, 0xDF, 0xFE, 0x31,
    0xBD, 0xF9, 0x31, 0x9B, 0xF3, 0x21, 0x35, 0xE6, 0x18, 0xCC, 0xD5, 0x00, 0x22, 0xC2, 0x00, 0x00,
    0xBF, 0x00, 0x00, 0xBF, 0x00, 0x00, 0xBF, 0x00, 0x00, 0xBF, 0x00, 0x00, 0xBF, 0x00, 0x00, 0xBF,
    0x00, 0x00, 0xBF, 0x00, 0x00, 0xBF, 0x00, 0x00, 0xBF, 0x00, 0x00, 0xBF, 0x00, 0x00, 0xBF, 0x00,
    0x00, 0xBF, 0x00, 0x00, 0xBF, 0x00, 0x00, 0xBF, 0x10, 0xAC, 0xD4, 0x21, 0x13, 0xE1, 0x21, 0x13,
    0xE1, 0x21, 0x13, 0xE1, 0x21, 0x13, 0xE1, 0x21, 0x13, 0xE1, 0x21, 0x13, 0xE1, 0x21, 0x13, 0xE1,
    0x08, 0x44, 0xC6, 0x00, 0x00, 0xBF, 0x00, 0x00, 0xBF, 0x00, 0x00, 0xBF, 0x00, 0x00, 0xBF, 0x00,
    0x00, 0xBF, 0x00, 0x00, 0xBF, 0x00, 0x00, 0xBF, 0x00, 0x00, 0xBF, 0x00, 0x00, 0xBF, 0x08, 0x46,
    0xC9, 0x21, 0x13, 0xE1, 0x21, 0x13, 0xE1, 0x21, 0x13, 0xE1, 0x21, 0x13, 0xE1, 0x21, 0x13, 0xE1,
    0x21, 0x13, 0xE1, 0x21, 0x13, 0xE1, 0x10, 0xAB, 0xD1, 0x00, 0x00, 0xBF, 0x00, 0x00, 0xBF, 0x00,
    0x00, 0xBF, 0x00, 0x00, 0xBF, 0x00, 0x00, 0xBF, 0x00, 0x00, 0xBF, 0x00, 0x00, 0xBF, 0x18, 0xF0,
    0xDB, 0x21, 0x13, 0xE1, 0x21, 0x13, 0xE1, 0x21, 0x13, 0xE1, 0x21, 0x13, 0xE1, 0x21, 0x13, 0xE1,
    0x21, 0x13, 0xE1, 0x21, 0x13, 0xE1, 0x21, 0x13, 0xE1, 0x00, 0x01, 0xC2, 0x00, 0x00, 0xBF, 0x00,
    0x00, 0xBF, 0x00, 0x00, 0xBF, 0x00, 0x00, 0xBF, 0x00, 0x00, 0xBF, 0x00, 0x00, 0xBF, 0x00, 0x00,
    0xBF, 0x00, 0x00, 0xBF, 0x00, 0x00, 0xBF, 0x00, 0x01, 0xC1, 0x21, 0x13, 0xE1, 0x21, 0x13, 0xE1,
    0x21, 0x13, 0xE1, 0x21, 0x13, 0xE1, 0x21, 0x13, 0xE1, 0x21, 0x13, 0xE1, 0x21, 0x13, 0xE1, 0x08,
    0x68, 0xCC, 0x00, 0x00, 0xBF, 0x00, 0x00, 0xBF, 0x00, 0x00, 0xBF, 0x00, 0x00, 0xBF, 0x00, 0x00,
    0xBF, 0x00, 0x00, 0xBF, 0x00, 0x00, 0xBF, 0x21, 0x12, 0xE0, 0x21, 0x13, 0xE1, 0x21, 0x13, 0xE1,
    0x21, 0x13, 0xE1, 0x21, 0x13, 0xE1, 0x21, 0x13, 0xE1, 0x21, 0x13, 0xE1, 0x21, 0x13, 0xE1, 0x21,
    0x13, 0xE1, 0x21, 0x12, 0xE0, 0x18, 0xF1, 0xDD, 0x18, 0xEF, 0xDA, 0x18, 0xCE, 0xD8, 0x10, 0xAC,
    0xD4, 0x10, 0xAB, 0xD1, 0x08, 0x46, 0xC9, 0x00, 0x01, 0xC1, 0x00, 0x00, 0xBF, 0x00, 0x00, 0xBF,
    0x00, 0x00, 0xBF, 0x00, 0x00, 0xBF, 0x00, 0x00, 0xBF, 0x00, 0x00, 0xBF, 0x00, 0x00, 0xBF, 0x00,
    0x00, 0xBF, 0x00, 0x00, 0xBF, 0x00, 0x00, 0xBF, 0x00, 0x00, 0xBF, 0x00, 0x00, 0xBF, 0x00, 0x00,
    0xBF, 0x00, 0x00, 0xBF, 0x00, 0x00, 0xBF, 0x00, 0x00, 0xBF, 0x00, 0x00, 0xBF, 0x00, 0x00, 0xBF,
    0x00, 0x00, 0xBF, 0x00, 0x00, 0xBF, 0x00, 0x00, 0xBF, 0x00, 0x00, 0xBF, 0x00, 0x00, 0xBF, 0x00,
    0x00, 0xBF, 0x00, 0x00, 0xBF, 0x00, 0x00, 0xBF, 0x11, 0xC8, 0xCD, 0x4E, 0x7F, 0xFF, 0x4E, 0x7F,
    0xFF, 0x4E, 0x7F, 0xFF, 0x4E, 0x7F, 0xFF, 0x4E, 0x7F, 0xFF, 0x4E, 0x7F, 0xFF, 0x4E, 0x7F, 0xFF,
    0x4E, 0x7F, 0xFF, 0x4E, 0x7F, 0xFF, 0x4E, 0x7F, 0xFF, 0x4E, 0x7F, 0xFF, 0x4E, 0x7F, 0xFF, 0x4E,
    0x7F, 0xFF, 0x4E, 0x7F, 0xFF, 0x4E, 0x7F, 0xFF, 0x4E, 0x7F, 0xFF, 0x4E, 0x7F, 0xFF, 0x4E, 0x7F,
    0xFF, 0x4E, 0x7F, 0xFF, 0x4E, 0x7F, 0xFF, 0x4E, 0x7F, 0xFF, 0x4E, 0x7F, 0xFF, 0x4E, 0x7F, 0xFF,
    0x4E, 0x7F, 0xFF, 0x4E, 0x7F, 0xFF, 0x4E, 0x7F, 0xFF, 0x4E, 0x7F, 0xFF, 0x4E, 0x7F, 0xFF, 0x4E,
    0x7F, 0xFF, 0x4E, 0x7F, 0xFF, 0x4E, 0x7F, 0xFF, 0x4E, 0x7F, 0xFF, 0x4E, 0x7F, 0xFF, 0x4E, 0x7F,
    0xFF, 0x4E, 0x7F, 0xFF, 0x4E, 0x7F, 0xFF, 0x4E, 0x7F, 0xFF, 0x4E, 0x7F, 0xFF, 0x4E, 0x7F, 0xFF,
    0x4E, 0x7F, 0xFF, 0x4E, 0x7F, 0xFF, 0x4E, 0x7F, 0xFF, 0x4E, 0x7F, 0xFF, 0x4E, 0x7F, 0xFF, 0x4E,
    0x7F, 0xFF, 0x4E, 0x7F, 0xFF, 0x4E, 0x7F, 0xFF, 0x4E, 0x7F, 0xFF, 0x4E, 0x7F, 0xFF, 0x4E, 0x7F,
    0xFF, 0x4E, 0x7F, 0xFF, 0x4E, 0x7F, 0xFF, 0x4E, 0x7F, 0xFF, 0x4E, 0x7F, 0xFF, 0x4E, 0x7F, 0xFF,
    0x4E, 0x7F, 0xFF, 0x4E, 0x7F, 0xFF, 0x4E, 0x7F, 0xFF, 0x4E, 0x7F, 0xFF, 0x4E, 0x7F, 0xFF, 0x4E,
    0x7F, 0xFF, 0x4E, 0x7F, 0xFF, 0x4E, 0x7F, 0xFF, 0x3D, 0xDE, 0xFF, 0x2D, 0x3C, 0xFF, 0x2D, 0x3C,
    0xFF, 0x2D, 0x3C, 0xFF, 0x2D, 0x3C, 0xFF, 0x35, 0x9D, 0xFF, 0x4E, 0x5F, 0xFF, 0x4E, 0x7F, 0xFF,
    0x4E, 0x7F, 0xFF, 0x4E, 0x7F, 0xFF, 0x4E, 0x7F, 0xFF, 0x4E, 0x7F, 0xFF, 0x4E, 0x7F, 0xFF, 0x4E,
    0x7F, 0xFF, 0x4E, 0x7F, 0xFF, 0x4E, 0x7F, 0xFF, 0x4E, 0x7F, 0xFF, 0x4E, 0x7F, 0xFF, 0x5E, 0x3D,
    0xFF, 0xAC, 0xAC, 0xFF, 0xC4, 0x47, 0xFF, 0xC4, 0x47, 0xFF, 0xC4, 0x47, 0xFF, 0xC4, 0x47, 0xFF,
    0xC4, 0x47, 0xFF, 0xC4, 0x47, 0xFF, 0xC4, 0x47, 0xFF, 0xC4, 0x47, 0xFF, 0xC4, 0x47, 0xFF, 0xC4,
    0x47, 0xFF, 0xC4, 0x47, 0xFF, 0xC4, 0x47, 0xFF, 0xC4, 0x47, 0xFF, 0xC4, 0x47, 0xFF, 0xC4, 0x47,
    0xFF, 0xC4, 0x47, 0xFF, 0xA3, 0xA6, 0xF4, 0x00, 0x20, 0xC1, 0x00, 0x00, 0xBF, 0x00, 0x00, 0xBF,
    0x00, 0x00, 0xBF, 0x00, 0x00, 0xBF, 0x00, 0x00, 0xBF, 0x00, 0x00, 0xBF, 0x00, 0x00, 0xBF, 0x00,
    0x00, 0xBF, 0x00, 0x00, 0xBF, 0x00, 0x00, 0xBF, 0x07, 0x42, 0xF8, 0x07, 0xE2, 0xFF, 0x07, 0xE2,
    0xFF, 0x07, 0xE2, 0xFF, 0x07, 0xE2, 0xFF, 0x07, 0xE2, 0xFF, 0x07, 0xE2, 0xFF, 0x07, 0xE2, 0xFF,
    0x07, 0xE2, 0xFF, 0x07, 0xE2, 0xFF, 0x07, 0xE2, 0xFF, 0x07, 0x42, 0xF8, 0x00, 0x00, 0xBF, 0x00,
    0x00, 0xBF, 0x00, 0x00, 0xBF, 0x00, 0x00, 0xBF, 0x00, 0x00, 0xBF, 0x00, 0x00, 0xBF, 0x00, 0x00,
    0xBF, 0x00, 0x00, 0xBF, 0x00, 0x00, 0xBF, 0x00, 0x00, 0xBF, 0x18, 0xF0, 0xDB, 0x39, 0xDF, 0xFF,
    0x39, 0xDF, 0xFF, 0x39, 0xDF, 0xFF, 0x39, 0xDF, 0xFF, 0x39, 0xDF, 0xFF, 0x39, 0xDF, 0xFF, 0x39,
    0xDF, 0xFF, 0x39, 0xDF, 0xFF, 0x39, 0xDF, 0xFF, 0x39, 0xDF, 0xFF, 0x39, 0xDF, 0xFF, 0x39, 0xDF,
    0xFF, 0x39, 0xDF, 0xFF, 0x39, 0xDF, 0xFF, 0x39, 0xDF, 0xFF, 0x39, 0xDF, 0xFF, 0x39, 0xDF, 0xFF,
    0x39, 0xDF, 0xFF, 0x39, 0xDF, 0xFF, 0x39, 0xDF, 0xFF, 0x29, 0x57, 0xEA, 0x00, 0x00, 0xBF, 0x00,
    0x00, 0xBF, 0x00, 0x00, 0xBF, 0x00, 0x00, 0xBF, 0x00, 0x00, 0xBF, 0x00, 0x00, 0xBF, 0x00, 0x00,
    0xBF, 0x00, 0x00, 0xBF, 0x00, 0x00, 0xBF, 0x00, 0x00, 0xBF, 0x00, 0x00, 0xBF, 0x00, 0x00, 0xBF,
    0x10, 0x88, 0xCD, 0x29, 0x78, 0xEC, 0x39, 0xDF, 0xFE, 0x39, 0xDF, 0xFF, 0x39, 0xDF, 0xFF, 0x39,
    0xDF, 0xFF, 0x39, 0xDF, 0xFF, 0x39, 0xDF, 0xFF, 0x39, 0xDF, 0xFF, 0x39, 0xDF, 0xFF, 0x39, 0xDF,
    0xFF, 0x39, 0xDF, 0xFF, 0x39, 0xDF, 0xFF, 0x39, 0xDF, 0xFF, 0x39, 0xDF, 0xFF, 0x39, 0xDE, 0xFC,
    0x21, 0x34, 0xE4, 0x08, 0x44, 0xC6, 0x00, 0x00, 0xBF, 0x00, 0x00, 0xBF, 0x00, 0x00, 0xBF, 0x00,
    0x00, 0xBF, 0x00, 0x00, 0xBF, 0x00, 0x00, 0xBF, 0x00, 0x00, 0xBF, 0x00, 0x00, 0xBF, 0x00, 0x00,
    0xBF, 0x00, 0x00, 0xBF, 0x00, 0x00, 0xBF, 0x00, 0x00, 0xBF, 0x29, 0x55, 0xE6, 0x39, 0xDF, 0xFF,
    0x39, 0xDF, 0xFF, 0x39, 0xDF, 0xFF, 0x39, 0xDF, 0xFF, 0x39, 0xDF, 0xFF, 0x39, 0xDF, 0xFF, 0x39,
    0xDF, 0xFF, 0x08, 0x68, 0xCC, 0x00, 0x00, 0xBF, 0x00, 0x00, 0xBF, 0x00, 0x00, 0xBF, 0x00, 0x00,
    0xBF, 0x00, 0x00, 0xBF, 0x00, 0x00, 0xBF, 0x00, 0x00, 0xBF, 0x00, 0x00, 0xBF, 0x00, 0x00, 0xBF,
    0x10, 0xAB, 0xD1, 0x39, 0xDF, 0xFF, 0x39, 0xDF, 0xFF, 0x39, 0xDF, 0xFF, 0x39, 0xDF, 0xFF, 0x39,
    0xDF, 0xFF, 0x39, 0xDF, 0xFF, 0x39, 0xDF, 0xFF, 0x21, 0x13, 0xE1, 0x00, 0x00, 0xBF, 0x00, 0x00,
    0xBF, 0x00, 0x00, 0xBF, 0x00, 0x00, 0xBF, 0x00, 0x00, 0xBF, 0x00, 0x00, 0xBF, 0x00, 0x00, 0xBF,
    0x31, 0x9B, 0xF3, 0x39, 0xDF, 0xFF, 0x39, 0xDF, 0xFF, 0x39, 0xDF, 0xFF, 0x39, 0xDF, 0xFF, 0x39,
    0xDF, 0xFF, 0x39, 0xDF, 0xFF, 0x39, 0xDF, 0xFF, 0x39, 0xDF, 0xFF, 0x21, 0x11, 0xDE, 0x00, 0x00,
    0xBF, 0x00, 0x00, 0xBF, 0x00, 0x00, 0xBF, 0x00, 0x00, 0xBF, 0x00, 0x00, 0xBF, 0x00, 0x00, 0xBF,
    0x00, 0x00, 0xBF, 0x00, 0x00, 0xBF, 0x00, 0x00, 0xBF, 0x00, 0x01, 0xC2, 0x39, 0xDF, 0xFF, 0x39,
    0xDF, 0xFF, 0x39, 0xDF, 0xFF, 0x39, 0xDF, 0xFF, 0x39, 0xDF, 0xFF, 0x39, 0xDF, 0xFF, 0x39, 0xDF,
    0xFF, 0x18, 0xCE, 0xD7, 0x00, 0x00, 0xBF, 0x00, 0x00, 0xBF, 0x00, 0x00, 0xBF, 0x00, 0x00, 0xBF,
    0x00, 0x00, 0xBF, 0x00, 0x00, 0xBF, 0x00, 0x00, 0xBF, 0x39, 0xDF, 0xFE, 0x39, 0xDF, 0xFF, 0x39,
    0xDF, 0xFF, 0x39, 0xDF, 0xFF, 0x39, 0xDF, 0xFF, 0x39, 0xDF, 0xFF, 0x39, 0xDF, 0xFF, 0x39, 0xDF,
    0xFF, 0x39, 0xDF, 0xFF, 0x39, 0xDF, 0xFF, 0x39, 0xDF, 0xFF, 0x39, 0xDF, 0xFF, 0x39, 0xDF, 0xFF,
    0x39, 0xDF, 0xFF, 0x39, 0xDF, 0xFF, 0x39, 0xDF, 0xFF, 0x39, 0xDF, 0xFE, 0x31, 0x9B, 0xF2, 0x21,
    0x34, 0xE3, 0x10, 0x89, 0xCE, 0x00, 0x00, 0xBF, 0x00, 0x00, 0xBF, 0x00, 0x00, 0xBF, 0x00, 0x00,
    0xBF, 0x00, 0x00, 0xBF, 0x00, 0x00, 0xBF, 0x00, 0x00, 0xBF, 0x00, 0x00, 0xBF, 0x00, 0x00, 0xBF,
    0x00, 0x00, 0xBF, 0x00, 0x00, 0xBF, 0x00, 0x00, 0xBF, 0x00, 0x00, 0xBF, 0x00, 0x00, 0xBF, 0x00,
    0x00, 0xBF, 0x00, 0x00, 0xBF, 0x00, 0x00, 0xBF, 0x00, 0x00, 0xBF, 0x00, 0x00, 0xBF, 0x00, 0x00,
    0xBF, 0x00, 0x00, 0xBF, 0x00, 0x00, 0xBF, 0x00, 0x00, 0xBF, 0x00, 0x62, 0xC2, 0x4E, 0x5F, 0xFD,
    0x4E, 0x7F, 0xFF, 0x4E, 0x7F, 0xFF, 0x4E, 0x7F, 0xFF, 0x4E, 0x7F, 0xFF, 0x4E, 0x7F, 0xFF, 0x4E,
    0x7F, 0xFF, 0x4E, 0x7F, 0xFF, 0x4E, 0x7F, 0xFF, 0x4E, 0x7F, 0xFF, 0x4E, 0x7F, 0xFF, 0x4E, 0x7F,
    0xFF, 0x4E, 0x7F, 0xFF, 0x4E, 0x7F, 0xFF, 0x4E, 0x7F, 0xFF, 0x4E, 0x7F, 0xFF, 0x4E, 0x7F, 0xFF,
    0x4E, 0x7F, 0xFF, 0x4E, 0x7F, 0xFF, 0x4E, 0x7F, 0xFF, 0x4E, 0x7F, 0xFF, 0x4E, 0x7F, 0xFF, 0x4E,
    0x7F, 0xFF, 0x4E, 0x7F, 0xFF, 0x4E, 0x7F, 0xFF, 0x4E, 0x7F, 0xFF, 0x4E, 0x7F, 0xFF, 0x4E, 0x7F,
    0xFF, 0x4E, 0x7F, 0xFF, 0x4E, 0x7F, 0xFF, 0x4E, 0x7F, 0xFF, 0x4E, 0x7F, 0xFF, 0x4E, 0x7F, 0xFF,
    0x4E, 0x7F, 0xFF, 0x4E, 0x7F, 0xFF, 0x4E, 0x7F, 0xFF, 0x4E, 0x7F, 0xFF, 0x4E, 0x7F, 0xFF, 0x4E,
    0x7F, 0xFF, 0x4E, 0x7F, 0xFF, 0x4E, 0x7F, 0xFF, 0x4E, 0x7F, 0xFF, 0x4E, 0x7F, 0xFF, 0x4E, 0x7F,
    0xFF, 0x4E, 0x7F, 0xFF, 0x4E, 0x7F, 0xFF, 0x4E, 0x7F, 0xFF, 0x4E, 0x7F, 0xFF, 0x4E, 0x7F, 0xFF,
    0x4E, 0x7F, 0xFF, 0x4E, 0x7F, 0xFF, 0x4E, 0x7F, 0xFF, 0x4E, 0x7F, 0xFF, 0x4E, 0x7F, 0xFF, 0x4E,
    0x7F, 0xFF, 0x4E, 0x7F, 0xFF, 0x4E, 0x7F, 0xFF, 0x4E, 0x7F, 0xFF, 0x4E, 0x7F, 0xFF, 0x4E, 0x7F,
    0xFF, 0x4E, 0x7F, 0xFF, 0x4E, 0x7F, 0xFF, 0x4E, 0x5F, 0xFF, 0x35, 0x5C, 0xFF, 0x2D, 0x3C, 0xFF,
    0x2D, 0x3C, 0xFF, 0x2D, 0x3C, 0xFF, 0x35, 0x7C, 0xFF, 0x4E, 0x5F, 0xFF, 0x4E, 0x7F, 0xFF, 0x4E,
    0x7F, 0xFF, 0x4E, 0x7F, 0xFF, 0x4E, 0x7F, 0xFF, 0x4E, 0x7F, 0xFF, 0x4E, 0x7F, 0xFF, 0x4E, 0x7F,
    0xFF, 0x4E, 0x7F, 0xFF, 0x4E, 0x7F, 0xFF, 0x4E, 0x7F, 0xFF, 0x4E, 0x7F, 0xFF, 0x5E, 0x1C, 0xFF,
    0xB4, 0x8B, 0xFF, 0xC4, 0x47, 0xFF, 0xC4, 0x47, 0xFF, 0xC4, 0x47, 0xFF, 0xC4, 0x47, 0xFF, 0xC4,
    0x47, 0xFF, 0xC4, 0x47, 0xFF, 0xC4, 0x47, 0xFF, 0xC4, 0x47, 0xFF, 0xC4, 0x47, 0xFF, 0xC4, 0x47,
    0xFF, 0xC4, 0x47, 0xFF, 0xC4, 0x47, 0xFF, 0xC4, 0x47, 0xFF, 0xC4, 0x47, 0xFF, 0xC4, 0x47, 0xFF,
    0xC4, 0x47, 0xFF, 0xC4, 0x47, 0xFF, 0xC4, 0x47, 0xFF, 0x51, 0xC3, 0xD7, 0x00, 0x00, 0xBF, 0x00,
    0x00, 0xBF, 0x00, 0x00, 0xBF, 0x00, 0x00, 0xBF, 0x00, 0x00, 0xBF, 0x00, 0x00, 0xBF, 0x00, 0x00,
    0xBF, 0x00, 0x00, 0xBF, 0x00, 0x00, 0xBF, 0x00, 0x00, 0xBF, 0x07, 0x42, 0xF8, 0x07, 0xE2, 0xFF,
    0x07, 0xE2, 0xFF, 0x07, 0xE2, 0xFF, 0x07, 0xE2, 0xFF, 0x07, 0xE2, 0xFF, 0x07, 0xE2, 0xFF, 0x07,
    0xE2, 0xFF, 0x07, 0xE2, 0xFF, 0x07, 0xE2, 0xFF, 0x07, 0xE2, 0xFF, 0x07, 0x42, 0xF8, 0x00, 0x00,
    0xBF, 0x00, 0x00, 0xBF, 0x00, 0x00, 0xBF, 0x00, 0x00, 0xBF, 0x00, 0x00, 0xBF, 0x00, 0x00, 0xBF,
    0x00, 0x00, 0xBF, 0x00, 0x00, 0xBF, 0x00, 0x00, 0xBF, 0x00, 0x00, 0xBF, 0x18, 0xF0, 0xDB, 0x39,
    0xDF, 0xFF, 0x39, 0xDF, 0xFF, 0x39, 0xDF, 0xFF, 0x39, 0xDF, 0xFF, 0x39, 0xDF, 0xFF, 0x39, 0xDF,
    0xFF, 0x39, 0xDF, 0xFF, 0x39, 0xDF, 0xFF, 0x39, 0xDF, 0xFF, 0x39, 0xDF, 0xFF, 0x39, 0xDF, 0xFF,
    0x39, 0xDF, 0xFF, 0x39, 0xDF, 0xFF, 0x39, 0xDF, 0xFF, 0x39, 0xDF, 0xFF, 0x39, 0xDF, 0xFF, 0x39,
    0xDF, 0xFF, 0x39, 0xDF, 0xFF, 0x39, 0xDF, 0xFF, 0x39, 0xDF, 0xFF, 0x29, 0x57, 0xEA, 0x00, 0x00,
    0xBF, 0x00, 0x00, 0xBF, 0x00, 0x00, 0xBF, 0x00, 0x00, 0xBF, 0x00, 0x00, 0xBF, 0x00, 0x00, 0xBF,
    0x00, 0x00, 0xBF, 0x00, 0x00, 0xBF, 0x00, 0x00, 0xBF, 0x00, 0x00, 0xBF, 0x00, 0x22, 0xC3, 0x29,
    0x56, 0xE7, 0x39, 0xDF, 0xFF, 0x39, 0xDF, 0xFF, 0x39, 0xDF, 0xFF, 0x39, 0xDF, 0xFF, 0x39, 0xDF,
    0xFF, 0x39, 0xDF, 0xFF, 0x39, 0xDF, 0xFF, 0x39, 0xDF, 0xFF, 0x39, 0xDF, 0xFF, 0x39, 0xDF, 0xFF,
    0x39, 0xDF, 0xFF, 0x39, 0xDF, 0xFF, 0x39, 0xDF, 0xFF, 0x39, 0xDF, 0xFF, 0x39, 0xDF, 0xFF, 0x39,
    0xDF, 0xFF, 0x39, 0xDF, 0xFF, 0x39, 0xDE, 0xFC, 0x18, 0xF0, 0xDA, 0x00, 0x00, 0xBF, 0x00, 0x00,
    0xBF, 0x00, 0x00, 0xBF, 0x00, 0x00, 0xBF, 0x00, 0x00, 0xBF, 0x00, 0x00, 0xBF, 0x00, 0x00, 0xBF,
    0x00, 0x00, 0xBF, 0x00, 0x00, 0xBF, 0x00, 0x00, 0xBF, 0x00, 0x00, 0xBF, 0x29, 0x55, 0xE6, 0x39,
    0xDF, 0xFF, 0x39, 0xDF, 0xFF, 0x39, 0xDF, 0xFF, 0x39, 0xDF, 0xFF, 0x39, 0xDF, 0xFF, 0x39, 0xDF,
    0xFF, 0x39, 0xDF, 0xFF, 0x08, 0x68, 0xCC, 0x00, 0x00, 0xBF, 0x00, 0x00, 0xBF, 0x00, 0x00, 0xBF,
    0x00, 0x00, 0xBF, 0x00, 0x00, 0xBF, 0x00, 0x00, 0xBF, 0x00, 0x00, 0xBF, 0x00, 0x00, 0xBF, 0x00,
    0x00, 0xBF, 0x10, 0xAB, 0xD1, 0x39, 0xDF, 0xFF, 0x39, 0xDF, 0xFF, 0x39, 0xDF, 0xFF, 0x39, 0xDF,
    0xFF, 0x39, 0xDF, 0xFF, 0x39, 0xDF, 0xFF, 0x39, 0xDF, 0xFF, 0x21, 0x13, 0xE1, 0x00, 0x00, 0xBF,
    0x00, 0x00, 0xBF, 0x00, 0x00, 0xBF, 0x00, 0x00, 0xBF, 0x00, 0x00, 0xBF, 0x00, 0x00, 0xBF, 0x00,
    0x00, 0xBF, 0x31, 0x9B, 0xF3, 0x39, 0xDF, 0xFF, 0x39, 0xDF, 0xFF, 0x39, 0xDF, 0xFF, 0x39, 0xDF,
    0xFF, 0x39, 0xDF, 0xFF, 0x39, 0xDF, 0xFF, 0x39, 0xDF, 0xFF, 0x39, 0xDF, 0xFF, 0x39, 0xDE, 0xFB,
    0x00, 0x22, 0xC4, 0x00, 0x00, 0xBF, 0x00, 0x00, 0xBF, 0x00, 0x00, 0xBF, 0x00, 0x00, 0xBF, 0x00,
    0x00, 0xBF, 0x00, 0x00, 0xBF, 0x00, 0x00, 0xBF, 0x00, 0x00, 0xBF, 0x00, 0x01, 0xC2, 0x39, 0xDF,
    0xFF, 0x39, 0xDF, 0xFF, 0x39, 0xDF, 0xFF, 0x39, 0xDF, 0xFF, 0x39, 0xDF, 0xFF, 0x39, 0xDF, 0xFF,
    0x39, 0xDF, 0xFF, 0x18, 0xCE, 0xD7, 0x00, 0x00, 0xBF, 0x00, 0x00, 0xBF, 0x00, 0x00, 0xBF, 0x00,
    0x00, 0xBF, 0x00, 0x00, 0xBF, 0x00, 0x00, 0xBF, 0x00, 0x00, 0xBF, 0x39, 0xDF, 0xFE, 0x39, 0xDF,
    0xFF, 0x39, 0xDF, 0xFF, 0x39, 0xDF, 0xFF, 0x39, 0xDF, 0xFF, 0x39, 0xDF, 0xFF, 0x39, 0xDF, 0xFF,
    0x39, 0xDF, 0xFF, 0x39, 0xDF, 0xFF, 0x39, 0xDF, 0xFF, 0x39, 0xDF, 0xFF, 0x39, 0xDF, 0xFF, 0x39,
    0xDF, 0xFF, 0x39, 0xDF, 0xFF, 0x39, 0xDF, 0xFF, 0x39, 0xDF, 0xFF, 0x39, 0xDF, 0xFF, 0x39, 0xDF,
    0xFF, 0x39, 0xDF, 0xFF, 0x39, 0xDF, 0xFF, 0x31, 0x9B, 0xF4, 0x18, 0xCC, 0xD5, 0x00, 0x00, 0xBF,
    0x00, 0x00, 0xBF, 0x00, 0x00, 0xBF, 0x00, 0x00, 0xBF, 0x00, 0x00, 0xBF, 0x00, 0x00, 0xBF, 0x00,
    0x00, 0xBF, 0x00, 0x00, 0xBF, 0x00, 0x00, 0xBF, 0x00, 0x00, 0xBF, 0x00, 0x00, 0xBF, 0x00, 0x00,
    0xBF, 0x00, 0x00, 0xBF, 0x00, 0x00, 0xBF, 0x00, 0x00, 0xBF, 0x00, 0x00, 0xBF, 0x00, 0x00, 0xBF,
    0x00, 0x00, 0xBF, 0x00, 0x00, 0xBF, 0x00, 0x00, 0xBF, 0x00, 0x00, 0xBF, 0x00, 0x00, 0xBF, 0x45,
    0x5A, 0xF2, 0x4E, 0x7F, 0xFF, 0x4E, 0x7F, 0xFF, 0x4E, 0x7F, 0xFF, 0x4E, 0x7F, 0xFF, 0x4E, 0x7F,
    0xFF, 0x4E, 0x7F, 0xFF, 0x4E, 0x7F, 0xFF, 0x4E, 0x7F, 0xFF, 0x4E, 0x7F, 0xFF, 0x4E, 0x7F, 0xFF,
    0x4E, 0x7F, 0xFF, 0x4E, 0x7F, 0xFF, 0x4E, 0x7F, 0xFF, 0x4E, 0x7F, 0xFF, 0x4E, 0x7F, 0xFF, 0x4E,
    0x7F, 0xFF, 0x4E, 0x7F, 0xFF, 0x4E, 0x7F, 0xFF, 0x4E, 0x7F, 0xFF, 0x4E, 0x7F, 0xFF, 0x4E, 0x7F,
    0xFF, 0x4E, 0x7F, 0xFF, 0x4E, 0x7F, 0xFF, 0x4E, 0x7F, 0xFF, 0x4E, 0x7F, 0xFF, 0x4E, 0x7F, 0xFF,
    0x4E, 0x7F, 0xFF, 0x4E, 0x7F, 0xFF, 0x4E, 0x7F, 0xFF, 0x4E, 0x7F, 0xFF, 0x4E, 0x7F, 0xFF, 0x4E,
    0x7F, 0xFF, 0x4E, 0x7F, 0xFF, 0x4E, 0x7F, 0xFF, 0x4E, 0x7F, 0xFF, 0x4E, 0x7F, 0xFF, 0x4E, 0x7F,
    0xFF, 0x4E, 0x7F, 0xFF, 0x4E, 0x7F, 0xFF, 0x4E, 0x7F, 0xFF, 0x4E, 0x7F, 0xFF, 0x4E, 0x7F, 0xFF,
    0x4E, 0x7F, 0xFF, 0x4E, 0x7F, 0xFF, 0x4E, 0x7F, 0xFF, 0x4E, 0x7F, 0xFF, 0x4E, 0x7F, 0xFF, 0x4E,
    0x7F, 0xFF, 0x4E, 0x7F, 0xFF, 0x4E, 0x7F, 0xFF, 0x4E, 0x7F, 0xFF, 0x4E, 0x7F, 0xFF, 0x4E, 0x7F,
    0xFF, 0x4E, 0x7F, 0xFF, 0x4E, 0x7F, 0xFF, 0x4E, 0x7F, 0xFF, 0x4E, 0x7F, 0xFF, 0x4E, 0x7F, 0xFF,
    0x4E, 0x7F, 0xFF, 0x4E, 0x7F, 0xFF, 0x4E, 0x7F, 0xFF, 0x46, 0x1E, 0xFF, 0x2D, 0x3C, 0xFF, 0x2D,
    0x3C, 0xFF, 0x2D, 0x3C, 0xFF, 0x2D, 0x3C, 0xFF, 0x46, 0x1E, 0xFF, 0x4E, 0x7F, 0xFF, 0x4E, 0x7F,
    0xFF, 0x4E, 0x7F, 0xFF, 0x4E, 0x7F, 0xFF, 0x4E, 0x7F, 0xFF, 0x4E, 0x7F, 0xFF, 0x4E, 0x7F, 0xFF,
    0x4E, 0x7F, 0xFF, 0x4E, 0x7F, 0xFF, 0x4E, 0x7F, 0xFF, 0x4E, 0x7F, 0xFF, 0x66, 0x1B, 0xFF, 0xB4,
    0x8A, 0xFF, 0xC4, 0x47, 0xFF, 0xC4, 0x47, 0xFF, 0xC4, 0x47, 0xFF, 0xC4, 0x47, 0xFF, 0xC4, 0x47,
    0xFF, 0xC4, 0x47, 0xFF, 0xC4, 0x47, 0xFF, 0xC4, 0x47, 0xFF, 0xC4, 0x47, 0xFF, 0xC4, 0x47, 0xFF,
    0xC4, 0x47, 0xFF, 0xC4, 0x47, 0xFF, 0xC4, 0x47, 0xFF, 0xC4, 0x47, 0xFF, 0xC4, 0x47, 0xFF, 0xC4,
    0x47, 0xFF, 0xC4, 0x47, 0xFF, 0xC4, 0x47, 0xFF, 0xC4, 0x47, 0xFF, 0x9B, 0x66, 0xEF, 0x00, 0x00,
    0xBF, 0x00, 0x00, 0xBF, 0x00, 0x00, 0xBF, 0x00, 0x00, 0xBF, 0x00, 0x00, 0xBF, 0x00, 0x00, 0xBF,
    0x00, 0x00, 0xBF, 0x00, 0x00, 0xBF, 0x00, 0x00, 0xBF, 0x00, 0x00, 0xBF, 0x07, 0x42, 0xF8, 0x07,
    0xE2, 0xFF, 0x07, 0xE2, 0xFF, 0x07, 0xE2, 0xFF, 0x07, 0xE2, 0xFF, 0x07, 0xE2, 0xFF, 0x07, 0xE2,
    0xFF, 0x07, 0xE2, 0xFF, 0x07, 0xE2, 0xFF, 0x07, 0xE2, 0xFF, 0x07, 0xE2, 0xFF, 0x07, 0x42, 0xF8,
    0x00, 0x00, 0xBF, 0x00, 0x00, 0xBF, 0x00, 0x00, 0xBF, 0x00, 0x00, 0xBF, 0x00, 0x00, 0xBF, 0x00,
    0x00, 0xBF, 0x00, 0x00, 0xBF, 0x00, 0x00, 0xBF, 0x00, 0x00, 0xBF, 0x00, 0x00, 0xBF, 0x18, 0xF0,
    0xDB, 0x39, 0xDF, 0xFF, 0x39, 0xDF, 0xFF, 0x39, 0xDF, 0xFF, 0x39, 0xDF, 0xFF, 0x39, 0xDF, 0xFF,
    0x39, 0xDF, 0xFF, 0x39, 0xDF, 0xFF, 0x39, 0xDF, 0xFF, 0x39, 0xDF, 0xFF, 0x39, 0xDF, 0xFF, 0x39,
    0xDF, 0xFF, 0x39, 0xDF, 0xFF, 0x39, 0xDF, 0xFF, 0x39, 0xDF, 0xFF, 0x39, 0xDF, 0xFF, 0x39, 0xDF,
    0xFF, 0x39, 0xDF, 0xFF, 0x39, 0xDF, 0xFF, 0x39, 0xDF, 0xFF, 0x39, 0xDF, 0xFF, 0x29, 0x57, 0xEA,
    0x00, 0x00, 0xBF, 0x00, 0x00, 0xBF, 0x00, 0x00, 0xBF, 0x00, 0x00, 0xBF, 0x00, 0x00, 0xBF, 0x00,
    0x00, 0xBF, 0x00, 0x00, 0xBF, 0x00, 0x00, 0xBF, 0x00, 0x00, 0xBF, 0x08, 0x45, 0xC7, 0x31, 0x9C,
    0xF5, 0x39, 0xDF, 0xFF, 0x39, 0xDF, 0xFF, 0x39, 0xDF, 0xFF, 0x39, 0xDF, 0xFF, 0x39, 0xDF, 0xFF,
    0x39, 0xDF, 0xFF, 0x39, 0xDF, 0xFF, 0x39, 0xDF, 0xFF, 0x39, 0xDF, 0xFF, 0x39, 0xDF, 0xFF, 0x39,
    0xDF, 0xFF, 0x39, 0xDF, 0xFF, 0x39, 0xDF, 0xFF, 0x39, 0xDF, 0xFF, 0x39, 0xDF, 0xFF, 0x39, 0xDF,
    0xFF, 0x39, 0xDF, 0xFF, 0x39, 0xDF, 0xFF, 0x39, 0xDF, 0xFF, 0x39, 0xDF, 0xFF, 0x29, 0x56, 0xE9,
    0x00, 0x01, 0xC1, 0x00, 0x00, 0xBF, 0x00, 0x00, 0xBF, 0x00, 0x00, 0xBF, 0x00, 0x00, 0xBF, 0x00,
    0x00, 0xBF, 0x00, 0x00, 0xBF, 0x00, 0x00, 0xBF, 0x00, 0x00, 0xBF, 0x00, 0x00, 0xBF, 0x29, 0x55,
    0xE6, 0x39, 0xDF, 0xFF, 0x39, 0xDF, 0xFF, 0x39, 0xDF, 0xFF, 0x39, 0xDF, 0xFF, 0x39, 0xDF, 0xFF,
    0x39, 0xDF, 0xFF, 0x39, 0xDF, 0xFF, 0x08, 0x68, 0xCC, 0x00, 0x00, 0xBF, 0x00, 0x00, 0xBF, 0x00,
    0x00, 0xBF, 0x00, 0x00, 0xBF, 0x00, 0x00, 0xBF, 0x00, 0x00, 0xBF, 0x00, 0x00, 0xBF, 0x00, 0x00,
    0xBF, 0x00, 0x00, 0xBF, 0x10, 0xAB, 0xD1, 0x39, 0xDF, 0xFF, 0x39, 0xDF, 0xFF, 0x39, 0xDF, 0xFF,
    0x39, 0xDF, 0xFF, 0x39, 0xDF, 0xFF, 0x39, 0xDF, 0xFF, 0x39, 0xDF, 0xFF, 0x21, 0x13, 0xE1, 0x00,
    0x00, 0xBF, 0x00, 0x00, 0xBF, 0x00, 0x00, 0xBF, 0x00, 0x00, 0xBF, 0x00, 0x00, 0xBF, 0x00, 0x00,
    0xBF, 0x00, 0x00, 0xBF, 0x31, 0x9B, 0xF3, 0x39, 0xDF, 0xFF, 0x39, 0xDF, 0xFF, 0x39, 0xDF, 0xFF,
    0x39, 0xDF, 0xFF, 0x39, 0xDF, 0xFF, 0x39, 0xDF, 0xFF, 0x39, 0xDF, 0xFF, 0x39, 0xDF, 0xFF, 0x39,
    0xDF, 0xFF, 0x21, 0x13, 0xE2, 0x00, 0x00, 0xBF, 0x00, 0x00, 0xBF, 0x00, 0x00, 0xBF, 0x00, 0x00,
    0xBF, 0x00, 0x00, 0xBF, 0x00, 0x00, 0xBF, 0x00, 0x00, 0xBF, 0x00, 0x00, 0xBF, 0x00, 0x01, 0xC2,
    0x39, 0xDF, 0xFF, 0x39, 0xDF, 0xFF, 0x39, 0xDF, 0xFF, 0x39, 0xDF, 0xFF, 0x39, 0xDF, 0xFF, 0x39,
    0xDF, 0xFF, 0x39, 0xDF, 0xFF, 0x18, 0xCE, 0xD7, 0x00, 0x00, 0xBF, 0x00, 0x00, 0xBF, 0x00, 0x00,
    0xBF, 0x00, 0x00, 0xBF, 0x00, 0x00, 0xBF, 0x00, 0x00, 0xBF, 0x00, 0x00, 0xBF, 0x39, 0xDF, 0xFE,
    0x39, 0xDF, 0xFF, 0x39, 0xDF, 0xFF, 0x39, 0xDF, 0xFF, 0x39, 0xDF, 0xFF, 0x39, 0xDF, 0xFF, 0x39,
    0xDF, 0xFF, 0x39, 0xDF, 0xFF, 0x39, 0xDF, 0xFF, 0x39, 0xDF, 0xFF, 0x39, 0xDF, 0xFF, 0x39, 0xDF,
    0xFF, 0x39, 0xDF, 0xFF, 0x39, 0xDF, 0xFF, 0x39, 0xDF, 0xFF, 0x39, 0xDF, 0xFF, 0x39, 0xDF, 0xFF,
    0x39, 0xDF, 0xFF, 0x39, 0xDF, 0xFF, 0x39, 0xDF, 0xFF, 0x39, 0xDF, 0xFF, 0x39, 0xDF, 0xFF, 0x29,
    0x78, 0xED, 0x00, 0x23, 0xC5, 0x00, 0x00, 0xBF, 0x00, 0x00, 0xBF, 0x00, 0x00, 0xBF, 0x00, 0x00,
    0xBF, 0x00, 0x00, 0xBF, 0x00, 0x00, 0xBF, 0x00, 0x00, 0xBF, 0x00, 0x00, 0xBF, 0x00, 0x00, 0xBF,
    0x00, 0x00, 0xBF, 0x00, 0x00, 0xBF, 0x00, 0x00, 0xBF, 0x00, 0x00, 0xBF, 0x00, 0x00, 0xBF, 0x00,
    0x00, 0xBF, 0x00, 0x00, 0xBF, 0x00, 0x00, 0xBF, 0x00, 0x00, 0xBF, 0x00, 0x00, 0xBF, 0x00, 0x00,
    0xBF, 0x34, 0x14, 0xE3, 0x4E, 0x7F, 0xFF, 0x4E, 0x7F, 0xFF, 0x4E, 0x7F, 0xFF, 0x4E, 0x7F, 0xFF,
    0x4E, 0x7F, 0xFF, 0x4E, 0x7F, 0xFF, 0x4E, 0x7F, 0xFF, 0x4E, 0x7F, 0xFF, 0x4E, 0x7F, 0xFF, 0x4E,
    0x7F, 0xFF, 0x4E, 0x7F, 0xFF, 0x4E, 0x7F, 0xFF, 0x4E, 0x7F, 0xFF, 0x4E, 0x7F, 0xFF, 0x4E, 0x7F,
    0xFF, 0x4E, 0x7F, 0xFF, 0x4E, 0x7F, 0xFF, 0x4E, 0x7F, 0xFF, 0x4E, 0x7F, 0xFF, 0x4E, 0x7F, 0xFF,
    0x4E, 0x7F, 0xFF, 0x4E, 0x7F, 0xFF, 0x4E, 0x7F, 0xFF, 0x4E, 0x7F, 0xFF, 0x4E, 0x7F, 0xFF, 0x4E,
    0x7F, 0xFF, 0x4E, 0x7F, 0xFF, 0x4E, 0x7F, 0xFF, 0x4E, 0x7F, 0xFF, 0x4E, 0x7F, 0xFF, 0x4E, 0x7F,
    0xFF, 0x4E, 0x7F, 0xFF, 0x4E, 0x7F, 0xFF, 0x4E, 0x7F, 0xFF, 0x4E, 0x7F, 0xFF, 0x4E, 0x7F, 0xFF,
    0x4E, 0x7F, 0xFF, 0x4E, 0x7F, 0xFF, 0x4E, 0x7F, 0xFF, 0x4E, 0x7F, 0xFF, 0x4E, 0x7F, 0xFF, 0x4E,
    0x7F, 0xFF, 0x4E, 0x7F, 0xFF, 0x4E, 0x7F, 0xFF, 0x4E, 0x7F, 0xFF, 0x4E, 0x7F, 0xFF, 0x4E, 0x7F,
    0xFF, 0x4E, 0x7F, 0xFF, 0x4E, 0x7F, 0xFF, 0x4E, 0x7F, 0xFF, 0x4E, 0x7F, 0xFF, 0x4E, 0x7F, 0xFF,
    0x4E, 0x7F, 0xFF, 0x4E, 0x7F, 0xFF, 0x4E, 0x7F, 0xFF, 0x4E, 0x7F, 0xFF, 0x4E, 0x7F, 0xFF, 0x4E,
    0x7F, 0xFF, 0x4E, 0x7F, 0xFF, 0x4E, 0x7F, 0xFF, 0x4E, 0x7F, 0xFF, 0x3D, 0xBD, 0xFF, 0x2D, 0x3C,
    0xFF, 0x2D, 0x3C, 0xFF, 0x2D, 0x3C, 0xFF, 0x35, 0x5C, 0xFF, 0x4E, 0x5F, 0xFF, 0x4E, 0x7F, 0xFF,
    0x4E, 0x7F, 0xFF, 0x4E, 0x7F, 0xFF, 0x4E, 0x7F, 0xFF, 0x4E, 0x7F, 0xFF, 0x4E, 0x7F, 0xFF, 0x4E,
    0x7F, 0xFF, 0x4E, 0x7F, 0xFF, 0x4E, 0x7F, 0xFF, 0x4E, 0x7F, 0xFF, 0x6E, 0x1A, 0xFF, 0xD5, 0x4D,
    0xFF, 0xED, 0xAE, 0xFF, 0xF6, 0x0F, 0xFF, 0xF6, 0x0F, 0xFF, 0xED, 0xCE, 0xFF, 0xE5, 0x6C, 0xFF,
    0xCC, 0xA9, 0xFF, 0xC4, 0x47, 0xFF, 0xC4, 0x47, 0xFF, 0xC4, 0x47, 0xFF, 0xC4, 0x47, 0xFF, 0xC4,
    0x47, 0xFF, 0xC4, 0x47, 0xFF, 0xC4, 0x47, 0xFF, 0xC4, 0x47, 0xFF, 0xC4, 0x47, 0xFF, 0xC4, 0x47,
    0xFF, 0xC4, 0x47, 0xFF, 0xC4, 0x47, 0xFF, 0xC4, 0x47, 0xFF, 0xC4, 0x47, 0xFF, 0xC4, 0x27, 0xFD,
    0x00, 0x20, 0xC1, 0x00, 0x00, 0xBF, 0x00, 0x00, 0xBF, 0x00, 0x00, 0xBF, 0x00, 0x00, 0xBF, 0x00,
    0x00, 0xBF, 0x00, 0x00, 0xBF, 0x00, 0x00, 0xBF, 0x00, 0x00, 0xBF, 0x00, 0x00, 0xBF, 0x07, 0x42,
    0xF8, 0x07, 0xE2, 0xFF, 0x07, 0xE2, 0xFF, 0x07, 0xE2, 0xFF, 0x07, 0xE2, 0xFF, 0x07, 0xE2, 0xFF,
    0x07, 0xE2, 0xFF, 0x07, 0xE2, 0xFF, 0x07, 0xE2, 0xFF, 0x07, 0xE2, 0xFF, 0x07, 0xE2, 0xFF, 0x07,
    0x42, 0xF8, 0x00, 0x00, 0xBF, 0x00, 0x00, 0xBF, 0x00, 0x00, 0xBF, 0x00, 0x00, 0xBF, 0x00, 0x00,
    0xBF, 0x00, 0x00, 0xBF, 0x00, 0x00, 0xBF, 0x00, 0x00, 0xBF, 0x00, 0x00, 0xBF, 0x00, 0x00, 0xBF,
    0x18, 0xF0, 0xDB, 0x39, 0xDF, 0xFF, 0x39, 0xDF, 0xFF, 0x39, 0xDF, 0xFF, 0x39, 0xDF, 0xFF, 0x39,
    0xDF, 0xFF, 0x39, 0xDF, 0xFF, 0x39, 0xDF, 0xFF, 0x39, 0xDF, 0xFF, 0x39, 0xDF, 0xFF, 0x39, 0xDF,
    0xFF, 0x39, 0xDF, 0xFF, 0x39, 0xDF, 0xFF, 0x39, 0xDF, 0xFF, 0x39, 0xDF, 0xFF, 0x39, 0xDF, 0xFF,
    0x39, 0xDF, 0xFF, 0x39, 0xDF, 0xFF, 0x39, 0xDF, 0xFF, 0x39, 0xDF, 0xFF, 0x39, 0xDF, 0xFF, 0x29,
    0x57, 0xEA, 0x00, 0x00, 0xBF, 0x00, 0x00, 0xBF, 0x00, 0x00, 0xBF, 0x00, 0x00, 0xBF, 0x00, 0x00,
    0xBF, 0x00, 0x00, 0xBF, 0x00, 0x00, 0xBF, 0x00, 0x00, 0xBF, 0x08, 0x44, 0xC6, 0x31, 0xBC, 0xF7,
    0x39, 0xDF, 0xFF, 0x39, 0xDF, 0xFF, 0x39, 0xDF, 0xFF, 0x39, 0xDF, 0xFF, 0x39, 0xDF, 0xFF, 0x39,
    0xDF, 0xFF, 0x39, 0xDF, 0xFF, 0x39, 0xDF, 0xFF, 0x39, 0xDF, 0xFF, 0x39, 0xDF, 0xFF, 0x39, 0xDF,
    0xFF, 0x39, 0xDF, 0xFF, 0x39, 0xDF, 0xFF, 0x39, 0xDF, 0xFF, 0x39, 0xDF, 0xFF, 0x39, 0xDF, 0xFF,
    0x39, 0xDF, 0xFF, 0x39, 0xDF, 0xFF, 0x39, 0xDF, 0xFF, 0x39, 0xDF, 0xFF, 0x39, 0xDF, 0xFF, 0x39,
    0xDF, 0xFF, 0x29, 0x57, 0xEA, 0x00, 0x00, 0xBF, 0x00, 0x00, 0xBF, 0x00, 0x00, 0xBF, 0x00, 0x00,
    0xBF, 0x00, 0x00, 0xBF, 0x00, 0x00, 0xBF, 0x00, 0x00, 0xBF, 0x00, 0x00, 0xBF, 0x00, 0x00, 0xBF,
    0x29, 0x55, 0xE6, 0x39, 0xDF, 0xFF, 0x39, 0xDF, 0xFF, 0x39, 0xDF, 0xFF, 0x39, 0xDF, 0xFF, 0x39,
    0xDF, 0xFF, 0x39, 0xDF, 0xFF, 0x39, 0xDF, 0xFF, 0x08, 0x68, 0xCC, 0x00, 0x00, 0xBF, 0x00, 0x00,
    0xBF, 0x00, 0x00, 0xBF, 0x00, 0x00, 0xBF, 0x00, 0x00, 0xBF, 0x00, 0x00, 0xBF, 0x00, 0x00, 0xBF,
    0x00, 0x00, 0xBF, 0x00, 0x00, 0xBF, 0x10, 0xAB, 0xD1, 0x39, 0xDF, 0xFF, 0x39, 0xDF, 0xFF, 0x39,
    0xDF, 0xFF, 0x39, 0xDF, 0xFF, 0x39, 0xDF, 0xFF, 0x39, 0xDF, 0xFF, 0x39, 0xDF, 0xFF, 0x21, 0x13,
    0xE1, 0x00, 0x00, 0xBF, 0x00, 0x00, 0xBF, 0x00, 0x00, 0xBF, 0x00, 0x00, 0xBF, 0x00, 0x00, 0xBF,
    0x00, 0x00, 0xBF, 0x00, 0x00, 0xBF, 0x31, 0x9B, 0xF3, 0x39, 0xDF, 0xFF, 0x39, 0xDF, 0xFF, 0x39,
    0xDF, 0xFF, 0x39, 0xDF, 0xFF, 0x39, 0xDF, 0xFF, 0x39, 0xDF, 0xFF, 0x39, 0xDF, 0xFF, 0x39, 0xDF,
    0xFF, 0x39, 0xDF, 0xFF, 0x39, 0xDF, 0xFD, 0x08, 0x44, 0xC6, 0x00, 0x00, 0xBF, 0x00, 0x00, 0xBF,
    0x00, 0x00, 0xBF, 0x00, 0x00, 0xBF, 0x00, 0x00, 0xBF, 0x00, 0x00, 0xBF, 0x00, 0x00, 0xBF, 0x00,
    0x01, 0xC2, 0x39, 0xDF, 0xFF, 0x39, 0xDF, 0xFF, 0x39, 0xDF, 0xFF, 0x39, 0xDF, 0xFF, 0x39, 0xDF,
    0xFF, 0x39, 0xDF, 0xFF, 0x39, 0xDF, 0xFF, 0x18, 0xCE, 0xD7, 0x00, 0x00, 0xBF, 0x00, 0x00, 0xBF,
    0x00, 0x00, 0xBF, 0x00, 0x00, 0xBF, 0x00, 0x00, 0xBF, 0x00, 0x00, 0xBF, 0x00, 0x00, 0xBF, 0x39,
    0xDF, 0xFE, 0x39, 0xDF, 0xFF, 0x39, 0xDF, 0xFF, 0x39, 0xDF, 0xFF, 0x39, 0xDF, 0xFF, 0x39, 0xDF,
    0xFF, 0x39, 0xDF, 0xFF, 0x39, 0xDF, 0xFF, 0x39, 0xDF, 0xFF, 0x39, 0xDF, 0xFF, 0x39, 0xDF, 0xFF,
    0x39, 0xDF, 0xFF, 0x39, 0xDF, 0xFF, 0x39, 0xDF, 0xFF, 0x39, 0xDF, 0xFF, 0x39, 0xDF, 0xFF, 0x39,
    0xDF, 0xFF, 0x39, 0xDF, 0xFF, 0x39, 0xDF, 0xFF, 0x39, 0xDF, 0xFF, 0x39, 0xDF, 0xFF, 0x39, 0xDF,
    0xFF, 0x39, 0xDF, 0xFF, 0x31, 0xBC, 0xF7, 0x08, 0x66, 0xCA, 0x00, 0x00, 0xBF, 0x00, 0x00, 0xBF,
    0x00, 0x00, 0xBF, 0x00, 0x00, 0xBF, 0x00, 0x00, 0xBF, 0x00, 0x00, 0xBF, 0x00, 0x00, 0xBF, 0x00,
    0x00, 0xBF, 0x00, 0x00, 0xBF, 0x00, 0x00, 0xBF, 0x00, 0x00, 0xBF, 0x00, 0x00, 0xBF, 0x00, 0x00,
    0xBF, 0x00, 0x00, 0xBF, 0x00, 0x00, 0xBF, 0x00, 0x00, 0xBF, 0x00, 0x00, 0xBF, 0x00, 0x00, 0xBF,
    0x00, 0x00, 0xBF, 0x1A, 0x4B, 0xD2, 0x4E, 0x7F, 0xFF, 0x4E, 0x7F, 0xFF, 0x4E, 0x7F, 0xFF, 0x4E,
    0x7F, 0xFF, 0x4E, 0x7F, 0xFF, 0x4E, 0x5F, 0xFF, 0x4E, 0x7F, 0xFF, 0x4E, 0x7F, 0xFF, 0x4E, 0x7F,
    0xFF, 0x4E, 0x7F, 0xFF, 0x4E, 0x7F, 0xFF, 0x4E, 0x7F, 0xFF, 0x4E, 0x7F, 0xFF, 0x4E, 0x7F, 0xFF,
    0x4E, 0x7F, 0xFF, 0x4E, 0x7F, 0xFF, 0x4E, 0x7F, 0xFF, 0x4E, 0x7F, 0xFF, 0x4E, 0x7F, 0xFF, 0x4E,
    0x7F, 0xFF, 0x4E, 0x7F, 0xFF, 0x4E, 0x7F, 0xFF, 0x4E, 0x7F, 0xFF, 0x4E, 0x7F, 0xFF, 0x4E, 0x7F,
    0xFF, 0x4E, 0x5F, 0xFF, 0x45, 0xFE, 0xFF, 0x45, 0xFE, 0xFF, 0x46, 0x1F, 0xFF, 0x4E, 0x5F, 0xFF,
    0x4E, 0x7F, 0xFF, 0x4E, 0x7F, 0xFF, 0x4E, 0x7F, 0xFF, 0x4E, 0x7F, 0xFF, 0x4E, 0x7F, 0xFF, 0x4E,
    0x7F, 0xFF, 0x4E, 0x7F, 0xFF, 0x4E, 0x7F, 0xFF, 0x4E, 0x7F, 0xFF, 0x4E, 0x7F, 0xFF, 0x4E, 0x7F,
    0xFF, 0x4E, 0x7F, 0xFF, 0x4E, 0x7F, 0xFF, 0x4E, 0x7F, 0xFF, 0x4E, 0x7F, 0xFF, 0x4E, 0x7F, 0xFF,
    0x4E, 0x5F, 0xFF, 0x35, 0x3A, 0xFF, 0x24, 0x15, 0xFF, 0x24, 0x15, 0xFF, 0x34, 0xF9, 0xFF, 0x4E,
    0x3F, 0xFF, 0x4E, 0x7F, 0xFF, 0x4E, 0x7F, 0xFF, 0x4E, 0x7F, 0xFF, 0x4E, 0x7F, 0xFF, 0x4E, 0x7F,
    0xFF, 0x4E, 0x7F, 0xFF, 0x4E, 0x7F, 0xFF, 0x4E, 0x7F, 0xFF, 0x4E, 0x7F, 0xFF, 0x35, 0x7D, 0xFF,
    0x2D, 0x3C, 0xFF, 0x2D, 0x3C, 0xFF, 0x2D, 0x3C, 0xFF, 0x3D, 0xBD, 0xFF, 0x4E, 0x7F, 0xFF, 0x4E,
    0x7F, 0xFF, 0x4E, 0x7F, 0xFF, 0x4E, 0x7F, 0xFF, 0x4E, 0x7F, 0xFF, 0x4E, 0x7F, 0xFF, 0x4E, 0x7F,
    0xFF, 0x4E, 0x7F, 0xFF, 0x4E, 0x7F, 0xFF, 0x4E, 0x7F, 0xFF, 0x7E, 0x5B, 0xFF, 0xEE, 0x31, 0xFF,
    0xFE, 0x51, 0xFF, 0xFE, 0x51, 0xFF, 0xFE, 0x51, 0xFF, 0xFE, 0x51, 0xFF, 0xFE, 0x51, 0xFF, 0xFE,
    0x51, 0xFF, 0xFE, 0x51, 0xFF, 0xED, 0xCE, 0xFF, 0xCC, 0xA9, 0xFF, 0xC4, 0x47, 0xFF, 0xC4, 0x47,
    0xFF, 0xC4, 0x47, 0xFF, 0xC4, 0x47, 0xFF, 0xC4, 0x47, 0xFF, 0xC4, 0x47, 0xFF, 0xC4, 0x47, 0xFF,
    0xC4, 0x47, 0xFF, 0xC4, 0x47, 0xFF, 0xC4, 0x47, 0xFF, 0xC4, 0x47, 0xFF, 0xC4, 0x47, 0xFF, 0xC4,
    0x47, 0xFF, 0x28, 0xE1, 0xC9, 0x00, 0x00, 0xBF, 0x00, 0x00, 0xBF, 0x00, 0x00, 0xBF, 0x00, 0x00,
    0xBF, 0x00, 0x00, 0xBF, 0x00, 0x00, 0xBF, 0x00, 0x00, 0xBF, 0x00, 0x00, 0xBF, 0x00, 0x00, 0xBF,
    0x07, 0x42, 0xF8, 0x07, 0xE2, 0xFF, 0x07, 0xE2, 0xFF, 0x07, 0xE2, 0xFF, 0x07, 0xE2, 0xFF, 0x07,
    0xE2, 0xFF, 0x07, 0xE2, 0xFF, 0x07, 0xE2, 0xFF, 0x07, 0xE2, 0xFF, 0x07, 0xE2, 0xFF, 0x07, 0xE2,
    0xFF, 0x07, 0x42, 0xF8, 0x00, 0x00, 0xBF, 0x00, 0x00, 0xBF, 0x00, 0x00, 0xBF, 0x00, 0x00, 0xBF,
    0x00, 0x00, 0xBF, 0x00, 0x00, 0xBF, 0x00, 0x00, 0xBF, 0x00, 0x00, 0xBF, 0x00, 0x00, 0xBF, 0x00,
    0x00, 0xBF, 0x18, 0xF0, 0xDB, 0x39, 0xDF, 0xFF, 0x39, 0xDF, 0xFF, 0x39, 0xDF, 0xFF, 0x39, 0xDF,
    0xFF, 0x39, 0xDF, 0xFF, 0x39, 0xDF, 0xFF, 0x39, 0xDF, 0xFF, 0x39, 0xDF, 0xFF, 0x39, 0xDF, 0xFF,
    0x39, 0xDF, 0xFF, 0x39, 0xDF, 0xFF, 0x39, 0xDF, 0xFF, 0x39, 0xDF, 0xFF, 0x39, 0xDF, 0xFF, 0x39,
    0xDF, 0xFF, 0x39, 0xDF, 0xFF, 0x39, 0xDF, 0xFF, 0x39, 0xDF, 0xFF, 0x39, 0xDF, 0xFF, 0x39, 0xDF,
    0xFF, 0x29, 0x57, 0xEA, 0x00, 0x00, 0xBF, 0x00, 0x00, 0xBF, 0x00, 0x00, 0xBF, 0x00, 0x00, 0xBF,
    0x00, 0x00, 0xBF, 0x00, 0x00, 0xBF, 0x00, 0x00, 0xBF, 0x00, 0x00, 0xC0, 0x31, 0x9A, 0xF1, 0x39,
    0xDF, 0xFF, 0x39, 0xDF, 0xFF, 0x39, 0xDF, 0xFF, 0x39, 0xDF, 0xFF, 0x39, 0xDF, 0xFF, 0x39, 0xDF,
    0xFF, 0x39, 0xDF, 0xFF, 0x39, 0xDF, 0xFF, 0x39, 0xDF, 0xFF, 0x31, 0xBE, 0xFB, 0x29, 0x78, 0xEC,
    0x29, 0x55, 0xE6, 0x29, 0x56, 0xE7, 0x29, 0x79, 0xEF, 0x39, 0xDF, 0xFE, 0x39, 0xDF, 0xFF, 0x39,
    0xDF, 0xFF, 0x39, 0xDF, 0xFF, 0x39, 0xDF, 0xFF, 0x39, 0xDF, 0xFF, 0x39, 0xDF, 0xFF, 0x39, 0xDF,
    0xFF, 0x39, 0xDF, 0xFF, 0x39, 0xDF, 0xFF, 0x21, 0x12, 0xE0, 0x00, 0x00, 0xBF, 0x00, 0x00, 0xBF,
    0x00, 0x00, 0xBF, 0x00, 0x00, 0xBF, 0x00, 0x00, 0xBF, 0x00, 0x00, 0xBF, 0x00, 0x00, 0xBF, 0x00,
    0x00, 0xBF, 0x29, 0x55, 0xE6, 0x39, 0xDF, 0xFF, 0x39, 0xDF, 0xFF, 0x39, 0xDF, 0xFF, 0x39, 0xDF,
    0xFF, 0x39, 0xDF, 0xFF, 0x39, 0xDF, 0xFF, 0x39, 0xDF, 0xFF, 0x08, 0x68, 0xCC, 0x00, 0x00, 0xBF,
    0x00, 0x00, 0xBF, 0x00, 0x00, 0xBF, 0x00, 0x00, 0xBF, 0x00, 0x00, 0xBF, 0x00, 0x00, 0xBF, 0x00,
    0x00, 0xBF, 0x00, 0x00, 0xBF, 0x00, 0x00, 0xBF, 0x10, 0xAB, 0xD1, 0x39, 0xDF, 0xFF, 0x39, 0xDF,
    0xFF, 0x39, 0xDF, 0xFF, 0x39, 0xDF, 0xFF, 0x39, 0xDF, 0xFF, 0x39, 0xDF, 0xFF, 0x39, 0xDF, 0xFF,
    0x21, 0x13, 0xE1, 0x00, 0x00, 0xBF, 0x00, 0x00, 0xBF, 0x00, 0x00, 0xBF, 0x00, 0x00, 0xBF, 0x00,
    0x00, 0xBF, 0x00, 0x00, 0xBF, 0x00, 0x00, 0xBF, 0x31, 0x9B, 0xF3, 0x39, 0xDF, 0xFF, 0x39, 0xDF,
    0xFF, 0x39, 0xDF, 0xFF, 0x39, 0xDF, 0xFF, 0x39, 0xDF, 0xFF, 0x39, 0xDF, 0xFF, 0x39, 0xDF, 0xFF,
    0x39, 0xDF, 0xFF, 0x39, 0xDF, 0xFF, 0x39, 0xDF, 0xFF, 0x21, 0x35, 0xE5, 0x00, 0x00, 0xBF, 0x00,
    0x00, 0xBF, 0x00, 0x00, 0xBF, 0x00, 0x00, 0xBF, 0x00, 0x00, 0xBF, 0x00, 0x00, 0xBF, 0x00, 0x00,
    0xBF, 0x00, 0x01, 0xC2, 0x39, 0xDF, 0xFF, 0x39, 0xDF, 0xFF, 0x39, 0xDF, 0xFF, 0x39, 0xDF, 0xFF,
    0x39, 0xDF, 0xFF, 0x39, 0xDF, 0xFF, 0x39, 0xDF, 0xFF, 0x18, 0xCE, 0xD7, 0x00, 0x00, 0xBF, 0x00,
    0x00, 0xBF, 0x00, 0x00, 0xBF, 0x00, 0x00, 0xBF, 0x00, 0x00, 0xBF, 0x00, 0x00, 0xBF, 0x00, 0x00,
    0xBF, 0x39, 0xDF, 0xFE, 0x39, 0xDF, 0xFF, 0x39, 0xDF, 0xFF, 0x39, 0xDF, 0xFF, 0x39, 0xDF, 0xFF,
    0x39, 0xDF, 0xFF, 0x39, 0xDF, 0xFF, 0x39, 0xDF, 0xFF, 0x39, 0xDF, 0xFF, 0x39, 0xDF, 0xFF, 0x39,
    0xDF, 0xFF, 0x39, 0xDF, 0xFF, 0x39, 0xDF, 0xFF, 0x39, 0xDF, 0xFF, 0x39, 0xDF, 0xFF, 0x39, 0xDF,
    0xFF, 0x39, 0xDF, 0xFF, 0x39, 0xDF, 0xFF, 0x39, 0xDF, 0xFF, 0x39, 0xDF, 0xFF, 0x39, 0xDF, 0xFF,
    0x39, 0xDF, 0xFF, 0x39, 0xDF, 0xFF, 0x39, 0xDF, 0xFF, 0x31, 0xBD, 0xF9, 0x08, 0x45, 0xC8, 0x00,
    0x00, 0xBF, 0x00, 0x00, 0xBF, 0x00, 0x00, 0xBF, 0x00, 0x00, 0xBF, 0x00, 0x00, 0xBF, 0x00, 0x00,
    0xBF, 0x00, 0x00, 0xBF, 0x00, 0x00, 0xBF, 0x00, 0x00, 0xBF, 0x00, 0x00, 0xBF, 0x00, 0x00, 0xBF,
    0x00, 0x00, 0xBF, 0x00, 0x00, 0xBF, 0x00, 0x00, 0xBF, 0x00, 0x00, 0xBF, 0x00, 0x00, 0xBF, 0x00,
    0x00, 0xBF, 0x00, 0x00, 0xBF, 0x00, 0x62, 0xC2, 0x4E, 0x3E, 0xFC, 0x4E, 0x7F, 0xFF, 0x4E, 0x7F,
    0xFF, 0x4E, 0x7F, 0xFF, 0x55, 0xFF, 0xFF, 0x5C, 0xDE, 0xFF, 0x4E, 0x7F, 0xFF, 0x4E, 0x7F, 0xFF,
    0x4E, 0x7F, 0xFF, 0x4E, 0x7F, 0xFF, 0x4E, 0x7F, 0xFF, 0x4E, 0x7F, 0xFF, 0x4E, 0x7F, 0xFF, 0x4E,
    0x7F, 0xFF, 0x4E, 0x7F, 0xFF, 0x4E, 0x7F, 0xFF, 0x4E, 0x7F, 0xFF, 0x4E, 0x7F, 0xFF, 0x4E, 0x7F,
    0xFF, 0x4E, 0x7F, 0xFF, 0x4E, 0x7F, 0xFF, 0x4E, 0x7F, 0xFF, 0x4E, 0x7F, 0xFF, 0x4E, 0x7F, 0xFF,
    0x4E, 0x7F, 0xFF, 0x35, 0x9D, 0xFF, 0x2D, 0x3C, 0xFF, 0x2D, 0x3C, 0xFF, 0x2D, 0x3C, 0xFF, 0x2D,
    0x5C, 0xFF, 0x3D, 0x9D, 0xFF, 0x46, 0x3F, 0xFF, 0x4E, 0x7F, 0xFF, 0x4E, 0x7F, 0xFF, 0x4E, 0x7F,
    0xFF, 0x4E, 0x7F, 0xFF, 0x4E, 0x7F, 0xFF, 0x4E, 0x7F, 0xFF, 0x4E, 0x7F, 0xFF, 0x4E, 0x7F, 0xFF,
    0x4E, 0x7F, 0xFF, 0x4E, 0x7F, 0xFF, 0x4E, 0x7F, 0xFF, 0x4E, 0x7F, 0xFF, 0x4E, 0x7F, 0xFF, 0x45,
    0xFD, 0xFF, 0x13, 0x11, 0xFF, 0x02, 0x2C, 0xFF, 0x02, 0x2C, 0xFF, 0x02, 0x2C, 0xFF, 0x02, 0x2C,
    0xFF, 0x0A, 0xAF, 0xFF, 0x3D, 0x7B, 0xFF, 0x4E, 0x7F, 0xFF, 0x4E, 0x7F, 0xFF, 0x4E, 0x7F, 0xFF,
    0x4E, 0x7F, 0xFF, 0x4E, 0x7F, 0xFF, 0x4E, 0x7F, 0xFF, 0x4E, 0x7F, 0xFF, 0x4E, 0x5F, 0xFF, 0x35,
    0x5C, 0xFF, 0x2D, 0x3C, 0xFF, 0x2D, 0x3C, 0xFF, 0x2D, 0x3C, 0xFF, 0x45, 0xFE, 0xFF, 0x4E, 0x7F,
    0xFF, 0x4E, 0x7F, 0xFF, 0x4E, 0x7F, 0xFF, 0x4E, 0x7F, 0xFF, 0x4E, 0x7F, 0xFF, 0x4E, 0x7F, 0xFF,
    0x4E, 0x7F, 0xFF, 0x4E, 0x7F, 0xFF, 0x4E, 0x7F, 0xFF, 0x76, 0x5C, 0xFF, 0xF6, 0x51, 0xFF, 0xFE,
    0x51, 0xFF, 0xFE, 0x51, 0xFF, 0xFE, 0x51, 0xFF, 0xFE, 0x51, 0xFF, 0xFE, 0x51, 0xFF, 0xFE, 0x51,
    0xFF, 0xFE, 0x51, 0xFF, 0xFE, 0x51, 0xFF, 0xFE, 0x51, 0xFF, 0xFE, 0x50, 0xFF, 0xDD, 0x2C, 0xFF,
    0xC4, 0x47, 0xFF, 0xC4, 0x47, 0xFF, 0xC4, 0x47, 0xFF, 0xC4, 0x47, 0xFF, 0xC4, 0x47, 0xFF, 0xC4,
    0x47, 0xFF, 0xC4, 0x47, 0xFF, 0xC4, 0x47, 0xFF, 0xC4, 0x47, 0xFF, 0xC4, 0x47, 0xFF, 0xC4, 0x47,
    0xFF, 0xC4, 0x47, 0xFF, 0x31, 0x22, 0xCD, 0x00, 0x00, 0xBF, 0x00, 0x00, 0xBF, 0x00, 0x00, 0xBF,
    0x00, 0x00, 0xBF, 0x00, 0x00, 0xBF, 0x00, 0x00, 0xBF, 0x00, 0x00, 0xBF, 0x00, 0x00, 0xBF, 0x00,
    0x00, 0xBF, 0x07, 0x42, 0xF8, 0x07, 0xE2, 0xFF, 0x07, 0xE2, 0xFF, 0x07, 0xE2, 0xFF, 0x07, 0xE2,
    0xFF, 0x07, 0xE2, 0xFF, 0x07, 0xE2, 0xFF, 0x07, 0xE2, 0xFF, 0x07, 0xE2, 0xFF, 0x07, 0xE2, 0xFF,
    0x07, 0xE2, 0xFF, 0x07, 0x42, 0xF8, 0x00, 0x00, 0xBF, 0x00, 0x00, 0xBF, 0x00, 0x00, 0xBF, 0x00,
    0x00, 0xBF, 0x00, 0x00, 0xBF, 0x00, 0x00, 0xBF, 0x00, 0x00, 0xBF, 0x00, 0x00, 0xBF, 0x00, 0x00,
    0xBF, 0x00, 0x00, 0xBF, 0x18, 0xF0, 0xDB, 0x39, 0xDF, 0xFF, 0x39, 0xDF, 0xFF, 0x39, 0xDF, 0xFF,
    0x39, 0xDF, 0xFF, 0x39, 0xDF, 0xFF, 0x39, 0xDF, 0xFF, 0x39, 0xDF, 0xFF, 0x21, 0x35, 0xE5, 0x10,
    0xAC, 0xD4, 0x10, 0xAC, 0xD4, 0x10, 0xAC, 0xD4, 0x10, 0xAC, 0xD4, 0x10, 0xAC, 0xD4, 0x10, 0xAC,
    0xD4, 0x10, 0xAC, 0xD4, 0x10, 0xAC, 0xD4, 0x10, 0xAC, 0xD4, 0x10, 0xAC, 0xD4, 0x10, 0xAC, 0xD4,
    0x10, 0xAC, 0xD4, 0x10, 0x89, 0xCE, 0x00, 0x00, 0xBF, 0x00, 0x00, 0xBF, 0x00, 0x00, 0xBF, 0x00,
    0x00, 0xBF, 0x00, 0x00, 0xBF, 0x00, 0x00, 0xBF, 0x00, 0x00, 0xBF, 0x21, 0x11, 0xDE, 0x39, 0xDF,
    0xFF, 0x39, 0xDF, 0xFF, 0x39, 0xDF, 0xFF, 0x39, 0xDF, 0xFF, 0x39, 0xDF, 0xFF, 0x39, 0xDF, 0xFF,
    0x39, 0xDF, 0xFF, 0x39, 0xDF, 0xFF, 0x31, 0xBD, 0xF9, 0x18, 0xCD, 0xD6, 0x00, 0x01, 0xC1, 0x00,
    0x00, 0xBF, 0x00, 0x00, 0xBF, 0x00, 0x00, 0xBF, 0x00, 0x00, 0xBF, 0x00, 0x22, 0xC3, 0x21, 0x12,
    0xE0, 0x39, 0xDF, 0xFE, 0x39, 0xDF, 0xFF, 0x39, 0xDF, 0xFF, 0x39, 0xDF, 0xFF, 0x39, 0xDF, 0xFF,
    0x39, 0xDF, 0xFF, 0x39, 0xDF, 0xFF, 0x39, 0xDF, 0xFF, 0x39, 0xDF, 0xFE, 0x08, 0x67, 0xCC, 0x00,
    0x00, 0xBF, 0x00, 0x00, 0xBF, 0x00, 0x00, 0xBF, 0x00, 0x00, 0xBF, 0x00, 0x00, 0xBF, 0x00, 0x00,
    0xBF, 0x00, 0x00, 0xBF, 0x29, 0x55, 0xE6, 0x39, 0xDF, 0xFF, 0x39, 0xDF, 0xFF, 0x39, 0xDF, 0xFF,
    0x39, 0xDF, 0xFF, 0x39, 0xDF, 0xFF, 0x39, 0xDF, 0xFF, 0x39, 0xDF, 0xFF, 0x08, 0x68, 0xCC, 0x00,
    0x00, 0xBF, 0x00, 0x00, 0xBF, 0x00, 0x00, 0xBF, 0x00, 0x00, 0xBF, 0x00, 0x00, 0xBF, 0x00, 0x00,
    0xBF, 0x00, 0x00, 0xBF, 0x00, 0x00, 0xBF, 0x00, 0x00, 0xBF, 0x10, 0xAB, 0xD1, 0x39, 0xDF, 0xFF,
    0x39, 0xDF, 0xFF, 0x39, 0xDF, 0xFF, 0x39, 0xDF, 0xFF, 0x39, 0xDF, 0xFF, 0x39, 0xDF, 0xFF, 0x39,
    0xDF, 0xFF, 0x21, 0x13, 0xE1, 0x00, 0x00, 0xBF, 0x00, 0x00, 0xBF, 0x00, 0x00, 0xBF, 0x00, 0x00,
    0xBF, 0x00, 0x00, 0xBF, 0x00, 0x00, 0xBF, 0x00, 0x00, 0xBF, 0x31, 0x9B, 0xF3, 0x39, 0xDF, 0xFF,
    0x39, 0xDF, 0xFF, 0x39, 0xDF, 0xFF, 0x39, 0xDF, 0xFF, 0x39, 0xDF, 0xFF, 0x39, 0xDF, 0xFF, 0x39,
    0xDF, 0xFF, 0x39, 0xDF, 0xFF, 0x39, 0xDF, 0xFF, 0x39, 0xDF, 0xFF, 0x39, 0xDF, 0xFE, 0x08, 0x45,
    0xC8, 0x00, 0x00, 0xBF, 0x00, 0x00, 0xBF, 0x00, 0x00, 0xBF, 0x00, 0x00, 0xBF, 0x00, 0x00, 0xBF,
    0x00, 0x00, 0xBF, 0x00, 0x01, 0xC2, 0x39, 0xDF, 0xFF, 0x39, 0xDF, 0xFF, 0x39, 0xDF, 0xFF, 0x39,
    0xDF, 0xFF, 0x39, 0xDF, 0xFF, 0x39, 0xDF, 0xFF, 0x39, 0xDF, 0xFF, 0x18, 0xCE, 0xD7, 0x00, 0x00,
    0xBF, 0x00, 0x00, 0xBF, 0x00, 0x00, 0xBF, 0x00, 0x00, 0xBF, 0x00, 0x00, 0xBF, 0x00, 0x00, 0xBF,
    0x00, 0x00, 0xBF, 0x39, 0xDF, 0xFE, 0x39, 0xDF, 0xFF, 0x39, 0xDF, 0xFF, 0x39, 0xDF, 0xFF, 0x39,
    0xDF, 0xFF, 0x39, 0xDF, 0xFF, 0x39, 0xDF, 0xFF, 0x31, 0xBD, 0xF8, 0x10, 0xAC, 0xD4, 0x10, 0xAC,
    0xD4, 0x18, 0xCD, 0xD6, 0x18, 0xEF, 0xDA, 0x21, 0x11, 0xDE, 0x29, 0x56, 0xE8, 0x31, 0xBC, 0xF6,
    0x39, 0xDF, 0xFF, 0x39, 0xDF, 0xFF, 0x39, 0xDF, 0xFF, 0x39, 0xDF, 0xFF, 0x39, 0xDF, 0xFF, 0x39,
    0xDF, 0xFF, 0x39, 0xDF, 0xFF, 0x39, 0xDF, 0xFF, 0x39, 0xDF, 0xFF, 0x39, 0xDF, 0xFF, 0x31, 0x9B,
    0xF4, 0x00, 0x01, 0xC2, 0x00, 0x00, 0xBF, 0x00, 0x00, 0xBF, 0x00, 0x00, 0xBF, 0x00, 0x00, 0xBF,
    0x00, 0x00, 0xBF, 0x00, 0x00, 0xBF, 0x00, 0x00, 0xBF, 0x00, 0x00, 0xBF, 0x00, 0x00, 0xBF, 0x00,
    0x00, 0xBF, 0x00, 0x00, 0xBF, 0x00, 0x00, 0xBF, 0x00, 0x00, 0xBF, 0x00, 0x00, 0xBF, 0x00, 0x00,
    0xBF, 0x00, 0x00, 0xBF, 0x00, 0x00, 0xBF, 0x00, 0x00, 0xBF, 0x3C, 0xD7, 0xEB, 0x4E, 0x7F, 0xFF,
    0x4E, 0x7F, 0xFF, 0x4E, 0x7F, 0xFF, 0x5C, 0xBE, 0xFF, 0x6B, 0x5D, 0xFF, 0x4E, 0x5F, 0xFF, 0x4E,
    0x7F, 0xFF, 0x4E, 0x7F, 0xFF, 0x4E, 0x7F, 0xFF, 0x4E, 0x7F, 0xFF, 0x4E, 0x7F, 0xFF, 0x4E, 0x7F,
    0xFF, 0x4E, 0x7F, 0xFF, 0x4E, 0x7F, 0xFF, 0x4E, 0x7F, 0xFF, 0x4E, 0x7F, 0xFF, 0x4E, 0x7F, 0xFF,
    0x4E, 0x7F, 0xFF, 0x4E, 0x7F, 0xFF, 0x4E, 0x7F, 0xFF, 0x4E, 0x7F, 0xFF, 0x4E, 0x7F, 0xFF, 0x4E,
    0x7F, 0xFF, 0x4E, 0x5F, 0xFF, 0x2D, 0x3C, 0xFF, 0x2D, 0x3C, 0xFF, 0x2D, 0x3C, 0xFF, 0x2D, 0x3C,
    0xFF, 0x2D, 0x3C, 0xFF, 0x2D, 0x3C, 0xFF, 0x2D, 0x3C, 0xFF, 0x3D, 0xBD, 0xFF, 0x4E, 0x5F, 0xFF,
    0x4E, 0x7F, 0xFF, 0x4E, 0x7F, 0xFF, 0x4E, 0x7F, 0xFF, 0x4E, 0x7F, 0xFF, 0x4E, 0x7F, 0xFF, 0x4E,
    0x7F, 0xFF, 0x4E, 0x7F, 0xFF, 0x4E, 0x7F, 0xFF, 0x4E, 0x7F, 0xFF, 0x4E, 0x7F, 0xFF, 0x46, 0x1E,
    0xFF, 0x0A, 0xCF, 0xFF, 0x02, 0x2C, 0xFF, 0x02, 0x2C, 0xFF, 0x02, 0x2C, 0xFF, 0x02, 0x2C, 0xFF,
    0x02, 0x2C, 0xFF, 0x02, 0x2C, 0xFF, 0x02, 0x6E, 0xFF, 0x45, 0xBC, 0xFF, 0x4E, 0x7F, 0xFF, 0x4E,
    0x7F, 0xFF, 0x4E, 0x7F, 0xFF, 0x4E, 0x7F, 0xFF, 0x4E, 0x7F, 0xFF, 0x4E, 0x7F, 0xFF, 0x4E, 0x5F,
    0xFF, 0x2D, 0x5C, 0xFF, 0x2D, 0x3C, 0xFF, 0x2D, 0x3C, 0xFF, 0x2D, 0x3C, 0xFF, 0x46, 0x1F, 0xFF,
    0x4E, 0x7F, 0xFF, 0x4E, 0x7F, 0xFF, 0x4E, 0x7F, 0xFF, 0x4E, 0x7F, 0xFF, 0x4E, 0x7F, 0xFF, 0x4E,
    0x7F, 0xFF, 0x4E, 0x7F, 0xFF, 0x4E, 0x7F, 0xFF, 0x56, 0x7F, 0xFF, 0xE6, 0x53, 0xFF, 0xFE, 0x51,
    0xFF, 0xFE, 0x51, 0xFF, 0xFE, 0x51, 0xFF, 0xFE, 0x51, 0xFF, 0xF6, 0x30, 0xFF, 0xF6, 0x30, 0xFF,
    0xFE, 0x51, 0xFF, 0xFE, 0x51, 0xFF, 0xFE, 0x51, 0xFF, 0xFE, 0x51, 0xFF, 0xFE, 0x51, 0xFF, 0xFE,
    0x51, 0xFF, 0xE5, 0x6C, 0xFF, 0xC4, 0x47, 0xFF, 0xC4, 0x47, 0xFF, 0xC4, 0x47, 0xFF, 0xC4, 0x47,
    0xFF, 0xC4, 0x47, 0xFF, 0xC4, 0x47, 0xFF, 0xC4, 0x47, 0xFF, 0xC4, 0x47, 0xFF, 0xC4, 0x47, 0xFF,
    0xC4, 0x47, 0xFF, 0xC4, 0x47, 0xFF, 0x20, 0xC1, 0xC9, 0x00, 0x00, 0xBF, 0x00, 0x00, 0xBF, 0x00,
    0x00, 0xBF, 0x00, 0x00, 0xBF, 0x00, 0x00, 0xBF, 0x00, 0x00, 0xBF, 0x00, 0x00, 0xBF, 0x00, 0x00,
    0xBF, 0x00, 0x00, 0xBF, 0x07, 0x42, 0xF8, 0x07, 0xE2, 0xFF, 0x07, 0xE2, 0xFF, 0x07, 0xE2, 0xFF,
    0x07, 0xE2, 0xFF, 0x07, 0xE2, 0xFF, 0x07, 0xE2, 0xFF, 0x07, 0xE2, 0xFF, 0x07, 0xE2, 0xFF, 0x07,
    0xE2, 0xFF, 0x07, 0xE2, 0xFF, 0x07, 0x42, 0xF8, 0x00, 0x00, 0xBF, 0x00, 0x00, 0xBF, 0x00, 0x00,
    0xBF, 0x00, 0x00, 0xBF, 0x00, 0x00, 0xBF, 0x00, 0x00, 0xBF, 0x00, 0x00, 0xBF, 0x00, 0x00, 0xBF,
    0x00, 0x00, 0xBF, 0x00, 0x00, 0xBF, 0x18, 0xF0, 0xDB, 0x39, 0xDF, 0xFF, 0x39, 0xDF, 0xFF, 0x39,
    0xDF, 0xFF, 0x39, 0xDF, 0xFF, 0x39, 0xDF, 0xFF, 0x39, 0xDF, 0xFF, 0x39, 0xDF, 0xFF, 0x18, 0xCE,
    0xD8, 0x00, 0x00, 0xBF, 0x00, 0x00, 0xBF, 0x00, 0x00, 0xBF, 0x00, 0x00, 0xBF, 0x00, 0x00, 0xBF,
    0x00, 0x00, 0xBF, 0x00, 0x00, 0xBF, 0x00, 0x00, 0xBF, 0x00, 0x00, 0xBF, 0x00, 0x00, 0xBF, 0x00,
    0x00, 0xBF, 0x00, 0x00, 0xBF, 0x00, 0x00, 0xBF, 0x00, 0x00, 0xBF, 0x00, 0x00, 0xBF, 0x00, 0x00,
    0xBF, 0x00, 0x00, 0xBF, 0x00, 0x00, 0xBF, 0x00, 0x00, 0xBF, 0x00, 0x23, 0xC5, 0x39, 0xDE, 0xFC,
    0x39, 0xDF, 0xFF, 0x39, 0xDF, 0xFF, 0x39, 0xDF, 0xFF, 0x39, 0xDF, 0xFF, 0x39, 0xDF, 0xFF, 0x39,
    0xDF, 0xFF, 0x39, 0xDF, 0xFF, 0x31, 0xBC, 0xF7, 0x08, 0x44, 0xC6, 0x00, 0x00, 0xBF, 0x00, 0x00,
    0xBF, 0x00, 0x00, 0xBF, 0x00, 0x00, 0xBF, 0x00, 0x00, 0xBF, 0x00, 0x00, 0xBF, 0x00, 0x00, 0xBF,
    0x00, 0x00, 0xBF, 0x10, 0xAA, 0xD1, 0x39, 0xDF, 0xFD, 0x39, 0xDF, 0xFF, 0x39, 0xDF, 0xFF, 0x39,
    0xDF, 0xFF, 0x39, 0xDF, 0xFF, 0x39, 0xDF, 0xFF, 0x39, 0xDF, 0xFF, 0x39, 0xDF, 0xFF, 0x29, 0x79,
    0xEE, 0x00, 0x00, 0xBF, 0x00, 0x00, 0xBF, 0x00, 0x00, 0xBF, 0x00, 0x00, 0xBF, 0x00, 0x00, 0xBF,
    0x00, 0x00, 0xBF, 0x00, 0x00, 0xBF, 0x29, 0x55, 0xE6, 0x39, 0xDF, 0xFF, 0x39, 0xDF, 0xFF, 0x39,
    0xDF, 0xFF, 0x39, 0xDF, 0xFF, 0x39, 0xDF, 0xFF, 0x39, 0xDF, 0xFF, 0x39, 0xDF, 0xFF, 0x08, 0x68,
    0xCC, 0x00, 0x00, 0xBF, 0x00, 0x00, 0xBF, 0x00, 0x00, 0xBF, 0x00, 0x00, 0xBF, 0x00, 0x00, 0xBF,
    0x00, 0x00, 0xBF, 0x00, 0x00, 0xBF, 0x00, 0x00, 0xBF, 0x00, 0x00, 0xBF, 0x10, 0xAB, 0xD1, 0x39,
    0xDF, 0xFF, 0x39, 0xDF, 0xFF, 0x39, 0xDF, 0xFF, 0x39, 0xDF, 0xFF, 0x39, 0xDF, 0xFF, 0x39, 0xDF,
    0xFF, 0x39, 0xDF, 0xFF, 0x21, 0x13, 0xE1, 0x00, 0x00, 0xBF, 0x00, 0x00, 0xBF, 0x00, 0x00, 0xBF,
    0x00, 0x00, 0xBF, 0x00, 0x00, 0xBF, 0x00, 0x00, 0xBF, 0x00, 0x00, 0xBF, 0x31, 0x9B, 0xF3, 0x39,
    0xDF, 0xFF, 0x39, 0xDF, 0xFF, 0x39, 0xDF, 0xFF, 0x39, 0xDF, 0xFF, 0x39, 0xDF, 0xFF, 0x39, 0xDF,
    0xFF, 0x39, 0xDF, 0xFF, 0x39, 0xDF, 0xFF, 0x39, 0xDF, 0xFF, 0x39, 0xDF, 0xFF, 0x39, 0xDF, 0xFF,
    0x29, 0x57, 0xE9, 0x00, 0x00, 0xBF, 0x00, 0x00, 0xBF, 0x00, 0x00, 0xBF, 0x00, 0x00, 0xBF, 0x00,
    0x00, 0xBF, 0x00, 0x00, 0xBF, 0x00, 0x01, 0xC2, 0x39, 0xDF, 0xFF, 0x39, 0xDF, 0xFF, 0x39, 0xDF,
    0xFF, 0x39, 0xDF, 0xFF, 0x39, 0xDF, 0xFF, 0x39, 0xDF, 0xFF, 0x39, 0xDF, 0xFF, 0x18, 0xCE, 0xD7,
    0x00, 0x00, 0xBF, 0x00, 0x00, 0xBF, 0x00, 0x00, 0xBF, 0x00, 0x00, 0xBF, 0x00, 0x00, 0xBF, 0x00,
    0x00, 0xBF, 0x00, 0x00, 0xBF, 0x39, 0xDF, 0xFE, 0x39, 0xDF, 0xFF, 0x39, 0xDF, 0xFF, 0x39, 0xDF,
    0xFF, 0x39, 0xDF, 0xFF, 0x39, 0xDF, 0xFF, 0x39, 0xDF, 0xFF, 0x31, 0x9C, 0xF5, 0x00, 0x00, 0xBF,
    0x00, 0x00, 0xBF, 0x00, 0x00, 0xBF, 0x00, 0x00, 0xBF, 0x00, 0x00, 0xBF, 0x00, 0x00, 0xBF, 0x00,
    0x00, 0xBF, 0x08, 0x68, 0xCD, 0x29, 0x57, 0xEA, 0x39, 0xDF, 0xFF, 0x39, 0xDF, 0xFF, 0x39, 0xDF,
    0xFF, 0x39, 0xDF, 0xFF, 0x39, 0xDF, 0xFF, 0x39, 0xDF, 0xFF, 0x39, 0xDF, 0xFF, 0x39, 0xDF, 0xFF,
    0x39, 0xDF, 0xFF, 0x21, 0x13, 0xE1, 0x00, 0x00, 0xBF, 0x00, 0x00, 0xBF, 0x00, 0x00, 0xBF, 0x00,
    0x00, 0xBF, 0x00, 0x00, 0xBF, 0x00, 0x00, 0xBF, 0x00, 0x00, 0xBF, 0x00, 0x00, 0xBF, 0x00, 0x00,
    0xBF, 0x00, 0x00, 0xBF, 0x00, 0x00, 0xBF, 0x00, 0x00, 0xBF, 0x00, 0x00, 0xBF, 0x00, 0x00, 0xBF,
    0x00, 0x00, 0xBF, 0x00, 0x00, 0xBF, 0x00, 0x00, 0xBF, 0x00, 0x00, 0xBF, 0x22, 0xAD, 0xD6, 0x4E,
    0x7F, 0xFF, 0x4E, 0x7F, 0xFF, 0x4E, 0x5F, 0xFF, 0x6B, 0x7D, 0xFF, 0x6A, 0xDD, 0xFF, 0x55, 0x7F,
    0xFF, 0x4E, 0x7F, 0xFF, 0x4E, 0x7F, 0xFF, 0x4E, 0x7F, 0xFF, 0x4E, 0x7F, 0xFF, 0x4E, 0x7F, 0xFF,
    0x4E, 0x7F, 0xFF, 0x4E, 0x7F, 0xFF, 0x4E, 0x7F, 0xFF, 0x4E, 0x7F, 0xFF, 0x4E, 0x7F, 0xFF, 0x4E,
    0x7F, 0xFF, 0x4E, 0x7F, 0xFF, 0x4E, 0x7F, 0xFF, 0x4E, 0x7F, 0xFF, 0x4E, 0x7F, 0xFF, 0x4E, 0x7F,
    0xFF, 0x4E, 0x7F, 0xFF, 0x4E, 0x5F, 0xFF, 0x35, 0x5C, 0xFF, 0x2D, 0x3C, 0xFF, 0x2D, 0x3C, 0xFF,
    0x2D, 0x3C, 0xFF, 0x2D, 0x3C, 0xFF, 0x2D, 0x3C, 0xFF, 0x2D, 0x3C, 0xFF, 0x2D, 0x3C, 0xFF, 0x35,
    0x7C, 0xFF, 0x4E, 0x5F, 0xFF, 0x4E, 0x7F, 0xFF, 0x4E, 0x7F, 0xFF, 0x4E, 0x7F, 0xFF, 0x4E, 0x7F,
    0xFF, 0x4E, 0x7F, 0xFF, 0x4E, 0x7F, 0xFF, 0x4E, 0x7F, 0xFF, 0x4E, 0x7F, 0xFF, 0x4E, 0x7F, 0xFF,
    0x23, 0xF4, 0xFF, 0x02, 0x2C, 0xFF, 0x02, 0x2C, 0xFF, 0x02, 0x2C, 0xFF, 0x12, 0x6C, 0xFF, 0x1A,
    0x6B, 0xFF, 0x1A, 0x6C, 0xFF, 0x0A, 0x4C, 0xFF, 0x02, 0x2C, 0xFF, 0x13, 0x31, 0xFF, 0x4E, 0x5F,
    0xFF, 0x4E, 0x7F, 0xFF, 0x4E, 0x7F, 0xFF, 0x4E, 0x7F, 0xFF, 0x4E, 0x7F, 0xFF, 0x4E, 0x7F, 0xFF,
    0x4E, 0x5F, 0xFF, 0x2D, 0x3C, 0xFF, 0x2D, 0x3C, 0xFF, 0x2D, 0x3C, 0xFF, 0x2D, 0x3C, 0xFF, 0x46,
    0x1F, 0xFF, 0x4E, 0x7F, 0xFF, 0x4E, 0x7F, 0xFF, 0x4E, 0x7F, 0xFF, 0x4E, 0x7F, 0xFF, 0x4E, 0x7F,
    0xFF, 0x4E, 0x7F, 0xFF, 0x4E, 0x7F, 0xFF, 0x4E, 0x7F, 0xFF, 0x86, 0x5A, 0xFF, 0xFE, 0x51, 0xFF,
    0xFE, 0x51, 0xFF, 0xFE, 0x51, 0xFF, 0xF6, 0x30, 0xFF, 0xC4, 0x8A, 0xFF, 0xA3, 0x65, 0xFF, 0x9B,
    0x44, 0xFF, 0xAB, 0xC7, 0xFF, 0xD5, 0x0B, 0xFF, 0xF6, 0x30, 0xFF, 0xFE, 0x51, 0xFF, 0xFE, 0x51,
    0xFF, 0xFE, 0x51, 0xFF, 0xFE, 0x51, 0xFF, 0xDD, 0x2B, 0xFF, 0xC4, 0x47, 0xFF, 0xC4, 0x47, 0xFF,
    0xC4, 0x47, 0xFF, 0xC4, 0x47, 0xFF, 0xC4, 0x47, 0xFF, 0xC4, 0x47, 0xFF, 0xC4, 0x47, 0xFF, 0xC4,
    0x47, 0xFF, 0xC4, 0x47, 0xFF, 0xBC, 0x27, 0xFC, 0x00, 0x20, 0xC0, 0x00, 0x00, 0xBF, 0x00, 0x00,
    0xBF, 0x00, 0x00, 0xBF, 0x00, 0x00, 0xBF, 0x00, 0x00, 0xBF, 0x00, 0x00, 0xBF, 0x00, 0x00, 0xBF,
    0x00, 0x00, 0xBF, 0x00, 0x00, 0xBF, 0x07, 0x42, 0xF8, 0x07, 0xE2, 0xFF, 0x07, 0xE2, 0xFF, 0x07,
    0xE2, 0xFF, 0x07, 0xE2, 0xFF, 0x07, 0xE2, 0xFF, 0x07, 0xE2, 0xFF, 0x07, 0xE2, 0xFF, 0x07, 0xE2,
    0xFF, 0x07, 0xE2, 0xFF, 0x07, 0xE2, 0xFF, 0x07, 0x42, 0xF8, 0x00, 0x00, 0xBF, 0x00, 0x00, 0xBF,
    0x00, 0x00, 0xBF, 0x00, 0x00, 0xBF, 0x00, 0x00, 0xBF, 0x00, 0x00, 0xBF, 0x00, 0x00, 0xBF, 0x00,
    0x00, 0xBF, 0x00, 0x00, 0xBF, 0x00, 0x00, 0xBF, 0x18, 0xF0, 0xDB, 0x39, 0xDF, 0xFF, 0x39, 0xDF,
    0xFF, 0x39, 0xDF, 0xFF, 0x39, 0xDF, 0xFF, 0x39, 0xDF, 0xFF, 0x39, 0xDF, 0xFF, 0x39, 0xDF, 0xFF,
    0x18, 0xCE, 0xD8, 0x00, 0x00, 0xBF, 0x00, 0x00, 0xBF, 0x00, 0x00, 0xBF, 0x00, 0x00, 0xBF, 0x00,
    0x00, 0xBF, 0x00, 0x00, 0xBF, 0x00, 0x00, 0xBF, 0x00, 0x00, 0xBF, 0x00, 0x00, 0xBF, 0x00, 0x00,
    0xBF, 0x00, 0x00, 0xBF, 0x00, 0x00, 0xBF, 0x00, 0x00, 0xBF, 0x00, 0x00, 0xBF, 0x00, 0x00, 0xBF,
    0x00, 0x00, 0xBF, 0x00, 0x00, 0xBF, 0x00, 0x00, 0xBF, 0x00, 0x00, 0xBF, 0x21, 0x11, 0xDE, 0x39,
    0xDF, 0xFF, 0x39, 0xDF, 0xFF, 0x39, 0xDF, 0xFF, 0x39, 0xDF, 0xFF, 0x39, 0xDF, 0xFF, 0x39, 0xDF,
    0xFF, 0x39, 0xDF, 0xFF, 0x39, 0xDF, 0xFE, 0x08, 0x66, 0xCA, 0x00, 0x00, 0xBF, 0x00, 0x00, 0xBF,
    0x00, 0x00, 0xBF, 0x00, 0x00, 0xBF, 0x00, 0x00, 0xBF, 0x00, 0x00, 0xBF, 0x00, 0x00, 0xBF, 0x00,
    0x00, 0xBF, 0x00, 0x00, 0xBF, 0x00, 0x00, 0xBF, 0x18, 0xEF, 0xDA, 0x39, 0xDF, 0xFF, 0x39, 0xDF,
    0xFF, 0x39, 0xDF, 0xFF, 0x39, 0xDF, 0xFF, 0x39, 0xDF, 0xFF, 0x39, 0xDF, 0xFF, 0x39, 0xDF, 0xFF,
    0x39, 0xDF, 0xFF, 0x08, 0x67, 0xCB, 0x00, 0x00, 0xBF, 0x00, 0x00, 0xBF, 0x00, 0x00, 0xBF, 0x00,
    0x00, 0xBF, 0x00, 0x00, 0xBF, 0x00, 0x00, 0xBF, 0x29, 0x55, 0xE6, 0x39, 0xDF, 0xFF, 0x39, 0xDF,
    0xFF, 0x39, 0xDF, 0xFF, 0x39, 0xDF, 0xFF, 0x39, 0xDF, 0xFF, 0x39, 0xDF, 0xFF, 0x39, 0xDF, 0xFF,
    0x08, 0x68, 0xCC, 0x00, 0x00, 0xBF, 0x00, 0x00, 0xBF, 0x00, 0x00, 0xBF, 0x00, 0x00, 0xBF, 0x00,
    0x00, 0xBF, 0x00, 0x00, 0xBF, 0x00, 0x00, 0xBF, 0x00, 0x00, 0xBF, 0x00, 0x00, 0xBF, 0x10, 0xAB,
    0xD1, 0x39, 0xDF, 0xFF, 0x39, 0xDF, 0xFF, 0x39, 0xDF, 0xFF, 0x39, 0xDF, 0xFF, 0x39, 0xDF, 0xFF,
    0x39, 0xDF, 0xFF, 0x39, 0xDF, 0xFF, 0x21, 0x13, 0xE1, 0x00, 0x00, 0xBF, 0x00, 0x00, 0xBF, 0x00,
    0x00, 0xBF, 0x00, 0x00, 0xBF, 0x00, 0x00, 0xBF, 0x00, 0x00, 0xBF, 0x00, 0x00, 0xBF, 0x31, 0x9B,
    0xF3, 0x39, 0xDF, 0xFF, 0x39, 0xDF, 0xFF, 0x39, 0xDF, 0xFF, 0x39, 0xDF, 0xFF, 0x39, 0xDF, 0xFF,
    0x39, 0xDF, 0xFF, 0x39, 0xDF, 0xFF, 0x39, 0xDF, 0xFF, 0x39, 0xDF, 0xFF, 0x39, 0xDF, 0xFF, 0x39,
    0xDF, 0xFF, 0x39, 0xDF, 0xFF, 0x08, 0x67, 0xCC, 0x00, 0x00, 0xBF, 0x00, 0x00, 0xBF, 0x00, 0x00,
    0xBF, 0x00, 0x00, 0xBF, 0x00, 0x00, 0xBF, 0x00, 0x01, 0xC2, 0x39, 0xDF, 0xFF, 0x39, 0xDF, 0xFF,
    0x39, 0xDF, 0xFF, 0x39, 0xDF, 0xFF, 0x39, 0xDF, 0xFF, 0x39, 0xDF, 0xFF, 0x39, 0xDF, 0xFF, 0x18,
    0xCE, 0xD7, 0x00, 0x00, 0xBF, 0x00, 0x00, 0xBF, 0x00, 0x00, 0xBF, 0x00, 0x00, 0xBF, 0x00, 0x00,
    0xBF, 0x00, 0x00, 0xBF, 0x00, 0x00, 0xBF, 0x39, 0xDF, 0xFE, 0x39, 0xDF, 0xFF, 0x39, 0xDF, 0xFF,
    0x39, 0xDF, 0xFF, 0x39, 0xDF, 0xFF, 0x39, 0xDF, 0xFF, 0x39, 0xDF, 0xFF, 0x31, 0x9C, 0xF5, 0x00,
    0x00, 0xBF, 0x00, 0x00, 0xBF, 0x00, 0x00, 0xBF, 0x00, 0x00, 0xBF, 0x00, 0x00, 0xBF, 0x00, 0x00,
    0xBF, 0x00, 0x00, 0xBF, 0x00, 0x00, 0xBF, 0x00, 0x00, 0xBF, 0x18, 0xCD, 0xD6, 0x39, 0xDF, 0xFD,
    0x39, 0xDF, 0xFF, 0x39, 0xDF, 0xFF, 0x39, 0xDF, 0xFF, 0x39, 0xDF, 0xFF, 0x39, 0xDF, 0xFF, 0x39,
    0xDF, 0xFF, 0x39, 0xDF, 0xFF, 0x39, 0xDF, 0xFD, 0x08, 0x44, 0xC6, 0x00, 0x00, 0xBF, 0x00, 0x00,
    0xBF, 0x00, 0x00, 0xBF, 0x00, 0x00, 0xBF, 0x00, 0x00, 0xBF, 0x00, 0x00, 0xBF, 0x00, 0x00, 0xBF,
    0x00, 0x00, 0xBF, 0x00, 0x00, 0xBF, 0x00, 0x00, 0xBF, 0x00, 0x00, 0xBF, 0x00, 0x00, 0xBF, 0x00,
    0x00, 0xBF, 0x00, 0x00, 0xBF, 0x00, 0x00, 0xBF, 0x00, 0x00, 0xBF, 0x00, 0x00, 0xBF, 0x00, 0x82,
    0xC3, 0x4E, 0x1E, 0xFB, 0x4E, 0x7F, 0xFF, 0x55, 0xDF, 0xFF, 0x6A, 0xDD, 0xFF, 0x6A, 0xDD, 0xFF,
    0x63, 0xFE, 0xFF, 0x4E, 0x7F, 0xFF, 0x4E, 0x7F, 0xFF, 0x4E, 0x7F, 0xFF, 0x4E, 0x7F, 0xFF, 0x4E,
    0x7F, 0xFF, 0x4E, 0x7F, 0xFF, 0x4E, 0x7F, 0xFF, 0x4E, 0x7F, 0xFF, 0x4E, 0x7F, 0xFF, 0x4E, 0x7F,
    0xFF, 0x4E, 0x7F, 0xFF, 0x4E, 0x7F, 0xFF, 0x4E, 0x7F, 0xFF, 0x4E, 0x7F, 0xFF, 0x4E, 0x7F, 0xFF,
    0x4E, 0x7F, 0xFF, 0x4E, 0x7F, 0xFF, 0x4E, 0x7F, 0xFF, 0x46, 0x3F, 0xFF, 0x35, 0x9D, 0xFF, 0x35,
    0x5C, 0xFF, 0x2D, 0x3C, 0xFF, 0x2D, 0x3C, 0xFF, 0x2D, 0x3C, 0xFF, 0x2D, 0x3C, 0xFF, 0x2D, 0x3C,
    0xFF, 0x2D, 0x3C, 0xFF, 0x35, 0x7C, 0xFF, 0x4E, 0x5F, 0xFF, 0x4E, 0x7F, 0xFF, 0x4E, 0x7F, 0xFF,
    0x4E, 0x7F, 0xFF, 0x4E, 0x7F, 0xFF, 0x4E, 0x7F, 0xFF, 0x4E, 0x7F, 0xFF, 0x4E, 0x7F, 0xFF, 0x46,
    0x1E, 0xFF, 0x02, 0x4D, 0xFF, 0x1A, 0x6C, 0xFF, 0x7B, 0x89, 0xFF, 0xB4, 0x07, 0xFF, 0xC4, 0x47,
    0xFF, 0xC4, 0x47, 0xFF, 0xC4, 0x47, 0xFF, 0xC4, 0x47, 0xFF, 0xB4, 0x07, 0xFF, 0x9B, 0xE8, 0xFF,
    0x9C, 0xCF, 0xFF, 0x8D, 0x53, 0xFF, 0x75, 0xB7, 0xFF, 0x66, 0x1B, 0xFF, 0x56, 0x5F, 0xFF, 0x4E,
    0x7F, 0xFF, 0x4E, 0x5F, 0xFF, 0x2D, 0x5C, 0xFF, 0x2D, 0x3C, 0xFF, 0x2D, 0x3C, 0xFF, 0x2D, 0x3C,
    0xFF, 0x46, 0x1E, 0xFF, 0x4E, 0x7F, 0xFF, 0x4E, 0x7F, 0xFF, 0x4E, 0x7F, 0xFF, 0x4E, 0x7F, 0xFF,
    0x4E, 0x7F, 0xFF, 0x4E, 0x7F, 0xFF, 0x4E, 0x7F, 0xFF, 0x4E, 0x7F, 0xFF, 0xB6, 0x56, 0xFF, 0xFE,
    0x51, 0xFF, 0xFE, 0x51, 0xFF, 0xFE, 0x51, 0xFF, 0xCC, 0xCA, 0xFF, 0x9B, 0x24, 0xFF, 0x9B, 0x24,
    0xFF, 0x9B, 0x24, 0xFF, 0x9B, 0x24, 0xFF, 0x9B, 0x24, 0xFF, 0xAB, 0xC6, 0xFF, 0xED, 0xEF, 0xFF,
    0xFE, 0x51, 0xFF, 0xFE, 0x51, 0xFF, 0xFE, 0x51, 0xFF, 0xF6, 0x30, 0xFF, 0xCC, 0xA9, 0xFF, 0xC4,
    0x47, 0xFF, 0xC4, 0x47, 0xFF, 0xC4, 0x47, 0xFF, 0xC4, 0x47, 0xFF, 0xC4, 0x47, 0xFF, 0xC4, 0x47,
    0xFF, 0xC4, 0x47, 0xFF, 0xC4, 0x47, 0xFF, 0x93, 0x45, 0xED, 0x00, 0x00, 0xBF, 0x00, 0x00, 0xBF,
    0x00, 0x00, 0xBF, 0x00, 0x00, 0xBF, 0x00, 0x00, 0xBF, 0x00, 0x00, 0xBF, 0x00, 0x00, 0xBF, 0x00,
    0x00, 0xBF, 0x00, 0x00, 0xBF, 0x00, 0x00, 0xBF, 0x07, 0x42, 0xF8, 0x07, 0xE2, 0xFF, 0x07, 0xE2,
    0xFF, 0x07, 0xE2, 0xFF, 0x07, 0xE2, 0xFF, 0x07, 0xE2, 0xFF, 0x07, 0xE2, 0xFF, 0x07, 0xE2, 0xFF,
    0x07, 0xE2, 0xFF, 0x07, 0xE2, 0xFF, 0x07, 0xE2, 0xFF, 0x07, 0x42, 0xF8, 0x00, 0x00, 0xBF, 0x00,
    0x00, 0xBF, 0x00, 0x00, 0xBF, 0x00, 0x00, 0xBF, 0x00, 0x00, 0xBF, 0x00, 0x00, 0xBF, 0x00, 0x00,
    0xBF, 0x00, 0x00, 0xBF, 0x00, 0x00, 0xBF, 0x00, 0x00, 0xBF, 0x18, 0xF0, 0xDB, 0x39, 0xDF, 0xFF,
    0x39, 0xDF, 0xFF, 0x39, 0xDF, 0xFF, 0x39, 0xDF, 0xFF, 0x39, 0xDF, 0xFF, 0x39, 0xDF, 0xFF, 0x39,
    0xDF, 0xFF, 0x18, 0xCE, 0xD8, 0x00, 0x00, 0xBF, 0x00, 0x00, 0xBF, 0x00, 0x00, 0xBF, 0x00, 0x00,
    0xBF, 0x00, 0x00, 0xBF, 0x00, 0x00, 0xBF, 0x00, 0x00, 0xBF, 0x00, 0x00, 0xBF, 0x00, 0x00, 0xBF,
    0x00, 0x00, 0xBF, 0x00, 0x00, 0xBF, 0x00, 0x00, 0xBF, 0x00, 0x00, 0xBF, 0x00, 0x00, 0xBF, 0x00,
    0x00, 0xBF, 0x00, 0x00, 0xBF, 0x00, 0x00, 0xBF, 0x00, 0x00, 0xBF, 0x00, 0x00, 0xBF, 0x31, 0x9C,
    0xF5, 0x39, 0xDF, 0xFF, 0x39, 0xDF, 0xFF, 0x39, 0xDF, 0xFF, 0x39, 0xDF, 0xFF, 0x39, 0xDF, 0xFF,
    0x39, 0xDF, 0xFF, 0x39, 0xDF, 0xFF, 0x21, 0x34, 0xE3, 0x00, 0x00, 0xBF, 0x00, 0x00, 0xBF, 0x00,
    0x00, 0xBF, 0x00, 0x00, 0xBF, 0x00, 0x00, 0xBF, 0x00, 0x00, 0xBF, 0x00, 0x00, 0xBF, 0x00, 0x00,
    0xBF, 0x00, 0x00, 0xBF, 0x00, 0x00, 0xBF, 0x00, 0x00, 0xBF, 0x00, 0x00, 0xC0, 0x31, 0x9B, 0xF3,
    0x39, 0xDF, 0xFF, 0x39, 0xDF, 0xFF, 0x39, 0xDF, 0xFF, 0x39, 0xDF, 0xFF, 0x39, 0xDF, 0xFF, 0x39,
    0xDF, 0xFF, 0x39, 0xDF, 0xFF, 0x21, 0x13, 0xE1, 0x00, 0x00, 0xBF, 0x00, 0x00, 0xBF, 0x00, 0x00,
    0xBF, 0x00, 0x00, 0xBF, 0x00, 0x00, 0xBF, 0x00, 0x00, 0xBF, 0x29, 0x55, 0xE6, 0x39, 0xDF, 0xFF,
    0x39, 0xDF, 0xFF, 0x39, 0xDF, 0xFF, 0x39, 0xDF, 0xFF, 0x39, 0xDF, 0xFF, 0x39, 0xDF, 0xFF, 0x39,
    0xDF, 0xFF, 0x08, 0x68, 0xCC, 0x00, 0x00, 0xBF, 0x00, 0x00, 0xBF, 0x00, 0x00, 0xBF, 0x00, 0x00,
    0xBF, 0x00, 0x00, 0xBF, 0x00, 0x00, 0xBF, 0x00, 0x00, 0xBF, 0x00, 0x00, 0xBF, 0x00, 0x00, 0xBF,
    0x10, 0xAB, 0xD1, 0x39, 0xDF, 0xFF, 0x39, 0xDF, 0xFF, 0x39, 0xDF, 0xFF, 0x39, 0xDF, 0xFF, 0x39,
    0xDF, 0xFF, 0x39, 0xDF, 0xFF, 0x39, 0xDF, 0xFF, 0x21, 0x13, 0xE1, 0x00, 0x00, 0xBF, 0x00, 0x00,
    0xBF, 0x00, 0x00, 0xBF, 0x00, 0x00, 0xBF, 0x00, 0x00, 0xBF, 0x00, 0x00, 0xBF, 0x00, 0x00, 0xBF,
    0x31, 0x9B, 0xF3, 0x39, 0xDF, 0xFF, 0x39, 0xDF, 0xFF, 0x39, 0xDF, 0xFF, 0x39, 0xDF, 0xFF, 0x39,
    0xDF, 0xFF, 0x39, 0xDF, 0xFF, 0x39, 0xDF, 0xFF, 0x39, 0xDF, 0xFF, 0x39, 0xDF, 0xFF, 0x39, 0xDF,
    0xFF, 0x39, 0xDF, 0xFF, 0x39, 0xDF, 0xFF, 0x29, 0x78, 0xED, 0x00, 0x00, 0xBF, 0x00, 0x00, 0xBF,
    0x00, 0x00, 0xBF, 0x00, 0x00, 0xBF, 0x00, 0x00, 0xBF, 0x00, 0x01, 0xC2, 0x39, 0xDF, 0xFF, 0x39,
    0xDF, 0xFF, 0x39, 0xDF, 0xFF, 0x39, 0xDF, 0xFF, 0x39, 0xDF, 0xFF, 0x39, 0xDF, 0xFF, 0x39, 0xDF,
    0xFF, 0x18, 0xCE, 0xD7, 0x00, 0x00, 0xBF, 0x00, 0x00, 0xBF, 0x00, 0x00, 0xBF, 0x00, 0x00, 0xBF,
    0x00, 0x00, 0xBF, 0x00, 0x00, 0xBF, 0x00, 0x00, 0xBF, 0x39, 0xDF, 0xFE, 0x39, 0xDF, 0xFF, 0x39,
    0xDF, 0xFF, 0x39, 0xDF, 0xFF, 0x39, 0xDF, 0xFF, 0x39, 0xDF, 0xFF, 0x39, 0xDF, 0xFF, 0x31, 0x9C,
    0xF5, 0x00, 0x00, 0xBF, 0x00, 0x00, 0xBF, 0x00, 0x00, 0xBF, 0x00, 0x00, 0xBF, 0x00, 0x00, 0xBF,
    0x00, 0x00, 0xBF, 0x00, 0x00, 0xBF, 0x00, 0x00, 0xBF, 0x00, 0x00, 0xBF, 0x00, 0x00, 0xBF, 0x18,
    0xCD, 0xD6, 0x39, 0xDF, 0xFF, 0x39, 0xDF, 0xFF, 0x39, 0xDF, 0xFF, 0x39, 0xDF, 0xFF, 0x39, 0xDF,
    0xFF, 0x39, 0xDF, 0xFF, 0x39, 0xDF, 0xFF, 0x39, 0xDF, 0xFF, 0x21, 0x12, 0xE0, 0x00, 0x00, 0xBF,
    0x00, 0x00, 0xBF, 0x00, 0x00, 0xBF, 0x00, 0x00, 0xBF, 0x00, 0x00, 0xBF, 0x00, 0x00, 0xBF, 0x00,
    0x00, 0xBF, 0x00, 0x00, 0xBF, 0x00, 0x00, 0xBF, 0x00, 0x00, 0xBF, 0x00, 0x00, 0xBF, 0x00, 0x00,
    0xBF, 0x00, 0x00, 0xBF, 0x00, 0x00, 0xBF, 0x00, 0x00, 0xBF, 0x00, 0x00, 0xBF, 0x00, 0x00, 0xBF,
    0x00, 0x00, 0xBF, 0x34, 0x55, 0xE6, 0x4E, 0x7F, 0xFF, 0x5C, 0x9E, 0xFF, 0x6A, 0xDD, 0xFF, 0x6A,
    0xDD, 0xFF, 0x6A, 0xFD, 0xFF, 0x55, 0xFF, 0xFF, 0x4E, 0x7F, 0xFF, 0x4E, 0x7F, 0xFF, 0x4E, 0x7F,
    0xFF, 0x4E, 0x7F, 0xFF, 0x4E, 0x7F, 0xFF, 0x4E, 0x7F, 0xFF, 0x4E, 0x7F, 0xFF, 0x4E, 0x7F, 0xFF,
    0x4E, 0x7F, 0xFF, 0x4E, 0x7F, 0xFF, 0x4E, 0x7F, 0xFF, 0x4E, 0x7F, 0xFF, 0x4E, 0x7F, 0xFF, 0x4E,
    0x7F, 0xFF, 0x4E, 0x7F, 0xFF, 0x4E, 0x7F, 0xFF, 0x4E, 0x7F, 0xFF, 0x4E, 0x7F, 0xFF, 0x4E, 0x7F,
    0xFF, 0x4E, 0x7F, 0xFF, 0x4E, 0x3F, 0xFF, 0x3D, 0xBD, 0xFF, 0x2D, 0x3C, 0xFF, 0x2D, 0x3C, 0xFF,
    0x2D, 0x3C, 0xFF, 0x2D, 0x3C, 0xFF, 0x2D, 0x3C, 0xFF, 0x35, 0x9D, 0xFF, 0x4E, 0x5F, 0xFF, 0x4E,
    0x7F, 0xFF, 0x4E, 0x7F, 0xFF, 0x4E, 0x7F, 0xFF, 0x4E, 0x7F, 0xFF, 0x4E, 0x7F, 0xFF, 0x4E, 0x7F,
    0xFF, 0x34, 0xF9, 0xFF, 0x12, 0x6C, 0xFF, 0xAC, 0x07, 0xFF, 0xC4, 0x47, 0xFF, 0xC4, 0x47, 0xFF,
    0xC4, 0x47, 0xFF, 0xC4, 0x47, 0xFF, 0xC4, 0x47, 0xFF, 0xC4, 0x47, 0xFF, 0xC4, 0x47, 0xFF, 0xC4,
    0x47, 0xFF, 0xC4, 0x47, 0xFF, 0xC4, 0x47, 0xFF, 0xC4, 0x47, 0xFF, 0xC4, 0x47, 0xFF, 0xBC, 0x48,
    0xFF, 0xAC, 0xAB, 0xFF, 0x9C, 0xEF, 0xFF, 0x7C, 0xD2, 0xFF, 0x5C, 0xF5, 0xFF, 0x45, 0x18, 0xFF,
    0x35, 0x3B, 0xFF, 0x3D, 0xDE, 0xFF, 0x4E, 0x7F, 0xFF, 0x4E, 0x7F, 0xFF, 0x4E, 0x7F, 0xFF, 0x4E,
    0x7F, 0xFF, 0x4E, 0x7F, 0xFF, 0x4E, 0x7F, 0xFF, 0x4E, 0x7F, 0xFF, 0x4E, 0x7F, 0xFF, 0xCE, 0x54,
    0xFF, 0xFE, 0x51, 0xFF, 0xFE, 0x51, 0xFF, 0xFE, 0x51, 0xFF, 0xAB, 0xA6, 0xFF, 0x9B, 0x24, 0xFF,
    0x9B, 0x24, 0xFF, 0x9B, 0x24, 0xFF, 0x9B, 0x24, 0xFF, 0x9B, 0x24, 0xFF, 0x9B, 0x24, 0xFF, 0xA3,
    0x85, 0xFF, 0xED, 0xEF, 0xFF, 0xFE, 0x51, 0xFF, 0xFE, 0x51, 0xFF, 0xFE, 0x51, 0xFF, 0xED, 0xAE,
    0xFF, 0xC4, 0x47, 0xFF, 0xC4, 0x47, 0xFF, 0xC4, 0x47, 0xFF, 0xC4, 0x47, 0xFF, 0xC4, 0x47, 0xFF,
    0xC4, 0x47, 0xFF, 0xC4, 0x47, 0xFF, 0xC4, 0x47, 0xFF, 0x49, 0xA2, 0xD3, 0x00, 0x00, 0xBF, 0x00,
    0x00, 0xBF, 0x00, 0x00, 0xBF, 0x00, 0x00, 0xBF, 0x00, 0x00, 0xBF, 0x00, 0x00, 0xBF, 0x00, 0x00,
    0xBF, 0x00, 0x00, 0xBF, 0x00, 0x00, 0xBF, 0x00, 0x00, 0xBF, 0x07, 0x42, 0xF8, 0x07, 0xE2, 0xFF,
    0x07, 0xE2, 0xFF, 0x07, 0xE2, 0xFF, 0x07, 0xE2, 0xFF, 0x07, 0xE2, 0xFF, 0x07, 0xE2, 0xFF, 0x07,
    0xE2, 0xFF, 0x07, 0xE2, 0xFF, 0x07, 0xE2, 0xFF, 0x07, 0xE2, 0xFF, 0x07, 0x42, 0xF8, 0x00, 0x00,
    0xBF, 0x00, 0x00, 0xBF, 0x00, 0x00, 0xBF, 0x00, 0x00, 0xBF, 0x00, 0x00, 0xBF, 0x00, 0x00, 0xBF,
    0x00, 0x00, 0xBF, 0x00, 0x00, 0xBF, 0x00, 0x00, 0xBF, 0x00, 0x00, 0xBF, 0x18, 0xF0, 0xDB, 0x39,
    0xDF, 0xFF, 0x39, 0xDF, 0xFF, 0x39, 0xDF, 0xFF, 0x39, 0xDF, 0xFF, 0x39, 0xDF, 0xFF, 0x39, 0xDF,
    0xFF, 0x39, 0xDF, 0xFF, 0x18, 0xCE, 0xD8, 0x00, 0x00, 0xBF, 0x00, 0x00, 0xBF, 0x00, 0x00, 0xBF,
    0x00, 0x00, 0xBF, 0x00, 0x00, 0xBF, 0x00, 0x00, 0xBF, 0x00, 0x00, 0xBF, 0x00, 0x00, 0xBF, 0x00,
    0x00, 0xBF, 0x00, 0x00, 0xBF, 0x00, 0x00, 0xBF, 0x00, 0x00, 0xBF, 0x00, 0x00, 0xBF, 0x00, 0x00,
    0xBF, 0x00, 0x00, 0xBF, 0x00, 0x00, 0xBF, 0x00, 0x00, 0xBF, 0x00, 0x00, 0xBF, 0x08, 0x45, 0xC8,
    0x39, 0xDF, 0xFF, 0x39, 0xDF, 0xFF, 0x39, 0xDF, 0xFF, 0x39, 0xDF, 0xFF, 0x39, 0xDF, 0xFF, 0x39,
    0xDF, 0xFF, 0x39, 0xDF, 0xFF, 0x39, 0xDF, 0xFF, 0x08, 0x46, 0xC9, 0x00, 0x00, 0xBF, 0x00, 0x00,
    0xBF, 0x00, 0x00, 0xBF, 0x00, 0x00, 0xBF, 0x00, 0x00, 0xBF, 0x00, 0x00, 0xBF, 0x00, 0x00, 0xBF,
    0x00, 0x00, 0xBF, 0x00, 0x00, 0xBF, 0x00, 0x00, 0xBF, 0x00, 0x00, 0xBF, 0x00, 0x00, 0xBF, 0x18,
    0xEF, 0xDA, 0x39, 0xDF, 0xFF, 0x39, 0xDF, 0xFF, 0x39, 0xDF, 0xFF, 0x39, 0xDF, 0xFF, 0x39, 0xDF,
    0xFF, 0x39, 0xDF, 0xFF, 0x39, 0xDF, 0xFF, 0x31, 0x9A, 0xF1, 0x00, 0x00, 0xBF, 0x00, 0x00, 0xBF,
    0x00, 0x00, 0xBF, 0x00, 0x00, 0xBF, 0x00, 0x00, 0xBF, 0x00, 0x00, 0xBF, 0x29, 0x55, 0xE6, 0x39,
    0xDF, 0xFF, 0x39, 0xDF, 0xFF, 0x39, 0xDF, 0xFF, 0x39, 0xDF, 0xFF, 0x39, 0xDF, 0xFF, 0x39, 0xDF,
    0xFF, 0x39, 0xDF, 0xFF, 0x08, 0x68, 0xCC, 0x00, 0x00, 0xBF, 0x00, 0x00, 0xBF, 0x00, 0x00, 0xBF,
    0x00, 0x00, 0xBF, 0x00, 0x00, 0xBF, 0x00, 0x00, 0xBF, 0x00, 0x00, 0xBF, 0x00, 0x00, 0xBF, 0x00,
    0x00, 0xBF, 0x10, 0xAB, 0xD1, 0x39, 0xDF, 0xFF, 0x39, 0xDF, 0xFF, 0x39, 0xDF, 0xFF, 0x39, 0xDF,
    0xFF, 0x39, 0xDF, 0xFF, 0x39, 0xDF, 0xFF, 0x39, 0xDF, 0xFF, 0x21, 0x13, 0xE1, 0x00, 0x00, 0xBF,
    0x00, 0x00, 0xBF, 0x00, 0x00, 0xBF, 0x00, 0x00, 0xBF, 0x00, 0x00, 0xBF, 0x00, 0x00, 0xBF, 0x00,
    0x00, 0xBF, 0x31, 0x9B, 0xF3, 0x39, 0xDF, 0xFF, 0x39, 0xDF, 0xFF, 0x39, 0xDF, 0xFF, 0x39, 0xDF,
    0xFF, 0x39, 0xDF, 0xFF, 0x39, 0xDF, 0xFF, 0x29, 0x79, 0xEF, 0x39, 0xDF, 0xFE, 0x39, 0xDF, 0xFF,
    0x39, 0xDF, 0xFF, 0x39, 0xDF, 0xFF, 0x39, 0xDF, 0xFF, 0x39, 0xDF, 0xFF, 0x10, 0x89, 0xCF, 0x00,
    0x00, 0xBF, 0x00, 0x00, 0xBF, 0x00, 0x00, 0xBF, 0x00, 0x00, 0xBF, 0x00, 0x01, 0xC2, 0x39, 0xDF,
    0xFF, 0x39, 0xDF, 0xFF, 0x39, 0xDF, 0xFF, 0x39, 0xDF, 0xFF, 0x39, 0xDF, 0xFF, 0x39, 0xDF, 0xFF,
    0x39, 0xDF, 0xFF, 0x18, 0xCE, 0xD7, 0x00, 0x00, 0xBF, 0x00, 0x00, 0xBF, 0x00, 0x00, 0xBF, 0x00,
    0x00, 0xBF, 0x00, 0x00, 0xBF, 0x00, 0x00, 0xBF, 0x00, 0x00, 0xBF, 0x39, 0xDF, 0xFE, 0x39, 0xDF,
    0xFF, 0x39, 0xDF, 0xFF, 0x39, 0xDF, 0xFF, 0x39, 0xDF, 0xFF, 0x39, 0xDF, 0xFF, 0x39, 0xDF, 0xFF,
    0x31, 0x9C, 0xF5, 0x00, 0x00, 0xBF, 0x00, 0x00, 0xBF, 0x00, 0x00, 0xBF, 0x00, 0x00, 0xBF, 0x00,
    0x00, 0xBF, 0x00, 0x00, 0xBF, 0x00, 0x00, 0xBF, 0x00, 0x00, 0xBF, 0x00, 0x00, 0xBF, 0x00, 0x00,
    0xBF, 0x00, 0x00, 0xBF, 0x29, 0x57, 0xEB, 0x39, 0xDF, 0xFF, 0x39, 0xDF, 0xFF, 0x39, 0xDF, 0xFF,
    0x39, 0xDF, 0xFF, 0x39, 0xDF, 0xFF, 0x39, 0xDF, 0xFF, 0x39, 0xDF, 0xFF, 0x31, 0x9B, 0xF2, 0x00,
    0x00, 0xBF, 0x00, 0x00, 0xBF, 0x00, 0x00, 0xBF, 0x00, 0x00, 0xBF, 0x00, 0x00, 0xBF, 0x00, 0x00,
    0xBF, 0x00, 0x00, 0xBF, 0x00, 0x00, 0xBF, 0x00, 0x00, 0xBF, 0x00, 0x00, 0xBF, 0x00, 0x00, 0xBF,
    0x00, 0x00, 0xBF, 0x00, 0x00, 0xBF, 0x00, 0x00, 0xBF, 0x00, 0x00, 0xBF, 0x00, 0x00, 0xBF, 0x00,
    0x00, 0xBF, 0x00, 0x00, 0xBF, 0x11, 0xA8, 0xCC, 0x4E, 0x5F, 0xFF, 0x6B, 0x5D, 0xFF, 0x6A, 0xDD,
    0xFF, 0x6A, 0xDD, 0xFF, 0x6A, 0xDD, 0xFF, 0x5C, 0x9E, 0xFF, 0x4E, 0x7F, 0xFF, 0x4E, 0x7F, 0xFF,
    0x4E, 0x7F, 0xFF, 0x4E, 0x7F, 0xFF, 0x4E, 0x7F, 0xFF, 0x4E, 0x7F, 0xFF, 0x4E, 0x7F, 0xFF, 0x4E,
    0x7F, 0xFF, 0x4E, 0x7F, 0xFF, 0x4E, 0x7F, 0xFF, 0x4E, 0x7F, 0xFF, 0x4E, 0x7F, 0xFF, 0x4E, 0x7F,
    0xFF, 0x4E, 0x7F, 0xFF, 0x4E, 0x7F, 0xFF, 0x4E, 0x7F, 0xFF, 0x4E, 0x7F, 0xFF, 0x4E, 0x7F, 0xFF,
    0x4E, 0x7F, 0xFF, 0x4E, 0x7F, 0xFF, 0x4E, 0x7F, 0xFF, 0x4E, 0x7F, 0xFF, 0x46, 0x1F, 0xFF, 0x35,
    0x5C, 0xFF, 0x2D, 0x3C, 0xFF, 0x2D, 0x3C, 0xFF, 0x2D, 0x3C, 0xFF, 0x2D, 0x3C, 0xFF, 0x45, 0xFE,
    0xFF, 0x4E, 0x7F, 0xFF, 0x4E, 0x7F, 0xFF, 0x4E, 0x7F, 0xFF, 0x4E, 0x7F, 0xFF, 0x4E, 0x7F, 0xFF,
    0x4E, 0x7F, 0xFF, 0x24, 0x35, 0xFF, 0x63, 0x2A, 0xFF, 0xC4, 0x47, 0xFF, 0xC4, 0x47, 0xFF, 0xC4,
    0x47, 0xFF, 0xC4, 0x47, 0xFF, 0xC4, 0x47, 0xFF, 0xC4, 0x47, 0xFF, 0xC4, 0x47, 0xFF, 0xC4, 0x47,
    0xFF, 0xC4, 0x47, 0xFF, 0xC4, 0x47, 0xFF, 0xC4, 0x47, 0xFF, 0xC4, 0x47, 0xFF, 0xC4, 0x47, 0xFF,
    0xC4, 0x47, 0xFF, 0xC4, 0x47, 0xFF, 0xC4, 0x47, 0xFF, 0xC4, 0x47, 0xFF, 0xC4, 0x47, 0xFF, 0xC4,
    0x47, 0xFF, 0xBC, 0x48, 0xFF, 0xAC, 0x8B, 0xFF, 0x9C, 0xEF, 0xFF, 0x85, 0x53, 0xFF, 0x75, 0xB7,
    0xFF, 0x66, 0x1C, 0xFF, 0x56, 0x5F, 0xFF, 0x4E, 0x7F, 0xFF, 0x4E, 0x7F, 0xFF, 0x4E, 0x7F, 0xFF,
    0xD6, 0x54, 0xFF, 0xFE, 0x51, 0xFF, 0xFE, 0x51, 0xFF, 0xFE, 0x51, 0xFF, 0xA3, 0x86, 0xFF, 0x9B,
    0x24, 0xFF, 0x9B, 0x24, 0xFF, 0x9B, 0x24, 0xFF, 0x9B, 0x24, 0xFF, 0x9B, 0x24, 0xFF, 0x9B, 0x24,
    0xFF, 0x9B, 0x24, 0xFF, 0xB3, 0xE7, 0xFF, 0xFE, 0x50, 0xFF, 0xFE, 0x51, 0xFF, 0xFE, 0x51, 0xFF,
    0xFE, 0x51, 0xFF, 0xCC, 0x89, 0xFF, 0xC4, 0x47, 0xFF, 0xC4, 0x47, 0xFF, 0xC4, 0x47, 0xFF, 0xC4,
    0x47, 0xFF, 0xC4, 0x47, 0xFF, 0xC4, 0x47, 0xFF, 0x9B, 0x66, 0xF0, 0x00, 0x00, 0xC0, 0x00, 0x00,
    0xBF, 0x00, 0x00, 0xBF, 0x00, 0x00, 0xBF, 0x00, 0x00, 0xBF, 0x00, 0x00, 0xBF, 0x00, 0x00, 0xBF,
    0x00, 0x00, 0xBF, 0x00, 0x00, 0xBF, 0x00, 0x00, 0xBF, 0x00, 0x00, 0xBF, 0x07, 0x42, 0xF8, 0x07,
    0xE2, 0xFF, 0x07, 0xE2, 0xFF, 0x07, 0xE2, 0xFF, 0x07, 0xE2, 0xFF, 0x07, 0xE2, 0xFF, 0x07, 0xE2,
    0xFF, 0x07, 0xE2, 0xFF, 0x07, 0xE2, 0xFF, 0x07, 0xE2, 0xFF, 0x07, 0xE2, 0xFF, 0x07, 0x42, 0xF8,
    0x00, 0x00, 0xBF, 0x00, 0x00, 0xBF, 0x00, 0x00, 0xBF, 0x00, 0x00, 0xBF, 0x00, 0x00, 0xBF, 0x00,
    0x00, 0xBF, 0x00, 0x00, 0xBF, 0x00, 0x00, 0xBF, 0x00, 0x00, 0xBF, 0x00, 0x00, 0xBF, 0x18, 0xF0,
    0xDB, 0x39, 0xDF, 0xFF, 0x39, 0xDF, 0xFF, 0x39, 0xDF, 0xFF, 0x39, 0xDF, 0xFF, 0x39, 0xDF, 0xFF,
    0x39, 0xDF, 0xFF, 0x39, 0xDF, 0xFF, 0x18, 0xCE, 0xD8, 0x00, 0x00, 0xBF, 0x00, 0x00, 0xBF, 0x00,
    0x00, 0xBF, 0x00, 0x00, 0xBF, 0x00, 0x00, 0xBF, 0x00, 0x00, 0xBF, 0x00, 0x00, 0xBF, 0x00, 0x00,
    0xBF, 0x00, 0x00, 0xBF, 0x00, 0x00, 0xBF, 0x00, 0x00, 0xBF, 0x00, 0x00, 0xBF, 0x00, 0x00, 0xBF,
    0x00, 0x00, 0xBF, 0x00, 0x00, 0xBF, 0x00, 0x00, 0xBF, 0x00, 0x00, 0xBF, 0x00, 0x00, 0xBF, 0x18,
    0xCD, 0xD6, 0x39, 0xDF, 0xFF, 0x39, 0xDF, 0xFF, 0x39, 0xDF, 0xFF, 0x39, 0xDF, 0xFF, 0x39, 0xDF,
    0xFF, 0x39, 0xDF, 0xFF, 0x39, 0xDF, 0xFF, 0x31, 0x9B, 0xF4, 0x00, 0x00, 0xBF, 0x00, 0x00, 0xBF,
    0x00, 0x00, 0xBF, 0x00, 0x00, 0xBF, 0x00, 0x00, 0xBF, 0x00, 0x00, 0xBF, 0x00, 0x00, 0xBF, 0x00,
    0x00, 0xBF, 0x00, 0x00, 0xBF, 0x00, 0x00, 0xBF, 0x00, 0x00, 0xBF, 0x00, 0x00, 0xBF, 0x00, 0x00,
    0xBF, 0x00, 0x23, 0xC5, 0x39, 0xDF, 0xFF, 0x39, 0xDF, 0xFF, 0x39, 0xDF, 0xFF, 0x39, 0xDF, 0xFF,
    0x39, 0xDF, 0xFF, 0x39, 0xDF, 0xFF, 0x39, 0xDF, 0xFF, 0x39, 0xDF, 0xFE, 0x00, 0x22, 0xC2, 0x00,
    0x00, 0xBF, 0x00, 0x00, 0xBF, 0x00, 0x00, 0xBF, 0x00, 0x00, 0xBF, 0x00, 0x00, 0xBF, 0x29, 0x55,
    0xE6, 0x39, 0xDF, 0xFF, 0x39, 0xDF, 0xFF, 0x39, 0xDF, 0xFF, 0x39, 0xDF, 0xFF, 0x39, 0xDF, 0xFF,
    0x39, 0xDF, 0xFF, 0x39, 0xDF, 0xFF, 0x08, 0x68, 0xCC, 0x00, 0x00, 0xBF, 0x00, 0x00, 0xBF, 0x00,
    0x00, 0xBF, 0x00, 0x00, 0xBF, 0x00, 0x00, 0xBF, 0x00, 0x00, 0xBF, 0x00, 0x00, 0xBF, 0x00, 0x00,
    0xBF, 0x00, 0x00, 0xBF, 0x10, 0xAB, 0xD1, 0x39, 0xDF, 0xFF, 0x39, 0xDF, 0xFF, 0x39, 0xDF, 0xFF,
    0x39, 0xDF, 0xFF, 0x39, 0xDF, 0xFF, 0x39, 0xDF, 0xFF, 0x39, 0xDF, 0xFF, 0x21, 0x13, 0xE1, 0x00,
    0x00, 0xBF, 0x00, 0x00, 0xBF, 0x00, 0x00, 0xBF, 0x00, 0x00, 0xBF, 0x00, 0x00, 0xBF, 0x00, 0x00,
    0xBF, 0x00, 0x00, 0xBF, 0x31, 0x9B, 0xF3, 0x39, 0xDF, 0xFF, 0x39, 0xDF, 0xFF, 0x39, 0xDF, 0xFF,
    0x39, 0xDF, 0xFF, 0x39, 0xDF, 0xFF, 0x39, 0xDF, 0xFF, 0x21, 0x35, 0xE5, 0x21, 0x35, 0xE5, 0x39,
    0xDF, 0xFF, 0x39, 0xDF, 0xFF, 0x39, 0xDF, 0xFF, 0x39, 0xDF, 0xFF, 0x39, 0xDF, 0xFF, 0x31, 0x9A,
    0xF1, 0x00, 0x00, 0xBF, 0x00, 0x00, 0xBF, 0x00, 0x00, 0xBF, 0x00, 0x00, 0xBF, 0x00, 0x01, 0xC2,
    0x39, 0xDF, 0xFF, 0x39, 0xDF, 0xFF, 0x39, 0xDF, 0xFF, 0x39, 0xDF, 0xFF, 0x39, 0xDF, 0xFF, 0x39,
    0xDF, 0xFF, 0x39, 0xDF, 0xFF, 0x18, 0xCE, 0xD7, 0x00, 0x00, 0xBF, 0x00, 0x00, 0xBF, 0x00, 0x00,
    0xBF, 0x00, 0x00, 0xBF, 0x00, 0x00, 0xBF, 0x00, 0x00, 0xBF, 0x00, 0x00, 0xBF, 0x39, 0xDF, 0xFE,
    0x39, 0xDF, 0xFF, 0x39, 0xDF, 0xFF, 0x39, 0xDF, 0xFF, 0x39, 0xDF, 0xFF, 0x39, 0xDF, 0xFF, 0x39,
    0xDF, 0xFF, 0x31, 0x9C, 0xF5, 0x00, 0x00, 0xBF, 0x00, 0x00, 0xBF, 0x00, 0x00, 0xBF, 0x00, 0x00,
    0xBF, 0x00, 0x00, 0xBF, 0x00, 0x00, 0xBF, 0x00, 0x00, 0xBF, 0x00, 0x00, 0xBF, 0x00, 0x00, 0xBF,
    0x00, 0x00, 0xBF, 0x00, 0x00, 0xBF, 0x08, 0x68, 0xCC, 0x39, 0xDF, 0xFF, 0x39, 0xDF, 0xFF, 0x39,
    0xDF, 0xFF, 0x39, 0xDF, 0xFF, 0x39, 0xDF, 0xFF, 0x39, 0xDF, 0xFF, 0x39, 0xDF, 0xFF, 0x39, 0xDF,
    0xFE, 0x00, 0x23, 0xC4, 0x00, 0x00, 0xBF, 0x00, 0x00, 0xBF, 0x00, 0x00, 0xBF, 0x00, 0x00, 0xBF,
    0x00, 0x00, 0xBF, 0x00, 0x00, 0xBF, 0x00, 0x00, 0xBF, 0x00, 0x00, 0xBF, 0x00, 0x00, 0xBF, 0x00,
    0x00, 0xBF, 0x00, 0x00, 0xBF, 0x00, 0x00, 0xBF, 0x00, 0x00, 0xBF, 0x00, 0x00, 0xBF, 0x00, 0x00,
    0xBF, 0x00, 0x00, 0xBF, 0x00, 0x00, 0xBF, 0x00, 0x00, 0xBF, 0x44, 0x59, 0xEF, 0x6A, 0xDD, 0xFF,
    0x6A, 0xDD, 0xFF, 0x6A, 0xDD, 0xFF, 0x6A, 0xDD, 0xFF, 0x6B, 0x3D, 0xFF, 0x4E, 0x5F, 0xFF, 0x4E,
    0x7F, 0xFF, 0x4E, 0x7F, 0xFF, 0x4E, 0x7F, 0xFF, 0x4E, 0x7F, 0xFF, 0x4E, 0x7F, 0xFF, 0x4E, 0x7F,
    0xFF, 0x4E, 0x7F, 0xFF, 0x4E, 0x7F, 0xFF, 0x4E, 0x7F, 0xFF, 0x4E, 0x7F, 0xFF, 0x4E, 0x7F, 0xFF,
    0x4E, 0x7F, 0xFF, 0x4E, 0x7F, 0xFF, 0x4E, 0x7F, 0xFF, 0x4E, 0x7F, 0xFF, 0x4E, 0x7F, 0xFF, 0x4E,
    0x7F, 0xFF, 0x4E, 0x7F, 0xFF, 0x4E, 0x7F, 0xFF, 0x4E, 0x7F, 0xFF, 0x4E, 0x7F, 0xFF, 0x4E, 0x7F,
    0xFF, 0x46, 0x3F, 0xFF, 0x2D, 0x5C, 0xFF, 0x2D, 0x3C, 0xFF, 0x2D, 0x3C, 0xFF, 0x2D, 0x3C, 0xFF,
    0x35, 0x5C, 0xFF, 0x4E, 0x5F, 0xFF, 0x4E, 0x7F, 0xFF, 0x4E, 0x7F, 0xFF, 0x4E, 0x7F, 0xFF, 0x4E,
    0x7F, 0xFF, 0x4E, 0x7F, 0xFF, 0x23, 0xF4, 0xFF, 0x83, 0x89, 0xFF, 0xC4, 0x47, 0xFF, 0xC4, 0x47,
    0xFF, 0xC4, 0x47, 0xFF, 0xC4, 0x47, 0xFF, 0xC4, 0x47, 0xFF, 0xC4, 0x47, 0xFF, 0xC4, 0x47, 0xFF,
    0xC4, 0x47, 0xFF, 0xC4, 0x47, 0xFF, 0xC4, 0x47, 0xFF, 0xC4, 0x47, 0xFF, 0xC4, 0x47, 0xFF, 0xC4,
    0x47, 0xFF, 0xC4, 0x47, 0xFF, 0xC4, 0x47, 0xFF, 0xC4, 0x47, 0xFF, 0xC4, 0x47, 0xFF, 0xC4, 0x47,
    0xFF, 0xC4, 0x47, 0xFF, 0xC4, 0x47, 0xFF, 0xC4, 0x47, 0xFF, 0xC4, 0x47, 0xFF, 0xC4, 0x47, 0xFF,
    0xC4, 0x47, 0xFF, 0xC4, 0x47, 0xFF, 0xC4, 0x68, 0xFF, 0xCD, 0xB0, 0xFF, 0xCE, 0x55, 0xFF, 0xAE,
    0x57, 0xFF, 0xDE, 0x53, 0xFF, 0xFE, 0x51, 0xFF, 0xFE, 0x51, 0xFF, 0xFE, 0x51, 0xFF, 0xB4, 0x28,
    0xFF, 0x9B, 0x24, 0xFF, 0x9B, 0x24, 0xFF, 0x9B, 0x24, 0xFF, 0x9B, 0x24, 0xFF, 0x9B, 0x24, 0xFF,
    0x9B, 0x24, 0xFF, 0x9B, 0x24, 0xFF, 0x9B, 0x24, 0xFF, 0xDD, 0x4C, 0xFF, 0xFE, 0x51, 0xFF, 0xFE,
    0x51, 0xFF, 0xFE, 0x51, 0xFF, 0xDD, 0x4C, 0xFF, 0xC4, 0x47, 0xFF, 0xC4, 0x47, 0xFF, 0xC4, 0x47,
    0xFF, 0xC4, 0x47, 0xFF, 0xC4, 0x47, 0xFF, 0xB4, 0x06, 0xFA, 0x20, 0xC1, 0xC8, 0x00, 0x00, 0xBF,
    0x00, 0x00, 0xBF, 0x00, 0x00, 0xBF, 0x00, 0x00, 0xBF, 0x00, 0x00, 0xBF, 0x00, 0x00, 0xBF, 0x00,
    0x00, 0xBF, 0x00, 0x00, 0xBF, 0x00, 0x00, 0xBF, 0x00, 0x00, 0xBF, 0x00, 0x00, 0xBF, 0x07, 0x42,
    0xF8, 0x07, 0xE2, 0xFF, 0x07, 0xE2, 0xFF, 0x07, 0xE2, 0xFF, 0x07, 0xE2, 0xFF, 0x07, 0xE2, 0xFF,
    0x07, 0xE2, 0xFF, 0x07, 0xE2, 0xFF, 0x07, 0xE2, 0xFF, 0x07, 0xE2, 0xFF, 0x07, 0xE2, 0xFF, 0x07,
    0x42, 0xF8, 0x00, 0x00, 0xBF, 0x00, 0x00, 0xBF, 0x00, 0x00, 0xBF, 0x00, 0x00, 0xBF, 0x00, 0x00,
    0xBF, 0x00, 0x00, 0xBF, 0x00, 0x00, 0xBF, 0x00, 0x00, 0xBF, 0x00, 0x00, 0xBF, 0x00, 0x00, 0xBF,
    0x18, 0xF0, 0xDB, 0x39, 0xDF, 0xFF, 0x39, 0xDF, 0xFF, 0x39, 0xDF, 0xFF, 0x39, 0xDF, 0xFF, 0x39,
    0xDF, 0xFF, 0x39, 0xDF, 0xFF, 0x39, 0xDF, 0xFF, 0x39, 0xDF, 0xFF, 0x39, 0xDF, 0xFF, 0x39, 0xDF,
    0xFF, 0x39, 0xDF, 0xFF, 0x39, 0xDF, 0xFF, 0x39, 0xDF, 0xFF, 0x39, 0xDF, 0xFF, 0x39, 0xDF, 0xFF,
    0x39, 0xDF, 0xFF, 0x39, 0xDF, 0xFF, 0x39, 0xDF, 0xFF, 0x39, 0xDF, 0xFF, 0x31, 0xBD, 0xF8, 0x00,
    0x00, 0xBF, 0x00, 0x00, 0xBF, 0x00, 0x00, 0xBF, 0x00, 0x00, 0xBF, 0x00, 0x00, 0xBF, 0x00, 0x00,
    0xBF, 0x21, 0x12, 0xE0, 0x39, 0xDF, 0xFF, 0x39, 0xDF, 0xFF, 0x39, 0xDF, 0xFF, 0x39, 0xDF, 0xFF,
    0x39, 0xDF, 0xFF, 0x39, 0xDF, 0xFF, 0x39, 0xDF, 0xFF, 0x29, 0x56, 0xE7, 0x00, 0x00, 0xBF, 0x00,
    0x00, 0xBF, 0x00, 0x00, 0xBF, 0x00, 0x00, 0xBF, 0x00, 0x00, 0xBF, 0x00, 0x00, 0xBF, 0x00, 0x00,
    0xBF, 0x00, 0x00, 0xBF, 0x00, 0x00, 0xBF, 0x00, 0x00, 0xBF, 0x00, 0x00, 0xBF, 0x00, 0x00, 0xBF,
    0x00, 0x00, 0xBF, 0x00, 0x00, 0xBF, 0x31, 0xBD, 0xF8, 0x39, 0xDF, 0xFF, 0x39, 0xDF, 0xFF, 0x39,
    0xDF, 0xFF, 0x39, 0xDF, 0xFF, 0x39, 0xDF, 0xFF, 0x39, 0xDF, 0xFF, 0x39, 0xDF, 0xFF, 0x10, 0x88,
    0xCD, 0x00, 0x00, 0xBF, 0x00, 0x00, 0xBF, 0x00, 0x00, 0xBF, 0x00, 0x00, 0xBF, 0x00, 0x00, 0xBF,
    0x29, 0x55, 0xE6, 0x39, 0xDF, 0xFF, 0x39, 0xDF, 0xFF, 0x39, 0xDF, 0xFF, 0x39, 0xDF, 0xFF, 0x39,
    0xDF, 0xFF, 0x39, 0xDF, 0xFF, 0x39, 0xDF, 0xFF, 0x08, 0x68, 0xCC, 0x00, 0x00, 0xBF, 0x00, 0x00,
    0xBF, 0x00, 0x00, 0xBF, 0x00, 0x00, 0xBF, 0x00, 0x00, 0xBF, 0x00, 0x00, 0xBF, 0x00, 0x00, 0xBF,
    0x00, 0x00, 0xBF, 0x00, 0x00, 0xBF, 0x10, 0xAB, 0xD1, 0x39, 0xDF, 0xFF, 0x39, 0xDF, 0xFF, 0x39,
    0xDF, 0xFF, 0x39, 0xDF, 0xFF, 0x39, 0xDF, 0xFF, 0x39, 0xDF, 0xFF, 0x39, 0xDF, 0xFF, 0x21, 0x13,
    0xE1, 0x00, 0x00, 0xBF, 0x00, 0x00, 0xBF, 0x00, 0x00, 0xBF, 0x00, 0x00, 0xBF, 0x00, 0x00, 0xBF,
    0x00, 0x00, 0xBF, 0x00, 0x00, 0xBF, 0x31, 0x9B, 0xF3, 0x39, 0xDF, 0xFF, 0x39, 0xDF, 0xFF, 0x39,
    0xDF, 0xFF, 0x39, 0xDF, 0xFF, 0x39, 0xDF, 0xFF, 0x39, 0xDF, 0xFF, 0x21, 0x35, 0xE5, 0x08, 0x44,
    0xC6, 0x39, 0xDF, 0xFD, 0x39, 0xDF, 0xFF, 0x39, 0xDF, 0xFF, 0x39, 0xDF, 0xFF, 0x39, 0xDF, 0xFF,
    0x39, 0xDF, 0xFF, 0x10, 0xAB, 0xD3, 0x00, 0x00, 0xBF, 0x00, 0x00, 0xBF, 0x00, 0x00, 0xBF, 0x00,
    0x01, 0xC2, 0x39, 0xDF, 0xFF, 0x39, 0xDF, 0xFF, 0x39, 0xDF, 0xFF, 0x39, 0xDF, 0xFF, 0x39, 0xDF,
    0xFF, 0x39, 0xDF, 0xFF, 0x39, 0xDF, 0xFF, 0x18, 0xCE, 0xD7, 0x00, 0x00, 0xBF, 0x00, 0x00, 0xBF,
    0x00, 0x00, 0xBF, 0x00, 0x00, 0xBF, 0x00, 0x00, 0xBF, 0x00, 0x00, 0xBF, 0x00, 0x00, 0xBF, 0x39,
    0xDF, 0xFE, 0x39, 0xDF, 0xFF, 0x39, 0xDF, 0xFF, 0x39, 0xDF, 0xFF, 0x39, 0xDF, 0xFF, 0x39, 0xDF,
    0xFF, 0x39, 0xDF, 0xFF, 0x31, 0x9C, 0xF5, 0x00, 0x00, 0xBF, 0x00, 0x00, 0xBF, 0x00, 0x00, 0xBF,
    0x00, 0x00, 0xBF, 0x00, 0x00, 0xBF, 0x00, 0x00, 0xBF, 0x00, 0x00, 0xBF, 0x00, 0x00, 0xBF, 0x00,
    0x00, 0xBF, 0x00, 0x00, 0xBF, 0x00, 0x00, 0xBF, 0x00, 0x00, 0xBF, 0x31, 0xBD, 0xF8, 0x39, 0xDF,
    0xFF, 0x39, 0xDF, 0xFF, 0x39, 0xDF, 0xFF, 0x39, 0xDF, 0xFF, 0x39, 0xDF, 0xFF, 0x39, 0xDF, 0xFF,
    0x39, 0xDF, 0xFF, 0x10, 0xAB, 0xD3, 0x00, 0x00, 0xBF, 0x00, 0x00, 0xBF, 0x00, 0x00, 0xBF, 0x00,
    0x00, 0xBF, 0x00, 0x00, 0xBF, 0x00, 0x00, 0xBF, 0x00, 0x00, 0xBF, 0x00, 0x00, 0xBF, 0x00, 0x00,
    0xBF, 0x00, 0x00, 0xBF, 0x00, 0x00, 0xBF, 0x00, 0x00, 0xBF, 0x00, 0x00, 0xBF, 0x00, 0x00, 0xBF,
    0x00, 0x00, 0xBF, 0x00, 0x00, 0xBF, 0x00, 0x00, 0xBF, 0x00, 0x00, 0xBF, 0x41, 0xD3, 0xE4, 0x6A,
    0xDD, 0xFF, 0x6A, 0xDD, 0xFF, 0x6A, 0xDD, 0xFF, 0x6A, 0xDD, 0xFF, 0x6A, 0xDD, 0xFF, 0x5D, 0x3F,
    0xFF, 0x4E, 0x7F, 0xFF, 0x4E, 0x7F, 0xFF, 0x4E, 0x7F, 0xFF, 0x4E, 0x7F, 0xFF, 0x4E, 0x7F, 0xFF,
    0x4E, 0x7F, 0xFF, 0x4E, 0x7F, 0xFF, 0x4E, 0x7F, 0xFF, 0x4E, 0x7F, 0xFF, 0x4E, 0x7F, 0xFF, 0x4E,
    0x7F, 0xFF, 0x4E, 0x7F, 0xFF, 0x4E, 0x7F, 0xFF, 0x4E, 0x7F, 0xFF, 0x4E, 0x7F, 0xFF, 0x4E, 0x7F,
    0xFF, 0x4E, 0x7F, 0xFF, 0x4E, 0x7F, 0xFF, 0x4E, 0x7F, 0xFF, 0x4E, 0x7F, 0xFF, 0x4E, 0x7F, 0xFF,
    0x4E, 0x7F, 0xFF, 0x4E, 0x7F, 0xFF, 0x45, 0xFE, 0xFF, 0x2D, 0x3C, 0xFF, 0x2D, 0x3C, 0xFF, 0x2D,
    0x3C, 0xFF, 0x2D, 0x3C, 0xFF, 0x3D, 0xDE, 0xFF, 0x4E, 0x7F, 0xFF, 0x4E, 0x7F, 0xFF, 0x4E, 0x7F,
    0xFF, 0x4E, 0x7F, 0xFF, 0x4E, 0x7F, 0xFF, 0x24, 0x35, 0xFF, 0x83, 0x89, 0xFF, 0xC4, 0x47, 0xFF,
    0xC4, 0x47, 0xFF, 0xC4, 0x47, 0xFF, 0xC4, 0x47, 0xFF, 0xC4, 0x47, 0xFF, 0xC4, 0x47, 0xFF, 0xC4,
    0x47, 0xFF, 0xC4, 0x47, 0xFF, 0xC4, 0x47, 0xFF, 0xC4, 0x47, 0xFF, 0xC4, 0x47, 0xFF, 0xC4, 0x47,
    0xFF, 0xC4, 0x47, 0xFF, 0xC4, 0x47, 0xFF, 0xC4, 0x47, 0xFF, 0xC4, 0x47, 0xFF, 0xC4, 0x47, 0xFF,
    0xC4, 0x47, 0xFF, 0xC4, 0x47, 0xFF, 0xC4, 0x47, 0xFF, 0xC4, 0x47, 0xFF, 0xC4, 0x47, 0xFF, 0xC4,
    0x47, 0xFF, 0xC4, 0x47, 0xFF, 0xC4, 0x47, 0xFF, 0xDD, 0x4C, 0xFF, 0xFE, 0x51, 0xFF, 0xFE, 0x51,
    0xFF, 0xFE, 0x51, 0xFF, 0xFE, 0x51, 0xFF, 0xFE, 0x51, 0xFF, 0xFE, 0x51, 0xFF, 0xFE, 0x51, 0xFF,
    0xDD, 0x2C, 0xFF, 0x9B, 0x24, 0xFF, 0x9B, 0x24, 0xFF, 0x9B, 0x24, 0xFF, 0x9B, 0x24, 0xFF, 0x9B,
    0x24, 0xFF, 0x9B, 0x24, 0xFF, 0x9B, 0x24, 0xFF, 0x9B, 0x24, 0xFF, 0xB4, 0x07, 0xFF, 0xFE, 0x51,
    0xFF, 0xFE, 0x51, 0xFF, 0xFE, 0x51, 0xFF, 0xED, 0xAE, 0xFF, 0xC4, 0x47, 0xFF, 0xC4, 0x47, 0xFF,
    0xC4, 0x47, 0xFF, 0xC4, 0x47, 0xFF, 0xB4, 0x06, 0xFA, 0x31, 0x01, 0xCC, 0x00, 0x00, 0xBF, 0x00,
    0x00, 0xBF, 0x00, 0x00, 0xBF, 0x00, 0x00, 0xBF, 0x00, 0x00, 0xBF, 0x00, 0x00, 0xBF, 0x00, 0x00,
    0xBF, 0x00, 0x00, 0xBF, 0x00, 0x00, 0xBF, 0x00, 0x00, 0xBF, 0x00, 0x00, 0xBF, 0x00, 0x00, 0xBF,
    0x07, 0x42, 0xF8, 0x07, 0xE2, 0xFF, 0x07, 0xE2, 0xFF, 0x07, 0xE2, 0xFF, 0x07, 0xE2, 0xFF, 0x07,
    0xE2, 0xFF, 0x07, 0xE2, 0xFF, 0x07, 0xE2, 0xFF, 0x07, 0xE2, 0xFF, 0x07, 0xE2, 0xFF, 0x07, 0xE2,
    0xFF, 0x07, 0x42, 0xF8, 0x00, 0x00, 0xBF, 0x00, 0x00, 0xBF, 0x00, 0x00, 0xBF, 0x00, 0x00, 0xBF,
    0x00, 0x00, 0xBF, 0x00, 0x00, 0xBF, 0x00, 0x00, 0xBF, 0x00, 0x00, 0xBF, 0x00, 0x00, 0xBF, 0x00,
    0x00, 0xBF, 0x18, 0xF0, 0xDB, 0x39, 0xDF, 0xFF, 0x39, 0xDF, 0xFF, 0x39, 0xDF, 0xFF, 0x39, 0xDF,
    0xFF, 0x39, 0xDF, 0xFF, 0x39, 0xDF, 0xFF, 0x39, 0xDF, 0xFF, 0x39, 0xDF, 0xFF, 0x39, 0xDF, 0xFF,
    0x39, 0xDF, 0xFF, 0x39, 0xDF, 0xFF, 0x39, 0xDF, 0xFF, 0x39, 0xDF, 0xFF, 0x39, 0xDF, 0xFF, 0x39,
    0xDF, 0xFF, 0x39, 0xDF, 0xFF, 0x39, 0xDF, 0xFF, 0x39, 0xDF, 0xFF, 0x39, 0xDF, 0xFF, 0x31, 0xBD,
    0xF8, 0x00, 0x00, 0xBF, 0x00, 0x00, 0xBF, 0x00, 0x00, 0xBF, 0x00, 0x00, 0xBF, 0x00, 0x00, 0xBF,
    0x00, 0x00, 0xBF, 0x21, 0x35, 0xE5, 0x39, 0xDF, 0xFF, 0x39, 0xDF, 0xFF, 0x39, 0xDF, 0xFF, 0x39,
    0xDF, 0xFF, 0x39, 0xDF, 0xFF, 0x39, 0xDF, 0xFF, 0x39, 0xDF, 0xFF, 0x18, 0xF1, 0xDD, 0x00, 0x00,
    0xBF, 0x00, 0x00, 0xBF, 0x00, 0x00, 0xBF, 0x00, 0x00, 0xBF, 0x00, 0x00, 0xBF, 0x00, 0x00, 0xBF,
    0x00, 0x00, 0xBF, 0x00, 0x00, 0xBF, 0x00, 0x00, 0xBF, 0x00, 0x00, 0xBF, 0x00, 0x00, 0xBF, 0x00,
    0x00, 0xBF, 0x00, 0x00, 0xBF, 0x00, 0x00, 0xBF, 0x29, 0x78, 0xEE, 0x39, 0xDF, 0xFF, 0x39, 0xDF,
    0xFF, 0x39, 0xDF, 0xFF, 0x39, 0xDF, 0xFF, 0x39, 0xDF, 0xFF, 0x39, 0xDF, 0xFF, 0x39, 0xDF, 0xFF,
    0x10, 0xAB, 0xD2, 0x00, 0x00, 0xBF, 0x00, 0x00, 0xBF, 0x00, 0x00, 0xBF, 0x00, 0x00, 0xBF, 0x00,
    0x00, 0xBF, 0x29, 0x55, 0xE6, 0x39, 0xDF, 0xFF, 0x39, 0xDF, 0xFF, 0x39, 0xDF, 0xFF, 0x39, 0xDF,
    0xFF, 0x39, 0xDF, 0xFF, 0x39, 0xDF, 0xFF, 0x39, 0xDF, 0xFF, 0x08, 0x68, 0xCC, 0x00, 0x00, 0xBF,
    0x00, 0x00, 0xBF, 0x00, 0x00, 0xBF, 0x00, 0x00, 0xBF, 0x00, 0x00, 0xBF, 0x00, 0x00, 0xBF, 0x00,
    0x00, 0xBF, 0x00, 0x00, 0xBF, 0x00, 0x00, 0xBF, 0x10, 0xAB, 0xD1, 0x39, 0xDF, 0xFF, 0x39, 0xDF,
    0xFF, 0x39, 0xDF, 0xFF, 0x39, 0xDF, 0xFF, 0x39, 0xDF, 0xFF, 0x39, 0xDF, 0xFF, 0x39, 0xDF, 0xFF,
    0x21, 0x13, 0xE1, 0x00, 0x00, 0xBF, 0x00, 0x00, 0xBF, 0x00, 0x00, 0xBF, 0x00, 0x00, 0xBF, 0x00,
    0x00, 0xBF, 0x00, 0x00, 0xBF, 0x00, 0x00, 0xBF, 0x31, 0x9B, 0xF3, 0x39, 0xDF, 0xFF, 0x39, 0xDF,
    0xFF, 0x39, 0xDF, 0xFF, 0x39, 0xDF, 0xFF, 0x39, 0xDF, 0xFF, 0x39, 0xDF, 0xFF, 0x21, 0x35, 0xE5,
    0x00, 0x00, 0xBF, 0x21, 0x13, 0xE1, 0x39, 0xDF, 0xFF, 0x39, 0xDF, 0xFF, 0x39, 0xDF, 0xFF, 0x39,
    0xDF, 0xFF, 0x39, 0xDF, 0xFF, 0x31, 0x9B, 0xF4, 0x00, 0x00, 0xBF, 0x00, 0x00, 0xBF, 0x00, 0x00,
    0xBF, 0x00, 0x01, 0xC2, 0x39, 0xDF, 0xFF, 0x39, 0xDF, 0xFF, 0x39, 0xDF, 0xFF, 0x39, 0xDF, 0xFF,
    0x39, 0xDF, 0xFF, 0x39, 0xDF, 0xFF, 0x39, 0xDF, 0xFF, 0x18, 0xCE, 0xD7, 0x00, 0x00, 0xBF, 0x00,
    0x00, 0xBF, 0x00, 0x00, 0xBF, 0x00, 0x00, 0xBF, 0x00, 0x00, 0xBF, 0x00, 0x00, 0xBF, 0x00, 0x00,
    0xBF, 0x39, 0xDF, 0xFE, 0x39, 0xDF, 0xFF, 0x39, 0xDF, 0xFF, 0x39, 0xDF, 0xFF, 0x39, 0xDF, 0xFF,
    0x39, 0xDF, 0xFF, 0x39, 0xDF, 0xFF, 0x31, 0x9C, 0xF5, 0x00, 0x00, 0xBF, 0x00, 0x00, 0xBF, 0x00,
    0x00, 0xBF, 0x00, 0x00, 0xBF, 0x00, 0x00, 0xBF, 0x00, 0x00, 0xBF, 0x00, 0x00, 0xBF, 0x00, 0x00,
    0xBF, 0x00, 0x00, 0xBF, 0x00, 0x00, 0xBF, 0x00, 0x00, 0xBF, 0x00, 0x00, 0xBF, 0x29, 0x57, 0xEA,
    0x39, 0xDF, 0xFF, 0x39, 0xDF, 0xFF, 0x39, 0xDF, 0xFF, 0x39, 0xDF, 0xFF, 0x39, 0xDF, 0xFF, 0x39,
    0xDF, 0xFF, 0x39, 0xDF, 0xFF, 0x18, 0xCF, 0xD9, 0x00, 0x00, 0xBF, 0x00, 0x00, 0xBF, 0x00, 0x00,
    0xBF, 0x00, 0x00, 0xBF, 0x00, 0x00, 0xBF, 0x00, 0x00, 0xBF, 0x00, 0x00, 0xBF, 0x00, 0x00, 0xBF,
    0x00, 0x00, 0xBF, 0x00, 0x00, 0xBF, 0x00, 0x00, 0xBF, 0x00, 0x00, 0xBF, 0x00, 0x00, 0xBF, 0x00,
    0x00, 0xBF, 0x00, 0x00, 0xBF, 0x00, 0x00, 0xBF, 0x00, 0x00, 0xBF, 0x00, 0x00, 0xC0, 0x62, 0x9A,
    0xF8, 0x6A, 0xDD, 0xFF, 0x6A, 0xDD, 0xFF, 0x6A, 0xDD, 0xFF, 0x6A, 0xDD, 0xFF, 0x6A, 0xDD, 0xFF,
    0x63, 0xBD, 0xFF, 0x4E, 0x7F, 0xFF, 0x4E, 0x7F, 0xFF, 0x4E, 0x7F, 0xFF, 0x4E, 0x7F, 0xFF, 0x4E,
    0x7F, 0xFF, 0x4E, 0x7F, 0xFF, 0x4E, 0x7F, 0xFF, 0x4E, 0x7F, 0xFF, 0x4E, 0x7F, 0xFF, 0x4E, 0x7F,
    0xFF, 0x4E, 0x7F, 0xFF, 0x4E, 0x7F, 0xFF, 0x4E, 0x7F, 0xFF, 0x4E, 0x7F, 0xFF, 0x4E, 0x7F, 0xFF,
    0x4E, 0x7F, 0xFF, 0x4E, 0x7F, 0xFF, 0x4E, 0x7F, 0xFF, 0x4E, 0x7F, 0xFF, 0x4E, 0x7F, 0xFF, 0x4E,
    0x7F, 0xFF, 0x4E, 0x7F, 0xFF, 0x4E, 0x7F, 0xFF, 0x4E, 0x7F, 0xFF, 0x35, 0x7D, 0xFF, 0x2D, 0x3C,
    0xFF, 0x2D, 0x3C, 0xFF, 0x2D, 0x3C, 0xFF, 0x35, 0x7C, 0xFF, 0x4E, 0x7F, 0xFF, 0x4E, 0x7F, 0xFF,
    0x4E, 0x7F, 0xFF, 0x4E, 0x7F, 0xFF, 0x4E, 0x7F, 0xFF, 0x34, 0xF9, 0xFF, 0x5B, 0x2A, 0xFF, 0xC4,
    0x47, 0xFF, 0xC4, 0x47, 0xFF, 0xC4, 0x47, 0xFF, 0xC4, 0x47, 0xFF, 0xC4, 0x47, 0xFF, 0xC4, 0x47,
    0xFF, 0xC4, 0x47, 0xFF, 0xC4, 0x47, 0xFF, 0xC4, 0x47, 0xFF, 0xC4, 0x47, 0xFF, 0xC4, 0x47, 0xFF,
    0xC4, 0x47, 0xFF, 0xC4, 0x47, 0xFF, 0xC4, 0x47, 0xFF, 0xC4, 0x47, 0xFF, 0xC4, 0x47, 0xFF, 0xC4,
    0x47, 0xFF, 0xC4, 0x47, 0xFF, 0xC4, 0x47, 0xFF, 0xC4, 0x47, 0xFF, 0xC4, 0x47, 0xFF, 0xC4, 0x47,
    0xFF, 0xC4, 0x47, 0xFF, 0xC4, 0x47, 0xFF, 0xC4, 0x47, 0xFF, 0xF6, 0x30, 0xFF, 0xFE, 0x51, 0xFF,
    0xFE, 0x51, 0xFF, 0xFE, 0x51, 0xFF, 0xFE, 0x51, 0xFF, 0xFE, 0x51, 0xFF, 0xFE, 0x51, 0xFF, 0xFE,
    0x51, 0xFF, 0xF6, 0x30, 0xFF, 0xAB, 0xC7, 0xFF, 0x9B, 0x24, 0xFF, 0x9B, 0x24, 0xFF, 0x9B, 0x24,
    0xFF, 0x9B, 0x24, 0xFF, 0x9B, 0x24, 0xFF, 0x9B, 0x24, 0xFF, 0x9B, 0x24, 0xFF, 0xA3, 0x65, 0xFF,
    0xF6, 0x30, 0xFF, 0xFE, 0x51, 0xFF, 0xFE, 0x51, 0xFF, 0xF5, 0xEF, 0xFF, 0xC4, 0x47, 0xFF, 0xC4,
    0x47, 0xFF, 0xC4, 0x47, 0xFF, 0xB3, 0xC6, 0xF8, 0x28, 0xE1, 0xCA, 0x00, 0x00, 0xBF, 0x00, 0x00,
    0xBF, 0x00, 0x00, 0xBF, 0x00, 0x00, 0xBF, 0x00, 0x00, 0xBF, 0x00, 0x00, 0xBF, 0x00, 0x00, 0xBF,
    0x00, 0x00, 0xBF, 0x00, 0x00, 0xBF, 0x00, 0x00, 0xBF, 0x00, 0x00, 0xBF, 0x00, 0x00, 0xBF, 0x00,
    0x00, 0xBF, 0x07, 0x42, 0xF8, 0x07, 0xE2, 0xFF, 0x07, 0xE2, 0xFF, 0x07, 0xE2, 0xFF, 0x07, 0xE2,
    0xFF, 0x07, 0xE2, 0xFF, 0x07, 0xE2, 0xFF, 0x07, 0xE2, 0xFF, 0x07, 0xE2, 0xFF, 0x07, 0xE2, 0xFF,
    0x07, 0xE2, 0xFF, 0x07, 0x42, 0xF8, 0x00, 0x00, 0xBF, 0x00, 0x00, 0xBF, 0x00, 0x00, 0xBF, 0x00,
    0x00, 0xBF, 0x00, 0x00, 0xBF, 0x00, 0x00, 0xBF, 0x00, 0x00, 0xBF, 0x00, 0x00, 0xBF, 0x00, 0x00,
    0xBF, 0x00, 0x00, 0xBF, 0x18, 0xF0, 0xDB, 0x39, 0xDF, 0xFF, 0x39, 0xDF, 0xFF, 0x39, 0xDF, 0xFF,
    0x39, 0xDF, 0xFF, 0x39, 0xDF, 0xFF, 0x39, 0xDF, 0xFF, 0x39, 0xDF, 0xFF, 0x39, 0xDF, 0xFF, 0x39,
    0xDF, 0xFF, 0x39, 0xDF, 0xFF, 0x39, 0xDF, 0xFF, 0x39, 0xDF, 0xFF, 0x39, 0xDF, 0xFF, 0x39, 0xDF,
    0xFF, 0x39, 0xDF, 0xFF, 0x39, 0xDF, 0xFF, 0x39, 0xDF, 0xFF, 0x39, 0xDF, 0xFF, 0x39, 0xDF, 0xFF,
    0x31, 0xBD, 0xF8, 0x00, 0x00, 0xBF, 0x00, 0x00, 0xBF, 0x00, 0x00, 0xBF, 0x00, 0x00, 0xBF, 0x00,
    0x00, 0xBF, 0x00, 0x00, 0xBF, 0x29, 0x57, 0xEA, 0x39, 0xDF, 0xFF, 0x39, 0xDF, 0xFF, 0x39, 0xDF,
    0xFF, 0x39, 0xDF, 0xFF, 0x39, 0xDF, 0xFF, 0x39, 0xDF, 0xFF, 0x39, 0xDF, 0xFF, 0x18, 0xCE, 0xD8,
    0x00, 0x00, 0xBF, 0x00, 0x00, 0xBF, 0x00, 0x00, 0xBF, 0x00, 0x00, 0xBF, 0x00, 0x00, 0xBF, 0x00,
    0x00, 0xBF, 0x00, 0x00, 0xBF, 0x00, 0x00, 0xBF, 0x00, 0x00, 0xBF, 0x00, 0x00, 0xBF, 0x00, 0x00,
    0xBF, 0x00, 0x00, 0xBF, 0x00, 0x00, 0xBF, 0x00, 0x00, 0xBF, 0x29, 0x57, 0xEA, 0x39, 0xDF, 0xFF,
    0x39, 0xDF, 0xFF, 0x39, 0xDF, 0xFF, 0x39, 0xDF, 0xFF, 0x39, 0xDF, 0xFF, 0x39, 0xDF, 0xFF, 0x39,
    0xDF, 0xFF, 0x18, 0xCE, 0xD7, 0x00, 0x00, 0xBF, 0x00, 0x00, 0xBF, 0x00, 0x00, 0xBF, 0x00, 0x00,
    0xBF, 0x00, 0x00, 0xBF, 0x29, 0x55, 0xE6, 0x39, 0xDF, 0xFF, 0x39, 0xDF, 0xFF, 0x39, 0xDF, 0xFF,
    0x39, 0xDF, 0xFF, 0x39, 0xDF, 0xFF, 0x39, 0xDF, 0xFF, 0x39, 0xDF, 0xFF, 0x08, 0x68, 0xCC, 0x00,
    0x00, 0xBF, 0x00, 0x00, 0xBF, 0x00, 0x00, 0xBF, 0x00, 0x00, 0xBF, 0x00, 0x00, 0xBF, 0x00, 0x00,
    0xBF, 0x00, 0x00, 0xBF, 0x00, 0x00, 0xBF, 0x00, 0x00, 0xBF, 0x10, 0xAB, 0xD1, 0x39, 0xDF, 0xFF,
    0x39, 0xDF, 0xFF, 0x39, 0xDF, 0xFF, 0x39, 0xDF, 0xFF, 0x39, 0xDF, 0xFF, 0x39, 0xDF, 0xFF, 0x39,
    0xDF, 0xFF, 0x21, 0x13, 0xE1, 0x00, 0x00, 0xBF, 0x00, 0x00, 0xBF, 0x00, 0x00, 0xBF, 0x00, 0x00,
    0xBF, 0x00, 0x00, 0xBF, 0x00, 0x00, 0xBF, 0x00, 0x00, 0xBF, 0x31, 0x9B, 0xF3, 0x39, 0xDF, 0xFF,
    0x39, 0xDF, 0xFF, 0x39, 0xDF, 0xFF, 0x39, 0xDF, 0xFF, 0x39, 0xDF, 0xFF, 0x39, 0xDF, 0xFF, 0x21,
    0x35, 0xE5, 0x00, 0x00, 0xBF, 0x00, 0x22, 0xC3, 0x31, 0xBE, 0xFA, 0x39, 0xDF, 0xFF, 0x39, 0xDF,
    0xFF, 0x39, 0xDF, 0xFF, 0x39, 0xDF, 0xFF, 0x39, 0xDF, 0xFF, 0x18, 0xCD, 0xD7, 0x00, 0x00, 0xBF,
    0x00, 0x00, 0xBF, 0x00, 0x01, 0xC2, 0x39, 0xDF, 0xFF, 0x39, 0xDF, 0xFF, 0x39, 0xDF, 0xFF, 0x39,
    0xDF, 0xFF, 0x39, 0xDF, 0xFF, 0x39, 0xDF, 0xFF, 0x39, 0xDF, 0xFF, 0x18, 0xCE, 0xD7, 0x00, 0x00,
    0xBF, 0x00, 0x00, 0xBF, 0x00, 0x00, 0xBF, 0x00, 0x00, 0xBF, 0x00, 0x00, 0xBF, 0x00, 0x00, 0xBF,
    0x00, 0x00, 0xBF, 0x39, 0xDF, 0xFE, 0x39, 0xDF, 0xFF, 0x39, 0xDF, 0xFF, 0x39, 0xDF, 0xFF, 0x39,
    0xDF, 0xFF, 0x39, 0xDF, 0xFF, 0x39, 0xDF, 0xFF, 0x31, 0x9C, 0xF5, 0x00, 0x00, 0xBF, 0x00, 0x00,
    0xBF, 0x00, 0x00, 0xBF, 0x00, 0x00, 0xBF, 0x00, 0x00, 0xBF, 0x00, 0x00, 0xBF, 0x00, 0x00, 0xBF,
    0x00, 0x00, 0xBF, 0x00, 0x00, 0xBF, 0x00, 0x00, 0xBF, 0x00, 0x00, 0xBF, 0x00, 0x00, 0xBF, 0x21,
    0x34, 0xE4, 0x39, 0xDF, 0xFF, 0x39, 0xDF, 0xFF, 0x39, 0xDF, 0xFF, 0x39, 0xDF, 0xFF, 0x39, 0xDF,
    0xFF, 0x39, 0xDF, 0xFF, 0x39, 0xDF, 0xFF, 0x21, 0x11, 0xDE, 0x00, 0x00, 0xBF, 0x00, 0x00, 0xBF,
    0x00, 0x00, 0xBF, 0x00, 0x00, 0xBF, 0x00, 0x00, 0xBF, 0x00, 0x00, 0xBF, 0x00, 0x00, 0xBF, 0x00,
    0x00, 0xBF, 0x00, 0x00, 0xBF, 0x00, 0x00, 0xBF, 0x00, 0x00, 0xBF, 0x00, 0x00, 0xBF, 0x00, 0x00,
    0xBF, 0x00, 0x00, 0xBF, 0x00, 0x00, 0xBF, 0x00, 0x00, 0xBF, 0x00, 0x00, 0xBF, 0x20, 0xE9, 0xD0,
    0x6A, 0xDD, 0xFF, 0x6A, 0xDD, 0xFF, 0x6A, 0xDD, 0xFF, 0x6A, 0xDD, 0xFF, 0x6A, 0xDD, 0xFF, 0x6A,
    0xDD, 0xFF, 0x6A, 0xDD, 0xFF, 0x55, 0xBF, 0xFF, 0x4E, 0x7F, 0xFF, 0x4E, 0x7F, 0xFF, 0x4E, 0x7F,
    0xFF, 0x4E, 0x7F, 0xFF, 0x4E, 0x7F, 0xFF, 0x4E, 0x7F, 0xFF, 0x4E, 0x7F, 0xFF, 0x4E, 0x7F, 0xFF,
    0x4E, 0x7F, 0xFF, 0x4E, 0x7F, 0xFF, 0x4E, 0x7F, 0xFF, 0x4E, 0x7F, 0xFF, 0x4E, 0x7F, 0xFF, 0x4E,
    0x7F, 0xFF, 0x4E, 0x7F, 0xFF, 0x4E, 0x7F, 0xFF, 0x4E, 0x7F, 0xFF, 0x4E, 0x7F, 0xFF, 0x4E, 0x7F,
    0xFF, 0x4E, 0x7F, 0xFF, 0x4E, 0x7F, 0xFF, 0x4E, 0x7F, 0xFF, 0x4E, 0x7F, 0xFF, 0x45, 0xFE, 0xFF,
    0x2D, 0x3C, 0xFF, 0x2D, 0x3C, 0xFF, 0x2D, 0x3C, 0xFF, 0x2D, 0x3C, 0xFF, 0x4E, 0x3F, 0xFF, 0x4E,
    0x7F, 0xFF, 0x4E, 0x7F, 0xFF, 0x4E, 0x7F, 0xFF, 0x4E, 0x7F, 0xFF, 0x46, 0x1E, 0xFF, 0x12, 0x6D,
    0xFF, 0xAB, 0xE8, 0xFF, 0xC4, 0x47, 0xFF, 0xC4, 0x47, 0xFF, 0xC4, 0x47, 0xFF, 0xC4, 0x47, 0xFF,
    0xC4, 0x47, 0xFF, 0xC4, 0x47, 0xFF, 0xC4, 0x47, 0xFF, 0xC4, 0x47, 0xFF, 0xC4, 0x47, 0xFF, 0xC4,
    0x47, 0xFF, 0xC4, 0x47, 0xFF, 0xC4, 0x47, 0xFF, 0xC4, 0x47, 0xFF, 0xC4, 0x47, 0xFF, 0xC4, 0x47,
    0xFF, 0xC4, 0x47, 0xFF, 0xC4, 0x47, 0xFF, 0xC4, 0x47, 0xFF, 0xC4, 0x47, 0xFF, 0xC4, 0x47, 0xFF,
    0xC4, 0x47, 0xFF, 0xC4, 0x47, 0xFF, 0xC4, 0x47, 0xFF, 0xCC, 0xA9, 0xFF, 0xFE, 0x51, 0xFF, 0xFE,
    0x51, 0xFF, 0xFE, 0x51, 0xFF, 0xFE, 0x51, 0xFF, 0xFE, 0x51, 0xFF, 0xFE, 0x51, 0xFF, 0xFE, 0x51,
    0xFF, 0xFE, 0x51, 0xFF, 0xFE, 0x51, 0xFF, 0xED, 0xCF, 0xFF, 0xA3, 0x65, 0xFF, 0x9B, 0x24, 0xFF,
    0x9B, 0x24, 0xFF, 0x9B, 0x24, 0xFF, 0x9B, 0x24, 0xFF, 0x9B, 0x24, 0xFF, 0x9B, 0x24, 0xFF, 0xA3,
    0x65, 0xFF, 0xF6, 0x30, 0xFF, 0xFE, 0x51, 0xFF, 0xFE, 0x51, 0xFF, 0xF5, 0xEF, 0xFF, 0xC4, 0x47,
    0xFF, 0xC4, 0x47, 0xFF, 0xAB, 0xA6, 0xF5, 0x20, 0xA1, 0xC7, 0x00, 0x00, 0xBF, 0x00, 0x00, 0xBF,
    0x00, 0x00, 0xBF, 0x00, 0x00, 0xBF, 0x00, 0x00, 0xBF, 0x00, 0x00, 0xBF, 0x00, 0x00, 0xBF, 0x00,
    0x00, 0xBF, 0x00, 0x00, 0xBF, 0x00, 0x00, 0xBF, 0x00, 0x00, 0xBF, 0x00, 0x00, 0xBF, 0x00, 0x00,
    0xBF, 0x00, 0x00, 0xBF, 0x07, 0x42, 0xF8, 0x07, 0xE2, 0xFF, 0x07, 0xE2, 0xFF, 0x07, 0xE2, 0xFF,
    0x07, 0xE2, 0xFF, 0x07, 0xE2, 0xFF, 0x07, 0xE2, 0xFF, 0x07, 0xE2, 0xFF, 0x07, 0xE2, 0xFF, 0x07,
    0xE2, 0xFF, 0x07, 0xE2, 0xFF, 0x07, 0x42, 0xF8, 0x00, 0x00, 0xBF, 0x00, 0x00, 0xBF, 0x00, 0x00,
    0xBF, 0x00, 0x00, 0xBF, 0x00, 0x00, 0xBF, 0x00, 0x00, 0xBF, 0x00, 0x00, 0xBF, 0x00, 0x00, 0xBF,
    0x00, 0x00, 0xBF, 0x00, 0x00, 0xBF, 0x18, 0xF0, 0xDB, 0x39, 0xDF, 0xFF, 0x39, 0xDF, 0xFF, 0x39,
    0xDF, 0xFF, 0x39, 0xDF, 0xFF, 0x39, 0xDF, 0xFF, 0x39, 0xDF, 0xFF, 0x39, 0xDF, 0xFF, 0x39, 0xDF,
    0xFF, 0x39, 0xDF, 0xFF, 0x39, 0xDF, 0xFF, 0x39, 0xDF, 0xFF, 0x39, 0xDF, 0xFF, 0x39, 0xDF, 0xFF,
    0x39, 0xDF, 0xFF, 0x39, 0xDF, 0xFF, 0x39, 0xDF, 0xFF, 0x39, 0xDF, 0xFF, 0x39, 0xDF, 0xFF, 0x39,
    0xDF, 0xFF, 0x31, 0xBD, 0xF8, 0x00, 0x00, 0xBF, 0x00, 0x00, 0xBF, 0x00, 0x00, 0xBF, 0x00, 0x00,
    0xBF, 0x00, 0x00, 0xBF, 0x00, 0x00, 0xBF, 0x29, 0x79, 0xEE, 0x39, 0xDF, 0xFF, 0x39, 0xDF, 0xFF,
    0x39, 0xDF, 0xFF, 0x39, 0xDF, 0xFF, 0x39, 0xDF, 0xFF, 0x39, 0xDF, 0xFF, 0x39, 0xDF, 0xFF, 0x18,
    0xCD, 0xD5, 0x00, 0x00, 0xBF, 0x00, 0x00, 0xBF, 0x00, 0x00, 0xBF, 0x00, 0x00, 0xBF, 0x00, 0x00,
    0xBF, 0x00, 0x00, 0xBF, 0x00, 0x00, 0xBF, 0x00, 0x00, 0xBF, 0x00, 0x00, 0xBF, 0x00, 0x00, 0xBF,
    0x00, 0x00, 0xBF, 0x00, 0x00, 0xBF, 0x00, 0x00, 0xBF, 0x00, 0x00, 0xBF, 0x29, 0x55, 0xE6, 0x39,
    0xDF, 0xFF, 0x39, 0xDF, 0xFF, 0x39, 0xDF, 0xFF, 0x39, 0xDF, 0xFF, 0x39, 0xDF, 0xFF, 0x39, 0xDF,
    0xFF, 0x39, 0xDF, 0xFF, 0x18, 0xF0, 0xDB, 0x00, 0x00, 0xBF, 0x00, 0x00, 0xBF, 0x00, 0x00, 0xBF,
    0x00, 0x00, 0xBF, 0x00, 0x00, 0xBF, 0x29, 0x55, 0xE6, 0x39, 0xDF, 0xFF, 0x39, 0xDF, 0xFF, 0x39,
    0xDF, 0xFF, 0x39, 0xDF, 0xFF, 0x39, 0xDF, 0xFF, 0x39, 0xDF, 0xFF, 0x39, 0xDF, 0xFF, 0x08, 0x68,
    0xCC, 0x00, 0x00, 0xBF, 0x00, 0x00, 0xBF, 0x00, 0x00, 0xBF, 0x00, 0x00, 0xBF, 0x00, 0x00, 0xBF,
    0x00, 0x00, 0xBF, 0x00, 0x00, 0xBF, 0x00, 0x00, 0xBF, 0x00, 0x00, 0xBF, 0x10, 0xAB, 0xD1, 0x39,
    0xDF, 0xFF, 0x39, 0xDF, 0xFF, 0x39, 0xDF, 0xFF, 0x39, 0xDF, 0xFF, 0x39, 0xDF, 0xFF, 0x39, 0xDF,
    0xFF, 0x39, 0xDF, 0xFF, 0x21, 0x13, 0xE1, 0x00, 0x00, 0xBF, 0x00, 0x00, 0xBF, 0x00, 0x00, 0xBF,
    0x00, 0x00, 0xBF, 0x00, 0x00, 0xBF, 0x00, 0x00, 0xBF, 0x00, 0x00, 0xBF, 0x31, 0x9B, 0xF3, 0x39,
    0xDF, 0xFF, 0x39, 0xDF, 0xFF, 0x39, 0xDF, 0xFF, 0x39, 0xDF, 0xFF, 0x39, 0xDF, 0xFF, 0x39, 0xDF,
    0xFF, 0x21, 0x35, 0xE5, 0x00, 0x00, 0xBF, 0x00, 0x00, 0xBF, 0x21, 0x11, 0xDE, 0x39, 0xDF, 0xFF,
    0x39, 0xDF, 0xFF, 0x39, 0xDF, 0xFF, 0x39, 0xDF, 0xFF, 0x39, 0xDF, 0xFF, 0x31, 0xBC, 0xF7, 0x00,
    0x01, 0xC1, 0x00, 0x00, 0xBF, 0x00, 0x01, 0xC2, 0x39, 0xDF, 0xFF, 0x39, 0xDF, 0xFF, 0x39, 0xDF,
    0xFF, 0x39, 0xDF, 0xFF, 0x39, 0xDF, 0xFF, 0x39, 0xDF, 0xFF, 0x39, 0xDF, 0xFF, 0x18, 0xCE, 0xD7,
    0x00, 0x00, 0xBF, 0x00, 0x00, 0xBF, 0x00, 0x00, 0xBF, 0x00, 0x00, 0xBF, 0x00, 0x00, 0xBF, 0x00,
    0x00, 0xBF, 0x00, 0x00, 0xBF, 0x39, 0xDF, 0xFE, 0x39, 0xDF, 0xFF, 0x39, 0xDF, 0xFF, 0x39, 0xDF,
    0xFF, 0x39, 0xDF, 0xFF, 0x39, 0xDF, 0xFF, 0x39, 0xDF, 0xFF, 0x31, 0x9C, 0xF5, 0x00, 0x00, 0xBF,
    0x00, 0x00, 0xBF, 0x00, 0x00, 0xBF, 0x00, 0x00, 0xBF, 0x00, 0x00, 0xBF, 0x00, 0x00, 0xBF, 0x00,
    0x00, 0xBF, 0x00, 0x00, 0xBF, 0x00, 0x00, 0xBF, 0x00, 0x00, 0xBF, 0x00, 0x00, 0xBF, 0x00, 0x00,
    0xBF, 0x21, 0x12, 0xE0, 0x39, 0xDF, 0xFF, 0x39, 0xDF, 0xFF, 0x39, 0xDF, 0xFF, 0x39, 0xDF, 0xFF,
    0x39, 0xDF, 0xFF, 0x39, 0xDF, 0xFF, 0x39, 0xDF, 0xFF, 0x21, 0x33, 0xE2, 0x00, 0x00, 0xBF, 0x00,
    0x00, 0xBF, 0x00, 0x00, 0xBF, 0x00, 0x00, 0xBF, 0x00, 0x00, 0xBF, 0x00, 0x00, 0xBF, 0x00, 0x00,
    0xBF, 0x00, 0x00, 0xBF, 0x00, 0x00, 0xBF, 0x00, 0x00, 0xBF, 0x00, 0x00, 0xBF, 0x00, 0x00, 0xBF,
    0x00, 0x00, 0xBF, 0x00, 0x00, 0xBF, 0x00, 0x00, 0xBF, 0x00, 0x00, 0xBF, 0x00, 0x00, 0xBF, 0x49,
    0xF3, 0xE6, 0x6A, 0xDD, 0xFF, 0x6A, 0xDD, 0xFF, 0x6A, 0xDD, 0xFF, 0x6A, 0xDD, 0xFF, 0x6A, 0xDD,
    0xFF, 0x6A, 0xDD, 0xFF, 0x6A, 0xDD, 0xFF, 0x64, 0x3E, 0xFF, 0x4E, 0x7F, 0xFF, 0x4E, 0x7F, 0xFF,
    0x4E, 0x7F, 0xFF, 0x4E, 0x7F, 0xFF, 0x4E, 0x7F, 0xFF, 0x4E, 0x7F, 0xFF, 0x4E, 0x7F, 0xFF, 0x4E,
    0x7F, 0xFF, 0x4E, 0x7F, 0xFF, 0x4E, 0x7F, 0xFF, 0x4E, 0x7F, 0xFF, 0x4E, 0x7F, 0xFF, 0x4E, 0x7F,
    0xFF, 0x4E, 0x7F, 0xFF, 0x4E, 0x7F, 0xFF, 0x4E, 0x7F, 0xFF, 0x4E, 0x7F, 0xFF, 0x4E, 0x7F, 0xFF,
    0x4E, 0x7F, 0xFF, 0x4E, 0x7F, 0xFF, 0x4E, 0x7F, 0xFF, 0x4E, 0x7F, 0xFF, 0x4E, 0x7F, 0xFF, 0x4E,
    0x5F, 0xFF, 0x2D, 0x5C, 0xFF, 0x2D, 0x3C, 0xFF, 0x2D, 0x3C, 0xFF, 0x2D, 0x3C, 0xFF, 0x45, 0xFE,
    0xFF, 0x4E, 0x7F, 0xFF, 0x4E, 0x7F, 0xFF, 0x4E, 0x7F, 0xFF, 0x4E, 0x7F, 0xFF, 0x4E, 0x7F, 0xFF,
    0x1B, 0xD4, 0xFF, 0x12, 0x6C, 0xFF, 0x8B, 0xA8, 0xFF, 0xC4, 0x27, 0xFF, 0xC4, 0x47, 0xFF, 0xC4,
    0x47, 0xFF, 0xC4, 0x47, 0xFF, 0xC4, 0x47, 0xFF, 0xC4, 0x47, 0xFF, 0xC4, 0x47, 0xFF, 0xC4, 0x47,
    0xFF, 0xC4, 0x47, 0xFF, 0xC4, 0x47, 0xFF, 0xC4, 0x47, 0xFF, 0xC4, 0x47, 0xFF, 0xC4, 0x47, 0xFF,
    0xC4, 0x47, 0xFF, 0xC4, 0x47, 0xFF, 0xC4, 0x47, 0xFF, 0xC4, 0x47, 0xFF, 0xC4, 0x47, 0xFF, 0xC4,
    0x47, 0xFF, 0xC4, 0x47, 0xFF, 0xC4, 0x47, 0xFF, 0xC4, 0x47, 0xFF, 0xD4, 0xCA, 0xFF, 0xFE, 0x51,
    0xFF, 0xFE, 0x51, 0xFF, 0xFE, 0x51, 0xFF, 0xFE, 0x51, 0xFF, 0xFE, 0x51, 0xFF, 0xFE, 0x51, 0xFF,
    0xFE, 0x51, 0xFF, 0xFE, 0x51, 0xFF, 0xFE, 0x51, 0xFF, 0xFE, 0x51, 0xFF, 0xE5, 0xAE, 0xFF, 0xA3,
    0x85, 0xFF, 0x9B, 0x24, 0xFF, 0x9B, 0x24, 0xFF, 0x9B, 0x24, 0xFF, 0x9B, 0x24, 0xFF, 0x9B, 0x24,
    0xFF, 0xBC, 0x28, 0xFF, 0xFE, 0x51, 0xFF, 0xFE, 0x51, 0xFF, 0xFE, 0x51, 0xFF, 0xED, 0xCE, 0xFF,
    0xC4, 0x47, 0xFF, 0xA3, 0x86, 0xF2, 0x10, 0x80, 0xC5, 0x00, 0x00, 0xBF, 0x00, 0x00, 0xBF, 0x00,
    0x00, 0xBF, 0x00, 0x00, 0xBF, 0x00, 0x00, 0xBF, 0x00, 0x00, 0xBF, 0x00, 0x00, 0xBF, 0x00, 0x00,
    0xBF, 0x00, 0x00, 0xBF, 0x00, 0x00, 0xBF, 0x00, 0x00, 0xBF, 0x00, 0x00, 0xBF, 0x00, 0x00, 0xBF,
    0x00, 0x00, 0xBF, 0x00, 0x00, 0xBF, 0x07, 0x42, 0xF8, 0x07, 0xE2, 0xFF, 0x07, 0xE2, 0xFF, 0x07,
    0xE2, 0xFF, 0x07, 0xE2, 0xFF, 0x07, 0xE2, 0xFF, 0x07, 0xE2, 0xFF, 0x07, 0xE2, 0xFF, 0x07, 0xE2,
    0xFF, 0x07, 0xE2, 0xFF, 0x07, 0xE2, 0xFF, 0x07, 0x42, 0xF8, 0x00, 0x00, 0xBF, 0x00, 0x00, 0xBF,
    0x00, 0x00, 0xBF, 0x00, 0x00, 0xBF, 0x00, 0x00, 0xBF, 0x00, 0x00, 0xBF, 0x00, 0x00, 0xBF, 0x00,
    0x00, 0xBF, 0x00, 0x00, 0xBF, 0x00, 0x00, 0xBF, 0x18, 0xF0, 0xDB, 0x39, 0xDF, 0xFF, 0x39, 0xDF,
    0xFF, 0x39, 0xDF, 0xFF, 0x39, 0xDF, 0xFF, 0x39, 0xDF, 0xFF, 0x39, 0xDF, 0xFF, 0x39, 0xDF, 0xFF,
    0x39, 0xDF, 0xFF, 0x39, 0xDF, 0xFF, 0x39, 0xDF, 0xFF, 0x39, 0xDF, 0xFF, 0x39, 0xDF, 0xFF, 0x39,
    0xDF, 0xFF, 0x39, 0xDF, 0xFF, 0x39, 0xDF, 0xFF, 0x39, 0xDF, 0xFF, 0x39, 0xDF, 0xFF, 0x39, 0xDF,
    0xFF, 0x39, 0xDF, 0xFF, 0x31, 0xBD, 0xF8, 0x00, 0x00, 0xBF, 0x00, 0x00, 0xBF, 0x00, 0x00, 0xBF,
    0x00, 0x00, 0xBF, 0x00, 0x00, 0xBF, 0x00, 0x00, 0xBF, 0x29, 0x58, 0xEB, 0x39, 0xDF, 0xFF, 0x39,
    0xDF, 0xFF, 0x39, 0xDF, 0xFF, 0x39, 0xDF, 0xFF, 0x39, 0xDF, 0xFF, 0x39, 0xDF, 0xFF, 0x39, 0xDF,
    0xFF, 0x18, 0xCE, 0xD7, 0x00, 0x00, 0xBF, 0x00, 0x00, 0xBF, 0x00, 0x00, 0xBF, 0x00, 0x00, 0xBF,
    0x00, 0x00, 0xBF, 0x00, 0x00, 0xBF, 0x00, 0x00, 0xBF, 0x00, 0x00, 0xBF, 0x00, 0x00, 0xBF, 0x00,
    0x00, 0xBF, 0x00, 0x00, 0xBF, 0x00, 0x00, 0xBF, 0x00, 0x00, 0xBF, 0x00, 0x00, 0xBF, 0x29, 0x56,
    0xE8, 0x39, 0xDF, 0xFF, 0x39, 0xDF, 0xFF, 0x39, 0xDF, 0xFF, 0x39, 0xDF, 0xFF, 0x39, 0xDF, 0xFF,
    0x39, 0xDF, 0xFF, 0x39, 0xDF, 0xFF, 0x18, 0xCE, 0xD8, 0x00, 0x00, 0xBF, 0x00, 0x00, 0xBF, 0x00,
    0x00, 0xBF, 0x00, 0x00, 0xBF, 0x00, 0x00, 0xBF, 0x29, 0x55, 0xE6, 0x39, 0xDF, 0xFF, 0x39, 0xDF,
    0xFF, 0x39, 0xDF, 0xFF, 0x39, 0xDF, 0xFF, 0x39, 0xDF, 0xFF, 0x39, 0xDF, 0xFF, 0x39, 0xDF, 0xFF,
    0x08, 0x68, 0xCC, 0x00, 0x00, 0xBF, 0x00, 0x00, 0xBF, 0x00, 0x00, 0xBF, 0x00, 0x00, 0xBF, 0x00,
    0x00, 0xBF, 0x00, 0x00, 0xBF, 0x00, 0x00, 0xBF, 0x00, 0x00, 0xBF, 0x00, 0x00, 0xBF, 0x10, 0xAB,
    0xD1, 0x39, 0xDF, 0xFF, 0x39, 0xDF, 0xFF, 0x39, 0xDF, 0xFF, 0x39, 0xDF, 0xFF, 0x39, 0xDF, 0xFF,
    0x39, 0xDF, 0xFF, 0x39, 0xDF, 0xFF, 0x21, 0x13, 0xE1, 0x00, 0x00, 0xBF, 0x00, 0x00, 0xBF, 0x00,
    0x00, 0xBF, 0x00, 0x00, 0xBF, 0x00, 0x00, 0xBF, 0x00, 0x00, 0xBF, 0x00, 0x00, 0xBF, 0x31, 0x9B,
    0xF3, 0x39, 0xDF, 0xFF, 0x39, 0xDF, 0xFF, 0x39, 0xDF, 0xFF, 0x39, 0xDF, 0xFF, 0x39, 0xDF, 0xFF,
    0x39, 0xDF, 0xFF, 0x21, 0x35, 0xE5, 0x00, 0x00, 0xBF, 0x00, 0x00, 0xBF, 0x00, 0x01, 0xC1, 0x31,
    0xBD, 0xF8, 0x39, 0xDF, 0xFF, 0x39, 0xDF, 0xFF, 0x39, 0xDF, 0xFF, 0x39, 0xDF, 0xFF, 0x39, 0xDF,
    0xFF, 0x18, 0xF0, 0xDA, 0x00, 0x00, 0xBF, 0x00, 0x01, 0xC2, 0x39, 0xDF, 0xFF, 0x39, 0xDF, 0xFF,
    0x39, 0xDF, 0xFF, 0x39, 0xDF, 0xFF, 0x39, 0xDF, 0xFF, 0x39, 0xDF, 0xFF, 0x39, 0xDF, 0xFF, 0x18,
    0xCE, 0xD7, 0x00, 0x00, 0xBF, 0x00, 0x00, 0xBF, 0x00, 0x00, 0xBF, 0x00, 0x00, 0xBF, 0x00, 0x00,
    0xBF, 0x00, 0x00, 0xBF, 0x00, 0x00, 0xBF, 0x39, 0xDF, 0xFE, 0x39, 0xDF, 0xFF, 0x39, 0xDF, 0xFF,
    0x39, 0xDF, 0xFF, 0x39, 0xDF, 0xFF, 0x39, 0xDF, 0xFF, 0x39, 0xDF, 0xFF, 0x31, 0x9C, 0xF5, 0x00,
    0x00, 0xBF, 0x00, 0x00, 0xBF, 0x00, 0x00, 0xBF, 0x00, 0x00, 0xBF, 0x00, 0x00, 0xBF, 0x00, 0x00,
    0xBF, 0x00, 0x00, 0xBF, 0x00, 0x00, 0xBF, 0x00, 0x00, 0xBF, 0x00, 0x00, 0xBF, 0x00, 0x00, 0xBF,
    0x00, 0x00, 0xBF, 0x21, 0x34, 0xE3, 0x39, 0xDF, 0xFF, 0x39, 0xDF, 0xFF, 0x39, 0xDF, 0xFF, 0x39,
    0xDF, 0xFF, 0x39, 0xDF, 0xFF, 0x39, 0xDF, 0xFF, 0x39, 0xDF, 0xFF, 0x21, 0x12, 0xDF, 0x00, 0x00,
    0xBF, 0x00, 0x00, 0xBF, 0x00, 0x00, 0xBF, 0x00, 0x00, 0xBF, 0x00, 0x00, 0xBF, 0x00, 0x00, 0xBF,
    0x00, 0x00, 0xBF, 0x00, 0x00, 0xBF, 0x00, 0x00, 0xBF, 0x00, 0x00, 0xBF, 0x00, 0x00, 0xBF, 0x00,
    0x00, 0xBF, 0x00, 0x00, 0xBF, 0x00, 0x00, 0xBF, 0x00, 0x00, 0xBF, 0x00, 0x00, 0xBF, 0x00, 0x21,
    0xC1, 0x62, 0xBB, 0xFA, 0x6A, 0xDD, 0xFF, 0x6A, 0xDD, 0xFF, 0x6A, 0xDD, 0xFF, 0x6A, 0xDD, 0xFF,
    0x6A, 0xDD, 0xFF, 0x6A, 0xDD, 0xFF, 0x6A, 0xDD, 0xFF, 0x6A, 0xFD, 0xFF, 0x4E, 0x3F, 0xFF, 0x4E,
    0x7F, 0xFF, 0x4E, 0x7F, 0xFF, 0x4E, 0x7F, 0xFF, 0x4E, 0x7F, 0xFF, 0x4E, 0x7F, 0xFF, 0x4E, 0x7F,
    0xFF, 0x4E, 0x7F, 0xFF, 0x4E, 0x7F, 0xFF, 0x4E, 0x7F, 0xFF, 0x4E, 0x7F, 0xFF, 0x4E, 0x7F, 0xFF,
    0x4E, 0x7F, 0xFF, 0x4E, 0x7F, 0xFF, 0x4E, 0x7F, 0xFF, 0x4E, 0x7F, 0xFF, 0x4E, 0x7F, 0xFF, 0x4E,
    0x7F, 0xFF, 0x4E, 0x7F, 0xFF, 0x4E, 0x7F, 0xFF, 0x4E, 0x7F, 0xFF, 0x4E, 0x7F, 0xFF, 0x4E, 0x7F,
    0xFF, 0x4E, 0x7F, 0xFF, 0x35, 0x7D, 0xFF, 0x2D, 0x3C, 0xFF, 0x2D, 0x3C, 0xFF, 0x2D, 0x3C, 0xFF,
    0x3D, 0xBD, 0xFF, 0x4E, 0x7F, 0xFF, 0x4E, 0x7F, 0xFF, 0x4E, 0x7F, 0xFF, 0x4E, 0x7F, 0xFF, 0x4E,
    0x7F, 0xFF, 0x46, 0x1E, 0xFF, 0x0A, 0xCF, 0xFF, 0x02, 0x2C, 0xFF, 0x22, 0x8B, 0xFF, 0x53, 0x0A,
    0xFF, 0x7B, 0x89, 0xFF, 0x9B, 0xC8, 0xFF, 0xAC, 0x08, 0xFF, 0xBC, 0x27, 0xFF, 0xC4, 0x47, 0xFF,
    0xC4, 0x47, 0xFF, 0xC4, 0x47, 0xFF, 0xC4, 0x47, 0xFF, 0xC4, 0x47, 0xFF, 0xC4, 0x47, 0xFF, 0xC4,
    0x47, 0xFF, 0xC4, 0x47, 0xFF, 0xC4, 0x47, 0xFF, 0xC4, 0x47, 0xFF, 0xC4, 0x47, 0xFF, 0xC4, 0x47,
    0xFF, 0xC4, 0x47, 0xFF, 0xC4, 0x47, 0xFF, 0xC4, 0x47, 0xFF, 0xC4, 0x47, 0xFF, 0xD4, 0xC9, 0xFF,
    0xFE, 0x51, 0xFF, 0xFE, 0x51, 0xFF, 0xFE, 0x51, 0xFF, 0xFE, 0x51, 0xFF, 0xFE, 0x51, 0xFF, 0xFE,
    0x51, 0xFF, 0xFE, 0x51, 0xFF, 0xFE, 0x51, 0xFF, 0xFE, 0x51, 0xFF, 0xFE, 0x51, 0xFF, 0xFE, 0x51,
    0xFF, 0xF6, 0x10, 0xFF, 0xC4, 0x8A, 0xFF, 0xA3, 0x65, 0xFF, 0x9B, 0x24, 0xFF, 0x9B, 0x24, 0xFF,
    0xAB, 0xC6, 0xFF, 0xED, 0xEF, 0xFF, 0xFE, 0x51, 0xFF, 0xFE, 0x51, 0xFF, 0xFE, 0x51, 0xFF, 0xDD,
    0x4C, 0xFF, 0x9B, 0x45, 0xEE, 0x08, 0x40, 0xC3, 0x00, 0x00, 0xBF, 0x00, 0x00, 0xBF, 0x00, 0x00,
    0xBF, 0x00, 0x00, 0xBF, 0x00, 0x00, 0xBF, 0x00, 0x00, 0xBF, 0x00, 0x00, 0xBF, 0x00, 0x00, 0xBF,
    0x00, 0x00, 0xBF, 0x00, 0x00, 0xBF, 0x00, 0x00, 0xBF, 0x00, 0x00, 0xBF, 0x00, 0x00, 0xBF, 0x00,
    0x00, 0xBF, 0x00, 0x00, 0xBF, 0x00, 0x00, 0xBF, 0x07, 0x42, 0xF8, 0x07, 0xE2, 0xFF, 0x07, 0xE2,
    0xFF, 0x07, 0xE2, 0xFF, 0x07, 0xE2, 0xFF, 0x07, 0xE2, 0xFF, 0x07, 0xE2, 0xFF, 0x07, 0xE2, 0xFF,
    0x07, 0xE2, 0xFF, 0x07, 0xE2, 0xFF, 0x07, 0xE2, 0xFF, 0x07, 0x42, 0xF8, 0x00, 0x00, 0xBF, 0x00,
    0x00, 0xBF, 0x00, 0x00, 0xBF, 0x00, 0x00, 0xBF, 0x00, 0x00, 0xBF, 0x00, 0x00, 0xBF, 0x00, 0x00,
    0xBF, 0x00, 0x00, 0xBF, 0x00, 0x00, 0xBF, 0x00, 0x00, 0xBF, 0x18, 0xF0, 0xDB, 0x39, 0xDF, 0xFF,
    0x39, 0xDF, 0xFF, 0x39, 0xDF, 0xFF, 0x39, 0xDF, 0xFF, 0x39, 0xDF, 0xFF, 0x39, 0xDF, 0xFF, 0x39,
    0xDF, 0xFF, 0x39, 0xDF, 0xFC, 0x31, 0xBE, 0xFB, 0x31, 0xBE, 0xFB, 0x31, 0xBE, 0xFB, 0x31, 0xBE,
    0xFB, 0x31, 0xBE, 0xFB, 0x31, 0xBE, 0xFB, 0x31, 0xBE, 0xFB, 0x31, 0xBE, 0xFB, 0x31, 0xBE, 0xFB,
    0x31, 0xBE, 0xFB, 0x31, 0xBE, 0xFB, 0x31, 0x9B, 0xF4, 0x00, 0x00, 0xBF, 0x00, 0x00, 0xBF, 0x00,
    0x00, 0xBF, 0x00, 0x00, 0xBF, 0x00, 0x00, 0xBF, 0x00, 0x00, 0xBF, 0x29, 0x55, 0xE7, 0x39, 0xDF,
    0xFF, 0x39, 0xDF, 0xFF, 0x39, 0xDF, 0xFF, 0x39, 0xDF, 0xFF, 0x39, 0xDF, 0xFF, 0x39, 0xDF, 0xFF,
    0x39, 0xDF, 0xFF, 0x18, 0xF0, 0xDB, 0x00, 0x00, 0xBF, 0x00, 0x00, 0xBF, 0x00, 0x00, 0xBF, 0x00,
    0x00, 0xBF, 0x00, 0x00, 0xBF, 0x00, 0x00, 0xBF, 0x00, 0x00, 0xBF, 0x00, 0x00, 0xBF, 0x00, 0x00,
    0xBF, 0x00, 0x00, 0xBF, 0x00, 0x00, 0xBF, 0x00, 0x00, 0xBF, 0x00, 0x00, 0xBF, 0x00, 0x00, 0xBF,
    0x29, 0x78, 0xEC, 0x39, 0xDF, 0xFF, 0x39, 0xDF, 0xFF, 0x39, 0xDF, 0xFF, 0x39, 0xDF, 0xFF, 0x39,
    0xDF, 0xFF, 0x39, 0xDF, 0xFF, 0x39, 0xDF, 0xFF, 0x10, 0xAC, 0xD4, 0x00, 0x00, 0xBF, 0x00, 0x00,
    0xBF, 0x00, 0x00, 0xBF, 0x00, 0x00, 0xBF, 0x00, 0x00, 0xBF, 0x29, 0x55, 0xE6, 0x39, 0xDF, 0xFF,
    0x39, 0xDF, 0xFF, 0x39, 0xDF, 0xFF, 0x39, 0xDF, 0xFF, 0x39, 0xDF, 0xFF, 0x39, 0xDF, 0xFF, 0x39,
    0xDF, 0xFF, 0x08, 0x68, 0xCC, 0x00, 0x00, 0xBF, 0x00, 0x00, 0xBF, 0x00, 0x00, 0xBF, 0x00, 0x00,
    0xBF, 0x00, 0x00, 0xBF, 0x00, 0x00, 0xBF, 0x00, 0x00, 0xBF, 0x00, 0x00, 0xBF, 0x00, 0x00, 0xBF,
    0x10, 0xAB, 0xD1, 0x39, 0xDF, 0xFF, 0x39, 0xDF, 0xFF, 0x39, 0xDF, 0xFF, 0x39, 0xDF, 0xFF, 0x39,
    0xDF, 0xFF, 0x39, 0xDF, 0xFF, 0x39, 0xDF, 0xFF, 0x21, 0x13, 0xE1, 0x00, 0x00, 0xBF, 0x00, 0x00,
    0xBF, 0x00, 0x00, 0xBF, 0x00, 0x00, 0xBF, 0x00, 0x00, 0xBF, 0x00, 0x00, 0xBF, 0x00, 0x00, 0xBF,
    0x31, 0x9B, 0xF3, 0x39, 0xDF, 0xFF, 0x39, 0xDF, 0xFF, 0x39, 0xDF, 0xFF, 0x39, 0xDF, 0xFF, 0x39,
    0xDF, 0xFF, 0x39, 0xDF, 0xFF, 0x21, 0x35, 0xE5, 0x00, 0x00, 0xBF, 0x00, 0x00, 0xBF, 0x00, 0x00,
    0xBF, 0x18, 0xEF, 0xDA, 0x39, 0xDF, 0xFF, 0x39, 0xDF, 0xFF, 0x39, 0xDF, 0xFF, 0x39, 0xDF, 0xFF,
    0x39, 0xDF, 0xFF, 0x31, 0xBD, 0xF9, 0x00, 0x22, 0xC2, 0x00, 0x01, 0xC2, 0x39, 0xDF, 0xFF, 0x39,
    0xDF, 0xFF, 0x39, 0xDF, 0xFF, 0x39, 0xDF, 0xFF, 0x39, 0xDF, 0xFF, 0x39, 0xDF, 0xFF, 0x39, 0xDF,
    0xFF, 0x18, 0xCE, 0xD7, 0x00, 0x00, 0xBF, 0x00, 0x00, 0xBF, 0x00, 0x00, 0xBF, 0x00, 0x00, 0xBF,
    0x00, 0x00, 0xBF, 0x00, 0x00, 0xBF, 0x00, 0x00, 0xBF, 0x39, 0xDF, 0xFE, 0x39, 0xDF, 0xFF, 0x39,
    0xDF, 0xFF, 0x39, 0xDF, 0xFF, 0x39, 0xDF, 0xFF, 0x39, 0xDF, 0xFF, 0x39, 0xDF, 0xFF, 0x31, 0x9C,
    0xF5, 0x00, 0x00, 0xBF, 0x00, 0x00, 0xBF, 0x00, 0x00, 0xBF, 0x00, 0x00, 0xBF, 0x00, 0x00, 0xBF,
    0x00, 0x00, 0xBF, 0x00, 0x00, 0xBF, 0x00, 0x00, 0xBF, 0x00, 0x00, 0xBF, 0x00, 0x00, 0xBF, 0x00,
    0x00, 0xBF, 0x00, 0x00, 0xBF, 0x29, 0x56, 0xE8, 0x39, 0xDF, 0xFF, 0x39, 0xDF, 0xFF, 0x39, 0xDF,
    0xFF, 0x39, 0xDF, 0xFF, 0x39, 0xDF, 0xFF, 0x39, 0xDF, 0xFF, 0x39, 0xDF, 0xFF, 0x18, 0xEF, 0xDA,
    0x00, 0x00, 0xBF, 0x00, 0x00, 0xBF, 0x00, 0x00, 0xBF, 0x00, 0x00, 0xBF, 0x00, 0x00, 0xBF, 0x00,
    0x00, 0xBF, 0x00, 0x00, 0xBF, 0x00, 0x00, 0xBF, 0x00, 0x00, 0xBF, 0x00, 0x00, 0xBF, 0x00, 0x00,
    0xBF, 0x00, 0x00, 0xBF, 0x00, 0x00, 0xBF, 0x00, 0x00, 0xBF, 0x00, 0x00, 0xBF, 0x00, 0x00, 0xBF,
    0x29, 0x0A, 0xD3, 0x6A, 0xDD, 0xFF, 0x6A, 0xDD, 0xFF, 0x6A, 0xDD, 0xFF, 0x6A, 0xDD, 0xFF, 0x6A,
    0xDD, 0xFF, 0x6A, 0xDD, 0xFF, 0x6A, 0xDD, 0xFF, 0x6A, 0xDD, 0xFF, 0x6A, 0xDD, 0xFF, 0x5C, 0xDE,
    0xFF, 0x4E, 0x7F, 0xFF, 0x4E, 0x7F, 0xFF, 0x4E, 0x7F, 0xFF, 0x4E, 0x7F, 0xFF, 0x4E, 0x7F, 0xFF,
    0x4E, 0x7F, 0xFF, 0x4E, 0x7F, 0xFF, 0x4E, 0x7F, 0xFF, 0x4E, 0x7F, 0xFF, 0x4E, 0x7F, 0xFF, 0x4E,
    0x7F, 0xFF, 0x4E, 0x7F, 0xFF, 0x4E, 0x7F, 0xFF, 0x4E, 0x7F, 0xFF, 0x4E, 0x7F, 0xFF, 0x4E, 0x7F,
    0xFF, 0x4E, 0x7F, 0xFF, 0x4E, 0x7F, 0xFF, 0x4E, 0x7F, 0xFF, 0x4E, 0x7F, 0xFF, 0x4E, 0x7F, 0xFF,
    0x4E, 0x7F, 0xFF, 0x4E, 0x7F, 0xFF, 0x3D, 0xBD, 0xFF, 0x2D, 0x3C, 0xFF, 0x2D, 0x3C, 0xFF, 0x2D,
    0x3C, 0xFF, 0x3D, 0x9D, 0xFF, 0x4E, 0x7F, 0xFF, 0x4E, 0x7F, 0xFF, 0x4E, 0x7F, 0xFF, 0x4E, 0x7F,
    0xFF, 0x4E, 0x7F, 0xFF, 0x4E, 0x7F, 0xFF, 0x45, 0xDD, 0xFF, 0x13, 0x10, 0xFF, 0x02, 0x2C, 0xFF,
    0x02, 0x2C, 0xFF, 0x02, 0x2C, 0xFF, 0x02, 0x2C, 0xFF, 0x0A, 0xAF, 0xFF, 0x3D, 0x7B, 0xFF, 0x56,
    0x3D, 0xFF, 0x65, 0xFB, 0xFF, 0x75, 0xB8, 0xFF, 0x85, 0x75, 0xFF, 0x8D, 0x32, 0xFF, 0x9C, 0xEF,
    0xFF, 0xAC, 0xAC, 0xFF, 0xBC, 0x69, 0xFF, 0xC4, 0x47, 0xFF, 0xC4, 0x47, 0xFF, 0xC4, 0x47, 0xFF,
    0xC4, 0x47, 0xFF, 0xC4, 0x47, 0xFF, 0xC4, 0x47, 0xFF, 0xC4, 0x47, 0xFF, 0xC4, 0x47, 0xFF, 0xCC,
    0x68, 0xFF, 0xFE, 0x30, 0xFF, 0xFE, 0x51, 0xFF, 0xFE, 0x51, 0xFF, 0xFE, 0x51, 0xFF, 0xFE, 0x51,
    0xFF, 0xFE, 0x51, 0xFF, 0xFE, 0x51, 0xFF, 0xFE, 0x51, 0xFF, 0xFE, 0x51, 0xFF, 0xFE, 0x51, 0xFF,
    0xFE, 0x51, 0xFF, 0xFE, 0x51, 0xFF, 0xFE, 0x51, 0xFF, 0xF6, 0x30, 0xFF, 0xED, 0xCE, 0xFF, 0xED,
    0xCF, 0xFF, 0xFE, 0x50, 0xFF, 0xFE, 0x51, 0xFF, 0xFE, 0x51, 0xFF, 0xFE, 0x51, 0xFF, 0xF6, 0x30,
    0xFF, 0x93, 0x66, 0xEA, 0x08, 0x20, 0xC1, 0x00, 0x00, 0xBF, 0x00, 0x00, 0xBF, 0x00, 0x00, 0xBF,
    0x00, 0x00, 0xBF, 0x00, 0x00, 0xBF, 0x00, 0x00, 0xBF, 0x00, 0x00, 0xBF, 0x00, 0x00, 0xBF, 0x00,
    0x00, 0xBF, 0x00, 0x00, 0xBF, 0x00, 0x00, 0xBF, 0x00, 0x00, 0xBF, 0x00, 0x00, 0xBF, 0x00, 0x00,
    0xBF, 0x00, 0x00, 0xBF, 0x00, 0x00, 0xBF, 0x00, 0x00, 0xBF, 0x07, 0x42, 0xF8, 0x07, 0xE2, 0xFF,
    0x07, 0xE2, 0xFF, 0x07, 0xE2, 0xFF, 0x07, 0xE2, 0xFF, 0x07, 0xE2, 0xFF, 0x07, 0xE2, 0xFF, 0x07,
    0xE2, 0xFF, 0x07, 0xE2, 0xFF, 0x07, 0xE2, 0xFF, 0x07, 0xE2, 0xFF, 0x07, 0x42, 0xF8, 0x00, 0x00,
    0xBF, 0x00, 0x00, 0xBF, 0x00, 0x00, 0xBF, 0x00, 0x00, 0xBF, 0x00, 0x00, 0xBF, 0x00, 0x00, 0xBF,
    0x00, 0x00, 0xBF, 0x00, 0x00, 0xBF, 0x00, 0x00, 0xBF, 0x00, 0x00, 0xBF, 0x18, 0xF0, 0xDB, 0x39,
    0xDF, 0xFF, 0x39, 0xDF, 0xFF, 0x39, 0xDF, 0xFF, 0x39, 0xDF, 0xFF, 0x39, 0xDF, 0xFF, 0x39, 0xDF,
    0xFF, 0x39, 0xDF, 0xFF, 0x18, 0xCE, 0xD8, 0x00, 0x00, 0xBF, 0x00, 0x00, 0xBF, 0x00, 0x00, 0xBF,
    0x00, 0x00, 0xBF, 0x00, 0x00, 0xBF, 0x00, 0x00, 0xBF, 0x00, 0x00, 0xBF, 0x00, 0x00, 0xBF, 0x00,
    0x00, 0xBF, 0x00, 0x00, 0xBF, 0x00, 0x00, 0xBF, 0x00, 0x00, 0xBF, 0x00, 0x00, 0xBF, 0x00, 0x00,
    0xBF, 0x00, 0x00, 0xBF, 0x00, 0x00, 0xBF, 0x00, 0x00, 0xBF, 0x00, 0x00, 0xBF, 0x21, 0x33, 0xE2,
    0x39, 0xDF, 0xFF, 0x39, 0xDF, 0xFF, 0x39, 0xDF, 0xFF, 0x39, 0xDF, 0xFF, 0x39, 0xDF, 0xFF, 0x39,
    0xDF, 0xFF, 0x39, 0xDF, 0xFF, 0x21, 0x34, 0xE3, 0x00, 0x00, 0xBF, 0x00, 0x00, 0xBF, 0x00, 0x00,
    0xBF, 0x00, 0x00, 0xBF, 0x00, 0x00, 0xBF, 0x00, 0x00, 0xBF, 0x00, 0x00, 0xBF, 0x00, 0x00, 0xBF,
    0x00, 0x00, 0xBF, 0x00, 0x00, 0xBF, 0x00, 0x00, 0xBF, 0x00, 0x00, 0xBF, 0x00, 0x00, 0xBF, 0x00,
    0x00, 0xBF, 0x31, 0x9B, 0xF4, 0x39, 0xDF, 0xFF, 0x39, 0xDF, 0xFF, 0x39, 0xDF, 0xFF, 0x39, 0xDF,
    0xFF, 0x39, 0xDF, 0xFF, 0x39, 0xDF, 0xFF, 0x39, 0xDF, 0xFF, 0x10, 0x89, 0xCF, 0x00, 0x00, 0xBF,
    0x00, 0x00, 0xBF, 0x00, 0x00, 0xBF, 0x00, 0x00, 0xBF, 0x00, 0x00, 0xBF, 0x21, 0x35, 0xE6, 0x39,
    0xDF, 0xFF, 0x39, 0xDF, 0xFF, 0x39, 0xDF, 0xFF, 0x39, 0xDF, 0xFF, 0x39, 0xDF, 0xFF, 0x39, 0xDF,
    0xFF, 0x39, 0xDF, 0xFF, 0x08, 0x68, 0xCC, 0x00, 0x00, 0xBF, 0x00, 0x00, 0xBF, 0x00, 0x00, 0xBF,
    0x00, 0x00, 0xBF, 0x00, 0x00, 0xBF, 0x00, 0x00, 0xBF, 0x00, 0x00, 0xBF, 0x00, 0x00, 0xBF, 0x00,
    0x00, 0xBF, 0x10, 0xAB, 0xD1, 0x39, 0xDF, 0xFF, 0x39, 0xDF, 0xFF, 0x39, 0xDF, 0xFF, 0x39, 0xDF,
    0xFF, 0x39, 0xDF, 0xFF, 0x39, 0xDF, 0xFF, 0x39, 0xDF, 0xFF, 0x21, 0x13, 0xE1, 0x00, 0x00, 0xBF,
    0x00, 0x00, 0xBF, 0x00, 0x00, 0xBF, 0x00, 0x00, 0xBF, 0x00, 0x00, 0xBF, 0x00, 0x00, 0xBF, 0x00,
    0x00, 0xBF, 0x31, 0x9B, 0xF3, 0x39, 0xDF, 0xFF, 0x39, 0xDF, 0xFF, 0x39, 0xDF, 0xFF, 0x39, 0xDF,
    0xFF, 0x39, 0xDF, 0xFF, 0x39, 0xDF, 0xFF, 0x21, 0x35, 0xE5, 0x00, 0x00, 0xBF, 0x00, 0x00, 0xBF,
    0x00, 0x00, 0xBF, 0x00, 0x01, 0xC1, 0x31, 0xBC, 0xF6, 0x39, 0xDF, 0xFF, 0x39, 0xDF, 0xFF, 0x39,
    0xDF, 0xFF, 0x39, 0xDF, 0xFF, 0x39, 0xDF, 0xFF, 0x21, 0x11, 0xDE, 0x00, 0x01, 0xC2, 0x39, 0xDF,
    0xFF, 0x39, 0xDF, 0xFF, 0x39, 0xDF, 0xFF, 0x39, 0xDF, 0xFF, 0x39, 0xDF, 0xFF, 0x39, 0xDF, 0xFF,
    0x39, 0xDF, 0xFF, 0x18, 0xCE, 0xD7, 0x00, 0x00, 0xBF, 0x00, 0x00, 0xBF, 0x00, 0x00, 0xBF, 0x00,
    0x00, 0xBF, 0x00, 0x00, 0xBF, 0x00, 0x00, 0xBF, 0x00, 0x00, 0xBF, 0x39, 0xDF, 0xFE, 0x39, 0xDF,
    0xFF, 0x39, 0xDF, 0xFF, 0x39, 0xDF, 0xFF, 0x39, 0xDF, 0xFF, 0x39, 0xDF, 0xFF, 0x39, 0xDF, 0xFF,
    0x31, 0x9C, 0xF5, 0x00, 0x00, 0xBF, 0x00, 0x00, 0xBF, 0x00, 0x00, 0xBF, 0x00, 0x00, 0xBF, 0x00,
    0x00, 0xBF, 0x00, 0x00, 0xBF, 0x00, 0x00, 0xBF, 0x00, 0x00, 0xBF, 0x00, 0x00, 0xBF, 0x00, 0x00,
    0xBF, 0x00, 0x00, 0xBF, 0x00, 0x00, 0xBF, 0x31, 0x9C, 0xF5, 0x39, 0xDF, 0xFF, 0x39, 0xDF, 0xFF,
    0x39, 0xDF, 0xFF, 0x39, 0xDF, 0xFF, 0x39, 0xDF, 0xFF, 0x39, 0xDF, 0xFF, 0x39, 0xDF, 0xFF, 0x18,
    0xCC, 0xD5, 0x00, 0x00, 0xBF, 0x00, 0x00, 0xBF, 0x00, 0x00, 0xBF, 0x00, 0x00, 0xBF, 0x00, 0x00,
    0xBF, 0x00, 0x00, 0xBF, 0x00, 0x00, 0xBF, 0x00, 0x00, 0xBF, 0x00, 0x00, 0xBF, 0x00, 0x00, 0xBF,
    0x00, 0x00, 0xBF, 0x00, 0x00, 0xBF, 0x00, 0x00, 0xBF, 0x00, 0x00, 0xBF, 0x00, 0x00, 0xBF, 0x00,
    0x00, 0xBF, 0x49, 0xF4, 0xE9, 0x6A, 0xDD, 0xFF, 0x6A, 0xDD, 0xFF, 0x6A, 0xDD, 0xFF, 0x6A, 0xDD,
    0xFF, 0x6A, 0xDD, 0xFF, 0x6A, 0xDD, 0xFF, 0x6A, 0xDD, 0xFF, 0x6A, 0xDD, 0xFF, 0x6A, 0xDD, 0xFF,
    0x6B, 0x7D, 0xFF, 0x4E, 0x5F, 0xFF, 0x4E, 0x7F, 0xFF, 0x4E, 0x7F, 0xFF, 0x4E, 0x7F, 0xFF, 0x4E,
    0x7F, 0xFF, 0x4E, 0x7F, 0xFF, 0x4E, 0x7F, 0xFF, 0x4E, 0x7F, 0xFF, 0x4E, 0x7F, 0xFF, 0x4E, 0x7F,
    0xFF, 0x4E, 0x7F, 0xFF, 0x4E, 0x7F, 0xFF, 0x4E, 0x7F, 0xFF, 0x4E, 0x7F, 0xFF, 0x4E, 0x7F, 0xFF,
    0x4E, 0x7F, 0xFF, 0x4E, 0x7F, 0xFF, 0x4E, 0x7F, 0xFF, 0x4E, 0x7F, 0xFF, 0x4E, 0x7F, 0xFF, 0x4E,
    0x7F, 0xFF, 0x4E, 0x7F, 0xFF, 0x4E, 0x7F, 0xFF, 0x3D, 0xDE, 0xFF, 0x2D, 0x3C, 0xFF, 0x2D, 0x3C,
    0xFF, 0x2D, 0x3C, 0xFF, 0x35, 0x9D, 0xFF, 0x4E, 0x7F, 0xFF, 0x4E, 0x7F, 0xFF, 0x4E, 0x7F, 0xFF,
    0x4E, 0x7F, 0xFF, 0x4E, 0x7F, 0xFF, 0x4E, 0x7F, 0xFF, 0x4E, 0x7F, 0xFF, 0x4E, 0x5F, 0xFF, 0x35,
    0x19, 0xFF, 0x23, 0xF5, 0xFF, 0x23, 0xF4, 0xFF, 0x2C, 0xD8, 0xFF, 0x4E, 0x3E, 0xFF, 0x4E, 0x7F,
    0xFF, 0x4E, 0x7F, 0xFF, 0x4E, 0x7F, 0xFF, 0x4E, 0x7F, 0xFF, 0x4E, 0x7F, 0xFF, 0x4E, 0x7F, 0xFF,
    0x4E, 0x7F, 0xFF, 0x4E, 0x7F, 0xFF, 0x4E, 0x7F, 0xFF, 0x56, 0x3E, 0xFF, 0x66, 0x1B, 0xFF, 0x75,
    0xD8, 0xFF, 0x7D, 0x75, 0xFF, 0x8D, 0x32, 0xFF, 0x9C, 0xEF, 0xFF, 0xAC, 0xAC, 0xFF, 0xBC, 0x69,
    0xFF, 0xC4, 0x48, 0xFF, 0xE5, 0x6C, 0xFF, 0xFE, 0x51, 0xFF, 0xFE, 0x51, 0xFF, 0xFE, 0x51, 0xFF,
    0xFE, 0x51, 0xFF, 0xFE, 0x51, 0xFF, 0xFE, 0x51, 0xFF, 0xFE, 0x51, 0xFF, 0xFE, 0x51, 0xFF, 0xFE,
    0x51, 0xFF, 0xFE, 0x51, 0xFF, 0xFE, 0x51, 0xFF, 0xFE, 0x51, 0xFF, 0xFE, 0x51, 0xFF, 0xFE, 0x51,
    0xFF, 0xFE, 0x51, 0xFF, 0xFE, 0x51, 0xFF, 0xFE, 0x51, 0xFF, 0xFE, 0x51, 0xFF, 0xFE, 0x51, 0xFF,
    0xA3, 0xE9, 0xE6, 0x00, 0x20, 0xC0, 0x00, 0x00, 0xBF, 0x00, 0x00, 0xBF, 0x00, 0x00, 0xBF, 0x00,
    0x00, 0xBF, 0x00, 0x00, 0xBF, 0x00, 0x00, 0xBF, 0x00, 0x00, 0xBF, 0x00, 0x00, 0xBF, 0x00, 0x00,
    0xBF, 0x00, 0x00, 0xBF, 0x00, 0x00, 0xBF, 0x00, 0x00, 0xBF, 0x00, 0x00, 0xBF, 0x00, 0x00, 0xBF,
    0x00, 0x00, 0xBF, 0x00, 0x00, 0xBF, 0x00, 0x00, 0xBF, 0x00, 0x00, 0xBF, 0x07, 0x42, 0xF8, 0x07,
    0xE2, 0xFF, 0x07, 0xE2, 0xFF, 0x07, 0xE2, 0xFF, 0x07, 0xE2, 0xFF, 0x07, 0xE2, 0xFF, 0x07, 0xE2,
    0xFF, 0x07, 0xE2, 0xFF, 0x07, 0xE2, 0xFF, 0x07, 0xE2, 0xFF, 0x07, 0xE2, 0xFF, 0x07, 0x42, 0xF8,
    0x00, 0x00, 0xBF, 0x00, 0x00, 0xBF, 0x00, 0x00, 0xBF, 0x00, 0x00, 0xBF, 0x00, 0x00, 0xBF, 0x00,
    0x00, 0xBF, 0x00, 0x00, 0xBF, 0x00, 0x00, 0xBF, 0x00, 0x00, 0xBF, 0x00, 0x00, 0xBF, 0x18, 0xF0,
    0xDB, 0x39, 0xDF, 0xFF, 0x39, 0xDF, 0xFF, 0x39, 0xDF, 0xFF, 0x39, 0xDF, 0xFF, 0x39, 0xDF, 0xFF,
    0x39, 0xDF, 0xFF, 0x39, 0xDF, 0xFF, 0x18, 0xCE, 0xD8, 0x00, 0x00, 0xBF, 0x00, 0x00, 0xBF, 0x00,
    0x00, 0xBF, 0x00, 0x00, 0xBF, 0x00, 0x00, 0xBF, 0x00, 0x00, 0xBF, 0x00, 0x00, 0xBF, 0x00, 0x00,
    0xBF, 0x00, 0x00, 0xBF, 0x00, 0x00, 0xBF, 0x00, 0x00, 0xBF, 0x00, 0x00, 0xBF, 0x00, 0x00, 0xBF,
    0x00, 0x00, 0xBF, 0x00, 0x00, 0xBF, 0x00, 0x00, 0xBF, 0x00, 0x00, 0xBF, 0x00, 0x00, 0xBF, 0x18,
    0xEF, 0xDA, 0x39, 0xDF, 0xFF, 0x39, 0xDF, 0xFF, 0x39, 0xDF, 0xFF, 0x39, 0xDF, 0xFF, 0x39, 0xDF,
    0xFF, 0x39, 0xDF, 0xFF, 0x39, 0xDF, 0xFF, 0x29, 0x79, 0xEF, 0x00, 0x00, 0xBF, 0x00, 0x00, 0xBF,
    0x00, 0x00, 0xBF, 0x00, 0x00, 0xBF, 0x00, 0x00, 0xBF, 0x00, 0x00, 0xBF, 0x00, 0x00, 0xBF, 0x00,
    0x00, 0xBF, 0x00, 0x00, 0xBF, 0x00, 0x00, 0xBF, 0x00, 0x00, 0xBF, 0x00, 0x00, 0xBF, 0x00, 0x00,
    0xBF, 0x00, 0x01, 0xC1, 0x39, 0xDF, 0xFE, 0x39, 0xDF, 0xFF, 0x39, 0xDF, 0xFF, 0x39, 0xDF, 0xFF,
    0x39, 0xDF, 0xFF, 0x39, 0xDF, 0xFF, 0x39, 0xDF, 0xFF, 0x39, 0xDF, 0xFF, 0x08, 0x44, 0xC6, 0x00,
    0x00, 0xBF, 0x00, 0x00, 0xBF, 0x00, 0x00, 0xBF, 0x00, 0x00, 0xBF, 0x00, 0x00, 0xBF, 0x21, 0x34,
    0xE3, 0x39, 0xDF, 0xFF, 0x39, 0xDF, 0xFF, 0x39, 0xDF, 0xFF, 0x39, 0xDF, 0xFF, 0x39, 0xDF, 0xFF,
    0x39, 0xDF, 0xFF, 0x39, 0xDF, 0xFF, 0x10, 0x89, 0xCF, 0x00, 0x00, 0xBF, 0x00, 0x00, 0xBF, 0x00,
    0x00, 0xBF, 0x00, 0x00, 0xBF, 0x00, 0x00, 0xBF, 0x00, 0x00, 0xBF, 0x00, 0x00, 0xBF, 0x00, 0x00,
    0xBF, 0x00, 0x00, 0xBF, 0x10, 0xAC, 0xD4, 0x39, 0xDF, 0xFF, 0x39, 0xDF, 0xFF, 0x39, 0xDF, 0xFF,
    0x39, 0xDF, 0xFF, 0x39, 0xDF, 0xFF, 0x39, 0xDF, 0xFF, 0x39, 0xDF, 0xFF, 0x21, 0x11, 0xDE, 0x00,
    0x00, 0xBF, 0x00, 0x00, 0xBF, 0x00, 0x00, 0xBF, 0x00, 0x00, 0xBF, 0x00, 0x00, 0xBF, 0x00, 0x00,
    0xBF, 0x00, 0x00, 0xBF, 0x31, 0x9B, 0xF3, 0x39, 0xDF, 0xFF, 0x39, 0xDF, 0xFF, 0x39, 0xDF, 0xFF,
    0x39, 0xDF, 0xFF, 0x39, 0xDF, 0xFF, 0x39, 0xDF, 0xFF, 0x21, 0x35, 0xE5, 0x00, 0x00, 0xBF, 0x00,
    0x00, 0xBF, 0x00, 0x00, 0xBF, 0x00, 0x00, 0xBF, 0x18, 0xCD, 0xD6, 0x39, 0xDF, 0xFF, 0x39, 0xDF,
    0xFF, 0x39, 0xDF, 0xFF, 0x39, 0xDF, 0xFF, 0x39, 0xDF, 0xFF, 0x39, 0xDE, 0xFB, 0x08, 0x44, 0xC7,
    0x39, 0xDF, 0xFF, 0x39, 0xDF, 0xFF, 0x39, 0xDF, 0xFF, 0x39, 0xDF, 0xFF, 0x39, 0xDF, 0xFF, 0x39,
    0xDF, 0xFF, 0x39, 0xDF, 0xFF, 0x18, 0xCE, 0xD7, 0x00, 0x00, 0xBF, 0x00, 0x00, 0xBF, 0x00, 0x00,
    0xBF, 0x00, 0x00, 0xBF, 0x00, 0x00, 0xBF, 0x00, 0x00, 0xBF, 0x00, 0x00, 0xBF, 0x39, 0xDF, 0xFE,
    0x39, 0xDF, 0xFF, 0x39, 0xDF, 0xFF, 0x39, 0xDF, 0xFF, 0x39, 0xDF, 0xFF, 0x39, 0xDF, 0xFF, 0x39,
    0xDF, 0xFF, 0x31, 0x9C, 0xF5, 0x00, 0x00, 0xBF, 0x00, 0x00, 0xBF, 0x00, 0x00, 0xBF, 0x00, 0x00,
    0xBF, 0x00, 0x00, 0xBF, 0x00, 0x00, 0xBF, 0x00, 0x00, 0xBF, 0x00, 0x00, 0xBF, 0x00, 0x00, 0xBF,
    0x00, 0x00, 0xBF, 0x00, 0x00, 0xBF, 0x08, 0x45, 0xC7, 0x39, 0xDF, 0xFF, 0x39, 0xDF, 0xFF, 0x39,
    0xDF, 0xFF, 0x39, 0xDF, 0xFF, 0x39, 0xDF, 0xFF, 0x39, 0xDF, 0xFF, 0x39, 0xDF, 0xFF, 0x39, 0xDF,
    0xFF, 0x08, 0x45, 0xC8, 0x00, 0x00, 0xBF, 0x00, 0x00, 0xBF, 0x00, 0x00, 0xBF, 0x00, 0x00, 0xBF,
    0x00, 0x00, 0xBF, 0x00, 0x00, 0xBF, 0x00, 0x00, 0xBF, 0x00, 0x00, 0xBF, 0x00, 0x00, 0xBF, 0x00,
    0x00, 0xBF, 0x00, 0x00, 0xBF, 0x00, 0x00, 0xBF, 0x00, 0x00, 0xBF, 0x00, 0x00, 0xBF, 0x00, 0x00,
    0xBF, 0x08, 0x22, 0xC3, 0x6A, 0xBC, 0xFC, 0x6A, 0xDD, 0xFF, 0x6A, 0xDD, 0xFF, 0x6A, 0xDD, 0xFF,
    0x6A, 0xDD, 0xFF, 0x6A, 0xDD, 0xFF, 0x6A, 0xDD, 0xFF, 0x6A, 0xDD, 0xFF, 0x6A, 0xDD, 0xFF, 0x6A,
    0xDD, 0xFF, 0x6A, 0xDD, 0xFF, 0x55, 0x7F, 0xFF, 0x4E, 0x7F, 0xFF, 0x4E, 0x7F, 0xFF, 0x4E, 0x7F,
    0xFF, 0x4E, 0x7F, 0xFF, 0x4E, 0x7F, 0xFF, 0x4E, 0x7F, 0xFF, 0x4E, 0x7F, 0xFF, 0x4E, 0x7F, 0xFF,
    0x4E, 0x7F, 0xFF, 0x4E, 0x7F, 0xFF, 0x4E, 0x7F, 0xFF, 0x4E, 0x7F, 0xFF, 0x4E, 0x7F, 0xFF, 0x4E,
    0x7F, 0xFF, 0x4E, 0x7F, 0xFF, 0x4E, 0x7F, 0xFF, 0x4E, 0x7F, 0xFF, 0x4E, 0x7F, 0xFF, 0x4E, 0x7F,
    0xFF, 0x4E, 0x7F, 0xFF, 0x4E, 0x7F, 0xFF, 0x4E, 0x7F, 0xFF, 0x3D, 0xDE, 0xFF, 0x2D, 0x3C, 0xFF,
    0x2D, 0x3C, 0xFF, 0x2D, 0x3C, 0xFF, 0x35, 0x9D, 0xFF, 0x4E, 0x7F, 0xFF, 0x4E, 0x7F, 0xFF, 0x4E,
    0x7F, 0xFF, 0x4E, 0x7F, 0xFF, 0x4E, 0x7F, 0xFF, 0x4E, 0x7F, 0xFF, 0x4E, 0x7F, 0xFF, 0x4E, 0x7F,
    0xFF, 0x4E, 0x7F, 0xFF, 0x4E, 0x7F, 0xFF, 0x4E, 0x7F, 0xFF, 0x4E, 0x7F, 0xFF, 0x4E, 0x7F, 0xFF,
    0x4E, 0x7F, 0xFF, 0x4E, 0x7F, 0xFF, 0x4E, 0x7F, 0xFF, 0x4E, 0x7F, 0xFF, 0x4E, 0x7F, 0xFF, 0x4E,
    0x7F, 0xFF, 0x4E, 0x7F, 0xFF, 0x4E, 0x7F, 0xFF, 0x4E, 0x7F, 0xFF, 0x4E, 0x7F, 0xFF, 0x4E, 0x7F,
    0xFF, 0x4E, 0x7F, 0xFF, 0x4E, 0x7F, 0xFF, 0x4E, 0x7F, 0xFF, 0x4E, 0x7F, 0xFF, 0x4E, 0x7F, 0xFF,
    0x4E, 0x7F, 0xFF, 0x56, 0x5E, 0xFF, 0x66, 0x1B, 0xFF, 0x7E, 0x3A, 0xFF, 0x9E, 0x59, 0xFF, 0xAE,
    0x57, 0xFF, 0xC6, 0x35, 0xFF, 0xD6, 0x53, 0xFF, 0xEE, 0x31, 0xFF, 0xF6, 0x51, 0xFF, 0xFE, 0x51,
    0xFF, 0xFE, 0x51, 0xFF, 0xFE, 0x51, 0xFF, 0xFE, 0x51, 0xFF, 0xFE, 0x51, 0xFF, 0xFE, 0x51, 0xFF,
    0xFE, 0x51, 0xFF, 0xFE, 0x51, 0xFF, 0xFE, 0x51, 0xFF, 0xFE, 0x51, 0xFF, 0xF6, 0x30, 0xFE, 0x93,
    0xA9, 0xE0, 0x00, 0x00, 0xC0, 0x00, 0x00, 0xBF, 0x00, 0x00, 0xBF, 0x00, 0x00, 0xBF, 0x00, 0x00,
    0xBF, 0x00, 0x00, 0xBF, 0x00, 0x00, 0xBF, 0x00, 0x00, 0xBF, 0x00, 0x00, 0xBF, 0x00, 0x00, 0xBF,
    0x00, 0x00, 0xBF, 0x00, 0x00, 0xBF, 0x00, 0x00, 0xBF, 0x00, 0x00, 0xBF, 0x00, 0x00, 0xBF, 0x00,
    0x00, 0xBF, 0x00, 0x00, 0xBF, 0x00, 0x00, 0xBF, 0x00, 0x00, 0xBF, 0x00, 0x00, 0xBF, 0x07, 0x42,
    0xF8, 0x07, 0xE2, 0xFF, 0x07, 0xE2, 0xFF, 0x07, 0xE2, 0xFF, 0x07, 0xE2, 0xFF, 0x07, 0xE2, 0xFF,
    0x07, 0xE2, 0xFF, 0x07, 0xE2, 0xFF, 0x07, 0xE2, 0xFF, 0x07, 0xE2, 0xFF, 0x07, 0xE2, 0xFF, 0x07,
    0x42, 0xF8, 0x00, 0x00, 0xBF, 0x00, 0x00, 0xBF, 0x00, 0x00, 0xBF, 0x00, 0x00, 0xBF, 0x00, 0x00,
    0xBF, 0x00, 0x00, 0xBF, 0x00, 0x00, 0xBF, 0x00, 0x00, 0xBF, 0x00, 0x00, 0xBF, 0x00, 0x00, 0xBF,
    0x18, 0xF0, 0xDB, 0x39, 0xDF, 0xFF, 0x39, 0xDF, 0xFF, 0x39, 0xDF, 0xFF, 0x39, 0xDF, 0xFF, 0x39,
    0xDF, 0xFF, 0x39, 0xDF, 0xFF, 0x39, 0xDF, 0xFF, 0x18, 0xCE, 0xD8, 0x00, 0x00, 0xBF, 0x00, 0x00,
    0xBF, 0x00, 0x00, 0xBF, 0x00, 0x00, 0xBF, 0x00, 0x00, 0xBF, 0x00, 0x00, 0xBF, 0x00, 0x00, 0xBF,
    0x00, 0x00, 0xBF, 0x00, 0x00, 0xBF, 0x00, 0x00, 0xBF, 0x00, 0x00, 0xBF, 0x00, 0x00, 0xBF, 0x00,
    0x00, 0xBF, 0x00, 0x00, 0xBF, 0x00, 0x00, 0xBF, 0x00, 0x00, 0xBF, 0x00, 0x00, 0xBF, 0x00, 0x00,
    0xBF, 0x10, 0x88, 0xCD, 0x39, 0xDF, 0xFF, 0x39, 0xDF, 0xFF, 0x39, 0xDF, 0xFF, 0x39, 0xDF, 0xFF,
    0x39, 0xDF, 0xFF, 0x39, 0xDF, 0xFF, 0x39, 0xDF, 0xFF, 0x39, 0xDF, 0xFD, 0x00, 0x22, 0xC3, 0x00,
    0x00, 0xBF, 0x00, 0x00, 0xBF, 0x00, 0x00, 0xBF, 0x00, 0x00, 0xBF, 0x00, 0x00, 0xBF, 0x00, 0x00,
    0xBF, 0x00, 0x00, 0xBF, 0x00, 0x00, 0xBF, 0x00, 0x00, 0xBF, 0x00, 0x00, 0xBF, 0x00, 0x00, 0xBF,
    0x00, 0x00, 0xBF, 0x10, 0xAB, 0xD3, 0x39, 0xDF, 0xFF, 0x39, 0xDF, 0xFF, 0x39, 0xDF, 0xFF, 0x39,
    0xDF, 0xFF, 0x39, 0xDF, 0xFF, 0x39, 0xDF, 0xFF, 0x39, 0xDF, 0xFF, 0x31, 0xBC, 0xF6, 0x00, 0x00,
    0xBF, 0x00, 0x00, 0xBF, 0x00, 0x00, 0xBF, 0x00, 0x00, 0xBF, 0x00, 0x00, 0xBF, 0x00, 0x00, 0xBF,
    0x21, 0x12, 0xDF, 0x39, 0xDF, 0xFF, 0x39, 0xDF, 0xFF, 0x39, 0xDF, 0xFF, 0x39, 0xDF, 0xFF, 0x39,
    0xDF, 0xFF, 0x39, 0xDF, 0xFF, 0x39, 0xDF, 0xFF, 0x10, 0xAB, 0xD3, 0x00, 0x00, 0xBF, 0x00, 0x00,
    0xBF, 0x00, 0x00, 0xBF, 0x00, 0x00, 0xBF, 0x00, 0x00, 0xBF, 0x00, 0x00, 0xBF, 0x00, 0x00, 0xBF,
    0x00, 0x00, 0xBF, 0x00, 0x00, 0xBF, 0x18, 0xCE, 0xD8, 0x39, 0xDF, 0xFF, 0x39, 0xDF, 0xFF, 0x39,
    0xDF, 0xFF, 0x39, 0xDF, 0xFF, 0x39, 0xDF, 0xFF, 0x39, 0xDF, 0xFF, 0x39, 0xDF, 0xFF, 0x18, 0xEF,
    0xD9, 0x00, 0x00, 0xBF, 0x00, 0x00, 0xBF, 0x00, 0x00, 0xBF, 0x00, 0x00, 0xBF, 0x00, 0x00, 0xBF,
    0x00, 0x00, 0xBF, 0x00, 0x00, 0xBF, 0x31, 0x9B, 0xF3, 0x39, 0xDF, 0xFF, 0x39, 0xDF, 0xFF, 0x39,
    0xDF, 0xFF, 0x39, 0xDF, 0xFF, 0x39, 0xDF, 0xFF, 0x39, 0xDF, 0xFF, 0x21, 0x35, 0xE5, 0x00, 0x00,
    0xBF, 0x00, 0x00, 0xBF, 0x00, 0x00, 0xBF, 0x00, 0x00, 0xBF, 0x00, 0x00, 0xBF, 0x31, 0x9B, 0xF4,
    0x39, 0xDF, 0xFF, 0x39, 0xDF, 0xFF, 0x39, 0xDF, 0xFF, 0x39, 0xDF, 0xFF, 0x39, 0xDF, 0xFF, 0x21,
    0x34, 0xE4, 0x39, 0xDF, 0xFF, 0x39, 0xDF, 0xFF, 0x39, 0xDF, 0xFF, 0x39, 0xDF, 0xFF, 0x39, 0xDF,
    0xFF, 0x39, 0xDF, 0xFF, 0x39, 0xDF, 0xFF, 0x18, 0xCE, 0xD7, 0x00, 0x00, 0xBF, 0x00, 0x00, 0xBF,
    0x00, 0x00, 0xBF, 0x00, 0x00, 0xBF, 0x00, 0x00, 0xBF, 0x00, 0x00, 0xBF, 0x00, 0x00, 0xBF, 0x39,
    0xDF, 0xFE, 0x39, 0xDF, 0xFF, 0x39, 0xDF, 0xFF, 0x39, 0xDF, 0xFF, 0x39, 0xDF, 0xFF, 0x39, 0xDF,
    0xFF, 0x39, 0xDF, 0xFF, 0x31, 0x9C, 0xF5, 0x00, 0x00, 0xBF, 0x00, 0x00, 0xBF, 0x00, 0x00, 0xBF,
    0x00, 0x00, 0xBF, 0x00, 0x00, 0xBF, 0x00, 0x00, 0xBF, 0x00, 0x00, 0xBF, 0x00, 0x00, 0xBF, 0x00,
    0x00, 0xBF, 0x00, 0x00, 0xBF, 0x00, 0x00, 0xBF, 0x21, 0x34, 0xE4, 0x39, 0xDF, 0xFF, 0x39, 0xDF,
    0xFF, 0x39, 0xDF, 0xFF, 0x39, 0xDF, 0xFF, 0x39, 0xDF, 0xFF, 0x39, 0xDF, 0xFF, 0x39, 0xDF, 0xFF,
    0x31, 0xBC, 0xF7, 0x00, 0x00, 0xBF, 0x00, 0x00, 0xBF, 0x00, 0x00, 0xBF, 0x00, 0x00, 0xBF, 0x00,
    0x00, 0xBF, 0x00, 0x00, 0xBF, 0x00, 0x00, 0xBF, 0x00, 0x00, 0xBF, 0x00, 0x00, 0xBF, 0x00, 0x00,
    0xBF, 0x00, 0x00, 0xBF, 0x00, 0x00, 0xBF, 0x00, 0x00, 0xBF, 0x00, 0x00, 0xBF, 0x00, 0x00, 0xBF,
    0x00, 0x00, 0xBF, 0x29, 0x2C, 0xD6, 0x6A, 0xDD, 0xFF, 0x6A, 0xDD, 0xFF, 0x6A, 0xDD, 0xFF, 0x6A,
    0xDD, 0xFF, 0x6A, 0xDD, 0xFF, 0x6A, 0xDD, 0xFF, 0x6A, 0xDD, 0xFF, 0x6A, 0xDD, 0xFF, 0x6A, 0xDD,
    0xFF, 0x6A, 0xFD, 0xFF, 0x6B, 0x3D, 0xFF, 0x5C, 0x9E, 0xFF, 0x4E, 0x7F, 0xFF, 0x4E, 0x7F, 0xFF,
    0x4E, 0x7F, 0xFF, 0x4E, 0x7F, 0xFF, 0x4E, 0x7F, 0xFF, 0x4E, 0x7F, 0xFF, 0x4E, 0x7F, 0xFF, 0x4E,
    0x7F, 0xFF, 0x4E, 0x7F, 0xFF, 0x4E, 0x7F, 0xFF, 0x4E, 0x7F, 0xFF, 0x4E, 0x7F, 0xFF, 0x4E, 0x7F,
    0xFF, 0x4E, 0x7F, 0xFF, 0x4E, 0x7F, 0xFF, 0x4E, 0x7F, 0xFF, 0x4E, 0x7F, 0xFF, 0x4E, 0x7F, 0xFF,
    0x4E, 0x7F, 0xFF, 0x4E, 0x7F, 0xFF, 0x4E, 0x7F, 0xFF, 0x4E, 0x7F, 0xFF, 0x3D, 0xBD, 0xFF, 0x2D,
    0x3C, 0xFF, 0x2D, 0x3C, 0xFF, 0x2D, 0x3C, 0xFF, 0x35, 0x9D, 0xFF, 0x4E, 0x7F, 0xFF, 0x4E, 0x7F,
    0xFF, 0x4E, 0x7F, 0xFF, 0x4E, 0x7F, 0xFF, 0x4E, 0x7F, 0xFF, 0x4E, 0x7F, 0xFF, 0x4E, 0x7F, 0xFF,
    0x4E, 0x7F, 0xFF, 0x4E, 0x7F, 0xFF, 0x4E, 0x7F, 0xFF, 0x4E, 0x7F, 0xFF, 0x4E, 0x7F, 0xFF, 0x4E,
    0x7F, 0xFF, 0x4E, 0x7F, 0xFF, 0x4E, 0x7F, 0xFF, 0x4E, 0x7F, 0xFF, 0x4E, 0x7F, 0xFF, 0x4E, 0x7F,
    0xFF, 0x4E, 0x7F, 0xFF, 0x4E, 0x7F, 0xFF, 0x4E, 0x7F, 0xFF, 0x4E, 0x7F, 0xFF, 0x4E, 0x7F, 0xFF,
    0x4E, 0x7F, 0xFF, 0x4E, 0x7F, 0xFF, 0x4E, 0x7F, 0xFF, 0x4E, 0x7F, 0xFF, 0x4E, 0x7F, 0xFF, 0x4E,
    0x7F, 0xFF, 0x4E, 0x7F, 0xFF, 0x4E, 0x7F, 0xFF, 0x4E, 0x7F, 0xFF, 0x4E, 0x7F, 0xFF, 0x4E, 0x7F,
    0xFF, 0x4E, 0x7F, 0xFF, 0x4E, 0x7F, 0xFF, 0x4E, 0x7F, 0xFF, 0x4E, 0x7F, 0xFF, 0x5E, 0x5E, 0xFF,
    0x6E, 0x5D, 0xFF, 0x86, 0x5A, 0xFF, 0x96, 0x59, 0xFF, 0xAE, 0x57, 0xFF, 0xCE, 0x54, 0xFF, 0xEE,
    0x51, 0xFF, 0xF6, 0x51, 0xFE, 0xF6, 0x30, 0xFE, 0xED, 0xF0, 0xFA, 0xB4, 0x8C, 0xE9, 0x41, 0xA4,
    0xCD, 0x00, 0x00, 0xBF, 0x00, 0x00, 0xBF, 0x00, 0x00, 0xBF, 0x00, 0x00, 0xBF, 0x00, 0x00, 0xBF,
    0x00, 0x00, 0xBF, 0x00, 0x00, 0xBF, 0x00, 0x00, 0xBF, 0x00, 0x00, 0xBF, 0x00, 0x00, 0xBF, 0x00,
    0x00, 0xBF, 0x00, 0x00, 0xBF, 0x00, 0x00, 0xBF, 0x00, 0x00, 0xBF, 0x00, 0x00, 0xBF, 0x00, 0x00,
    0xBF, 0x00, 0x00, 0xBF, 0x00, 0x00, 0xBF, 0x00, 0x00, 0xBF, 0x00, 0x00, 0xBF, 0x00, 0x00, 0xBF,
    0x07, 0x42, 0xF8, 0x07, 0xE2, 0xFF, 0x07, 0xE2, 0xFF, 0x07, 0xE2, 0xFF, 0x07, 0xE2, 0xFF, 0x07,
    0xE2, 0xFF, 0x07, 0xE2, 0xFF, 0x07, 0xE2, 0xFF, 0x07, 0xE2, 0xFF, 0x07, 0xE2, 0xFF, 0x07, 0xE2,
    0xFF, 0x07, 0x42, 0xF8, 0x00, 0x00, 0xBF, 0x00, 0x00, 0xBF, 0x00, 0x00, 0xBF, 0x00, 0x00, 0xBF,
    0x00, 0x00, 0xBF, 0x00, 0x00, 0xBF, 0x00, 0x00, 0xBF, 0x00, 0x00, 0xBF, 0x00, 0x00, 0xBF, 0x00,
    0x00, 0xBF, 0x18, 0xF0, 0xDB, 0x39, 0xDF, 0xFF, 0x39, 0xDF, 0xFF, 0x39, 0xDF, 0xFF, 0x39, 0xDF,
    0xFF, 0x39, 0xDF, 0xFF, 0x39, 0xDF, 0xFF, 0x39, 0xDF, 0xFF, 0x18, 0xCE, 0xD8, 0x00, 0x00, 0xBF,
    0x00, 0x00, 0xBF, 0x00, 0x00, 0xBF, 0x00, 0x00, 0xBF, 0x00, 0x00, 0xBF, 0x00, 0x00, 0xBF, 0x00,
    0x00, 0xBF, 0x00, 0x00, 0xBF, 0x00, 0x00, 0xBF, 0x00, 0x00, 0xBF, 0x00, 0x00, 0xBF, 0x00, 0x00,
    0xBF, 0x00, 0x00, 0xBF, 0x00, 0x00, 0xBF, 0x00, 0x00, 0xBF, 0x00, 0x00, 0xBF, 0x00, 0x00, 0xBF,
    0x00, 0x00, 0xBF, 0x00, 0x00, 0xC0, 0x31, 0xBE, 0xFA, 0x39, 0xDF, 0xFF, 0x39, 0xDF, 0xFF, 0x39,
    0xDF, 0xFF, 0x39, 0xDF, 0xFF, 0x39, 0xDF, 0xFF, 0x39, 0xDF, 0xFF, 0x39, 0xDF, 0xFF, 0x18, 0xEF,
    0xD9, 0x00, 0x00, 0xBF, 0x00, 0x00, 0xBF, 0x00, 0x00, 0xBF, 0x00, 0x00, 0xBF, 0x00, 0x00, 0xBF,
    0x00, 0x00, 0xBF, 0x00, 0x00, 0xBF, 0x00, 0x00, 0xBF, 0x00, 0x00, 0xBF, 0x00, 0x00, 0xBF, 0x00,
    0x00, 0xBF, 0x00, 0x00, 0xBF, 0x29, 0x57, 0xEB, 0x39, 0xDF, 0xFF, 0x39, 0xDF, 0xFF, 0x39, 0xDF,
    0xFF, 0x39, 0xDF, 0xFF, 0x39, 0xDF, 0xFF, 0x39, 0xDF, 0xFF, 0x39, 0xDF, 0xFF, 0x21, 0x35, 0xE6,
    0x00, 0x00, 0xBF, 0x00, 0x00, 0xBF, 0x00, 0x00, 0xBF, 0x00, 0x00, 0xBF, 0x00, 0x00, 0xBF, 0x00,
    0x00, 0xBF, 0x18, 0xEF, 0xDA, 0x39, 0xDF, 0xFF, 0x39, 0xDF, 0xFF, 0x39, 0xDF, 0xFF, 0x39, 0xDF,
    0xFF, 0x39, 0xDF, 0xFF, 0x39, 0xDF, 0xFF, 0x39, 0xDF, 0xFF, 0x18, 0xF0, 0xDC, 0x00, 0x00, 0xBF,
    0x00, 0x00, 0xBF, 0x00, 0x00, 0xBF, 0x00, 0x00, 0xBF, 0x00, 0x00, 0xBF, 0x00, 0x00, 0xBF, 0x00,
    0x00, 0xBF, 0x00, 0x00, 0xBF, 0x00, 0x00, 0xBF, 0x21, 0x13, 0xE1, 0x39, 0xDF, 0xFF, 0x39, 0xDF,
    0xFF, 0x39, 0xDF, 0xFF, 0x39, 0xDF, 0xFF, 0x39, 0xDF, 0xFF, 0x39, 0xDF, 0xFF, 0x39, 0xDF, 0xFF,
    0x10, 0xAC, 0xD4, 0x00, 0x00, 0xBF, 0x00, 0x00, 0xBF, 0x00, 0x00, 0xBF, 0x00, 0x00, 0xBF, 0x00,
    0x00, 0xBF, 0x00, 0x00, 0xBF, 0x00, 0x00, 0xBF, 0x31, 0x9B, 0xF3, 0x39, 0xDF, 0xFF, 0x39, 0xDF,
    0xFF, 0x39, 0xDF, 0xFF, 0x39, 0xDF, 0xFF, 0x39, 0xDF, 0xFF, 0x39, 0xDF, 0xFF, 0x21, 0x35, 0xE5,
    0x00, 0x00, 0xBF, 0x00, 0x00, 0xBF, 0x00, 0x00, 0xBF, 0x00, 0x00, 0xBF, 0x00, 0x00, 0xBF, 0x10,
    0xAB, 0xD2, 0x39, 0xDF, 0xFF, 0x39, 0xDF, 0xFF, 0x39, 0xDF, 0xFF, 0x39, 0xDF, 0xFF, 0x39, 0xDF,
    0xFF, 0x39, 0xDF, 0xFE, 0x39, 0xDF, 0xFF, 0x39, 0xDF, 0xFF, 0x39, 0xDF, 0xFF, 0x39, 0xDF, 0xFF,
    0x39, 0xDF, 0xFF, 0x39, 0xDF, 0xFF, 0x39, 0xDF, 0xFF, 0x18, 0xCE, 0xD7, 0x00, 0x00, 0xBF, 0x00,
    0x00, 0xBF, 0x00, 0x00, 0xBF, 0x00, 0x00, 0xBF, 0x00, 0x00, 0xBF, 0x00, 0x00, 0xBF, 0x00, 0x00,
    0xBF, 0x39, 0xDF, 0xFE, 0x39, 0xDF, 0xFF, 0x39, 0xDF, 0xFF, 0x39, 0xDF, 0xFF, 0x39, 0xDF, 0xFF,
    0x39, 0xDF, 0xFF, 0x39, 0xDF, 0xFF, 0x31, 0x9C, 0xF5, 0x00, 0x00, 0xBF, 0x00, 0x00, 0xBF, 0x00,
    0x00, 0xBF, 0x00, 0x00, 0xBF, 0x00, 0x00, 0xBF, 0x00, 0x00, 0xBF, 0x00, 0x00, 0xBF, 0x00, 0x00,
    0xBF, 0x00, 0x00, 0xBF, 0x00, 0x00, 0xBF, 0x10, 0x88, 0xCD, 0x39, 0xDF, 0xFD, 0x39, 0xDF, 0xFF,
    0x39, 0xDF, 0xFF, 0x39, 0xDF, 0xFF, 0x39, 0xDF, 0xFF, 0x39, 0xDF, 0xFF, 0x39, 0xDF, 0xFF, 0x39,
    0xDF, 0xFF, 0x21, 0x35, 0xE5, 0x00, 0x00, 0xBF, 0x00, 0x00, 0xBF, 0x00, 0x00, 0xBF, 0x00, 0x00,
    0xBF, 0x00, 0x00, 0xBF, 0x00, 0x00, 0xBF, 0x00, 0x00, 0xBF, 0x00, 0x00, 0xBF, 0x00, 0x00, 0xBF,
    0x00, 0x00, 0xBF, 0x00, 0x00, 0xBF, 0x00, 0x00, 0xBF, 0x00, 0x00, 0xBF, 0x00, 0x00, 0xBF, 0x00,
    0x00, 0xBF, 0x00, 0x00, 0xBF, 0x49, 0xF4, 0xE8, 0x62, 0x79, 0xF5, 0x52, 0x37, 0xEF, 0x4A, 0x14,
    0xE8, 0x41, 0xB2, 0xE2, 0x39, 0x8F, 0xDC, 0x31, 0x2C, 0xD6, 0x20, 0xE9, 0xD0, 0x18, 0xA6, 0xCA,
    0x3C, 0x77, 0xEA, 0x4E, 0x5F, 0xFF, 0x4E, 0x7F, 0xFF, 0x4E, 0x7F, 0xFF, 0x4E, 0x7F, 0xFF, 0x4E,
    0x7F, 0xFF, 0x4E, 0x7F, 0xFF, 0x4E, 0x7F, 0xFF, 0x4E, 0x7F, 0xFF, 0x4E, 0x7F, 0xFF, 0x4E, 0x7F,
    0xFF, 0x4E, 0x7F, 0xFF, 0x4E, 0x7F, 0xFF, 0x4E, 0x7F, 0xFF, 0x4E, 0x7F, 0xFF, 0x4E, 0x7F, 0xFF,
    0x4E, 0x7F, 0xFF, 0x4E, 0x7F, 0xFF, 0x4E, 0x7F, 0xFF, 0x4E, 0x7F, 0xFF, 0x4E, 0x7F, 0xFF, 0x4E,
    0x7F, 0xFF, 0x4E, 0x7F, 0xFF, 0x4E, 0x7F, 0xFF, 0x4E, 0x7F, 0xFF, 0x4E, 0x7F, 0xFF, 0x35, 0x9D,
    0xFF, 0x2D, 0x3C, 0xFF, 0x2D, 0x3C, 0xFF, 0x2D, 0x3C, 0xFF, 0x3D, 0xBD, 0xFF, 0x4E, 0x7F, 0xFF,
    0x4E, 0x7F, 0xFF, 0x4E, 0x7F, 0xFF, 0x4E, 0x7F, 0xFF, 0x4E, 0x7F, 0xFF, 0x4E, 0x7F, 0xFF, 0x4E,
    0x7F, 0xFF, 0x4E, 0x7F, 0xFF, 0x4E, 0x7F, 0xFF, 0x4E, 0x7F, 0xFF, 0x4E, 0x7F, 0xFF, 0x4E, 0x7F,
    0xFF, 0x4E, 0x7F, 0xFF, 0x4E, 0x7F, 0xFF, 0x4E, 0x7F, 0xFF, 0x4E, 0x7F, 0xFF, 0x4E, 0x7F, 0xFF,
    0x4E, 0x7F, 0xFF, 0x4E, 0x7F, 0xFF, 0x4E, 0x7F, 0xFF, 0x4E, 0x7F, 0xFF, 0x4E, 0x7F, 0xFF, 0x4E,
    0x7F, 0xFF, 0x4E, 0x7F, 0xFF, 0x4E, 0x7F, 0xFF, 0x4E, 0x7F, 0xFF, 0x4E, 0x7F, 0xFF, 0x4E, 0x7F,
    0xFF, 0x4E, 0x7F, 0xFF, 0x4E, 0x7F, 0xFF, 0x4E, 0x7F, 0xFF, 0x4E, 0x7F, 0xFF, 0x4E, 0x7F, 0xFF,
    0x4E, 0x7F, 0xFF, 0x4E, 0x7F, 0xFF, 0x4E, 0x7F, 0xFF, 0x4E, 0x7F, 0xFF, 0x4E, 0x7F, 0xFF, 0x4E,
    0x7F, 0xFF, 0x4E, 0x7F, 0xFF, 0x4E, 0x7F, 0xFF, 0x4E, 0x7F, 0xFF, 0x4E, 0x7F, 0xFF, 0x4E, 0x7F,
    0xFF, 0x4E, 0x3E, 0xFD, 0x2A, 0x09, 0xD0, 0x18, 0xA2, 0xC5, 0x00, 0x00, 0xC0, 0x00, 0x00, 0xBF,
    0x00, 0x00, 0xBF, 0x00, 0x00, 0xBF, 0x00, 0x00, 0xBF, 0x00, 0x00, 0xBF, 0x00, 0x00, 0xBF, 0x00,
    0x00, 0xBF, 0x00, 0x00, 0xBF, 0x00, 0x00, 0xBF, 0x00, 0x00, 0xBF, 0x00, 0x00, 0xBF, 0x00, 0x00,
    0xBF, 0x00, 0x00, 0xBF, 0x00, 0x00, 0xBF, 0x00, 0x00, 0xBF, 0x00, 0x00, 0xBF, 0x00, 0x00, 0xBF,
    0x00, 0x00, 0xBF, 0x00, 0x00, 0xBF, 0x00, 0x00, 0xBF, 0x00, 0x00, 0xBF, 0x00, 0x00, 0xBF, 0x00,
    0x00, 0xBF, 0x07, 0x42, 0xF8, 0x07, 0xE2, 0xFF, 0x07, 0xE2, 0xFF, 0x07, 0xE2, 0xFF, 0x07, 0xE2,
    0xFF, 0x07, 0xE2, 0xFF, 0x07, 0xE2, 0xFF, 0x07, 0xE2, 0xFF, 0x07, 0xE2, 0xFF, 0x07, 0xE2, 0xFF,
    0x07, 0xE2, 0xFF, 0x07, 0x42, 0xF8, 0x00, 0x00, 0xBF, 0x00, 0x00, 0xBF, 0x00, 0x00, 0xBF, 0x00,
    0x00, 0xBF, 0x00, 0x00, 0xBF, 0x00, 0x00, 0xBF, 0x00, 0x00, 0xBF, 0x00, 0x00, 0xBF, 0x00, 0x00,
    0xBF, 0x00, 0x00, 0xBF, 0x18, 0xF0, 0xDB, 0x39, 0xDF, 0xFF, 0x39, 0xDF, 0xFF, 0x39, 0xDF, 0xFF,
    0x39, 0xDF, 0xFF, 0x39, 0xDF, 0xFF, 0x39, 0xDF, 0xFF, 0x39, 0xDF, 0xFF, 0x18, 0xCE, 0xD8, 0x00,
    0x00, 0xBF, 0x00, 0x00, 0xBF, 0x00, 0x00, 0xBF, 0x00, 0x00, 0xBF, 0x00, 0x00, 0xBF, 0x00, 0x00,
    0xBF, 0x00, 0x00, 0xBF, 0x00, 0x00, 0xBF, 0x00, 0x00, 0xBF, 0x00, 0x00, 0xBF, 0x00, 0x00, 0xBF,
    0x00, 0x00, 0xBF, 0x00, 0x00, 0xBF, 0x00, 0x00, 0xBF, 0x00, 0x00, 0xBF, 0x00, 0x00, 0xBF, 0x00,
    0x00, 0xBF, 0x00, 0x00, 0xBF, 0x00, 0x00, 0xBF, 0x21, 0x35, 0xE6, 0x39, 0xDF, 0xFF, 0x39, 0xDF,
    0xFF, 0x39, 0xDF, 0xFF, 0x39, 0xDF, 0xFF, 0x39, 0xDF, 0xFF, 0x39, 0xDF, 0xFF, 0x39, 0xDF, 0xFF,
    0x31, 0xBD, 0xF9, 0x00, 0x22, 0xC3, 0x00, 0x00, 0xBF, 0x00, 0x00, 0xBF, 0x00, 0x00, 0xBF, 0x00,
    0x00, 0xBF, 0x00, 0x00, 0xBF, 0x00, 0x00, 0xBF, 0x00, 0x00, 0xBF, 0x00, 0x00, 0xBF, 0x00, 0x00,
    0xBF, 0x00, 0x00, 0xBF, 0x10, 0x89, 0xCE, 0x39, 0xDF, 0xFF, 0x39, 0xDF, 0xFF, 0x39, 0xDF, 0xFF,
    0x39, 0xDF, 0xFF, 0x39, 0xDF, 0xFF, 0x39, 0xDF, 0xFF, 0x39, 0xDF, 0xFF, 0x39, 0xDF, 0xFF, 0x10,
    0xAB, 0xD3, 0x00, 0x00, 0xBF, 0x00, 0x00, 0xBF, 0x00, 0x00, 0xBF, 0x00, 0x00, 0xBF, 0x00, 0x00,
    0xBF, 0x00, 0x00, 0xBF, 0x10, 0x89, 0xCE, 0x39, 0xDF, 0xFF, 0x39, 0xDF, 0xFF, 0x39, 0xDF, 0xFF,
    0x39, 0xDF, 0xFF, 0x39, 0xDF, 0xFF, 0x39, 0xDF, 0xFF, 0x39, 0xDF, 0xFF, 0x29, 0x78, 0xEC, 0x00,
    0x00, 0xBF, 0x00, 0x00, 0xBF, 0x00, 0x00, 0xBF, 0x00, 0x00, 0xBF, 0x00, 0x00, 0xBF, 0x00, 0x00,
    0xBF, 0x00, 0x00, 0xBF, 0x00, 0x00, 0xBF, 0x00, 0x00, 0xBF, 0x31, 0x9A, 0xF2, 0x39, 0xDF, 0xFF,
    0x39, 0xDF, 0xFF, 0x39, 0xDF, 0xFF, 0x39, 0xDF, 0xFF, 0x39, 0xDF, 0xFF, 0x39, 0xDF, 0xFF, 0x39,
    0xDF, 0xFF, 0x08, 0x45, 0xC8, 0x00, 0x00, 0xBF, 0x00, 0x00, 0xBF, 0x00, 0x00, 0xBF, 0x00, 0x00,
    0xBF, 0x00, 0x00, 0xBF, 0x00, 0x00, 0xBF, 0x00, 0x00, 0xBF, 0x31, 0x9B, 0xF3, 0x39, 0xDF, 0xFF,
    0x39, 0xDF, 0xFF, 0x39, 0xDF, 0xFF, 0x39, 0xDF, 0xFF, 0x39, 0xDF, 0xFF, 0x39, 0xDF, 0xFF, 0x21,
    0x35, 0xE5, 0x00, 0x00, 0xBF, 0x00, 0x00, 0xBF, 0x00, 0x00, 0xBF, 0x00, 0x00, 0xBF, 0x00, 0x00,
    0xBF, 0x00, 0x00, 0xBF, 0x31, 0x9A, 0xF0, 0x39, 0xDF, 0xFF, 0x39, 0xDF, 0xFF, 0x39, 0xDF, 0xFF,
    0x39, 0xDF, 0xFF, 0x39, 0xDF, 0xFF, 0x39, 0xDF, 0xFF, 0x39, 0xDF, 0xFF, 0x39, 0xDF, 0xFF, 0x39,
    0xDF, 0xFF, 0x39, 0xDF, 0xFF, 0x39, 0xDF, 0xFF, 0x39, 0xDF, 0xFF, 0x18, 0xCE, 0xD7, 0x00, 0x00,
    0xBF, 0x00, 0x00, 0xBF, 0x00, 0x00, 0xBF, 0x00, 0x00, 0xBF, 0x00, 0x00, 0xBF, 0x00, 0x00, 0xBF,
    0x00, 0x00, 0xBF, 0x39, 0xDF, 0xFE, 0x39, 0xDF, 0xFF, 0x39, 0xDF, 0xFF, 0x39, 0xDF, 0xFF, 0x39,
    0xDF, 0xFF, 0x39, 0xDF, 0xFF, 0x39, 0xDF, 0xFF, 0x31, 0x9C, 0xF5, 0x00, 0x00, 0xBF, 0x00, 0x00,
    0xBF, 0x00, 0x00, 0xBF, 0x00, 0x00, 0xBF, 0x00, 0x00, 0xBF, 0x00, 0x00, 0xBF, 0x00, 0x00, 0xBF,
    0x00, 0x00, 0xBF, 0x00, 0x00, 0xBF, 0x08, 0x67, 0xCA, 0x31, 0xBD, 0xF9, 0x39, 0xDF, 0xFF, 0x39,
    0xDF, 0xFF, 0x39, 0xDF, 0xFF, 0x39, 0xDF, 0xFF, 0x39, 0xDF, 0xFF, 0x39, 0xDF, 0xFF, 0x39, 0xDF,
    0xFF, 0x39, 0xDF, 0xFF, 0x08, 0x68, 0xCC, 0x00, 0x00, 0xBF, 0x00, 0x00, 0xBF, 0x00, 0x00, 0xBF,
    0x00, 0x00, 0xBF, 0x00, 0x00, 0xBF, 0x00, 0x00, 0xBF, 0x00, 0x00, 0xBF, 0x00, 0x00, 0xBF, 0x00,
    0x00, 0xBF, 0x00, 0x00, 0xBF, 0x00, 0x00, 0xBF, 0x00, 0x00, 0xBF, 0x00, 0x00, 0xBF, 0x00, 0x00,
    0xBF, 0x00, 0x00, 0xBF, 0x00, 0x00, 0xBF, 0x00, 0x00, 0xBF, 0x00, 0x00, 0xBF, 0x00, 0x00, 0xBF,
    0x00, 0x00, 0xBF, 0x00, 0x00, 0xBF, 0x00, 0x00, 0xBF, 0x00, 0x00, 0xBF, 0x00, 0x00, 0xBF, 0x00,
    0x00, 0xBF, 0x00, 0x82, 0xC3, 0x45, 0x9B, 0xF4, 0x4E, 0x7F, 0xFF, 0x4E, 0x7F, 0xFF, 0x4E, 0x7F,
    0xFF, 0x4E, 0x7F, 0xFF, 0x4E, 0x7F, 0xFF, 0x4E, 0x7F, 0xFF, 0x4E, 0x7F, 0xFF, 0x4E, 0x7F, 0xFF,
    0x4E, 0x7F, 0xFF, 0x4E, 0x7F, 0xFF, 0x4E, 0x7F, 0xFF, 0x4E, 0x7F, 0xFF, 0x4E, 0x7F, 0xFF, 0x4E,
    0x7F, 0xFF, 0x4E, 0x7F, 0xFF, 0x4E, 0x7F, 0xFF, 0x4E, 0x7F, 0xFF, 0x4E, 0x7F, 0xFF, 0x4E, 0x7F,
    0xFF, 0x4E, 0x7F, 0xFF, 0x4E, 0x7F, 0xFF, 0x4E, 0x7F, 0xFF, 0x4E, 0x7F, 0xFF, 0x4E, 0x7F, 0xFF,
    0x35, 0x5C, 0xFF, 0x2D, 0x3C, 0xFF, 0x2D, 0x3C, 0xFF, 0x2D, 0x3C, 0xFF, 0x3D, 0xDE, 0xFF, 0x4E,
    0x7F, 0xFF, 0x4E, 0x7F, 0xFF, 0x4E, 0x7F, 0xFF, 0x4E, 0x7F, 0xFF, 0x4E, 0x7F, 0xFF, 0x4E, 0x7F,
    0xFF, 0x4E, 0x7F, 0xFF, 0x4E, 0x7F, 0xFF, 0x4E, 0x7F, 0xFF, 0x4E, 0x7F, 0xFF, 0x4E, 0x7F, 0xFF,
    0x4E, 0x7F, 0xFF, 0x4E, 0x7F, 0xFF, 0x4E, 0x7F, 0xFF, 0x4E, 0x7F, 0xFF, 0x4E, 0x7F, 0xFF, 0x4E,
    0x7F, 0xFF, 0x4E, 0x7F, 0xFF, 0x4E, 0x7F, 0xFF, 0x4E, 0x7F, 0xFF, 0x4E, 0x7F, 0xFF, 0x4E, 0x7F,
    0xFF, 0x4E, 0x7F, 0xFF, 0x4E, 0x7F, 0xFF, 0x4E, 0x7F, 0xFF, 0x4E, 0x7F, 0xFF, 0x4E, 0x7F, 0xFF,
    0x4E, 0x7F, 0xFF, 0x4E, 0x7F, 0xFF, 0x4E, 0x7F, 0xFF, 0x4E, 0x7F, 0xFF, 0x4E, 0x7F, 0xFF, 0x4E,
    0x7F, 0xFF, 0x4E, 0x7F, 0xFF, 0x4E, 0x7F, 0xFF, 0x4E, 0x7F, 0xFF, 0x4E, 0x7F, 0xFF, 0x4E, 0x7F,
    0xFF, 0x4E, 0x7F, 0xFF, 0x4E, 0x7F, 0xFF, 0x4E, 0x7F, 0xFF, 0x4E, 0x7F, 0xFF, 0x4E, 0x7F, 0xFF,
    0x4E, 0x5F, 0xFF, 0x23, 0x0E, 0xD8, 0x00, 0x00, 0xBF, 0x00, 0x00, 0xBF, 0x00, 0x00, 0xBF, 0x00,
    0x00, 0xBF, 0x00, 0x00, 0xBF, 0x00, 0x00, 0xBF, 0x00, 0x00, 0xBF, 0x00, 0x00, 0xBF, 0x00, 0x00,
    0xBF, 0x00, 0x00, 0xBF, 0x00, 0x00, 0xBF, 0x00, 0x00, 0xBF, 0x00, 0x00, 0xBF, 0x00, 0x00, 0xBF,
    0x00, 0x00, 0xBF, 0x00, 0x00, 0xBF, 0x00, 0x00, 0xBF, 0x00, 0x00, 0xBF, 0x00, 0x00, 0xBF, 0x00,
    0x00, 0xBF, 0x00, 0x00, 0xBF, 0x00, 0x00, 0xBF, 0x00, 0x00, 0xBF, 0x00, 0x00, 0xBF, 0x00, 0x00,
    0xBF, 0x00, 0x00, 0xBF, 0x07, 0x42, 0xF8, 0x07, 0xE2, 0xFF, 0x07, 0xE2, 0xFF, 0x07, 0xE2, 0xFF,
    0x07, 0xE2, 0xFF, 0x07, 0xE2, 0xFF, 0x07, 0xE2, 0xFF, 0x07, 0xE2, 0xFF, 0x07, 0xE2, 0xFF, 0x07,
    0xE2, 0xFF, 0x07, 0xE2, 0xFF, 0x07, 0x42, 0xF8, 0x00, 0x00, 0xBF, 0x00, 0x00, 0xBF, 0x00, 0x00,
    0xBF, 0x00, 0x00, 0xBF, 0x00, 0x00, 0xBF, 0x00, 0x00, 0xBF, 0x00, 0x00, 0xBF, 0x00, 0x00, 0xBF,
    0x00, 0x00, 0xBF, 0x00, 0x00, 0xBF, 0x18, 0xF0, 0xDB, 0x39, 0xDF, 0xFF, 0x39, 0xDF, 0xFF, 0x39,
    0xDF, 0xFF, 0x39, 0xDF, 0xFF, 0x39, 0xDF, 0xFF, 0x39, 0xDF, 0xFF, 0x39, 0xDF, 0xFF, 0x18, 0xCE,
    0xD8, 0x00, 0x00, 0xBF, 0x00, 0x00, 0xBF, 0x00, 0x00, 0xBF, 0x00, 0x00, 0xBF, 0x00, 0x00, 0xBF,
    0x00, 0x00, 0xBF, 0x00, 0x00, 0xBF, 0x00, 0x00, 0xBF, 0x00, 0x00, 0xBF, 0x00, 0x00, 0xBF, 0x00,
    0x00, 0xBF, 0x00, 0x00, 0xBF, 0x00, 0x00, 0xBF, 0x00, 0x00, 0xBF, 0x00, 0x00, 0xBF, 0x00, 0x00,
    0xBF, 0x00, 0x00, 0xBF, 0x00, 0x00, 0xBF, 0x00, 0x00, 0xBF, 0x08, 0x67, 0xCB, 0x39, 0xDF, 0xFF,
    0x39, 0xDF, 0xFF, 0x39, 0xDF, 0xFF, 0x39, 0xDF, 0xFF, 0x39, 0xDF, 0xFF, 0x39, 0xDF, 0xFF, 0x39,
    0xDF, 0xFF, 0x39, 0xDF, 0xFF, 0x29, 0x57, 0xEA, 0x00, 0x00, 0xC0, 0x00, 0x00, 0xBF, 0x00, 0x00,
    0xBF, 0x00, 0x00, 0xBF, 0x00, 0x00, 0xBF, 0x00, 0x00, 0xBF, 0x00, 0x00, 0xBF, 0x00, 0x00, 0xBF,
    0x00, 0x00, 0xBF, 0x08, 0x44, 0xC5, 0x31, 0xBC, 0xF6, 0x39, 0xDF, 0xFF, 0x39, 0xDF, 0xFF, 0x39,
    0xDF, 0xFF, 0x39, 0xDF, 0xFF, 0x39, 0xDF, 0xFF, 0x39, 0xDF, 0xFF, 0x39, 0xDF, 0xFF, 0x31, 0xBC,
    0xF7, 0x00, 0x00, 0xC0, 0x00, 0x00, 0xBF, 0x00, 0x00, 0xBF, 0x00, 0x00, 0xBF, 0x00, 0x00, 0xBF,
    0x00, 0x00, 0xBF, 0x00, 0x00, 0xBF, 0x00, 0x01, 0xC1, 0x39, 0xDF, 0xFD, 0x39, 0xDF, 0xFF, 0x39,
    0xDF, 0xFF, 0x39, 0xDF, 0xFF, 0x39, 0xDF, 0xFF, 0x39, 0xDF, 0xFF, 0x39, 0xDF, 0xFF, 0x39, 0xDF,
    0xFD, 0x08, 0x45, 0xC8, 0x00, 0x00, 0xBF, 0x00, 0x00, 0xBF, 0x00, 0x00, 0xBF, 0x00, 0x00, 0xBF,
    0x00, 0x00, 0xBF, 0x00, 0x00, 0xBF, 0x00, 0x00, 0xBF, 0x10, 0x88, 0xCD, 0x39, 0xDF, 0xFF, 0x39,
    0xDF, 0xFF, 0x39, 0xDF, 0xFF, 0x39, 0xDF, 0xFF, 0x39, 0xDF, 0xFF, 0x39, 0xDF, 0xFF, 0x39, 0xDF,
    0xFF, 0x31, 0xBD, 0xF9, 0x00, 0x00, 0xBF, 0x00, 0x00, 0xBF, 0x00, 0x00, 0xBF, 0x00, 0x00, 0xBF,
    0x00, 0x00, 0xBF, 0x00, 0x00, 0xBF, 0x00, 0x00, 0xBF, 0x00, 0x00, 0xBF, 0x31, 0x9B, 0xF3, 0x39,
    0xDF, 0xFF, 0x39, 0xDF, 0xFF, 0x39, 0xDF, 0xFF, 0x39, 0xDF, 0xFF, 0x39, 0xDF, 0xFF, 0x39, 0xDF,
    0xFF, 0x21, 0x35, 0xE5, 0x00, 0x00, 0xBF, 0x00, 0x00, 0xBF, 0x00, 0x00, 0xBF, 0x00, 0x00, 0xBF,
    0x00, 0x00, 0xBF, 0x00, 0x00, 0xBF, 0x10, 0x89, 0xCF, 0x39, 0xDF, 0xFF, 0x39, 0xDF, 0xFF, 0x39,
    0xDF, 0xFF, 0x39, 0xDF, 0xFF, 0x39, 0xDF, 0xFF, 0x39, 0xDF, 0xFF, 0x39, 0xDF, 0xFF, 0x39, 0xDF,
    0xFF, 0x39, 0xDF, 0xFF, 0x39, 0xDF, 0xFF, 0x39, 0xDF, 0xFF, 0x39, 0xDF, 0xFF, 0x18, 0xCE, 0xD7,
    0x00, 0x00, 0xBF, 0x00, 0x00, 0xBF, 0x00, 0x00, 0xBF, 0x00, 0x00, 0xBF, 0x00, 0x00, 0xBF, 0x00,
    0x00, 0xBF, 0x00, 0x00, 0xBF, 0x39, 0xDF, 0xFE, 0x39, 0xDF, 0xFF, 0x39, 0xDF, 0xFF, 0x39, 0xDF,
    0xFF, 0x39, 0xDF, 0xFF, 0x39, 0xDF, 0xFF, 0x39, 0xDF, 0xFF, 0x31, 0x9C, 0xF5, 0x00, 0x00, 0xBF,
    0x00, 0x00, 0xBF, 0x00, 0x00, 0xBF, 0x00, 0x00, 0xBF, 0x00, 0x00, 0xBF, 0x00, 0x00, 0xBF, 0x00,
    0x00, 0xBF, 0x00, 0x01, 0xC2, 0x18, 0xF0, 0xDB, 0x39, 0xDF, 0xFD, 0x39, 0xDF, 0xFF, 0x39, 0xDF,
    0xFF, 0x39, 0xDF, 0xFF, 0x39, 0xDF, 0xFF, 0x39, 0xDF, 0xFF, 0x39, 0xDF, 0xFF, 0x39, 0xDF, 0xFF,
    0x39, 0xDF, 0xFF, 0x29, 0x57, 0xEB, 0x00, 0x00, 0xBF, 0x00, 0x00, 0xBF, 0x00, 0x00, 0xBF, 0x00,
    0x00, 0xBF, 0x00, 0x00, 0xBF, 0x00, 0x00, 0xBF, 0x00, 0x00, 0xBF, 0x00, 0x00, 0xBF, 0x00, 0x00,
    0xBF, 0x00, 0x00, 0xBF, 0x00, 0x00, 0xBF, 0x00, 0x00, 0xBF, 0x00, 0x00, 0xBF, 0x00, 0x00, 0xBF,
    0x00, 0x00, 0xBF, 0x00, 0x00, 0xBF, 0x00, 0x00, 0xBF, 0x00, 0x00, 0xBF, 0x00, 0x00, 0xBF, 0x00,
    0x00, 0xBF, 0x00, 0x00, 0xBF, 0x00, 0x00, 0xBF, 0x00, 0x00, 0xBF, 0x00, 0x00, 0xBF, 0x00, 0x00,
    0xBF, 0x00, 0x00, 0xBF, 0x00, 0x00, 0xBF, 0x09, 0x05, 0xC7, 0x45, 0xFD, 0xF8, 0x4E, 0x7F, 0xFF,
    0x4E, 0x7F, 0xFF, 0x4E, 0x7F, 0xFF, 0x4E, 0x7F, 0xFF, 0x4E, 0x7F, 0xFF, 0x4E, 0x7F, 0xFF, 0x4E,
    0x7F, 0xFF, 0x4E, 0x7F, 0xFF, 0x4E, 0x7F, 0xFF, 0x4E, 0x7F, 0xFF, 0x4E, 0x7F, 0xFF, 0x4E, 0x7F,
    0xFF, 0x4E, 0x7F, 0xFF, 0x4E, 0x7F, 0xFF, 0x4E, 0x7F, 0xFF, 0x4E, 0x7F, 0xFF, 0x4E, 0x7F, 0xFF,
    0x4E, 0x7F, 0xFF, 0x4E, 0x7F, 0xFF, 0x4E, 0x7F, 0xFF, 0x4E, 0x7F, 0xFF, 0x4E, 0x7F, 0xFF, 0x4E,
    0x5F, 0xFF, 0x2D, 0x3C, 0xFF, 0x2D, 0x3C, 0xFF, 0x2D, 0x3C, 0xFF, 0x2D, 0x3C, 0xFF, 0x46, 0x1E,
    0xFF, 0x4E, 0x7F, 0xFF, 0x4E, 0x7F, 0xFF, 0x4E, 0x7F, 0xFF, 0x4E, 0x7F, 0xFF, 0x4E, 0x7F, 0xFF,
    0x4E, 0x7F, 0xFF, 0x4E, 0x7F, 0xFF, 0x4E, 0x7F, 0xFF, 0x4E, 0x7F, 0xFF, 0x4E, 0x7F, 0xFF, 0x4E,
    0x7F, 0xFF, 0x4E, 0x7F, 0xFF, 0x4E, 0x7F, 0xFF, 0x4E, 0x7F, 0xFF, 0x4E, 0x7F, 0xFF, 0x4E, 0x7F,
    0xFF, 0x4E, 0x7F, 0xFF, 0x4E, 0x7F, 0xFF, 0x4E, 0x7F, 0xFF, 0x4E, 0x7F, 0xFF, 0x4E, 0x7F, 0xFF,
    0x4E, 0x7F, 0xFF, 0x4E, 0x7F, 0xFF, 0x4E, 0x7F, 0xFF, 0x4E, 0x7F, 0xFF, 0x4E, 0x7F, 0xFF, 0x4E,
    0x7F, 0xFF, 0x4E, 0x7F, 0xFF, 0x4E, 0x7F, 0xFF, 0x4E, 0x7F, 0xFF, 0x4E, 0x7F, 0xFF, 0x4E, 0x7F,
    0xFF, 0x4E, 0x7F, 0xFF, 0x4E, 0x7F, 0xFF, 0x4E, 0x7F, 0xFF, 0x4E, 0x7F, 0xFF, 0x4E, 0x7F, 0xFF,
    0x4E, 0x7F, 0xFF, 0x4E, 0x7F, 0xFF, 0x4E, 0x7F, 0xFF, 0x4E, 0x7F, 0xFF, 0x4E, 0x7F, 0xFF, 0x4E,
    0x7F, 0xFF, 0x2B, 0xD3, 0xE1, 0x00, 0x00, 0xBF, 0x00, 0x00, 0xBF, 0x00, 0x00, 0xBF, 0x00, 0x00,
    0xBF, 0x00, 0x00, 0xBF, 0x00, 0x00, 0xBF, 0x00, 0x00, 0xBF, 0x00, 0x00, 0xBF, 0x00, 0x00, 0xBF,
    0x00, 0x00, 0xBF, 0x00, 0x00, 0xBF, 0x00, 0x00, 0xBF, 0x00, 0x00, 0xBF, 0x00, 0x00, 0xBF, 0x00,
    0x00, 0xBF, 0x00, 0x00, 0xBF, 0x00, 0x00, 0xBF, 0x00, 0x00, 0xBF, 0x00, 0x00, 0xBF, 0x00, 0x00,
    0xBF, 0x00, 0x00, 0xBF, 0x00, 0x00, 0xBF, 0x00, 0x00, 0xBF, 0x00, 0x00, 0xBF, 0x00, 0x00, 0xBF,
    0x00, 0x00, 0xBF, 0x00, 0x00, 0xBF, 0x07, 0x42, 0xF8, 0x07, 0xE2, 0xFF, 0x07, 0xE2, 0xFF, 0x07,
    0xE2, 0xFF, 0x07, 0xE2, 0xFF, 0x07, 0xE2, 0xFF, 0x07, 0xE2, 0xFF, 0x07, 0xE2, 0xFF, 0x07, 0xE2,
    0xFF, 0x07, 0xE2, 0xFF, 0x07, 0xE2, 0xFF, 0x07, 0x42, 0xF8, 0x00, 0x00, 0xBF, 0x00, 0x00, 0xBF,
    0x00, 0x00, 0xBF, 0x00, 0x00, 0xBF, 0x00, 0x00, 0xBF, 0x00, 0x00, 0xBF, 0x00, 0x00, 0xBF, 0x00,
    0x00, 0xBF, 0x00, 0x00, 0xBF, 0x00, 0x00, 0xBF, 0x18, 0xF0, 0xDB, 0x39, 0xDF, 0xFF, 0x39, 0xDF,
    0xFF, 0x39, 0xDF, 0xFF, 0x39, 0xDF, 0xFF, 0x39, 0xDF, 0xFF, 0x39, 0xDF, 0xFF, 0x39, 0xDF, 0xFF,
    0x18, 0xCE, 0xD8, 0x00, 0x00, 0xBF, 0x00, 0x00, 0xBF, 0x00, 0x00, 0xBF, 0x00, 0x00, 0xBF, 0x00,
    0x00, 0xBF, 0x00, 0x00, 0xBF, 0x00, 0x00, 0xBF, 0x00, 0x00, 0xBF, 0x00, 0x00, 0xBF, 0x00, 0x00,
    0xBF, 0x00, 0x00, 0xBF, 0x00, 0x00, 0xBF, 0x00, 0x00, 0xBF, 0x00, 0x00, 0xBF, 0x00, 0x00, 0xBF,
    0x00, 0x00, 0xBF, 0x00, 0x00, 0xBF, 0x00, 0x00, 0xBF, 0x00, 0x00, 0xBF, 0x00, 0x00, 0xBF, 0x29,
    0x57, 0xE9, 0x39, 0xDF, 0xFF, 0x39, 0xDF, 0xFF, 0x39, 0xDF, 0xFF, 0x39, 0xDF, 0xFF, 0x39, 0xDF,
    0xFF, 0x39, 0xDF, 0xFF, 0x39, 0xDF, 0xFF, 0x39, 0xDF, 0xFF, 0x29, 0x78, 0xEC, 0x08, 0x44, 0xC6,
    0x00, 0x00, 0xBF, 0x00, 0x00, 0xBF, 0x00, 0x00, 0xBF, 0x00, 0x00, 0xBF, 0x00, 0x00, 0xBF, 0x00,
    0x00, 0xBF, 0x10, 0x89, 0xCE, 0x31, 0xBC, 0xF6, 0x39, 0xDF, 0xFF, 0x39, 0xDF, 0xFF, 0x39, 0xDF,
    0xFF, 0x39, 0xDF, 0xFF, 0x39, 0xDF, 0xFF, 0x39, 0xDF, 0xFF, 0x39, 0xDF, 0xFF, 0x39, 0xDF, 0xFF,
    0x18, 0xCD, 0xD6, 0x00, 0x00, 0xBF, 0x00, 0x00, 0xBF, 0x00, 0x00, 0xBF, 0x00, 0x00, 0xBF, 0x00,
    0x00, 0xBF, 0x00, 0x00, 0xBF, 0x00, 0x00, 0xBF, 0x00, 0x00, 0xBF, 0x29, 0x78, 0xEC, 0x39, 0xDF,
    0xFF, 0x39, 0xDF, 0xFF, 0x39, 0xDF, 0xFF, 0x39, 0xDF, 0xFF, 0x39, 0xDF, 0xFF, 0x39, 0xDF, 0xFF,
    0x39, 0xDF, 0xFF, 0x31, 0x9B, 0xF3, 0x08, 0x44, 0xC6, 0x00, 0x00, 0xBF, 0x00, 0x00, 0xBF, 0x00,
    0x00, 0xBF, 0x00, 0x00, 0xBF, 0x00, 0x00, 0xBF, 0x08, 0x45, 0xC8, 0x31, 0xBC, 0xF6, 0x39, 0xDF,
    0xFF, 0x39, 0xDF, 0xFF, 0x39, 0xDF, 0xFF, 0x39, 0xDF, 0xFF, 0x39, 0xDF, 0xFF, 0x39, 0xDF, 0xFF,
    0x39, 0xDF, 0xFF, 0x29, 0x55, 0xE7, 0x00, 0x00, 0xBF, 0x00, 0x00, 0xBF, 0x00, 0x00, 0xBF, 0x00,
    0x00, 0xBF, 0x00, 0x00, 0xBF, 0x00, 0x00, 0xBF, 0x00, 0x00, 0xBF, 0x00, 0x00, 0xBF, 0x31, 0x9B,
    0xF3, 0x39, 0xDF, 0xFF, 0x39, 0xDF, 0xFF, 0x39, 0xDF, 0xFF, 0x39, 0xDF, 0xFF, 0x39, 0xDF, 0xFF,
    0x39, 0xDF, 0xFF, 0x21, 0x35, 0xE5, 0x00, 0x00, 0xBF, 0x00, 0x00, 0xBF, 0x00, 0x00, 0xBF, 0x00,
    0x00, 0xBF, 0x00, 0x00, 0xBF, 0x00, 0x00, 0xBF, 0x00, 0x00, 0xBF, 0x29, 0x78, 0xEC, 0x39, 0xDF,
    0xFF, 0x39, 0xDF, 0xFF, 0x39, 0xDF, 0xFF, 0x39, 0xDF, 0xFF, 0x39, 0xDF, 0xFF, 0x39, 0xDF, 0xFF,
    0x39, 0xDF, 0xFF, 0x39, 0xDF, 0xFF, 0x39, 0xDF, 0xFF, 0x39, 0xDF, 0xFF, 0x39, 0xDF, 0xFF, 0x18,
    0xCE, 0xD7, 0x00, 0x00, 0xBF, 0x00, 0x00, 0xBF, 0x00, 0x00, 0xBF, 0x00, 0x00, 0xBF, 0x00, 0x00,
    0xBF, 0x00, 0x00, 0xBF, 0x00, 0x00, 0xBF, 0x39, 0xDF, 0xFE, 0x39, 0xDF, 0xFF, 0x39, 0xDF, 0xFF,
    0x39, 0xDF, 0xFF, 0x39, 0xDF, 0xFF, 0x39, 0xDF, 0xFF, 0x39, 0xDF, 0xFF, 0x31, 0xBC, 0xF6, 0x00,
    0x22, 0xC3, 0x00, 0x22, 0xC3, 0x00, 0x23, 0xC5, 0x08, 0x46, 0xC9, 0x10, 0x88, 0xCD, 0x18, 0xCE,
    0xD8, 0x21, 0x35, 0xE6, 0x31, 0xBE, 0xFA, 0x39, 0xDF, 0xFF, 0x39, 0xDF, 0xFF, 0x39, 0xDF, 0xFF,
    0x39, 0xDF, 0xFF, 0x39, 0xDF, 0xFF, 0x39, 0xDF, 0xFF, 0x39, 0xDF, 0xFF, 0x39, 0xDF, 0xFF, 0x39,
    0xDF, 0xFF, 0x31, 0xBE, 0xFB, 0x08, 0x44, 0xC7, 0x00, 0x00, 0xBF, 0x00, 0x00, 0xBF, 0x00, 0x00,
    0xBF, 0x00, 0x00, 0xBF, 0x00, 0x00, 0xBF, 0x00, 0x00, 0xBF, 0x00, 0x00, 0xBF, 0x00, 0x00, 0xBF,
    0x00, 0x00, 0xBF, 0x00, 0x00, 0xBF, 0x00, 0x00, 0xBF, 0x00, 0x00, 0xBF, 0x00, 0x00, 0xBF, 0x00,
    0x00, 0xBF, 0x00, 0x00, 0xBF, 0x00, 0x00, 0xBF, 0x00, 0x00, 0xBF, 0x00, 0x00, 0xBF, 0x00, 0x00,
    0xBF, 0x00, 0x00, 0xBF, 0x00, 0x00, 0xBF, 0x00, 0x00, 0xBF, 0x00, 0x00, 0xBF, 0x00, 0x00, 0xBF,
    0x00, 0x00, 0xBF, 0x00, 0x00, 0xBF, 0x00, 0x00, 0xBF, 0x00, 0x00, 0xBF, 0x11, 0x87, 0xCC, 0x4E,
    0x1E, 0xFA, 0x4E, 0x7F, 0xFF, 0x4E, 0x7F, 0xFF, 0x4E, 0x7F, 0xFF, 0x4E, 0x7F, 0xFF, 0x4E, 0x7F,
    0xFF, 0x4E, 0x7F, 0xFF, 0x4E, 0x7F, 0xFF, 0x4E, 0x7F, 0xFF, 0x4E, 0x7F, 0xFF, 0x4E, 0x7F, 0xFF,
    0x4E, 0x7F, 0xFF, 0x4E, 0x7F, 0xFF, 0x4E, 0x7F, 0xFF, 0x4E, 0x7F, 0xFF, 0x4E, 0x7F, 0xFF, 0x4E,
    0x7F, 0xFF, 0x4E, 0x7F, 0xFF, 0x4E, 0x7F, 0xFF, 0x4E, 0x7F, 0xFF, 0x4E, 0x7F, 0xFF, 0x4E, 0x7F,
    0xFF, 0x46, 0x1F, 0xFF, 0x2D, 0x3C, 0xFF, 0x2D, 0x3C, 0xFF, 0x2D, 0x3C, 0xFF, 0x2D, 0x3C, 0xFF,
    0x4E, 0x5F, 0xFF, 0x4E, 0x7F, 0xFF, 0x4E, 0x7F, 0xFF, 0x4E, 0x7F, 0xFF, 0x4E, 0x7F, 0xFF, 0x4E,
    0x7F, 0xFF, 0x4E, 0x7F, 0xFF, 0x4E, 0x7F, 0xFF, 0x4E, 0x7F, 0xFF, 0x4E, 0x7F, 0xFF, 0x4E, 0x7F,
    0xFF, 0x4E, 0x7F, 0xFF, 0x4E, 0x7F, 0xFF, 0x4E, 0x7F, 0xFF, 0x4E, 0x7F, 0xFF, 0x4E, 0x7F, 0xFF,
    0x4E, 0x7F, 0xFF, 0x4E, 0x7F, 0xFF, 0x4E, 0x7F, 0xFF, 0x4E, 0x7F, 0xFF, 0x4E, 0x7F, 0xFF, 0x4E,
    0x7F, 0xFF, 0x4E, 0x7F, 0xFF, 0x4E, 0x7F, 0xFF, 0x4E, 0x7F, 0xFF, 0x4E, 0x7F, 0xFF, 0x4E, 0x7F,
    0xFF, 0x4E, 0x7F, 0xFF, 0x4E, 0x7F, 0xFF, 0x4E, 0x7F, 0xFF, 0x4E, 0x7F, 0xFF, 0x4E, 0x7F, 0xFF,
    0x4E, 0x7F, 0xFF, 0x4E, 0x7F, 0xFF, 0x4E, 0x7F, 0xFF, 0x4E, 0x7F, 0xFF, 0x4E, 0x7F, 0xFF, 0x4E,
    0x7F, 0xFF, 0x4E, 0x7F, 0xFF, 0x4E, 0x7F, 0xFF, 0x4E, 0x7F, 0xFF, 0x4E, 0x7F, 0xFF, 0x4E, 0x7F,
    0xFF, 0x34, 0x76, 0xE7, 0x00, 0x00, 0xC0, 0x00, 0x00, 0xBF, 0x00, 0x00, 0xBF, 0x00, 0x00, 0xBF,
    0x00, 0x00, 0xBF, 0x00, 0x00, 0xBF, 0x00, 0x00, 0xBF, 0x00, 0x00, 0xBF, 0x00, 0x00, 0xBF, 0x00,
    0x00, 0xBF, 0x00, 0x00, 0xBF, 0x00, 0x00, 0xBF, 0x00, 0x00, 0xBF, 0x00, 0x00, 0xBF, 0x00, 0x00,
    0xBF, 0x00, 0x00, 0xBF, 0x00, 0x00, 0xBF, 0x00, 0x00, 0xBF, 0x00, 0x00, 0xBF, 0x00, 0x00, 0xBF,
    0x00, 0x00, 0xBF, 0x00, 0x00, 0xBF, 0x00, 0x00, 0xBF, 0x00, 0x00, 0xBF, 0x00, 0x00, 0xBF, 0x00,
    0x00, 0xBF, 0x00, 0x00, 0xBF, 0x00, 0x00, 0xBF, 0x07, 0x42, 0xF8, 0x07, 0xE2, 0xFF, 0x07, 0xE2,
    0xFF, 0x07, 0xE2, 0xFF, 0x07, 0xE2, 0xFF, 0x07, 0xE2, 0xFF, 0x07, 0xE2, 0xFF, 0x07, 0xE2, 0xFF,
    0x07, 0xE2, 0xFF, 0x07, 0xE2, 0xFF, 0x07, 0xE2, 0xFF, 0x07, 0x42, 0xF8, 0x00, 0x00, 0xBF, 0x00,
    0x00, 0xBF, 0x00, 0x00, 0xBF, 0x00, 0x00, 0xBF, 0x00, 0x00, 0xBF, 0x00, 0x00, 0xBF, 0x00, 0x00,
    0xBF, 0x00, 0x00, 0xBF, 0x00, 0x00, 0xBF, 0x00, 0x00, 0xBF, 0x18, 0xF0, 0xDB, 0x39, 0xDF, 0xFF,
    0x39, 0xDF, 0xFF, 0x39, 0xDF, 0xFF, 0x39, 0xDF, 0xFF, 0x39, 0xDF, 0xFF, 0x39, 0xDF, 0xFF, 0x39,
    0xDF, 0xFF, 0x18, 0xCE, 0xD8, 0x00, 0x00, 0xBF, 0x00, 0x00, 0xBF, 0x00, 0x00, 0xBF, 0x00, 0x00,
    0xBF, 0x00, 0x00, 0xBF, 0x00, 0x00, 0xBF, 0x00, 0x00, 0xBF, 0x00, 0x00, 0xBF, 0x00, 0x00, 0xBF,
    0x00, 0x00, 0xBF, 0x00, 0x00, 0xBF, 0x00, 0x00, 0xBF, 0x00, 0x00, 0xBF, 0x00, 0x00, 0xBF, 0x00,
    0x00, 0xBF, 0x00, 0x00, 0xBF, 0x00, 0x00, 0xBF, 0x00, 0x00, 0xBF, 0x00, 0x00, 0xBF, 0x00, 0x00,
    0xBF, 0x08, 0x44, 0xC5, 0x31, 0xBE, 0xFA, 0x39, 0xDF, 0xFF, 0x39, 0xDF, 0xFF, 0x39, 0xDF, 0xFF,
    0x39, 0xDF, 0xFF, 0x39, 0xDF, 0xFF, 0x39, 0xDF, 0xFF, 0x39, 0xDF, 0xFF, 0x39, 0xDF, 0xFF, 0x39,
    0xDE, 0xFC, 0x29, 0x56, 0xE9, 0x18, 0xCF, 0xD9, 0x10, 0xAB, 0xD2, 0x10, 0xAC, 0xD4, 0x18, 0xF0,
    0xDC, 0x29, 0x79, 0xEF, 0x39, 0xDF, 0xFE, 0x39, 0xDF, 0xFF, 0x39, 0xDF, 0xFF, 0x39, 0xDF, 0xFF,
    0x39, 0xDF, 0xFF, 0x39, 0xDF, 0xFF, 0x39, 0xDF, 0xFF, 0x39, 0xDF, 0xFF, 0x39, 0xDF, 0xFF, 0x29,
    0x78, 0xED, 0x00, 0x00, 0xBF, 0x00, 0x00, 0xBF, 0x00, 0x00, 0xBF, 0x00, 0x00, 0xBF, 0x00, 0x00,
    0xBF, 0x00, 0x00, 0xBF, 0x00, 0x00, 0xBF, 0x00, 0x00, 0xBF, 0x00, 0x00, 0xBF, 0x10, 0x8A, 0xCF,
    0x39, 0xDF, 0xFF, 0x39, 0xDF, 0xFF, 0x39, 0xDF, 0xFF, 0x39, 0xDF, 0xFF, 0x39, 0xDF, 0xFF, 0x39,
    0xDF, 0xFF, 0x39, 0xDF, 0xFF, 0x39, 0xDF, 0xFF, 0x39, 0xDE, 0xFC, 0x29, 0x56, 0xE7, 0x18, 0xEF,
    0xDA, 0x18, 0xCD, 0xD6, 0x18, 0xF0, 0xDB, 0x29, 0x56, 0xE9, 0x39, 0xDF, 0xFD, 0x39, 0xDF, 0xFF,
    0x39, 0xDF, 0xFF, 0x39, 0xDF, 0xFF, 0x39, 0xDF, 0xFF, 0x39, 0xDF, 0xFF, 0x39, 0xDF, 0xFF, 0x39,
    0xDF, 0xFF, 0x39, 0xDF, 0xFF, 0x08, 0x67, 0xCA, 0x00, 0x00, 0xBF, 0x00, 0x00, 0xBF, 0x00, 0x00,
    0xBF, 0x00, 0x00, 0xBF, 0x00, 0x00, 0xBF, 0x00, 0x00, 0xBF, 0x00, 0x00, 0xBF, 0x00, 0x00, 0xBF,
    0x31, 0x9B, 0xF3, 0x39, 0xDF, 0xFF, 0x39, 0xDF, 0xFF, 0x39, 0xDF, 0xFF, 0x39, 0xDF, 0xFF, 0x39,
    0xDF, 0xFF, 0x39, 0xDF, 0xFF, 0x21, 0x35, 0xE5, 0x00, 0x00, 0xBF, 0x00, 0x00, 0xBF, 0x00, 0x00,
    0xBF, 0x00, 0x00, 0xBF, 0x00, 0x00, 0xBF, 0x00, 0x00, 0xBF, 0x00, 0x00, 0xBF, 0x08, 0x67, 0xCB,
    0x39, 0xDF, 0xFE, 0x39, 0xDF, 0xFF, 0x39, 0xDF, 0xFF, 0x39, 0xDF, 0xFF, 0x39, 0xDF, 0xFF, 0x39,
    0xDF, 0xFF, 0x39, 0xDF, 0xFF, 0x39, 0xDF, 0xFF, 0x39, 0xDF, 0xFF, 0x39, 0xDF, 0xFF, 0x39, 0xDF,
    0xFF, 0x18, 0xCE, 0xD7, 0x00, 0x00, 0xBF, 0x00, 0x00, 0xBF, 0x00, 0x00, 0xBF, 0x00, 0x00, 0xBF,
    0x00, 0x00, 0xBF, 0x00, 0x00, 0xBF, 0x00, 0x00, 0xBF, 0x39, 0xDF, 0xFE, 0x39, 0xDF, 0xFF, 0x39,
    0xDF, 0xFF, 0x39, 0xDF, 0xFF, 0x39, 0xDF, 0xFF, 0x39, 0xDF, 0xFF, 0x39, 0xDF, 0xFF, 0x39, 0xDF,
    0xFF, 0x39, 0xDF, 0xFF, 0x39, 0xDF, 0xFF, 0x39, 0xDF, 0xFF, 0x39, 0xDF, 0xFF, 0x39, 0xDF, 0xFF,
    0x39, 0xDF, 0xFF, 0x39, 0xDF, 0xFF, 0x39, 0xDF, 0xFF, 0x39, 0xDF, 0xFF, 0x39, 0xDF, 0xFF, 0x39,
    0xDF, 0xFF, 0x39, 0xDF, 0xFF, 0x39, 0xDF, 0xFF, 0x39, 0xDF, 0xFF, 0x39, 0xDF, 0xFF, 0x39, 0xDF,
    0xFF, 0x39, 0xDF, 0xFE, 0x10, 0xAB, 0xD2, 0x00, 0x00, 0xBF, 0x00, 0x00, 0xBF, 0x00, 0x00, 0xBF,
    0x00, 0x00, 0xBF, 0x00, 0x00, 0xBF, 0x00, 0x00, 0xBF, 0x00, 0x00, 0xBF, 0x00, 0x00, 0xBF, 0x00,
    0x00, 0xBF, 0x00, 0x00, 0xBF, 0x00, 0x00, 0xBF, 0x00, 0x00, 0xBF, 0x00, 0x00, 0xBF, 0x00, 0x00,
    0xBF, 0x00, 0x00, 0xBF, 0x00, 0x00, 0xBF, 0x00, 0x00, 0xBF, 0x00, 0x00, 0xBF, 0x00, 0x00, 0xBF,
    0x00, 0x00, 0xBF, 0x00, 0x00, 0xBF, 0x00, 0x00, 0xBF, 0x00, 0x00, 0xBF, 0x00, 0x00, 0xBF, 0x00,
    0x00, 0xBF, 0x00, 0x00, 0xBF, 0x00, 0x00, 0xBF, 0x00, 0x00, 0xBF, 0x00, 0x00, 0xBF, 0x00, 0x00,
    0xBF, 0x11, 0xC9, 0xCE, 0x4E, 0x1E, 0xFB, 0x4E, 0x7F, 0xFF, 0x4E, 0x7F, 0xFF, 0x4E, 0x7F, 0xFF,
    0x4E, 0x7F, 0xFF, 0x4E, 0x7F, 0xFF, 0x4E, 0x7F, 0xFF, 0x4E, 0x7F, 0xFF, 0x4E, 0x7F, 0xFF, 0x4E,
    0x7F, 0xFF, 0x4E, 0x7F, 0xFF, 0x4E, 0x7F, 0xFF, 0x4E, 0x7F, 0xFF, 0x4E, 0x7F, 0xFF, 0x4E, 0x7F,
    0xFF, 0x4E, 0x7F, 0xFF, 0x4E, 0x7F, 0xFF, 0x4E, 0x7F, 0xFF, 0x4E, 0x7F, 0xFF, 0x4E, 0x7F, 0xFF,
    0x4E, 0x7F, 0xFF, 0x4E, 0x5F, 0xFF, 0x35, 0x7C, 0xFF, 0x2D, 0x3C, 0xFF, 0x2D, 0x3C, 0xFF, 0x3D,
    0xBD, 0xFF, 0x4E, 0x7F, 0xFF, 0x4E, 0x7F, 0xFF, 0x4E, 0x7F, 0xFF, 0x4E, 0x7F, 0xFF, 0x4E, 0x7F,
    0xFF, 0x4E, 0x7F, 0xFF, 0x4E, 0x7F, 0xFF, 0x4E, 0x7F, 0xFF, 0x4E, 0x7F, 0xFF, 0x4E, 0x7F, 0xFF,
    0x4E, 0x7F, 0xFF, 0x4E, 0x7F, 0xFF, 0x4E, 0x7F, 0xFF, 0x4E, 0x7F, 0xFF, 0x4E, 0x7F, 0xFF, 0x4E,
    0x7F, 0xFF, 0x4E, 0x7F, 0xFF, 0x4E, 0x7F, 0xFF, 0x4E, 0x7F, 0xFF, 0x4E, 0x7F, 0xFF, 0x4E, 0x7F,
    0xFF, 0x4E, 0x7F, 0xFF, 0x4E, 0x7F, 0xFF, 0x4E, 0x7F, 0xFF, 0x4E, 0x7F, 0xFF, 0x4E, 0x7F, 0xFF,
    0x4E, 0x7F, 0xFF, 0x4E, 0x7F, 0xFF, 0x4E, 0x7F, 0xFF, 0x4E, 0x7F, 0xFF, 0x4E, 0x7F, 0xFF, 0x4E,
    0x7F, 0xFF, 0x4E, 0x7F, 0xFF, 0x4E, 0x7F, 0xFF, 0x4E, 0x7F, 0xFF, 0x4E, 0x7F, 0xFF, 0x4E, 0x7F,
    0xFF, 0x4E, 0x7F, 0xFF, 0x4E, 0x7F, 0xFF, 0x4E, 0x7F, 0xFF, 0x4E, 0x7F, 0xFF, 0x4E, 0x7F, 0xFF,
    0x3C, 0xB7, 0xE9, 0x00, 0x20, 0xC0, 0x00, 0x00, 0xBF, 0x00, 0x00, 0xBF, 0x00, 0x00, 0xBF, 0x00,
    0x00, 0xBF, 0x00, 0x00, 0xBF, 0x00, 0x00, 0xBF, 0x00, 0x00, 0xBF, 0x00, 0x00, 0xBF, 0x00, 0x00,
    0xBF, 0x00, 0x00, 0xBF, 0x00, 0x00, 0xBF, 0x00, 0x00, 0xBF, 0x00, 0x00, 0xBF, 0x00, 0x00, 0xBF,
    0x00, 0x00, 0xBF, 0x00, 0x00, 0xBF, 0x00, 0x00, 0xBF, 0x00, 0x00, 0xBF, 0x00, 0x00, 0xBF, 0x00,
    0x00, 0xBF, 0x00, 0x00, 0xBF, 0x00, 0x00, 0xBF, 0x00, 0x00, 0xBF, 0x00, 0x00, 0xBF, 0x00, 0x00,
    0xBF, 0x00, 0x00, 0xBF, 0x00, 0x00, 0xBF, 0x00, 0x00, 0xBF, 0x07, 0x42, 0xF8, 0x07, 0xE2, 0xFF,
    0x07, 0xE2, 0xFF, 0x07, 0xE2, 0xFF, 0x07, 0xE2, 0xFF, 0x07, 0xE2, 0xFF, 0x07, 0xE2, 0xFF, 0x07,
    0xE2, 0xFF, 0x07, 0xE2, 0xFF, 0x07, 0xE2, 0xFF, 0x07, 0xE2, 0xFF, 0x07, 0x42, 0xF8, 0x00, 0x00,
    0xBF, 0x00, 0x00, 0xBF, 0x00, 0x00, 0xBF, 0x00, 0x00, 0xBF, 0x00, 0x00, 0xBF, 0x00, 0x00, 0xBF,
    0x00, 0x00, 0xBF, 0x00, 0x00, 0xBF, 0x00, 0x00, 0xBF, 0x00, 0x00, 0xBF, 0x18, 0xF0, 0xDB, 0x39,
    0xDF, 0xFF, 0x39, 0xDF, 0xFF, 0x39, 0xDF, 0xFF, 0x39, 0xDF, 0xFF, 0x39, 0xDF, 0xFF, 0x39, 0xDF,
    0xFF, 0x39, 0xDF, 0xFF, 0x18, 0xCE, 0xD8, 0x00, 0x00, 0xBF, 0x00, 0x00, 0xBF, 0x00, 0x00, 0xBF,
    0x00, 0x00, 0xBF, 0x00, 0x00, 0xBF, 0x00, 0x00, 0xBF, 0x00, 0x00, 0xBF, 0x00, 0x00, 0xBF, 0x00,
    0x00, 0xBF, 0x00, 0x00, 0xBF, 0x00, 0x00, 0xBF, 0x00, 0x00, 0xBF, 0x00, 0x00, 0xBF, 0x00, 0x00,
    0xBF, 0x00, 0x00, 0xBF, 0x00, 0x00, 0xBF, 0x00, 0x00, 0xBF, 0x00, 0x00, 0xBF, 0x00, 0x00, 0xBF,
    0x00, 0x00, 0xBF, 0x00, 0x00, 0xBF, 0x10, 0x8A, 0xD0, 0x39, 0xDF, 0xFD, 0x39, 0xDF, 0xFF, 0x39,
    0xDF, 0xFF, 0x39, 0xDF, 0xFF, 0x39, 0xDF, 0xFF, 0x39, 0xDF, 0xFF, 0x39, 0xDF, 0xFF, 0x39, 0xDF,
    0xFF, 0x39, 0xDF, 0xFF, 0x39, 0xDF, 0xFF, 0x39, 0xDF, 0xFF, 0x39, 0xDF, 0xFF, 0x39, 0xDF, 0xFF,
    0x39, 0xDF, 0xFF, 0x39, 0xDF, 0xFF, 0x39, 0xDF, 0xFF, 0x39, 0xDF, 0xFF, 0x39, 0xDF, 0xFF, 0x39,
    0xDF, 0xFF, 0x39, 0xDF, 0xFF, 0x39, 0xDF, 0xFF, 0x39, 0xDF, 0xFF, 0x39, 0xDF, 0xFF, 0x31, 0xBC,
    0xF6, 0x00, 0x23, 0xC5, 0x00, 0x00, 0xBF, 0x00, 0x00, 0xBF, 0x00, 0x00, 0xBF, 0x00, 0x00, 0xBF,
    0x00, 0x00, 0xBF, 0x00, 0x00, 0xBF, 0x00, 0x00, 0xBF, 0x00, 0x00, 0xBF, 0x00, 0x00, 0xBF, 0x00,
    0x00, 0xBF, 0x29, 0x79, 0xEF, 0x39, 0xDF, 0xFF, 0x39, 0xDF, 0xFF, 0x39, 0xDF, 0xFF, 0x39, 0xDF,
    0xFF, 0x39, 0xDF, 0xFF, 0x39, 0xDF, 0xFF, 0x39, 0xDF, 0xFF, 0x39, 0xDF, 0xFF, 0x39, 0xDF, 0xFF,
    0x39, 0xDF, 0xFF, 0x39, 0xDF, 0xFF, 0x39, 0xDF, 0xFF, 0x39, 0xDF, 0xFF, 0x39, 0xDF, 0xFF, 0x39,
    0xDF, 0xFF, 0x39, 0xDF, 0xFF, 0x39, 0xDF, 0xFF, 0x39, 0xDF, 0xFF, 0x39, 0xDF, 0xFF, 0x39, 0xDF,
    0xFF, 0x39, 0xDF, 0xFF, 0x29, 0x57, 0xE9, 0x00, 0x00, 0xBF, 0x00, 0x00, 0xBF, 0x00, 0x00, 0xBF,
    0x00, 0x00, 0xBF, 0x00, 0x00, 0xBF, 0x00, 0x00, 0xBF, 0x00, 0x00, 0xBF, 0x00, 0x00, 0xBF, 0x00,
    0x00, 0xBF, 0x31, 0x9B, 0xF3, 0x39, 0xDF, 0xFF, 0x39, 0xDF, 0xFF, 0x39, 0xDF, 0xFF, 0x39, 0xDF,
    0xFF, 0x39, 0xDF, 0xFF, 0x39, 0xDF, 0xFF, 0x21, 0x35, 0xE5, 0x00, 0x00, 0xBF, 0x00, 0x00, 0xBF,
    0x00, 0x00, 0xBF, 0x00, 0x00, 0xBF, 0x00, 0x00, 0xBF, 0x00, 0x00, 0xBF, 0x00, 0x00, 0xBF, 0x00,
    0x00, 0xBF, 0x29, 0x56, 0xE9, 0x39, 0xDF, 0xFF, 0x39, 0xDF, 0xFF, 0x39, 0xDF, 0xFF, 0x39, 0xDF,
    0xFF, 0x39, 0xDF, 0xFF, 0x39, 0xDF, 0xFF, 0x39, 0xDF, 0xFF, 0x39, 0xDF, 0xFF, 0x39, 0xDF, 0xFF,
    0x39, 0xDF, 0xFF, 0x18, 0xCE, 0xD7, 0x00, 0x00, 0xBF, 0x00, 0x00, 0xBF, 0x00, 0x00, 0xBF, 0x00,
    0x00, 0xBF, 0x00, 0x00, 0xBF, 0x00, 0x00, 0xBF, 0x00, 0x00, 0xBF, 0x39, 0xDF, 0xFE, 0x39, 0xDF,
    0xFF, 0x39, 0xDF, 0xFF, 0x39, 0xDF, 0xFF, 0x39, 0xDF, 0xFF, 0x39, 0xDF, 0xFF, 0x39, 0xDF, 0xFF,
    0x39, 0xDF, 0xFF, 0x39, 0xDF, 0xFF, 0x39, 0xDF, 0xFF, 0x39, 0xDF, 0xFF, 0x39, 0xDF, 0xFF, 0x39,
    0xDF, 0xFF, 0x39, 0xDF, 0xFF, 0x39, 0xDF, 0xFF, 0x39, 0xDF, 0xFF, 0x39, 0xDF, 0xFF, 0x39, 0xDF,
    0xFF, 0x39, 0xDF, 0xFF, 0x39, 0xDF, 0xFF, 0x39, 0xDF, 0xFF, 0x39, 0xDF, 0xFF, 0x39, 0xDF, 0xFF,
    0x39, 0xDF, 0xFD, 0x18, 0xCD, 0xD5, 0x00, 0x00, 0xBF, 0x00, 0x00, 0xBF, 0x00, 0x00, 0xBF, 0x00,
    0x00, 0xBF, 0x00, 0x00, 0xBF, 0x00, 0x00, 0xBF, 0x00, 0x00, 0xBF, 0x00, 0x00, 0xBF, 0x00, 0x00,
    0xBF, 0x00, 0x00, 0xBF, 0x00, 0x00, 0xBF, 0x00, 0x00, 0xBF, 0x00, 0x00, 0xBF, 0x00, 0x00, 0xBF,
    0x00, 0x00, 0xBF, 0x00, 0x00, 0xBF, 0x00, 0x00, 0xBF, 0x00, 0x00, 0xBF, 0x00, 0x00, 0xBF, 0x00,
    0x00, 0xBF, 0x00, 0x00, 0xBF, 0x00, 0x00, 0xBF, 0x00, 0x00, 0xBF, 0x00, 0x00, 0xBF, 0x00, 0x00,
    0xBF, 0x00, 0x00, 0xBF, 0x00, 0x00, 0xBF, 0x00, 0x00, 0xBF, 0x00, 0x00, 0xBF, 0x00, 0x00, 0xBF,
    0x00, 0x00, 0xBF, 0x00, 0x00, 0xBF, 0x11, 0xC9, 0xCE, 0x4E, 0x1E, 0xFA, 0x4E, 0x7F, 0xFF, 0x4E,
    0x7F, 0xFF, 0x4E, 0x7F, 0xFF, 0x4E, 0x7F, 0xFF, 0x4E, 0x7F, 0xFF, 0x4E, 0x7F, 0xFF, 0x4E, 0x7F,
    0xFF, 0x4E, 0x7F, 0xFF, 0x4E, 0x7F, 0xFF, 0x4E, 0x7F, 0xFF, 0x4E, 0x7F, 0xFF, 0x4E, 0x7F, 0xFF,
    0x4E, 0x7F, 0xFF, 0x4E, 0x7F, 0xFF, 0x4E, 0x7F, 0xFF, 0x4E, 0x7F, 0xFF, 0x4E, 0x7F, 0xFF, 0x4E,
    0x7F, 0xFF, 0x4E, 0x7F, 0xFF, 0x4E, 0x7F, 0xFF, 0x4E, 0x5F, 0xFF, 0x3D, 0xDE, 0xFF, 0x45, 0xFE,
    0xFF, 0x4E, 0x5F, 0xFF, 0x4E, 0x7F, 0xFF, 0x4E, 0x7F, 0xFF, 0x4E, 0x7F, 0xFF, 0x4E, 0x7F, 0xFF,
    0x4E, 0x7F, 0xFF, 0x4E, 0x7F, 0xFF, 0x4E, 0x7F, 0xFF, 0x4E, 0x7F, 0xFF, 0x4E, 0x7F, 0xFF, 0x4E,
    0x7F, 0xFF, 0x4E, 0x7F, 0xFF, 0x4E, 0x7F, 0xFF, 0x4E, 0x7F, 0xFF, 0x4E, 0x7F, 0xFF, 0x4E, 0x7F,
    0xFF, 0x4E, 0x7F, 0xFF, 0x4E, 0x7F, 0xFF, 0x4E, 0x7F, 0xFF, 0x4E, 0x7F, 0xFF, 0x4E, 0x7F, 0xFF,
    0x4E, 0x7F, 0xFF, 0x4E, 0x7F, 0xFF, 0x4E, 0x7F, 0xFF, 0x4E, 0x7F, 0xFF, 0x4E, 0x7F, 0xFF, 0x4E,
    0x7F, 0xFF, 0x4E, 0x7F, 0xFF, 0x4E, 0x7F, 0xFF, 0x4E, 0x7F, 0xFF, 0x4E, 0x7F, 0xFF, 0x4E, 0x7F,
    0xFF, 0x4E, 0x7F, 0xFF, 0x4E, 0x7F, 0xFF, 0x4E, 0x7F, 0xFF, 0x4E, 0x7F, 0xFF, 0x4E, 0x7F, 0xFF,
    0x4E, 0x7F, 0xFF, 0x4E, 0x7F, 0xFF, 0x4E, 0x7F, 0xFF, 0x4E, 0x7F, 0xFF, 0x4E, 0x7F, 0xFF, 0x34,
    0x96, 0xE8, 0x00, 0x21, 0xC1, 0x00, 0x00, 0xBF, 0x00, 0x00, 0xBF, 0x00, 0x00, 0xBF, 0x00, 0x00,
    0xBF, 0x00, 0x00, 0xBF, 0x00, 0x00, 0xBF, 0x00, 0x00, 0xBF, 0x00, 0x00, 0xBF, 0x00, 0x00, 0xBF,
    0x00, 0x00, 0xBF, 0x00, 0x00, 0xBF, 0x00, 0x00, 0xBF, 0x00, 0x00, 0xBF, 0x00, 0x00, 0xBF, 0x00,
    0x00, 0xBF, 0x00, 0x00, 0xBF, 0x00, 0x00, 0xBF, 0x00, 0x00, 0xBF, 0x00, 0x00, 0xBF, 0x00, 0x00,
    0xBF, 0x00, 0x00, 0xBF, 0x00, 0x00, 0xBF, 0x00, 0x00, 0xBF, 0x00, 0x00, 0xBF, 0x00, 0x00, 0xBF,
    0x00, 0x00, 0xBF, 0x00, 0x00, 0xBF, 0x00, 0x00, 0xBF, 0x00, 0x00, 0xBF, 0x07, 0x42, 0xF8, 0x07,
    0xE2, 0xFF, 0x07, 0xE2, 0xFF, 0x07, 0xE2, 0xFF, 0x07, 0xE2, 0xFF, 0x07, 0xE2, 0xFF, 0x07, 0xE2,
    0xFF, 0x07, 0xE2, 0xFF, 0x07, 0xE2, 0xFF, 0x07, 0xE2, 0xFF, 0x07, 0xE2, 0xFF, 0x07, 0x42, 0xF8,
    0x00, 0x00, 0xBF, 0x00, 0x00, 0xBF, 0x00, 0x00, 0xBF, 0x00, 0x00, 0xBF, 0x00, 0x00, 0xBF, 0x00,
    0x00, 0xBF, 0x00, 0x00, 0xBF, 0x00, 0x00, 0xBF, 0x00, 0x00, 0xBF, 0x00, 0x00, 0xBF, 0x18, 0xF0,
    0xDB, 0x39, 0xDF, 0xFF, 0x39, 0xDF, 0xFF, 0x39, 0xDF, 0xFF, 0x39, 0xDF, 0xFF, 0x39, 0xDF, 0xFF,
    0x39, 0xDF, 0xFF, 0x39, 0xDF, 0xFF, 0x18, 0xCE, 0xD8, 0x00, 0x00, 0xBF, 0x00, 0x00, 0xBF, 0x00,
    0x00, 0xBF, 0x00, 0x00, 0xBF, 0x00, 0x00, 0xBF, 0x00, 0x00, 0xBF, 0x00, 0x00, 0xBF, 0x00, 0x00,
    0xBF, 0x00, 0x00, 0xBF, 0x00, 0x00, 0xBF, 0x00, 0x00, 0xBF, 0x00, 0x00, 0xBF, 0x00, 0x00, 0xBF,
    0x00, 0x00, 0xBF, 0x00, 0x00, 0xBF, 0x00, 0x00, 0xBF, 0x00, 0x00, 0xBF, 0x00, 0x00, 0xBF, 0x00,
    0x00, 0xBF, 0x00, 0x00, 0xBF, 0x00, 0x00, 0xBF, 0x00, 0x00, 0xBF, 0x10, 0xAC, 0xD4, 0x39, 0xDF,
    0xFD, 0x39, 0xDF, 0xFF, 0x39, 0xDF, 0xFF, 0x39, 0xDF, 0xFF, 0x39, 0xDF, 0xFF, 0x39, 0xDF, 0xFF,
    0x39, 0xDF, 0xFF, 0x39, 0xDF, 0xFF, 0x39, 0xDF, 0xFF, 0x39, 0xDF, 0xFF, 0x39, 0xDF, 0xFF, 0x39,
    0xDF, 0xFF, 0x39, 0xDF, 0xFF, 0x39, 0xDF, 0xFF, 0x39, 0xDF, 0xFF, 0x39, 0xDF, 0xFF, 0x39, 0xDF,
    0xFF, 0x39, 0xDF, 0xFF, 0x39, 0xDF, 0xFF, 0x39, 0xDF, 0xFF, 0x39, 0xDF, 0xFF, 0x31, 0xBC, 0xF6,
    0x08, 0x45, 0xC8, 0x00, 0x00, 0xBF, 0x00, 0x00, 0xBF, 0x00, 0x00, 0xBF, 0x00, 0x00, 0xBF, 0x00,
    0x00, 0xBF, 0x00, 0x00, 0xBF, 0x00, 0x00, 0xBF, 0x00, 0x00, 0xBF, 0x00, 0x00, 0xBF, 0x00, 0x00,
    0xBF, 0x00, 0x00, 0xBF, 0x00, 0x23, 0xC5, 0x31, 0xBD, 0xF8, 0x39, 0xDF, 0xFF, 0x39, 0xDF, 0xFF,
    0x39, 0xDF, 0xFF, 0x39, 0xDF, 0xFF, 0x39, 0xDF, 0xFF, 0x39, 0xDF, 0xFF, 0x39, 0xDF, 0xFF, 0x39,
    0xDF, 0xFF, 0x39, 0xDF, 0xFF, 0x39, 0xDF, 0xFF, 0x39, 0xDF, 0xFF, 0x39, 0xDF, 0xFF, 0x39, 0xDF,
    0xFF, 0x39, 0xDF, 0xFF, 0x39, 0xDF, 0xFF, 0x39, 0xDF, 0xFF, 0x39, 0xDF, 0xFF, 0x39, 0xDF, 0xFF,
    0x39, 0xDF, 0xFF, 0x31, 0x9C, 0xF5, 0x00, 0x22, 0xC3, 0x00, 0x00, 0xBF, 0x00, 0x00, 0xBF, 0x00,
    0x00, 0xBF, 0x00, 0x00, 0xBF, 0x00, 0x00, 0xBF, 0x00, 0x00, 0xBF, 0x00, 0x00, 0xBF, 0x00, 0x00,
    0xBF, 0x00, 0x00, 0xBF, 0x31, 0x9B, 0xF3, 0x39, 0xDF, 0xFF, 0x39, 0xDF, 0xFF, 0x39, 0xDF, 0xFF,
    0x39, 0xDF, 0xFF, 0x39, 0xDF, 0xFF, 0x39, 0xDF, 0xFF, 0x21, 0x35, 0xE5, 0x00, 0x00, 0xBF, 0x00,
    0x00, 0xBF, 0x00, 0x00, 0xBF, 0x00, 0x00, 0xBF, 0x00, 0x00, 0xBF, 0x00, 0x00, 0xBF, 0x00, 0x00,
    0xBF, 0x00, 0x00, 0xBF, 0x08, 0x45, 0xC8, 0x39, 0xDF, 0xFE, 0x39, 0xDF, 0xFF, 0x39, 0xDF, 0xFF,
    0x39, 0xDF, 0xFF, 0x39, 0xDF, 0xFF, 0x39, 0xDF, 0xFF, 0x39, 0xDF, 0xFF, 0x39, 0xDF, 0xFF, 0x39,
    0xDF, 0xFF, 0x39, 0xDF, 0xFF, 0x18, 0xCE, 0xD7, 0x00, 0x00, 0xBF, 0x00, 0x00, 0xBF, 0x00, 0x00,
    0xBF, 0x00, 0x00, 0xBF, 0x00, 0x00, 0xBF, 0x00, 0x00, 0xBF, 0x00, 0x00, 0xBF, 0x39, 0xDF, 0xFE,
    0x39, 0xDF, 0xFF, 0x39, 0xDF, 0xFF, 0x39, 0xDF, 0xFF, 0x39, 0xDF, 0xFF, 0x39, 0xDF, 0xFF, 0x39,
    0xDF, 0xFF, 0x39, 0xDF, 0xFF, 0x39, 0xDF, 0xFF, 0x39, 0xDF, 0xFF, 0x39, 0xDF, 0xFF, 0x39, 0xDF,
    0xFF, 0x39, 0xDF, 0xFF, 0x39, 0xDF, 0xFF, 0x39, 0xDF, 0xFF, 0x39, 0xDF, 0xFF, 0x39, 0xDF, 0xFF,
    0x39, 0xDF, 0xFF, 0x39, 0xDF, 0xFF, 0x39, 0xDF, 0xFF, 0x39, 0xDF, 0xFF, 0x39, 0xDF, 0xFF, 0x31,
    0xBD, 0xF9, 0x10, 0x89, 0xCF, 0x00, 0x00, 0xBF, 0x00, 0x00, 0xBF, 0x00, 0x00, 0xBF, 0x00, 0x00,
    0xBF, 0x00, 0x00, 0xBF, 0x00, 0x00, 0xBF, 0x00, 0x00, 0xBF, 0x00, 0x00, 0xBF, 0x00, 0x00, 0xBF,
    0x00, 0x00, 0xBF, 0x00, 0x00, 0xBF, 0x00, 0x00, 0xBF, 0x00, 0x00, 0xBF, 0x00, 0x00, 0xBF, 0x00,
    0x00, 0xBF, 0x00, 0x00, 0xBF, 0x00, 0x00, 0xBF, 0x00, 0x00, 0xBF, 0x00, 0x00, 0xBF, 0x00, 0x00,
    0xBF, 0x00, 0x00, 0xBF, 0x00, 0x00, 0xBF, 0x00, 0x00, 0xBF, 0x00, 0x00, 0xBF, 0x00, 0x00, 0xBF,
    0x00, 0x00, 0xBF, 0x00, 0x00, 0xBF, 0x00, 0x00, 0xBF, 0x00, 0x00, 0xBF, 0x00, 0x00, 0xBF, 0x00,
    0x00, 0xBF, 0x00, 0x00, 0xBF, 0x00, 0x00, 0xBF, 0x00, 0x00, 0xBF, 0x11, 0x87, 0xCC, 0x45, 0xDD,
    0xF8, 0x4E, 0x7F, 0xFF, 0x4E, 0x7F, 0xFF, 0x4E, 0x7F, 0xFF, 0x4E, 0x7F, 0xFF, 0x4E, 0x7F, 0xFF,
    0x4E, 0x7F, 0xFF, 0x4E, 0x7F, 0xFF, 0x4E, 0x7F, 0xFF, 0x4E, 0x7F, 0xFF, 0x4E, 0x7F, 0xFF, 0x4E,
    0x7F, 0xFF, 0x4E, 0x7F, 0xFF, 0x4E, 0x7F, 0xFF, 0x4E, 0x7F, 0xFF, 0x4E, 0x7F, 0xFF, 0x4E, 0x7F,
    0xFF, 0x4E, 0x7F, 0xFF, 0x4E, 0x7F, 0xFF, 0x4E, 0x7F, 0xFF, 0x4E, 0x7F, 0xFF, 0x4E, 0x7F, 0xFF,
    0x4E, 0x7F, 0xFF, 0x4E, 0x7F, 0xFF, 0x4E, 0x7F, 0xFF, 0x4E, 0x7F, 0xFF, 0x4E, 0x7F, 0xFF, 0x4E,
    0x7F, 0xFF, 0x4E, 0x7F, 0xFF, 0x4E, 0x7F, 0xFF, 0x4E, 0x7F, 0xFF, 0x4E, 0x7F, 0xFF, 0x4E, 0x7F,
    0xFF, 0x4E, 0x7F, 0xFF, 0x4E, 0x7F, 0xFF, 0x4E, 0x7F, 0xFF, 0x4E, 0x7F, 0xFF, 0x4E, 0x7F, 0xFF,
    0x4E, 0x7F, 0xFF, 0x4E, 0x7F, 0xFF, 0x4E, 0x7F, 0xFF, 0x4E, 0x7F, 0xFF, 0x4E, 0x7F, 0xFF, 0x4E,
    0x7F, 0xFF, 0x4E, 0x7F, 0xFF, 0x4E, 0x7F, 0xFF, 0x4E, 0x7F, 0xFF, 0x4E, 0x7F, 0xFF, 0x4E, 0x7F,
    0xFF, 0x4E, 0x7F, 0xFF, 0x4E, 0x7F, 0xFF, 0x4E, 0x7F, 0xFF, 0x4E, 0x7F, 0xFF, 0x4E, 0x7F, 0xFF,
    0x4E, 0x7F, 0xFF, 0x4E, 0x7F, 0xFF, 0x4E, 0x7F, 0xFF, 0x4E, 0x7F, 0xFF, 0x4E, 0x7F, 0xFF, 0x4E,
    0x7F, 0xFF, 0x4E, 0x7F, 0xFF, 0x4E, 0x7F, 0xFF, 0x4E, 0x7F, 0xFF, 0x4E, 0x5F, 0xFF, 0x34, 0x34,
    0xE4, 0x00, 0x20, 0xC0, 0x00, 0x00, 0xBF, 0x00, 0x00, 0xBF, 0x00, 0x00, 0xBF, 0x00, 0x00, 0xBF,
    0x00, 0x00, 0xBF, 0x00, 0x00, 0xBF, 0x00, 0x00, 0xBF, 0x00, 0x00, 0xBF, 0x00, 0x00, 0xBF, 0x00,
    0x00, 0xBF, 0x00, 0x00, 0xBF, 0x00, 0x00, 0xBF, 0x00, 0x00, 0xBF, 0x00, 0x00, 0xBF, 0x00, 0x00,
    0xBF, 0x00, 0x00, 0xBF, 0x00, 0x00, 0xBF, 0x00, 0x00, 0xBF, 0x00, 0x00, 0xBF, 0x00, 0x00, 0xBF,
    0x00, 0x00, 0xBF, 0x00, 0x00, 0xBF, 0x00, 0x00, 0xBF, 0x00, 0x00, 0xBF, 0x00, 0x00, 0xBF, 0x00,
    0x00, 0xBF, 0x00, 0x00, 0xBF, 0x00, 0x00, 0xBF, 0x00, 0x00, 0xBF, 0x00, 0x00, 0xBF, 0x07, 0x42,
    0xF8, 0x07, 0xE2, 0xFF, 0x07, 0xE2, 0xFF, 0x07, 0xE2, 0xFF, 0x07, 0xE2, 0xFF, 0x07, 0xE2, 0xFF,
    0x07, 0xE2, 0xFF, 0x07, 0xE2, 0xFF, 0x07, 0xE2, 0xFF, 0x07, 0xE2, 0xFF, 0x07, 0xE2, 0xFF, 0x07,
    0x42, 0xF8, 0x00, 0x00, 0xBF, 0x00, 0x00, 0xBF, 0x00, 0x00, 0xBF, 0x00, 0x00, 0xBF, 0x00, 0x00,
    0xBF, 0x00, 0x00, 0xBF, 0x00, 0x00, 0xBF, 0x00, 0x00, 0xBF, 0x00, 0x00, 0xBF, 0x00, 0x00, 0xBF,
    0x18, 0xF0, 0xDB, 0x39, 0xDF, 0xFF, 0x39, 0xDF, 0xFF, 0x39, 0xDF, 0xFF, 0x39, 0xDF, 0xFF, 0x39,
    0xDF, 0xFF, 0x39, 0xDF, 0xFF, 0x39, 0xDF, 0xFF, 0x18, 0xCE, 0xD8, 0x00, 0x00, 0xBF, 0x00, 0x00,
    0xBF, 0x00, 0x00, 0xBF, 0x00, 0x00, 0xBF, 0x00, 0x00, 0xBF, 0x00, 0x00, 0xBF, 0x00, 0x00, 0xBF,
    0x00, 0x00, 0xBF, 0x00, 0x00, 0xBF, 0x00, 0x00, 0xBF, 0x00, 0x00, 0xBF, 0x00, 0x00, 0xBF, 0x00,
    0x00, 0xBF, 0x00, 0x00, 0xBF, 0x00, 0x00, 0xBF, 0x00, 0x00, 0xBF, 0x00, 0x00, 0xBF, 0x00, 0x00,
    0xBF, 0x00, 0x00, 0xBF, 0x00, 0x00, 0xBF, 0x00, 0x00, 0xBF, 0x00, 0x00, 0xBF, 0x00, 0x00, 0xBF,
    0x10, 0x88, 0xCD, 0x31, 0xBC, 0xF7, 0x39, 0xDF, 0xFF, 0x39, 0xDF, 0xFF, 0x39, 0xDF, 0xFF, 0x39,
    0xDF, 0xFF, 0x39, 0xDF, 0xFF, 0x39, 0xDF, 0xFF, 0x39, 0xDF, 0xFF, 0x39, 0xDF, 0xFF, 0x39, 0xDF,
    0xFF, 0x39, 0xDF, 0xFF, 0x39, 0xDF, 0xFF, 0x39, 0xDF, 0xFF, 0x39, 0xDF, 0xFF, 0x39, 0xDF, 0xFF,
    0x39, 0xDF, 0xFF, 0x39, 0xDF, 0xFF, 0x39, 0xDF, 0xFF, 0x39, 0xDF, 0xFF, 0x29, 0x78, 0xED, 0x00,
    0x23, 0xC5, 0x00, 0x00, 0xBF, 0x00, 0x00, 0xBF, 0x00, 0x00, 0xBF, 0x00, 0x00, 0xBF, 0x00, 0x00,
    0xBF, 0x00, 0x00, 0xBF, 0x00, 0x00, 0xBF, 0x00, 0x00, 0xBF, 0x00, 0x00, 0xBF, 0x00, 0x00, 0xBF,
    0x00, 0x00, 0xBF, 0x00, 0x00, 0xBF, 0x00, 0x00, 0xBF, 0x08, 0x67, 0xCB, 0x31, 0xBC, 0xF7, 0x39,
    0xDF, 0xFF, 0x39, 0xDF, 0xFF, 0x39, 0xDF, 0xFF, 0x39, 0xDF, 0xFF, 0x39, 0xDF, 0xFF, 0x39, 0xDF,
    0xFF, 0x39, 0xDF, 0xFF, 0x39, 0xDF, 0xFF, 0x39, 0xDF, 0xFF, 0x39, 0xDF, 0xFF, 0x39, 0xDF, 0xFF,
    0x39, 0xDF, 0xFF, 0x39, 0xDF, 0xFF, 0x39, 0xDF, 0xFF, 0x39, 0xDF, 0xFF, 0x39, 0xDF, 0xFF, 0x39,
    0xDF, 0xFF, 0x31, 0x9B, 0xF4, 0x08, 0x45, 0xC8, 0x00, 0x00, 0xBF, 0x00, 0x00, 0xBF, 0x00, 0x00,
    0xBF, 0x00, 0x00, 0xBF, 0x00, 0x00, 0xBF, 0x00, 0x00, 0xBF, 0x00, 0x00, 0xBF, 0x00, 0x00, 0xBF,
    0x00, 0x00, 0xBF, 0x00, 0x00, 0xBF, 0x31, 0x9B, 0xF3, 0x39, 0xDF, 0xFF, 0x39, 0xDF, 0xFF, 0x39,
    0xDF, 0xFF, 0x39, 0xDF, 0xFF, 0x39, 0xDF, 0xFF, 0x39, 0xDF, 0xFF, 0x21, 0x35, 0xE5, 0x00, 0x00,
    0xBF, 0x00, 0x00, 0xBF, 0x00, 0x00, 0xBF, 0x00, 0x00, 0xBF, 0x00, 0x00, 0xBF, 0x00, 0x00, 0xBF,
    0x00, 0x00, 0xBF, 0x00, 0x00, 0xBF, 0x00, 0x00, 0xBF, 0x21, 0x35, 0xE5, 0x39, 0xDF, 0xFF, 0x39,
    0xDF, 0xFF, 0x39, 0xDF, 0xFF, 0x39, 0xDF, 0xFF, 0x39, 0xDF, 0xFF, 0x39, 0xDF, 0xFF, 0x39, 0xDF,
    0xFF, 0x39, 0xDF, 0xFF, 0x39, 0xDF, 0xFF, 0x18, 0xCE, 0xD7, 0x00, 0x00, 0xBF, 0x00, 0x00, 0xBF,
    0x00, 0x00, 0xBF, 0x00, 0x00, 0xBF, 0x00, 0x00, 0xBF, 0x00, 0x00, 0xBF, 0x00, 0x00, 0xBF, 0x39,
    0xDF, 0xFE, 0x39, 0xDF, 0xFF, 0x39, 0xDF, 0xFF, 0x39, 0xDF, 0xFF, 0x39, 0xDF, 0xFF, 0x39, 0xDF,
    0xFF, 0x39, 0xDF, 0xFF, 0x39, 0xDF, 0xFF, 0x39, 0xDF, 0xFF, 0x39, 0xDF, 0xFF, 0x39, 0xDF, 0xFF,
    0x39, 0xDF, 0xFF, 0x39, 0xDF, 0xFF, 0x39, 0xDF, 0xFF, 0x39, 0xDF, 0xFF, 0x39, 0xDF, 0xFF, 0x39,
    0xDF, 0xFF, 0x39, 0xDF, 0xFF, 0x39, 0xDF, 0xFF, 0x39, 0xDF, 0xFF, 0x39, 0xDF, 0xFD, 0x21, 0x35,
    0xE5, 0x00, 0x22, 0xC3, 0x00, 0x00, 0xBF, 0x00, 0x00, 0xBF, 0x00, 0x00, 0xBF, 0x00, 0x00, 0xBF,
    0x00, 0x00, 0xBF, 0x00, 0x00, 0xBF, 0x00, 0x00, 0xBF, 0x00, 0x00, 0xBF, 0x00, 0x00, 0xBF, 0x00,
    0x00, 0xBF, 0x00, 0x00, 0xBF, 0x00, 0x00, 0xBF, 0x00, 0x00, 0xBF, 0x00, 0x00, 0xBF, 0x00, 0x00,
    0xBF, 0x00, 0x00, 0xBF, 0x00, 0x00, 0xBF, 0x00, 0x00, 0xBF, 0x00, 0x00, 0xBF, 0x00, 0x00, 0xBF,
    0x00, 0x00, 0xBF, 0x00, 0x00, 0xBF, 0x00, 0x00, 0xBF, 0x00, 0x00, 0xBF, 0x00, 0x00, 0xBF, 0x20,
    0xE1, 0xC7, 0x6A, 0x44, 0xD7, 0x6A, 0x64, 0xD8, 0x31, 0x22, 0xC9, 0x00, 0x00, 0xBF, 0x00, 0x00,
    0xBF, 0x00, 0x00, 0xBF, 0x00, 0x00, 0xBF, 0x00, 0x00, 0xBF, 0x00, 0x00, 0xBF, 0x00, 0x00, 0xBF,
    0x09, 0x05, 0xC7, 0x45, 0x7B, 0xF3, 0x4E, 0x7F, 0xFF, 0x4E, 0x7F, 0xFF, 0x4E, 0x7F, 0xFF, 0x4E,
    0x7F, 0xFF, 0x4E, 0x7F, 0xFF, 0x4E, 0x7F, 0xFF, 0x4E, 0x7F, 0xFF, 0x4E, 0x7F, 0xFF, 0x4E, 0x7F,
    0xFF, 0x4E, 0x7F, 0xFF, 0x4E, 0x7F, 0xFF, 0x4E, 0x7F, 0xFF, 0x4E, 0x7F, 0xFF, 0x4E, 0x7F, 0xFF,
    0x4E, 0x7F, 0xFF, 0x4E, 0x7F, 0xFF, 0x4E, 0x7F, 0xFF, 0x4E, 0x7F, 0xFF, 0x4E, 0x7F, 0xFF, 0x4E,
    0x7F, 0xFF, 0x4E, 0x7F, 0xFF, 0x4E, 0x7F, 0xFF, 0x4E, 0x7F, 0xFF, 0x4E, 0x7F, 0xFF, 0x4E, 0x7F,
    0xFF, 0x4E, 0x7F, 0xFF, 0x4E, 0x7F, 0xFF, 0x4E, 0x7F, 0xFF, 0x4E, 0x7F, 0xFF, 0x4E, 0x7F, 0xFF,
    0x4E, 0x7F, 0xFF, 0x4E, 0x7F, 0xFF, 0x4E, 0x7F, 0xFF, 0x4E, 0x7F, 0xFF, 0x4E, 0x7F, 0xFF, 0x4E,
    0x7F, 0xFF, 0x4E, 0x7F, 0xFF, 0x4E, 0x7F, 0xFF, 0x4E, 0x7F, 0xFF, 0x4E, 0x7F, 0xFF, 0x4E, 0x7F,
    0xFF, 0x4E, 0x7F, 0xFF, 0x4E, 0x7F, 0xFF, 0x4E, 0x7F, 0xFF, 0x4E, 0x7F, 0xFF, 0x4E, 0x7F, 0xFF,
    0x4E, 0x7F, 0xFF, 0x4E, 0x7F, 0xFF, 0x4E, 0x7F, 0xFF, 0x4E, 0x7F, 0xFF, 0x4E, 0x7F, 0xFF, 0x4E,
    0x7F, 0xFF, 0x4E, 0x7F, 0xFF, 0x4E, 0x7F, 0xFF, 0x4E, 0x7F, 0xFF, 0x4E, 0x7F, 0xFF, 0x4E, 0x7F,
    0xFF, 0x4E, 0x7F, 0xFF, 0x4E, 0x7F, 0xFF, 0x4E, 0x7F, 0xFF, 0x4E, 0x5F, 0xFE, 0x2B, 0x71, 0xDD,
    0x00, 0x00, 0xBF, 0x00, 0x00, 0xBF, 0x00, 0x00, 0xBF, 0x00, 0x00, 0xBF, 0x00, 0x00, 0xBF, 0x00,
    0x00, 0xBF, 0x00, 0x00, 0xBF, 0x00, 0x00, 0xBF, 0x00, 0x00, 0xBF, 0x00, 0x00, 0xBF, 0x00, 0x00,
    0xBF, 0x00, 0x00, 0xBF, 0x00, 0x00, 0xBF, 0x00, 0x00, 0xBF, 0x00, 0x00, 0xBF, 0x00, 0x00, 0xBF,
    0x00, 0x00, 0xBF, 0x00, 0x00, 0xBF, 0x00, 0x00, 0xBF, 0x00, 0x00, 0xBF, 0x00, 0x00, 0xBF, 0x00,
    0x00, 0xBF, 0x00, 0x00, 0xBF, 0x00, 0x00, 0xBF, 0x00, 0x00, 0xBF, 0x00, 0x00, 0xBF, 0x00, 0x00,
    0xBF, 0x00, 0x00, 0xBF, 0x00, 0x00, 0xBF, 0x00, 0x00, 0xBF, 0x00, 0x00, 0xBF, 0x00, 0x00, 0xBF,
    0x07, 0x42, 0xF8, 0x07, 0xE2, 0xFF, 0x07, 0xE2, 0xFF, 0x07, 0xE2, 0xFF, 0x07, 0xE2, 0xFF, 0x07,
    0xE2, 0xFF, 0x07, 0xE2, 0xFF, 0x07, 0xE2, 0xFF, 0x07, 0xE2, 0xFF, 0x07, 0xE2, 0xFF, 0x07, 0xE2,
    0xFF, 0x07, 0x42, 0xF8, 0x00, 0x00, 0xBF, 0x00, 0x00, 0xBF, 0x00, 0x00, 0xBF, 0x00, 0x00, 0xBF,
    0x00, 0x00, 0xBF, 0x00, 0x00, 0xBF, 0x00, 0x00, 0xBF, 0x00, 0x00, 0xBF, 0x00, 0x00, 0xBF, 0x00,
    0x00, 0xBF, 0x18, 0xF0, 0xDB, 0x39, 0xDF, 0xFF, 0x39, 0xDF, 0xFF, 0x39, 0xDF, 0xFF, 0x39, 0xDF,
    0xFF, 0x39, 0xDF, 0xFF, 0x39, 0xDF, 0xFF, 0x39, 0xDF, 0xFF, 0x18, 0xCE, 0xD8, 0x00, 0x00, 0xBF,
    0x00, 0x00, 0xBF, 0x00, 0x00, 0xBF, 0x00, 0x00, 0xBF, 0x00, 0x00, 0xBF, 0x00, 0x00, 0xBF, 0x00,
    0x00, 0xBF, 0x00, 0x00, 0xBF, 0x00, 0x00, 0xBF, 0x00, 0x00, 0xBF, 0x00, 0x00, 0xBF, 0x00, 0x00,
    0xBF, 0x00, 0x00, 0xBF, 0x00, 0x00, 0xBF, 0x00, 0x00, 0xBF, 0x00, 0x00, 0xBF, 0x00, 0x00, 0xBF,
    0x00, 0x00, 0xBF, 0x00, 0x00, 0xBF, 0x00, 0x00, 0xBF, 0x00, 0x00, 0xBF, 0x00, 0x00, 0xBF, 0x00,
    0x00, 0xBF, 0x00, 0x00, 0xBF, 0x00, 0x22, 0xC2, 0x21, 0x12, 0xE0, 0x39, 0xDE, 0xFC, 0x39, 0xDF,
    0xFF, 0x39, 0xDF, 0xFF, 0x39, 0xDF, 0xFF, 0x39, 0xDF, 0xFF, 0x39, 0xDF, 0xFF, 0x39, 0xDF, 0xFF,
    0x39, 0xDF, 0xFF, 0x39, 0xDF, 0xFF, 0x39, 0xDF, 0xFF, 0x39, 0xDF, 0xFF, 0x39, 0xDF, 0xFF, 0x39,
    0xDF, 0xFF, 0x39, 0xDF, 0xFF, 0x39, 0xDF, 0xFF, 0x31, 0xBC, 0xF7, 0x18, 0xCD, 0xD6, 0x00, 0x00,
    0xBF, 0x00, 0x00, 0xBF, 0x00, 0x00, 0xBF, 0x00, 0x00, 0xBF, 0x00, 0x00, 0xBF, 0x00, 0x00, 0xBF,
    0x00, 0x00, 0xBF, 0x00, 0x00, 0xBF, 0x00, 0x00, 0xBF, 0x00, 0x00, 0xBF, 0x00, 0x00, 0xBF, 0x00,
    0x00, 0xBF, 0x00, 0x00, 0xBF, 0x00, 0x00, 0xBF, 0x00, 0x00, 0xBF, 0x00, 0x00, 0xBF, 0x00, 0x22,
    0xC3, 0x29, 0x56, 0xE8, 0x39, 0xDF, 0xFE, 0x39, 0xDF, 0xFF, 0x39, 0xDF, 0xFF, 0x39, 0xDF, 0xFF,
    0x39, 0xDF, 0xFF, 0x39, 0xDF, 0xFF, 0x39, 0xDF, 0xFF, 0x39, 0xDF, 0xFF, 0x39, 0xDF, 0xFF, 0x39,
    0xDF, 0xFF, 0x39, 0xDF, 0xFF, 0x39, 0xDF, 0xFF, 0x39, 0xDF, 0xFF, 0x39, 0xDF, 0xFF, 0x39, 0xDF,
    0xFD, 0x21, 0x34, 0xE4, 0x00, 0x01, 0xC2, 0x00, 0x00, 0xBF, 0x00, 0x00, 0xBF, 0x00, 0x00, 0xBF,
    0x00, 0x00, 0xBF, 0x00, 0x00, 0xBF, 0x00, 0x00, 0xBF, 0x00, 0x00, 0xBF, 0x00, 0x00, 0xBF, 0x00,
    0x00, 0xBF, 0x00, 0x00, 0xBF, 0x00, 0x00, 0xBF, 0x31, 0x9B, 0xF3, 0x39, 0xDF, 0xFF, 0x39, 0xDF,
    0xFF, 0x39, 0xDF, 0xFF, 0x39, 0xDF, 0xFF, 0x39, 0xDF, 0xFF, 0x39, 0xDF, 0xFF, 0x21, 0x35, 0xE5,
    0x00, 0x00, 0xBF, 0x00, 0x00, 0xBF, 0x00, 0x00, 0xBF, 0x00, 0x00, 0xBF, 0x00, 0x00, 0xBF, 0x00,
    0x00, 0xBF, 0x00, 0x00, 0xBF, 0x00, 0x00, 0xBF, 0x00, 0x00, 0xBF, 0x08, 0x44, 0xC6, 0x39, 0xDF,
    0xFC, 0x39, 0xDF, 0xFF, 0x39, 0xDF, 0xFF, 0x39, 0xDF, 0xFF, 0x39, 0xDF, 0xFF, 0x39, 0xDF, 0xFF,
    0x39, 0xDF, 0xFF, 0x39, 0xDF, 0xFF, 0x39, 0xDF, 0xFF, 0x18, 0xCE, 0xD7, 0x00, 0x00, 0xBF, 0x00,
    0x00, 0xBF, 0x00, 0x00, 0xBF, 0x00, 0x00, 0xBF, 0x00, 0x00, 0xBF, 0x00, 0x00, 0xBF, 0x00, 0x00,
    0xBF, 0x39, 0xDF, 0xFE, 0x39, 0xDF, 0xFF, 0x39, 0xDF, 0xFF, 0x39, 0xDF, 0xFF, 0x39, 0xDF, 0xFF,
    0x39, 0xDF, 0xFF, 0x39, 0xDF, 0xFF, 0x39, 0xDF, 0xFF, 0x39, 0xDF, 0xFF, 0x39, 0xDF, 0xFF, 0x39,
    0xDF, 0xFF, 0x39, 0xDF, 0xFF, 0x39, 0xDF, 0xFF, 0x39, 0xDF, 0xFF, 0x39, 0xDF, 0xFF, 0x39, 0xDF,
    0xFF, 0x39, 0xDF, 0xFF, 0x39, 0xDF, 0xFF, 0x31, 0x9B, 0xF4, 0x21, 0x12, 0xDF, 0x08, 0x44, 0xC6,
    0x00, 0x00, 0xBF, 0x00, 0x00, 0xBF, 0x00, 0x00, 0xBF, 0x00, 0x00, 0xBF, 0x00, 0x00, 0xBF, 0x00,
    0x00, 0xBF, 0x00, 0x00, 0xBF, 0x00, 0x00, 0xBF, 0x00, 0x00, 0xBF, 0x00, 0x00, 0xBF, 0x00, 0x00,
    0xBF, 0x00, 0x00, 0xBF, 0x00, 0x00, 0xBF, 0x00, 0x00, 0xBF, 0x00, 0x00, 0xBF, 0x00, 0x00, 0xBF,
    0x00, 0x00, 0xBF, 0x00, 0x00, 0xBF, 0x00, 0x00, 0xBF, 0x00, 0x00, 0xBF, 0x00, 0x00, 0xBF, 0x00,
    0x00, 0xBF, 0x00, 0x00, 0xBF, 0x00, 0x00, 0xBF, 0x00, 0x00, 0xBF, 0x00, 0x00, 0xC0, 0x93, 0x46,
    0xE1, 0xED, 0x4A, 0xFE, 0xED, 0x6A, 0xFF, 0xED, 0x6A, 0xFF, 0xED, 0x6A, 0xFE, 0xA3, 0xA7, 0xE7,
    0x08, 0x40, 0xC1, 0x00, 0x00, 0xBF, 0x00, 0x00, 0xBF, 0x00, 0x00, 0xBF, 0x00, 0x00, 0xBF, 0x00,
    0x00, 0xBF, 0x00, 0x00, 0xBF, 0x00, 0x62, 0xC3, 0x3C, 0xB7, 0xEA, 0x4E, 0x7F, 0xFF, 0x4E, 0x7F,
    0xFF, 0x4E, 0x7F, 0xFF, 0x4E, 0x7F, 0xFF, 0x4E, 0x7F, 0xFF, 0x4E, 0x7F, 0xFF, 0x4E, 0x7F, 0xFF,
    0x4E, 0x7F, 0xFF, 0x4E, 0x7F, 0xFF, 0x4E, 0x7F, 0xFF, 0x4E, 0x7F, 0xFF, 0x4E, 0x7F, 0xFF, 0x4E,
    0x7F, 0xFF, 0x4E, 0x7F, 0xFF, 0x4E, 0x7F, 0xFF, 0x4E, 0x7F, 0xFF, 0x4E, 0x7F, 0xFF, 0x4E, 0x7F,
    0xFF, 0x4E, 0x7F, 0xFF, 0x4E, 0x7F, 0xFF, 0x4E, 0x7F, 0xFF, 0x4E, 0x7F, 0xFF, 0x4E, 0x7F, 0xFF,
    0x4E, 0x7F, 0xFF, 0x4E, 0x7F, 0xFF, 0x4E, 0x7F, 0xFF, 0x4E, 0x7F, 0xFF, 0x4E, 0x7F, 0xFF, 0x4E,
    0x7F, 0xFF, 0x4E, 0x7F, 0xFF, 0x4E, 0x7F, 0xFF, 0x4E, 0x7F, 0xFF, 0x4E, 0x7F, 0xFF, 0x4E, 0x7F,
    0xFF, 0x4E, 0x7F, 0xFF, 0x4E, 0x7F, 0xFF, 0x4E, 0x7F, 0xFF, 0x4E, 0x7F, 0xFF, 0x4E, 0x7F, 0xFF,
    0x4E, 0x7F, 0xFF, 0x4E, 0x7F, 0xFF, 0x4E, 0x7F, 0xFF, 0x4E, 0x7F, 0xFF, 0x4E, 0x7F, 0xFF, 0x4E,
    0x7F, 0xFF, 0x4E, 0x7F, 0xFF, 0x4E, 0x7F, 0xFF, 0x4E, 0x7F, 0xFF, 0x4E, 0x7F, 0xFF, 0x4E, 0x7F,
    0xFF, 0x4E, 0x7F, 0xFF, 0x4E, 0x7F, 0xFF, 0x4E, 0x7F, 0xFF, 0x4E, 0x7F, 0xFF, 0x4E, 0x7F, 0xFF,
    0x4E, 0x7F, 0xFF, 0x4E, 0x7F, 0xFF, 0x4E, 0x7F, 0xFF, 0x4E, 0x1E, 0xFA, 0x1A, 0x4B, 0xD3, 0x00,
    0x00, 0xBF, 0x00, 0x00, 0xBF, 0x00, 0x00, 0xBF, 0x00, 0x00, 0xBF, 0x00, 0x00, 0xBF, 0x00, 0x00,
    0xBF, 0x00, 0x00, 0xBF, 0x00, 0x00, 0xBF, 0x00, 0x00, 0xBF, 0x00, 0x00, 0xBF, 0x00, 0x00, 0xBF,
    0x00, 0x00, 0xBF, 0x00, 0x00, 0xBF, 0x00, 0x00, 0xBF, 0x00, 0x00, 0xBF, 0x00, 0x00, 0xBF, 0x00,
    0x00, 0xBF, 0x00, 0x00, 0xBF, 0x00, 0x00, 0xBF, 0x00, 0x00, 0xBF, 0x00, 0x00, 0xBF, 0x00, 0x00,
    0xBF, 0x00, 0x00, 0xBF, 0x00, 0x00, 0xBF, 0x00, 0x00, 0xBF, 0x00, 0x00, 0xBF, 0x00, 0x00, 0xBF,
    0x00, 0x00, 0xBF, 0x00, 0x00, 0xBF, 0x00, 0x00, 0xBF, 0x00, 0x00, 0xBF, 0x00, 0x00, 0xBF, 0x00,
    0x00, 0xBF, 0x07, 0x42, 0xF8, 0x07, 0xE2, 0xFF, 0x07, 0xE2, 0xFF, 0x07, 0xE2, 0xFF, 0x07, 0xE2,
    0xFF, 0x07, 0xE2, 0xFF, 0x07, 0xE2, 0xFF, 0x07, 0xE2, 0xFF, 0x07, 0xE2, 0xFF, 0x07, 0xE2, 0xFF,
    0x07, 0xE2, 0xFF, 0x07, 0x42, 0xF8, 0x00, 0x00, 0xBF, 0x00, 0x00, 0xBF, 0x00, 0x00, 0xBF, 0x00,
    0x00, 0xBF, 0x00, 0x00, 0xBF, 0x00, 0x00, 0xBF, 0x00, 0x00, 0xBF, 0x00, 0x00, 0xBF, 0x00, 0x00,
    0xBF, 0x00, 0x00, 0xBF, 0x18, 0xCD, 0xD6, 0x31, 0x9A, 0xF2, 0x31, 0x9A, 0xF2, 0x31, 0x9A, 0xF2,
    0x31, 0x9A, 0xF2, 0x31, 0x9A, 0xF2, 0x31, 0x9A, 0xF2, 0x31, 0x9A, 0xF2, 0x10, 0xAB, 0xD3, 0x00,
    0x00, 0xBF, 0x00, 0x00, 0xBF, 0x00, 0x00, 0xBF, 0x00, 0x00, 0xBF, 0x00, 0x00, 0xBF, 0x00, 0x00,
    0xBF, 0x00, 0x00, 0xBF, 0x00, 0x00, 0xBF, 0x00, 0x00, 0xBF, 0x00, 0x00, 0xBF, 0x00, 0x00, 0xBF,
    0x00, 0x00, 0xBF, 0x00, 0x00, 0xBF, 0x00, 0x00, 0xBF, 0x00, 0x00, 0xBF, 0x00, 0x00, 0xBF, 0x00,
    0x00, 0xBF, 0x00, 0x00, 0xBF, 0x00, 0x00, 0xBF, 0x00, 0x00, 0xBF, 0x00, 0x00, 0xBF, 0x00, 0x00,
    0xBF, 0x00, 0x00, 0xBF, 0x00, 0x00, 0xBF, 0x00, 0x00, 0xBF, 0x00, 0x00, 0xBF, 0x00, 0x22, 0xC3,
    0x18, 0xCF, 0xD9, 0x29, 0x57, 0xEA, 0x31, 0xBD, 0xFA, 0x39, 0xDF, 0xFF, 0x39, 0xDF, 0xFF, 0x39,
    0xDF, 0xFF, 0x39, 0xDF, 0xFF, 0x39, 0xDF, 0xFF, 0x39, 0xDF, 0xFF, 0x39, 0xDF, 0xFF, 0x39, 0xDF,
    0xFF, 0x31, 0x9C, 0xF5, 0x21, 0x35, 0xE5, 0x10, 0xAB, 0xD3, 0x00, 0x00, 0xC0, 0x00, 0x00, 0xBF,
    0x00, 0x00, 0xBF, 0x00, 0x00, 0xBF, 0x00, 0x00, 0xBF, 0x00, 0x00, 0xBF, 0x00, 0x00, 0xBF, 0x00,
    0x00, 0xBF, 0x00, 0x00, 0xBF, 0x00, 0x00, 0xBF, 0x00, 0x00, 0xBF, 0x00, 0x00, 0xBF, 0x00, 0x00,
    0xBF, 0x00, 0x00, 0xBF, 0x00, 0x00, 0xBF, 0x00, 0x00, 0xBF, 0x00, 0x00, 0xBF, 0x00, 0x00, 0xBF,
    0x00, 0x00, 0xBF, 0x00, 0x00, 0xBF, 0x08, 0x45, 0xC7, 0x21, 0x13, 0xE1, 0x31, 0x9B, 0xF3, 0x39,
    0xDF, 0xFE, 0x39, 0xDF, 0xFF, 0x39, 0xDF, 0xFF, 0x39, 0xDF, 0xFF, 0x39, 0xDF, 0xFF, 0x39, 0xDF,
    0xFF, 0x39, 0xDF, 0xFF, 0x39, 0xDF, 0xFF, 0x39, 0xDF, 0xFD, 0x31, 0x9A, 0xF1, 0x21, 0x12, 0xDF,
    0x00, 0x23, 0xC5, 0x00, 0x00, 0xBF, 0x00, 0x00, 0xBF, 0x00, 0x00, 0xBF, 0x00, 0x00, 0xBF, 0x00,
    0x00, 0xBF, 0x00, 0x00, 0xBF, 0x00, 0x00, 0xBF, 0x00, 0x00, 0xBF, 0x00, 0x00, 0xBF, 0x00, 0x00,
    0xBF, 0x00, 0x00, 0xBF, 0x00, 0x00, 0xBF, 0x00, 0x00, 0xBF, 0x29, 0x56, 0xE9, 0x31, 0x9A, 0xF2,
    0x31, 0x9A, 0xF2, 0x31, 0x9A, 0xF2, 0x31, 0x9A, 0xF2, 0x31, 0x9A, 0xF2, 0x31, 0x9A, 0xF2, 0x21,
    0x11, 0xDE, 0x00, 0x00, 0xBF, 0x00, 0x00, 0xBF, 0x00, 0x00, 0xBF, 0x00, 0x00, 0xBF, 0x00, 0x00,
    0xBF, 0x00, 0x00, 0xBF, 0x00, 0x00, 0xBF, 0x00, 0x00, 0xBF, 0x00, 0x00, 0xBF, 0x00, 0x00, 0xBF,
    0x18, 0xF1, 0xDD, 0x31, 0x9A, 0xF2, 0x31, 0x9A, 0xF2, 0x31, 0x9A, 0xF2, 0x31, 0x9A, 0xF2, 0x31,
    0x9A, 0xF2, 0x31, 0x9A, 0xF2, 0x31, 0x9A, 0xF2, 0x31, 0x9A, 0xF2, 0x10, 0xAB, 0xD2, 0x00, 0x00,
    0xBF, 0x00, 0x00, 0xBF, 0x00, 0x00, 0xBF, 0x00, 0x00, 0xBF, 0x00, 0x00, 0xBF, 0x00, 0x00, 0xBF,
    0x00, 0x00, 0xBF, 0x31, 0x9A, 0xF1, 0x31, 0x9A, 0xF2, 0x31, 0x9A, 0xF2, 0x31, 0x9A, 0xF2, 0x31,
    0x9A, 0xF2, 0x31, 0x9A, 0xF2, 0x31, 0x9A, 0xF2, 0x31, 0x9A, 0xF2, 0x31, 0x9A, 0xF2, 0x31, 0x9A,
    0xF1, 0x29, 0x79, 0xEE, 0x29, 0x57, 0xEB, 0x29, 0x57, 0xE9, 0x21, 0x35, 0xE5, 0x21, 0x33, 0xE2,
    0x18, 0xEF, 0xD9, 0x10, 0xAA, 0xD1, 0x00, 0x23, 0xC4, 0x00, 0x00, 0xBF, 0x00, 0x00, 0xBF, 0x00,
    0x00, 0xBF, 0x00, 0x00, 0xBF, 0x00, 0x00, 0xBF, 0x00, 0x00, 0xBF, 0x00, 0x00, 0xBF, 0x00, 0x00,
    0xBF, 0x00, 0x00, 0xBF, 0x00, 0x00, 0xBF, 0x00, 0x00, 0xBF, 0x00, 0x00, 0xBF, 0x00, 0x00, 0xBF,
    0x00, 0x00, 0xBF, 0x00, 0x00, 0xBF, 0x00, 0x00, 0xBF, 0x00, 0x00, 0xBF, 0x00, 0x00, 0xBF, 0x00,
    0x00, 0xBF, 0x00, 0x00, 0xBF, 0x00, 0x00, 0xBF, 0x00, 0x00, 0xBF, 0x00, 0x00, 0xBF, 0x00, 0x00,
    0xBF, 0x00, 0x00, 0xBF, 0x00, 0x00, 0xBF, 0x00, 0x00, 0xBF, 0x00, 0x00, 0xBF, 0x82, 0xE5, 0xDD,
    0xED, 0x6A, 0xFF, 0xED, 0x6A, 0xFF, 0xED, 0x6A, 0xFF, 0xED, 0x6A, 0xFF, 0xED, 0x6A, 0xFF, 0xED,
    0x6A, 0xFF, 0x9B, 0x87, 0xE5, 0x00, 0x00, 0xBF, 0x00, 0x00, 0xBF, 0x00, 0x00, 0xBF, 0x00, 0x00,
    0xBF, 0x00, 0x00, 0xBF, 0x00, 0x00, 0xBF, 0x00, 0x00, 0xBF, 0x00, 0x00, 0xC0, 0x23, 0x50, 0xDC,
    0x4E, 0x3F, 0xFD, 0x4E, 0x7F, 0xFF, 0x4E, 0x7F, 0xFF, 0x4E, 0x7F, 0xFF, 0x4E, 0x7F, 0xFF, 0x4E,
    0x7F, 0xFF, 0x4E, 0x7F, 0xFF, 0x4E, 0x7F, 0xFF, 0x4E, 0x7F, 0xFF, 0x4E, 0x7F, 0xFF, 0x4E, 0x7F,
    0xFF, 0x4E, 0x7F, 0xFF, 0x4E, 0x7F, 0xFF, 0x4E, 0x7F, 0xFF, 0x4E, 0x7F, 0xFF, 0x4E, 0x7F, 0xFF,
    0x4E, 0x7F, 0xFF, 0x4E, 0x7F, 0xFF, 0x4E, 0x7F, 0xFF, 0x4E, 0x7F, 0xFF, 0x4E, 0x7F, 0xFF, 0x4E,
    0x7F, 0xFF, 0x4E, 0x7F, 0xFF, 0x4E, 0x7F, 0xFF, 0x4E, 0x7F, 0xFF, 0x4E, 0x7F, 0xFF, 0x4E, 0x7F,
    0xFF, 0x4E, 0x7F, 0xFF, 0x4E, 0x7F, 0xFF, 0x4E, 0x7F, 0xFF, 0x4E, 0x7F, 0xFF, 0x4E, 0x7F, 0xFF,
    0x4E, 0x7F, 0xFF, 0x4E, 0x7F, 0xFF, 0x4E, 0x7F, 0xFF, 0x4E, 0x7F, 0xFF, 0x4E, 0x7F, 0xFF, 0x4E,
    0x7F, 0xFF, 0x4E, 0x7F, 0xFF, 0x4E, 0x7F, 0xFF, 0x4E, 0x7F, 0xFF, 0x4E, 0x7F, 0xFF, 0x4E, 0x7F,
    0xFF, 0x4E, 0x7F, 0xFF, 0x4E, 0x7F, 0xFF, 0x4E, 0x7F, 0xFF, 0x4E, 0x7F, 0xFF, 0x4E, 0x7F, 0xFF,
    0x4E, 0x7F, 0xFF, 0x4E, 0x7F, 0xFF, 0x4E, 0x7F, 0xFF, 0x4E, 0x7F, 0xFF, 0x4E, 0x7F, 0xFF, 0x4E,
    0x7F, 0xFF, 0x4E, 0x7F, 0xFF, 0x4E, 0x7F, 0xFF, 0x3D, 0x5A, 0xF1, 0x09, 0x25, 0xC8, 0x00, 0x00,
    0xBF, 0x00, 0x00, 0xBF, 0x00, 0x00, 0xBF, 0x00, 0x00, 0xBF, 0x00, 0x00, 0xBF, 0x00, 0x00, 0xBF,
    0x00, 0x00, 0xBF, 0x00, 0x00, 0xBF, 0x00, 0x00, 0xBF, 0x00, 0x00, 0xBF, 0x00, 0x00, 0xBF, 0x00,
    0x00, 0xBF, 0x00, 0x00, 0xBF, 0x00, 0x00, 0xBF, 0x00, 0x00, 0xBF, 0x00, 0x00, 0xBF, 0x00, 0x00,
    0xBF, 0x00, 0x00, 0xBF, 0x00, 0x00, 0xBF, 0x00, 0x00, 0xBF, 0x00, 0x00, 0xBF, 0x00, 0x00, 0xBF,
    0x00, 0x00, 0xBF, 0x00, 0x00, 0xBF, 0x00, 0x00, 0xBF, 0x00, 0x00, 0xBF, 0x00, 0x00, 0xBF, 0x00,
    0x00, 0xBF, 0x00, 0x00, 0xBF, 0x00, 0x00, 0xBF, 0x00, 0x00, 0xBF, 0x00, 0x00, 0xBF, 0x00, 0x00,
    0xBF, 0x00, 0x00, 0xBF, 0x07, 0x42, 0xF8, 0x07, 0xE2, 0xFF, 0x07, 0xE2, 0xFF, 0x07, 0xE2, 0xFF,
    0x07, 0xE2, 0xFF, 0x07, 0xE2, 0xFF, 0x07, 0xE2, 0xFF, 0x07, 0xE2, 0xFF, 0x07, 0xE2, 0xFF, 0x07,
    0xE2, 0xFF, 0x07, 0xE2, 0xFF, 0x07, 0x42, 0xF8, 0x00, 0x00, 0xBF, 0x00, 0x00, 0xBF, 0x00, 0x00,
    0xBF, 0x00, 0x00, 0xBF, 0x00, 0x00, 0xBF, 0x00, 0x00, 0xBF, 0x00, 0x00, 0xBF, 0x00, 0x00, 0xBF,
    0x00, 0x00, 0xBF, 0x00, 0x00, 0xBF, 0x00, 0x00, 0xBF, 0x00, 0x00, 0xBF, 0x00, 0x00, 0xBF, 0x00,
    0x00, 0xBF, 0x00, 0x00, 0xBF, 0x00, 0x00, 0xBF, 0x00, 0x00, 0xBF, 0x00, 0x00, 0xBF, 0x00, 0x00,
    0xBF, 0x00, 0x00, 0xBF, 0x00, 0x00, 0xBF, 0x00, 0x00, 0xBF, 0x00, 0x00, 0xBF, 0x00, 0x00, 0xBF,
    0x00, 0x00, 0xBF, 0x00, 0x00, 0xBF, 0x00, 0x00, 0xBF, 0x00, 0x00, 0xBF, 0x00, 0x00, 0xBF, 0x00,
    0x00, 0xBF, 0x00, 0x00, 0xBF, 0x00, 0x00, 0xBF, 0x00, 0x00, 0xBF, 0x00, 0x00, 0xBF, 0x00, 0x00,
    0xBF, 0x00, 0x00, 0xBF, 0x00, 0x00, 0xBF, 0x00, 0x00, 0xBF, 0x00, 0x00, 0xBF, 0x00, 0x00, 0xBF,
    0x00, 0x00, 0xBF, 0x00, 0x00, 0xBF, 0x00, 0x00, 0xBF, 0x00, 0x00, 0xBF, 0x00, 0x00, 0xBF, 0x00,
    0x00, 0xBF, 0x00, 0x00, 0xBF, 0x00, 0x00, 0xBF, 0x00, 0x00, 0xBF, 0x08, 0x46, 0xC9, 0x10, 0x89,
    0xCE, 0x10, 0xAC, 0xD3, 0x18, 0xCE, 0xD8, 0x18, 0xCD, 0xD7, 0x10, 0xAB, 0xD2, 0x10, 0x88, 0xCD,
    0x00, 0x23, 0xC5, 0x00, 0x00, 0xBF, 0x00, 0x00, 0xBF, 0x00, 0x00, 0xBF, 0x00, 0x00, 0xBF, 0x00,
    0x00, 0xBF, 0x00, 0x00, 0xBF, 0x00, 0x00, 0xBF, 0x00, 0x00, 0xBF, 0x00, 0x00, 0xBF, 0x00, 0x00,
    0xBF, 0x00, 0x00, 0xBF, 0x00, 0x00, 0xBF, 0x00, 0x00, 0xBF, 0x00, 0x00, 0xBF, 0x00, 0x00, 0xBF,
    0x00, 0x00, 0xBF, 0x00, 0x00, 0xBF, 0x00, 0x00, 0xBF, 0x00, 0x00, 0xBF, 0x00, 0x00, 0xBF, 0x00,
    0x00, 0xBF, 0x00, 0x00, 0xBF, 0x00, 0x00, 0xBF, 0x00, 0x00, 0xBF, 0x00, 0x00, 0xBF, 0x00, 0x00,
    0xBF, 0x00, 0x01, 0xC2, 0x10, 0x88, 0xCD, 0x10, 0xAB, 0xD2, 0x18, 0xCD, 0xD6, 0x18, 0xCF, 0xD9,
    0x18, 0xCD, 0xD5, 0x10, 0xAB, 0xD1, 0x08, 0x68, 0xCC, 0x00, 0x01, 0xC1, 0x00, 0x00, 0xBF, 0x00,
    0x00, 0xBF, 0x00, 0x00, 0xBF, 0x00, 0x00, 0xBF, 0x00, 0x00, 0xBF, 0x00, 0x00, 0xBF, 0x00, 0x00,
    0xBF, 0x00, 0x00, 0xBF, 0x00, 0x00, 0xBF, 0x00, 0x00, 0xBF, 0x00, 0x00, 0xBF, 0x00, 0x00, 0xBF,
    0x00, 0x00, 0xBF, 0x00, 0x00, 0xBF, 0x00, 0x00, 0xBF, 0x00, 0x00, 0xBF, 0x00, 0x00, 0xBF, 0x00,
    0x00, 0xBF, 0x00, 0x00, 0xBF, 0x00, 0x00, 0xBF, 0x00, 0x00, 0xBF, 0x00, 0x00, 0xBF, 0x00, 0x00,
    0xBF, 0x00, 0x00, 0xBF, 0x00, 0x00, 0xBF, 0x00, 0x00, 0xBF, 0x00, 0x00, 0xBF, 0x00, 0x00, 0xBF,
    0x00, 0x00, 0xBF, 0x00, 0x00, 0xBF, 0x00, 0x00, 0xBF, 0x00, 0x00, 0xBF, 0x00, 0x00, 0xBF, 0x00,
    0x00, 0xBF, 0x00, 0x00, 0xBF, 0x00, 0x00, 0xBF, 0x00, 0x00, 0xBF, 0x00, 0x00, 0xBF, 0x00, 0x00,
    0xBF, 0x00, 0x00, 0xBF, 0x00, 0x00, 0xBF, 0x00, 0x00, 0xBF, 0x00, 0x00, 0xBF, 0x00, 0x00, 0xBF,
    0x00, 0x00, 0xBF, 0x00, 0x00, 0xBF, 0x00, 0x00, 0xBF, 0x00, 0x00, 0xBF, 0x00, 0x00, 0xBF, 0x00,
    0x00, 0xBF, 0x00, 0x00, 0xBF, 0x00, 0x00, 0xBF, 0x00, 0x00, 0xBF, 0x00, 0x00, 0xBF, 0x00, 0x00,
    0xBF, 0x00, 0x00, 0xBF, 0x00, 0x00, 0xBF, 0x00, 0x00, 0xBF, 0x00, 0x00, 0xBF, 0x00, 0x00, 0xBF,
    0x00, 0x00, 0xBF, 0x00, 0x00, 0xBF, 0x00, 0x00, 0xBF, 0x00, 0x00, 0xBF, 0x00, 0x00, 0xBF, 0x00,
    0x00, 0xBF, 0x00, 0x00, 0xBF, 0x00, 0x00, 0xBF, 0x00, 0x00, 0xBF, 0x00, 0x00, 0xBF, 0x00, 0x00,
    0xBF, 0x00, 0x00, 0xBF, 0x00, 0x00, 0xBF, 0x00, 0x00, 0xBF, 0x00, 0x00, 0xBF, 0x00, 0x00, 0xBF,
    0x00, 0x00, 0xBF, 0x00, 0x00, 0xBF, 0x00, 0x00, 0xBF, 0x00, 0x00, 0xBF, 0x00, 0x00, 0xBF, 0x00,
    0x00, 0xBF, 0x00, 0x00, 0xBF, 0x00, 0x00, 0xBF, 0x00, 0x00, 0xBF, 0x00, 0x00, 0xBF, 0x00, 0x00,
    0xBF, 0x00, 0x00, 0xBF, 0x00, 0x00, 0xBF, 0x00, 0x00, 0xBF, 0x00, 0x00, 0xBF, 0x00, 0x00, 0xBF,
    0x00, 0x00, 0xBF, 0x00, 0x00, 0xBF, 0x00, 0x00, 0xBF, 0x00, 0x00, 0xBF, 0x08, 0x40, 0xC1, 0xE5,
    0x0A, 0xFA, 0xED, 0x6A, 0xFF, 0xED, 0x6A, 0xFF, 0xED, 0x6A, 0xFF, 0xED, 0x6A, 0xFF, 0xED, 0x6A,
    0xFF, 0xED, 0x6A, 0xFF, 0xED, 0x4A, 0xFD, 0x20, 0xC1, 0xC6, 0x00, 0x00, 0xBF, 0x00, 0x00, 0xBF,
    0x00, 0x00, 0xBF, 0x00, 0x00, 0xBF, 0x00, 0x00, 0xBF, 0x00, 0x00, 0xBF, 0x00, 0x00, 0xBF, 0x00,
    0x00, 0xBF, 0x11, 0x87, 0xCC, 0x45, 0x9B, 0xF4, 0x4E, 0x7F, 0xFF, 0x4E, 0x7F, 0xFF, 0x4E, 0x7F,
    0xFF, 0x4E, 0x7F, 0xFF, 0x4E, 0x7F, 0xFF, 0x4E, 0x7F, 0xFF, 0x4E, 0x7F, 0xFF, 0x4E, 0x7F, 0xFF,
    0x4E, 0x7F, 0xFF, 0x4E, 0x7F, 0xFF, 0x4E, 0x7F, 0xFF, 0x4E, 0x7F, 0xFF, 0x4E, 0x7F, 0xFF, 0x4E,
    0x7F, 0xFF, 0x4E, 0x7F, 0xFF, 0x4E, 0x7F, 0xFF, 0x4E, 0x7F, 0xFF, 0x4E, 0x7F, 0xFF, 0x4E, 0x7F,
    0xFF, 0x4E, 0x7F, 0xFF, 0x4E, 0x7F, 0xFF, 0x4E, 0x7F, 0xFF, 0x4E, 0x7F, 0xFF, 0x4E, 0x7F, 0xFF,
    0x4E, 0x7F, 0xFF, 0x4E, 0x7F, 0xFF, 0x4E, 0x7F, 0xFF, 0x4E, 0x7F, 0xFF, 0x4E, 0x7F, 0xFF, 0x4E,
    0x7F, 0xFF, 0x4E, 0x7F, 0xFF, 0x4E, 0x7F, 0xFF, 0x4E, 0x7F, 0xFF, 0x4E, 0x7F, 0xFF, 0x4E, 0x7F,
    0xFF, 0x4E, 0x7F, 0xFF, 0x4E, 0x7F, 0xFF, 0x4E, 0x7F, 0xFF, 0x4E, 0x7F, 0xFF, 0x4E, 0x7F, 0xFF,
    0x4E, 0x7F, 0xFF, 0x4E, 0x7F, 0xFF, 0x4E, 0x7F, 0xFF, 0x4E, 0x7F, 0xFF, 0x4E, 0x7F, 0xFF, 0x4E,
    0x7F, 0xFF, 0x4E, 0x7F, 0xFF, 0x4E, 0x7F, 0xFF, 0x4E, 0x7F, 0xFF, 0x4E, 0x7F, 0xFF, 0x4E, 0x7F,
    0xFF, 0x4E, 0x7F, 0xFF, 0x4E, 0x5F, 0xFE, 0x2B, 0xD2, 0xE0, 0x00, 0x41, 0xC1, 0x00, 0x00, 0xBF,
    0x00, 0x00, 0xBF, 0x00, 0x00, 0xBF, 0x00, 0x00, 0xBF, 0x00, 0x00, 0xBF, 0x00, 0x00, 0xBF, 0x00,
    0x00, 0xBF, 0x00, 0x00, 0xBF, 0x00, 0x00, 0xBF, 0x00, 0x00, 0xBF, 0x00, 0x00, 0xBF, 0x00, 0x00,
    0xBF, 0x00, 0x00, 0xBF, 0x00, 0x00, 0xBF, 0x00, 0x00, 0xBF, 0x00, 0x00, 0xBF, 0x00, 0x00, 0xBF,
    0x00, 0x00, 0xBF, 0x00, 0x00, 0xBF, 0x00, 0x00, 0xBF, 0x00, 0x00, 0xBF, 0x00, 0x00, 0xBF, 0x00,
    0x00, 0xBF, 0x00, 0x00, 0xBF, 0x00, 0x00, 0xBF, 0x00, 0x00, 0xBF, 0x00, 0x00, 0xBF, 0x00, 0x00,
    0xBF, 0x00, 0x00, 0xBF, 0x00, 0x00, 0xBF, 0x00, 0x00, 0xBF, 0x00, 0x00, 0xBF, 0x00, 0x00, 0xBF,
    0x00, 0x00, 0xBF, 0x00, 0x00, 0xBF, 0x07, 0x42, 0xF8, 0x07, 0xE2, 0xFF, 0x07, 0xE2, 0xFF, 0x07,
    0xE2, 0xFF, 0x07, 0xE2, 0xFF, 0x07, 0xE2, 0xFF, 0x07, 0xE2, 0xFF, 0x07, 0xE2, 0xFF, 0x07, 0xE2,
    0xFF, 0x07, 0xE2, 0xFF, 0x07, 0xE2, 0xFF, 0x07, 0x42, 0xF8, 0x00, 0x00, 0xBF, 0x00, 0x00, 0xBF,
    0x00, 0x00, 0xBF, 0x00, 0x00, 0xBF, 0x00, 0x00, 0xBF, 0x00, 0x00, 0xBF, 0x00, 0x00, 0xBF, 0x00,
    0x00, 0xBF, 0x00, 0x00, 0xBF, 0x00, 0x00, 0xBF, 0x00, 0x00, 0xBF, 0x00, 0x00, 0xBF, 0x00, 0x00,
    0xBF, 0x00, 0x00, 0xBF, 0x00, 0x00, 0xBF, 0x00, 0x00, 0xBF, 0x00, 0x00, 0xBF, 0x00, 0x00, 0xBF,
    0x00, 0x00, 0xBF, 0x00, 0x00, 0xBF, 0x00, 0x00, 0xBF, 0x00, 0x00, 0xBF, 0x00, 0x00, 0xBF, 0x00,
    0x00, 0xBF, 0x00, 0x00, 0xBF, 0x00, 0x00, 0xBF, 0x00, 0x00, 0xBF, 0x00, 0x00, 0xBF, 0x00, 0x00,
    0xBF, 0x00, 0x00, 0xBF, 0x00, 0x00, 0xBF, 0x00, 0x00, 0xBF, 0x00, 0x00, 0xBF, 0x00, 0x00, 0xBF,
    0x00, 0x00, 0xBF, 0x00, 0x00, 0xBF, 0x00, 0x00, 0xBF, 0x00, 0x00, 0xBF, 0x00, 0x00, 0xBF, 0x00,
    0x00, 0xBF, 0x00, 0x00, 0xBF, 0x00, 0x00, 0xBF, 0x00, 0x00, 0xBF, 0x00, 0x00, 0xBF, 0x00, 0x00,
    0xBF, 0x00, 0x00, 0xBF, 0x00, 0x00, 0xBF, 0x00, 0x00, 0xBF, 0x00, 0x00, 0xBF, 0x00, 0x00, 0xBF,
    0x00, 0x00, 0xBF, 0x00, 0x00, 0xBF, 0x00, 0x00, 0xBF, 0x00, 0x00, 0xBF, 0x00, 0x00, 0xBF, 0x00,
    0x00, 0xBF, 0x00, 0x00, 0xBF, 0x00, 0x00, 0xBF, 0x00, 0x00, 0xBF, 0x00, 0x00, 0xBF, 0x00, 0x00,
    0xBF, 0x00, 0x00, 0xBF, 0x00, 0x00, 0xBF, 0x00, 0x00, 0xBF, 0x00, 0x00, 0xBF, 0x00, 0x00, 0xBF,
    0x00, 0x00, 0xBF, 0x00, 0x00, 0xBF, 0x00, 0x00, 0xBF, 0x00, 0x00, 0xBF, 0x00, 0x00, 0xBF, 0x00,
    0x00, 0xBF, 0x00, 0x00, 0xBF, 0x00, 0x00, 0xBF, 0x00, 0x00, 0xBF, 0x00, 0x00, 0xBF, 0x00, 0x00,
    0xBF, 0x00, 0x00, 0xBF, 0x00, 0x00, 0xBF, 0x00, 0x00, 0xBF, 0x00, 0x00, 0xBF, 0x00, 0x00, 0xBF,
    0x00, 0x00, 0xBF, 0x00, 0x00, 0xBF, 0x00, 0x00, 0xBF, 0x00, 0x00, 0xBF, 0x00, 0x00, 0xBF, 0x00,
    0x00, 0xBF, 0x00, 0x00, 0xBF, 0x00, 0x00, 0xBF, 0x00, 0x00, 0xBF, 0x00, 0x00, 0xBF, 0x00, 0x00,
    0xBF, 0x00, 0x00, 0xBF, 0x00, 0x00, 0xBF, 0x00, 0x00, 0xBF, 0x00, 0x00, 0xBF, 0x00, 0x00, 0xBF,
    0x00, 0x00, 0xBF, 0x00, 0x00, 0xBF, 0x00, 0x00, 0xBF, 0x00, 0x00, 0xBF, 0x00, 0x00, 0xBF, 0x00,
    0x00, 0xBF, 0x00, 0x00, 0xBF, 0x00, 0x00, 0xBF, 0x00, 0x00, 0xBF, 0x00, 0x00, 0xBF, 0x00, 0x00,
    0xBF, 0x00, 0x00, 0xBF, 0x00, 0x00, 0xBF, 0x00, 0x00, 0xBF, 0x00, 0x00, 0xBF, 0x00, 0x00, 0xBF,
    0x00, 0x00, 0xBF, 0x00, 0x00, 0xBF, 0x00, 0x00, 0xBF, 0x00, 0x00, 0xBF, 0x00, 0x00, 0xBF, 0x00,
    0x00, 0xBF, 0x00, 0x00, 0xBF, 0x00, 0x00, 0xBF, 0x00, 0x00, 0xBF, 0x00, 0x00, 0xBF, 0x00, 0x00,
    0xBF, 0x00, 0x00, 0xBF, 0x00, 0x00, 0xBF, 0x00, 0x00, 0xBF, 0x00, 0x00, 0xBF, 0x00, 0x00, 0xBF,
    0x00, 0x00, 0xBF, 0x00, 0x00, 0xBF, 0x00, 0x00, 0xBF, 0x00, 0x00, 0xBF, 0x00, 0x00, 0xBF, 0x00,
    0x00, 0xBF, 0x00, 0x00, 0xBF, 0x00, 0x00, 0xBF, 0x00, 0x00, 0xBF, 0x00, 0x00, 0xBF, 0x00, 0x00,
    0xBF, 0x00, 0x00, 0xBF, 0x00, 0x00, 0xBF, 0x00, 0x00, 0xBF, 0x00, 0x00, 0xBF, 0x00, 0x00, 0xBF,
    0x00, 0x00, 0xBF, 0x00, 0x00, 0xBF, 0x00, 0x00, 0xBF, 0x00, 0x00, 0xBF, 0x00, 0x00, 0xBF, 0x00,
    0x00, 0xBF, 0x00, 0x00, 0xBF, 0x00, 0x00, 0xBF, 0x00, 0x00, 0xBF, 0x00, 0x00, 0xBF, 0x00, 0x00,
    0xBF, 0x00, 0x00, 0xBF, 0x00, 0x00, 0xBF, 0x00, 0x00, 0xBF, 0x00, 0x00, 0xBF, 0x00, 0x00, 0xBF,
    0x00, 0x00, 0xBF, 0x00, 0x00, 0xBF, 0x00, 0x00, 0xBF, 0x00, 0x00, 0xBF, 0x00, 0x00, 0xBF, 0x00,
    0x00, 0xBF, 0x00, 0x00, 0xBF, 0x00, 0x00, 0xBF, 0x00, 0x00, 0xBF, 0x00, 0x00, 0xBF, 0x00, 0x00,
    0xBF, 0x00, 0x00, 0xBF, 0x00, 0x00, 0xBF, 0x00, 0x00, 0xBF, 0x00, 0x00, 0xBF, 0x00, 0x00, 0xBF,
    0x00, 0x00, 0xBF, 0x00, 0x00, 0xBF, 0x00, 0x00, 0xBF, 0x00, 0x00, 0xBF, 0x00, 0x00, 0xBF, 0x00,
    0x00, 0xBF, 0x00, 0x00, 0xBF, 0x00, 0x00, 0xBF, 0x00, 0x00, 0xBF, 0x00, 0x00, 0xBF, 0x31, 0x22,
    0xCA, 0xED, 0x6A, 0xFF, 0xED, 0x6A, 0xFF, 0xED, 0x6A, 0xFF, 0xED, 0x6A, 0xFF, 0xED, 0x6A, 0xFF,
    0xED, 0x6A, 0xFF, 0xED, 0x6A, 0xFF, 0xED, 0x6A, 0xFF, 0x51, 0xE3, 0xD2, 0x00, 0x00, 0xBF, 0x00,
    0x00, 0xBF, 0x00, 0x00, 0xBF, 0x00, 0x00, 0xBF, 0x00, 0x00, 0xBF, 0x00, 0x00, 0xBF, 0x00, 0x00,
    0xBF, 0x00, 0x00, 0xBF, 0x00, 0x00, 0xBF, 0x00, 0x41, 0xC1, 0x2B, 0x92, 0xDF, 0x4E, 0x3F, 0xFD,
    0x4E, 0x7F, 0xFF, 0x4E, 0x7F, 0xFF, 0x4E, 0x7F, 0xFF, 0x4E, 0x7F, 0xFF, 0x4E, 0x7F, 0xFF, 0x4E,
    0x7F, 0xFF, 0x4E, 0x7F, 0xFF, 0x4E, 0x7F, 0xFF, 0x4E, 0x7F, 0xFF, 0x4E, 0x7F, 0xFF, 0x4E, 0x7F,
    0xFF, 0x4E, 0x7F, 0xFF, 0x4E, 0x7F, 0xFF, 0x4E, 0x7F, 0xFF, 0x4E, 0x7F, 0xFF, 0x4E, 0x7F, 0xFF,
    0x4E, 0x7F, 0xFF, 0x4E, 0x7F, 0xFF, 0x4E, 0x7F, 0xFF, 0x4E, 0x7F, 0xFF, 0x4E, 0x7F, 0xFF, 0x4E,
    0x7F, 0xFF, 0x4E, 0x7F, 0xFF, 0x4E, 0x7F, 0xFF, 0x4E, 0x7F, 0xFF, 0x4E, 0x7F, 0xFF, 0x4E, 0x7F,
    0xFF, 0x4E, 0x7F, 0xFF, 0x4E, 0x7F, 0xFF, 0x4E, 0x7F, 0xFF, 0x4E, 0x7F, 0xFF, 0x4E, 0x7F, 0xFF,
    0x4E, 0x7F, 0xFF, 0x4E, 0x7F, 0xFF, 0x4E, 0x7F, 0xFF, 0x4E, 0x7F, 0xFF, 0x4E, 0x7F, 0xFF, 0x4E,
    0x7F, 0xFF, 0x4E, 0x7F, 0xFF, 0x4E, 0x7F, 0xFF, 0x4E, 0x7F, 0xFF, 0x4E, 0x7F, 0xFF, 0x4E, 0x7F,
    0xFF, 0x4E, 0x7F, 0xFF, 0x4E, 0x7F, 0xFF, 0x4E, 0x7F, 0xFF, 0x4E, 0x7F, 0xFF, 0x4E, 0x7F, 0xFF,
    0x4E, 0x7F, 0xFF, 0x45, 0x7B, 0xF2, 0x11, 0xA8, 0xCC, 0x00, 0x00, 0xBF, 0x00, 0x00, 0xBF, 0x00,
    0x00, 0xBF, 0x00, 0x00, 0xBF, 0x00, 0x00, 0xBF, 0x00, 0x00, 0xBF, 0x00, 0x00, 0xBF, 0x00, 0x00,
    0xBF, 0x00, 0x00, 0xBF, 0x00, 0x00, 0xBF, 0x00, 0x00, 0xBF, 0x00, 0x00, 0xBF, 0x00, 0x00, 0xBF,
    0x00, 0x00, 0xBF, 0x00, 0x00, 0xBF, 0x00, 0x00, 0xBF, 0x00, 0x00, 0xBF, 0x00, 0x00, 0xBF, 0x00,
    0x00, 0xBF, 0x00, 0x00, 0xBF, 0x00, 0x00, 0xBF, 0x00, 0x00, 0xBF, 0x00, 0x00, 0xBF, 0x00, 0x00,
    0xBF, 0x00, 0x00, 0xBF, 0x00, 0x00, 0xBF, 0x00, 0x00, 0xBF, 0x00, 0x00, 0xBF, 0x00, 0x00, 0xBF,
    0x00, 0x00, 0xBF, 0x00, 0x00, 0xBF, 0x00, 0x00, 0xBF, 0x00, 0x00, 0xBF, 0x00, 0x00, 0xBF, 0x00,
    0x00, 0xBF, 0x00, 0x00, 0xBF, 0x00, 0x00, 0xBF, 0x07, 0x42, 0xF8, 0x07, 0xE2, 0xFF, 0x07, 0xE2,
    0xFF, 0x07, 0xE2, 0xFF, 0x07, 0xE2, 0xFF, 0x07, 0xE2, 0xFF, 0x07, 0xE2, 0xFF, 0x07, 0xE2, 0xFF,
    0x07, 0xE2, 0xFF, 0x07, 0xE2, 0xFF, 0x07, 0xE2, 0xFF, 0x07, 0x42, 0xF8, 0x00, 0x00, 0xBF, 0x00,
    0x00, 0xBF, 0x00, 0x00, 0xBF, 0x00, 0x00, 0xBF, 0x00, 0x00, 0xBF, 0x00, 0x00, 0xBF, 0x00, 0x00,
    0xBF, 0x00, 0x00, 0xBF, 0x00, 0x00, 0xBF, 0x00, 0x00, 0xBF, 0x00, 0x00, 0xBF, 0x00, 0x00, 0xBF,
    0x00, 0x00, 0xBF, 0x00, 0x00, 0xBF, 0x00, 0x00, 0xBF, 0x00, 0x00, 0xBF, 0x00, 0x00, 0xBF, 0x00,
    0x00, 0xBF, 0x00, 0x00, 0xBF, 0x00, 0x00, 0xBF, 0x00, 0x00, 0xBF, 0x00, 0x00, 0xBF, 0x00, 0x00,
    0xBF, 0x00, 0x00, 0xBF, 0x00, 0x00, 0xBF, 0x00, 0x00, 0xBF, 0x00, 0x00, 0xBF, 0x00, 0x00, 0xBF,
    0x00, 0x00, 0xBF, 0x00, 0x00, 0xBF, 0x00, 0x00, 0xBF, 0x00, 0x00, 0xBF, 0x00, 0x00, 0xBF, 0x00,
    0x00, 0xBF, 0x00, 0x00, 0xBF, 0x00, 0x00, 0xBF, 0x00, 0x00, 0xBF, 0x00, 0x00, 0xBF, 0x00, 0x00,
    0xBF, 0x00, 0x00, 0xBF, 0x00, 0x00, 0xBF, 0x00, 0x00, 0xBF, 0x00, 0x00, 0xBF, 0x00, 0x00, 0xBF,
    0x00, 0x00, 0xBF, 0x00, 0x00, 0xBF, 0x00, 0x00, 0xBF, 0x00, 0x00, 0xBF, 0x00, 0x00, 0xBF, 0x00,
    0x00, 0xBF, 0x00, 0x00, 0xBF, 0x00, 0x00, 0xBF, 0x00, 0x00, 0xBF, 0x00, 0x00, 0xBF, 0x00, 0x00,
    0xBF, 0x00, 0x00, 0xBF, 0x00, 0x00, 0xBF, 0x00, 0x00, 0xBF, 0x00, 0x00, 0xBF, 0x00, 0x00, 0xBF,
    0x00, 0x00, 0xBF, 0x00, 0x00, 0xBF, 0x00, 0x00, 0xBF, 0x00, 0x00, 0xBF, 0x00, 0x00, 0xBF, 0x00,
    0x00, 0xBF, 0x00, 0x00, 0xBF, 0x00, 0x00, 0xBF, 0x00, 0x00, 0xBF, 0x00, 0x00, 0xBF, 0x00, 0x00,
    0xBF, 0x00, 0x00, 0xBF, 0x00, 0x00, 0xBF, 0x00, 0x00, 0xBF, 0x00, 0x00, 0xBF, 0x00, 0x00, 0xBF,
    0x00, 0x00, 0xBF, 0x00, 0x00, 0xBF, 0x00, 0x00, 0xBF, 0x00, 0x00, 0xBF, 0x00, 0x00, 0xBF, 0x00,
    0x00, 0xBF, 0x00, 0x00, 0xBF, 0x00, 0x00, 0xBF, 0x00, 0x00, 0xBF, 0x00, 0x00, 0xBF, 0x00, 0x00,
    0xBF, 0x00, 0x00, 0xBF, 0x00, 0x00, 0xBF, 0x00, 0x00, 0xBF, 0x00, 0x00, 0xBF, 0x00, 0x00, 0xBF,
    0x00, 0x00, 0xBF, 0x00, 0x00, 0xBF, 0x00, 0x00, 0xBF, 0x00, 0x00, 0xBF, 0x00, 0x00, 0xBF, 0x00,
    0x00, 0xBF, 0x00, 0x00, 0xBF, 0x00, 0x00, 0xBF, 0x00, 0x00, 0xBF, 0x00, 0x00, 0xBF, 0x00, 0x00,
    0xBF, 0x00, 0x00, 0xBF, 0x00, 0x00, 0xBF, 0x00, 0x00, 0xBF, 0x00, 0x00, 0xBF, 0x00, 0x00, 0xBF,
    0x00, 0x00, 0xBF, 0x00, 0x00, 0xBF, 0x00, 0x00, 0xBF, 0x00, 0x00, 0xBF, 0x00, 0x00, 0xBF, 0x00,
    0x00, 0xBF, 0x00, 0x00, 0xBF, 0x00, 0x00, 0xBF, 0x00, 0x00, 0xBF, 0x00, 0x00, 0xBF, 0x00, 0x00,
    0xBF, 0x00, 0x00, 0xBF, 0x00, 0x00, 0xBF, 0x00, 0x00, 0xBF, 0x00, 0x00, 0xBF, 0x00, 0x00, 0xBF,
    0x00, 0x00, 0xBF, 0x00, 0x00, 0xBF, 0x00, 0x00, 0xBF, 0x00, 0x00, 0xBF, 0x00, 0x00, 0xBF, 0x00,
    0x00, 0xBF, 0x00, 0x00, 0xBF, 0x00, 0x00, 0xBF, 0x00, 0x00, 0xBF, 0x00, 0x00, 0xBF, 0x00, 0x00,
    0xBF, 0x00, 0x00, 0xBF, 0x00, 0x00, 0xBF, 0x00, 0x00, 0xBF, 0x00, 0x00, 0xBF, 0x00, 0x00, 0xBF,
    0x00, 0x00, 0xBF, 0x00, 0x00, 0xBF, 0x00, 0x00, 0xBF, 0x00, 0x00, 0xBF, 0x00, 0x00, 0xBF, 0x00,
    0x00, 0xBF, 0x00, 0x00, 0xBF, 0x00, 0x00, 0xBF, 0x00, 0x00, 0xBF, 0x00, 0x00, 0xBF, 0x00, 0x00,
    0xBF, 0x00, 0x00, 0xBF, 0x00, 0x00, 0xBF, 0x00, 0x00, 0xBF, 0x00, 0x00, 0xBF, 0x00, 0x00, 0xBF,
    0x00, 0x00, 0xBF, 0x00, 0x00, 0xBF, 0x00, 0x00, 0xBF, 0x00, 0x00, 0xBF, 0x00, 0x00, 0xBF, 0x00,
    0x00, 0xBF, 0x00, 0x00, 0xBF, 0x00, 0x00, 0xBF, 0x00, 0x00, 0xBF, 0x00, 0x00, 0xBF, 0x00, 0x00,
    0xBF, 0x00, 0x00, 0xBF, 0x00, 0x00, 0xBF, 0x00, 0x00, 0xBF, 0x00, 0x00, 0xBF, 0x00, 0x00, 0xBF,
    0x00, 0x00, 0xBF, 0x00, 0x00, 0xBF, 0x00, 0x00, 0xBF, 0x00, 0x00, 0xBF, 0x00, 0x00, 0xBF, 0x00,
    0x00, 0xBF, 0x00, 0x00, 0xBF, 0x00, 0x00, 0xBF, 0x00, 0x00, 0xBF, 0x00, 0x00, 0xBF, 0x00, 0x00,
    0xBF, 0x00, 0x00, 0xBF, 0x00, 0x00, 0xBF, 0x00, 0x00, 0xBF, 0x00, 0x00, 0xBF, 0x00, 0x00, 0xBF,
    0x28, 0xE1, 0xC8, 0xED, 0x6A, 0xFF, 0xED, 0x6A, 0xFF, 0xED, 0x6A, 0xFF, 0xED, 0x6A, 0xFF, 0xED,
    0x6A, 0xFF, 0xED, 0x6A, 0xFF, 0xED, 0x6A, 0xFF, 0xED, 0x6A, 0xFF, 0x49, 0xA3, 0xD0, 0x00, 0x00,
    0xBF, 0x00, 0x00, 0xBF, 0x00, 0x00, 0xBF, 0x00, 0x00, 0xBF, 0x00, 0x00, 0xBF, 0x00, 0x00, 0xBF,
    0x00, 0x00, 0xBF, 0x00, 0x00, 0xBF, 0x00, 0x00, 0xBF, 0x00, 0x00, 0xBF, 0x00, 0x00, 0xBF, 0x09,
    0x26, 0xC9, 0x3C, 0xD8, 0xEB, 0x4E, 0x5F, 0xFF, 0x4E, 0x7F, 0xFF, 0x4E, 0x7F, 0xFF, 0x4E, 0x7F,
    0xFF, 0x4E, 0x7F, 0xFF, 0x4E, 0x7F, 0xFF, 0x4E, 0x7F, 0xFF, 0x4E, 0x7F, 0xFF, 0x4E, 0x7F, 0xFF,
    0x4E, 0x7F, 0xFF, 0x4E, 0x7F, 0xFF, 0x4E, 0x7F, 0xFF, 0x4E, 0x7F, 0xFF, 0x4E, 0x7F, 0xFF, 0x4E,
    0x7F, 0xFF, 0x4E, 0x7F, 0xFF, 0x4E, 0x7F, 0xFF, 0x4E, 0x7F, 0xFF, 0x4E, 0x7F, 0xFF, 0x4E, 0x7F,
    0xFF, 0x4E, 0x7F, 0xFF, 0x4E, 0x7F, 0xFF, 0x4E, 0x7F, 0xFF, 0x4E, 0x7F, 0xFF, 0x4E, 0x7F, 0xFF,
    0x4E, 0x7F, 0xFF, 0x4E, 0x7F, 0xFF, 0x4E, 0x7F, 0xFF, 0x4E, 0x7F, 0xFF, 0x4E, 0x7F, 0xFF, 0x4E,
    0x7F, 0xFF, 0x4E, 0x7F, 0xFF, 0x4E, 0x7F, 0xFF, 0x4E, 0x7F, 0xFF, 0x4E, 0x7F, 0xFF, 0x4E, 0x7F,
    0xFF, 0x4E, 0x7F, 0xFF, 0x4E, 0x7F, 0xFF, 0x4E, 0x7F, 0xFF, 0x4E, 0x7F, 0xFF, 0x4E, 0x7F, 0xFF,
    0x4E, 0x7F, 0xFF, 0x4E, 0x7F, 0xFF, 0x4E, 0x7F, 0xFF, 0x4E, 0x7F, 0xFF, 0x4E, 0x7F, 0xFF, 0x4D,
    0xFD, 0xFA, 0x23, 0x0F, 0xDA, 0x00, 0x21, 0xC1, 0x00, 0x00, 0xBF, 0x00, 0x00, 0xBF, 0x00, 0x00,
    0xBF, 0x00, 0x00, 0xBF, 0x00, 0x00, 0xBF, 0x00, 0x00, 0xBF, 0x00, 0x00, 0xBF, 0x00, 0x00, 0xBF,
    0x00, 0x00, 0xBF, 0x00, 0x00, 0xBF, 0x00, 0x00, 0xBF, 0x00, 0x00, 0xBF, 0x00, 0x00, 0xBF, 0x00,
    0x00, 0xBF, 0x00, 0x00, 0xBF, 0x00, 0x00, 0xBF, 0x00, 0x00, 0xBF, 0x00, 0x00, 0xBF, 0x00, 0x00,
    0xBF, 0x00, 0x00, 0xBF, 0x00, 0x00, 0xBF, 0x00, 0x00, 0xBF, 0x00, 0x00, 0xBF, 0x00, 0x00, 0xBF,
    0x00, 0x00, 0xBF, 0x00, 0x00, 0xBF, 0x00, 0x00, 0xBF, 0x00, 0x00, 0xBF, 0x00, 0x00, 0xBF, 0x00,
    0x00, 0xBF, 0x00, 0x00, 0xBF, 0x00, 0x00, 0xBF, 0x00, 0x00, 0xBF, 0x00, 0x00, 0xBF, 0x00, 0x00,
    0xBF, 0x00, 0x00, 0xBF, 0x00, 0x00, 0xBF, 0x00, 0x00, 0xBF, 0x07, 0x42, 0xF8, 0x07, 0xE2, 0xFF,
    0x07, 0xE2, 0xFF, 0x07, 0xE2, 0xFF, 0x07, 0xE2, 0xFF, 0x07, 0xE2, 0xFF, 0x07, 0xE2, 0xFF, 0x07,
    0xE2, 0xFF, 0x07, 0xE2, 0xFF, 0x07, 0xE2, 0xFF, 0x07, 0xE2, 0xFF, 0x07, 0x42, 0xF8, 0x00, 0x00,
    0xBF, 0x00, 0x00, 0xBF, 0x00, 0x00, 0xBF, 0x00, 0x00, 0xBF, 0x00, 0x00, 0xBF, 0x00, 0x00, 0xBF,
    0x00, 0x00, 0xBF, 0x00, 0x00, 0xBF, 0x00, 0x00, 0xBF, 0x00, 0x00, 0xBF, 0x00, 0x00, 0xBF, 0x00,
    0x00, 0xBF, 0x00, 0x00, 0xBF, 0x00, 0x00, 0xBF, 0x00, 0x00, 0xBF, 0x00, 0x00, 0xBF, 0x00, 0x00,
    0xBF, 0x00, 0x00, 0xBF, 0x00, 0x00, 0xBF, 0x00, 0x00, 0xBF, 0x00, 0x00, 0xBF, 0x00, 0x00, 0xBF,
    0x00, 0x00, 0xBF, 0x00, 0x00, 0xBF, 0x00, 0x00, 0xBF, 0x00, 0x00, 0xBF, 0x00, 0x00, 0xBF, 0x00,
    0x00, 0xBF, 0x00, 0x00, 0xBF, 0x00, 0x00, 0xBF, 0x00, 0x00, 0xBF, 0x00, 0x00, 0xBF, 0x00, 0x00,
    0xBF, 0x00, 0x00, 0xBF, 0x00, 0x00, 0xBF, 0x00, 0x00, 0xBF, 0x00, 0x00, 0xBF, 0x00, 0x00, 0xBF,
    0x00, 0x00, 0xBF, 0x00, 0x00, 0xBF, 0x00, 0x00, 0xBF, 0x00, 0x00, 0xBF, 0x00, 0x00, 0xBF, 0x00,
    0x00, 0xBF, 0x00, 0x00, 0xBF, 0x00, 0x00, 0xBF, 0x00, 0x00, 0xBF, 0x00, 0x00, 0xBF, 0x00, 0x00,
    0xBF, 0x00, 0x00, 0xBF, 0x00, 0x00, 0xBF, 0x00, 0x00, 0xBF, 0x00, 0x00, 0xBF, 0x00, 0x00, 0xBF,
    0x00, 0x00, 0xBF, 0x00, 0x00, 0xBF, 0x00, 0x00, 0xBF, 0x00, 0x00, 0xBF, 0x00, 0x00, 0xBF, 0x00,
    0x00, 0xBF, 0x00, 0x00, 0xBF, 0x00, 0x00, 0xBF, 0x00, 0x00, 0xBF, 0x00, 0x00, 0xBF, 0x00, 0x00,
    0xBF, 0x00, 0x00, 0xBF, 0x00, 0x00, 0xBF, 0x00, 0x00, 0xBF, 0x00, 0x00, 0xBF, 0x00, 0x00, 0xBF,
    0x00, 0x00, 0xBF, 0x00, 0x00, 0xBF, 0x00, 0x00, 0xBF, 0x00, 0x00, 0xBF, 0x00, 0x00, 0xBF, 0x00,
    0x00, 0xBF, 0x00, 0x00, 0xBF, 0x00, 0x00, 0xBF, 0x00, 0x00, 0xBF, 0x00, 0x00, 0xBF, 0x00, 0x00,
    0xBF, 0x00, 0x00, 0xBF, 0x00, 0x00, 0xBF, 0x00, 0x00, 0xBF, 0x00, 0x00, 0xBF, 0x00, 0x00, 0xBF,
    0x00, 0x00, 0xBF, 0x00, 0x00, 0xBF, 0x00, 0x00, 0xBF, 0x00, 0x00, 0xBF, 0x00, 0x00, 0xBF, 0x00,
    0x00, 0xBF, 0x00, 0x00, 0xBF, 0x00, 0x00, 0xBF, 0x00, 0x00, 0xBF, 0x00, 0x00, 0xBF, 0x00, 0x00,
    0xBF, 0x00, 0x00, 0xBF, 0x00, 0x00, 0xBF, 0x00, 0x00, 0xBF, 0x00, 0x00, 0xBF, 0x00, 0x00, 0xBF,
    0x00, 0x00, 0xBF, 0x00, 0x00, 0xBF, 0x00, 0x00, 0xBF, 0x00, 0x00, 0xBF, 0x00, 0x00, 0xBF, 0x00,
    0x00, 0xBF, 0x00, 0x00, 0xBF, 0x00, 0x00, 0xBF, 0x00, 0x00, 0xBF, 0x00, 0x00, 0xBF, 0x00, 0x00,
    0xBF, 0x00, 0x00, 0xBF, 0x00, 0x00, 0xBF, 0x00, 0x00, 0xBF, 0x00, 0x00, 0xBF, 0x00, 0x00, 0xBF,
    0x00, 0x00, 0xBF, 0x00, 0x00, 0xBF, 0x00, 0x00, 0xBF, 0x00, 0x00, 0xBF, 0x00, 0x00, 0xBF, 0x00,
    0x00, 0xBF, 0x00, 0x00, 0xBF, 0x00, 0x00, 0xBF, 0x00, 0x00, 0xBF, 0x00, 0x00, 0xBF, 0x00, 0x00,
    0xBF, 0x00, 0x00, 0xBF, 0x00, 0x00, 0xBF, 0x00, 0x00, 0xBF, 0x00, 0x00, 0xBF, 0x00, 0x00, 0xBF,
    0x00, 0x00, 0xBF, 0x00, 0x00, 0xBF, 0x00, 0x00, 0xBF, 0x00, 0x00, 0xBF, 0x00, 0x00, 0xBF, 0x00,
    0x00, 0xBF, 0x00, 0x00, 0xBF, 0x00, 0x00, 0xBF, 0x00, 0x00, 0xBF, 0x00, 0x00, 0xBF, 0x00, 0x00,
    0xBF, 0x00, 0x00, 0xBF, 0x00, 0x00, 0xBF, 0x00, 0x00, 0xBF, 0x00, 0x00, 0xBF, 0x00, 0x00, 0xBF,
    0x00, 0x00, 0xBF, 0x00, 0x00, 0xBF, 0x00, 0x00, 0xBF, 0x00, 0x00, 0xBF, 0x00, 0x00, 0xBF, 0x00,
    0x00, 0xBF, 0x00, 0x00, 0xBF, 0x00, 0x00, 0xBF, 0x00, 0x00, 0xBF, 0x00, 0x00, 0xBF, 0x00, 0x00,
    0xBF, 0x00, 0x00, 0xBF, 0x00, 0x00, 0xBF, 0x00, 0x00, 0xBF, 0x00, 0x00, 0xBF, 0x00, 0x00, 0xBF,
    0x00, 0x00, 0xBF, 0x00, 0x00, 0xBF, 0x00, 0x00, 0xBF, 0x00, 0x00, 0xBF, 0x00, 0x00, 0xBF, 0x00,
    0x00, 0xBF, 0x00, 0x00, 0xBF, 0x00, 0x00, 0xBF, 0x00, 0x00, 0xBF, 0x00, 0x00, 0xBF, 0x00, 0x00,
    0xBF, 0x00, 0x00, 0xBF, 0x00, 0x00, 0xBF, 0x00, 0x00, 0xBF, 0x00, 0x00, 0xBF, 0x00, 0x00, 0xBF,
    0x00, 0x00, 0xBF, 0x00, 0x00, 0xBF, 0x00, 0x00, 0xBF, 0x00, 0x00, 0xBF, 0x00, 0x00, 0xBF, 0x00,
    0x00, 0xBF, 0x00, 0x00, 0xC0, 0xD4, 0xA9, 0xF4, 0xED, 0x6A, 0xFF, 0xED, 0x6A, 0xFF, 0xED, 0x6A,
    0xFF, 0xED, 0x6A, 0xFF, 0xED, 0x6A, 0xFF, 0xED, 0x6A, 0xFF, 0xE5, 0x0A, 0xFA, 0x10, 0x60, 0xC2,
    0x00, 0x00, 0xBF, 0x00, 0x00, 0xBF, 0x00, 0x00, 0xBF, 0x00, 0x00, 0xBF, 0x00, 0x00, 0xBF, 0x00,
    0x00, 0xBF, 0x00, 0x00, 0xBF, 0x00, 0x00, 0xBF, 0x00, 0x00, 0xBF, 0x00, 0x00, 0xBF, 0x00, 0x00,
    0xBF, 0x00, 0x00, 0xBF, 0x00, 0x00, 0xBF, 0x1A, 0x0A, 0xD0, 0x3D, 0x39, 0xF0, 0x4E, 0x5F, 0xFF,
    0x4E, 0x7F, 0xFF, 0x4E, 0x7F, 0xFF, 0x4E, 0x7F, 0xFF, 0x4E, 0x7F, 0xFF, 0x4E, 0x7F, 0xFF, 0x4E,
    0x7F, 0xFF, 0x4E, 0x7F, 0xFF, 0x4E, 0x7F, 0xFF, 0x4E, 0x7F, 0xFF, 0x4E, 0x7F, 0xFF, 0x4E, 0x7F,
    0xFF, 0x4E, 0x7F, 0xFF, 0x4E, 0x7F, 0xFF, 0x4E, 0x7F, 0xFF, 0x4E, 0x7F, 0xFF, 0x4E, 0x7F, 0xFF,
    0x4E, 0x7F, 0xFF, 0x4E, 0x7F, 0xFF, 0x4E, 0x7F, 0xFF, 0x4E, 0x7F, 0xFF, 0x4E, 0x7F, 0xFF, 0x4E,
    0x7F, 0xFF, 0x4E, 0x7F, 0xFF, 0x4E, 0x7F, 0xFF, 0x4E, 0x7F, 0xFF, 0x4E, 0x7F, 0xFF, 0x4E, 0x7F,
    0xFF, 0x4E, 0x7F, 0xFF, 0x4E, 0x7F, 0xFF, 0x4E, 0x7F, 0xFF, 0x4E, 0x7F, 0xFF, 0x4E, 0x7F, 0xFF,
    0x4E, 0x7F, 0xFF, 0x4E, 0x7F, 0xFF, 0x4E, 0x7F, 0xFF, 0x4E, 0x7F, 0xFF, 0x4E, 0x7F, 0xFF, 0x4E,
    0x7F, 0xFF, 0x4E, 0x7F, 0xFF, 0x4E, 0x7F, 0xFF, 0x4E, 0x7F, 0xFF, 0x4E, 0x3E, 0xFB, 0x2B, 0xD2,
    0xE0, 0x08, 0xA2, 0xC4, 0x00, 0x00, 0xBF, 0x00, 0x00, 0xBF, 0x00, 0x00, 0xBF, 0x00, 0x00, 0xBF,
    0x00, 0x00, 0xBF, 0x00, 0x00, 0xBF, 0x00, 0x00, 0xBF, 0x00, 0x00, 0xBF, 0x00, 0x00, 0xBF, 0x00,
    0x00, 0xBF, 0x00, 0x00, 0xBF, 0x00, 0x00, 0xBF, 0x00, 0x00, 0xBF, 0x00, 0x00, 0xBF, 0x00, 0x00,
    0xBF, 0x00, 0x00, 0xBF, 0x00, 0x00, 0xBF, 0x00, 0x00, 0xBF, 0x00, 0x00, 0xBF, 0x00, 0x00, 0xBF,
    0x00, 0x00, 0xBF, 0x00, 0x00, 0xBF, 0x00, 0x00, 0xBF, 0x00, 0x00, 0xBF, 0x00, 0x00, 0xBF, 0x00,
    0x00, 0xBF, 0x00, 0x00, 0xBF, 0x00, 0x00, 0xBF, 0x00, 0x00, 0xBF, 0x00, 0x00, 0xBF, 0x00, 0x00,
    0xBF, 0x00, 0x00, 0xBF, 0x00, 0x00, 0xBF, 0x00, 0x00, 0xBF, 0x00, 0x00, 0xBF, 0x00, 0x00, 0xBF,
    0x00, 0x00, 0xBF, 0x00, 0x00, 0xBF, 0x00, 0x00, 0xBF, 0x00, 0x00, 0xBF, 0x07, 0x42, 0xF8, 0x07,
    0xE2, 0xFF, 0x07, 0xE2, 0xFF, 0x07, 0xE2, 0xFF, 0x07, 0xE2, 0xFF, 0x07, 0xE2, 0xFF, 0x07, 0xE2,
    0xFF, 0x07, 0xE2, 0xFF, 0x07, 0xE2, 0xFF, 0x07, 0xE2, 0xFF, 0x07, 0xE2, 0xFF, 0x07, 0x42, 0xF8,
    0x00, 0x00, 0xBF, 0x00, 0x00, 0xBF, 0x00, 0x00, 0xBF, 0x00, 0x00, 0xBF, 0x00, 0x00, 0xBF, 0x00,
    0x00, 0xBF, 0x00, 0x00, 0xBF, 0x00, 0x00, 0xBF, 0x00, 0x00, 0xBF, 0x00, 0x00, 0xBF, 0x00, 0x00,
    0xBF, 0x00, 0x00, 0xBF, 0x00, 0x00, 0xBF, 0x00, 0x00, 0xBF, 0x00, 0x00, 0xBF, 0x00, 0x00, 0xBF,
    0x00, 0x00, 0xBF, 0x00, 0x00, 0xBF, 0x00, 0x00, 0xBF, 0x00, 0x00, 0xBF, 0x00, 0x00, 0xBF, 0x00,
    0x00, 0xBF, 0x00, 0x00, 0xBF, 0x00, 0x00, 0xBF, 0x00, 0x00, 0xBF, 0x00, 0x00, 0xBF, 0x00, 0x00,
    0xBF, 0x00, 0x00, 0xBF, 0x00, 0x00, 0xBF, 0x00, 0x00, 0xBF, 0x00, 0x00, 0xBF, 0x00, 0x00, 0xBF,
    0x00, 0x00, 0xBF, 0x00, 0x00, 0xBF, 0x00, 0x00, 0xBF, 0x00, 0x00, 0xBF, 0x00, 0x00, 0xBF, 0x00,
    0x00, 0xBF, 0x00, 0x00, 0xBF, 0x00, 0x00, 0xBF, 0x00, 0x00, 0xBF, 0x00, 0x00, 0xBF, 0x00, 0x00,
    0xBF, 0x00, 0x00, 0xBF, 0x00, 0x00, 0xBF, 0x00, 0x00, 0xBF, 0x00, 0x00, 0xBF, 0x00, 0x00, 0xBF,
    0x00, 0x00, 0xBF, 0x00, 0x00, 0xBF, 0x00, 0x00, 0xBF, 0x00, 0x00, 0xBF, 0x00, 0x00, 0xBF, 0x00,
    0x00, 0xBF, 0x00, 0x00, 0xBF, 0x00, 0x00, 0xBF, 0x00, 0x00, 0xBF, 0x00, 0x00, 0xBF, 0x00, 0x00,
    0xBF, 0x00, 0x00, 0xBF, 0x00, 0x00, 0xBF, 0x00, 0x00, 0xBF, 0x00, 0x00, 0xBF, 0x00, 0x00, 0xBF,
    0x00, 0x00, 0xBF, 0x00, 0x00, 0xBF, 0x00, 0x00, 0xBF, 0x00, 0x00, 0xBF, 0x00, 0x00, 0xBF, 0x00,
    0x00, 0xBF, 0x00, 0x00, 0xBF, 0x00, 0x00, 0xBF, 0x00, 0x00, 0xBF, 0x00, 0x00, 0xBF, 0x00, 0x00,
    0xBF, 0x00, 0x00, 0xBF, 0x00, 0x00, 0xBF, 0x00, 0x00, 0xBF, 0x00, 0x00, 0xBF, 0x00, 0x00, 0xBF,
    0x00, 0x00, 0xBF, 0x00, 0x00, 0xBF, 0x00, 0x00, 0xBF, 0x00, 0x00, 0xBF, 0x00, 0x00, 0xBF, 0x00,
    0x00, 0xBF, 0x00, 0x00, 0xBF, 0x00, 0x00, 0xBF, 0x00, 0x00, 0xBF, 0x00, 0x00, 0xBF, 0x00, 0x00,
    0xBF, 0x00, 0x00, 0xBF, 0x00, 0x00, 0xBF, 0x00, 0x00, 0xBF, 0x00, 0x00, 0xBF, 0x00, 0x00, 0xBF,
    0x00, 0x00, 0xBF, 0x00, 0x00, 0xBF, 0x00, 0x00, 0xBF, 0x00, 0x00, 0xBF, 0x00, 0x00, 0xBF, 0x00,
    0x00, 0xBF, 0x00, 0x00, 0xBF, 0x00, 0x00, 0xBF, 0x00, 0x00, 0xBF, 0x00, 0x00, 0xBF, 0x00, 0x00,
    0xBF, 0x00, 0x00, 0xBF, 0x00, 0x00, 0xBF, 0x00, 0x00, 0xBF, 0x00, 0x00, 0xBF, 0x00, 0x00, 0xBF,
    0x00, 0x00, 0xBF, 0x00, 0x00, 0xBF, 0x00, 0x00, 0xBF, 0x00, 0x00, 0xBF, 0x00, 0x00, 0xBF, 0x00,
    0x00, 0xBF, 0x00, 0x00, 0xBF, 0x00, 0x00, 0xBF, 0x00, 0x00, 0xBF, 0x00, 0x00, 0xBF, 0x00, 0x00,
    0xBF, 0x00, 0x00, 0xBF, 0x00, 0x00, 0xBF, 0x00, 0x00, 0xBF, 0x00, 0x00, 0xBF, 0x00, 0x00, 0xBF,
    0x00, 0x00, 0xBF, 0x00, 0x00, 0xBF, 0x00, 0x00, 0xBF, 0x00, 0x00, 0xBF, 0x00, 0x00, 0xBF, 0x00,
    0x00, 0xBF, 0x00, 0x00, 0xBF, 0x00, 0x00, 0xBF, 0x00, 0x00, 0xBF, 0x00, 0x00, 0xBF, 0x00, 0x00,
    0xBF, 0x00, 0x00, 0xBF, 0x00, 0x00, 0xBF, 0x00, 0x00, 0xBF, 0x00, 0x00, 0xBF, 0x00, 0x00, 0xBF,
    0x00, 0x00, 0xBF, 0x00, 0x00, 0xBF, 0x00, 0x00, 0xBF, 0x00, 0x00, 0xBF, 0x00, 0x00, 0xBF, 0x00,
    0x00, 0xBF, 0x00, 0x00, 0xBF, 0x00, 0x00, 0xBF, 0x00, 0x00, 0xBF, 0x00, 0x00, 0xBF, 0x00, 0x00,
    0xBF, 0x00, 0x00, 0xBF, 0x00, 0x00, 0xBF, 0x00, 0x00, 0xBF, 0x00, 0x00, 0xBF, 0x00, 0x00, 0xBF,
    0x00, 0x00, 0xBF, 0x00, 0x00, 0xBF, 0x00, 0x00, 0xBF, 0x00, 0x00, 0xBF, 0x00, 0x00, 0xBF, 0x00,
    0x00, 0xBF, 0x00, 0x00, 0xBF, 0x00, 0x00, 0xBF, 0x00, 0x00, 0xBF, 0x00, 0x00, 0xBF, 0x00, 0x00,
    0xBF, 0x00, 0x00, 0xBF, 0x00, 0x00, 0xBF, 0x00, 0x00, 0xBF, 0x00, 0x00, 0xBF, 0x00, 0x00, 0xBF,
    0x00, 0x00, 0xBF, 0x00, 0x00, 0xBF, 0x00, 0x00, 0xBF, 0x00, 0x00, 0xBF, 0x00, 0x00, 0xBF, 0x00,
    0x00, 0xBF, 0x00, 0x00, 0xBF, 0x00, 0x00, 0xBF, 0x00, 0x00, 0xBF, 0x00, 0x00, 0xBF, 0x00, 0x00,
    0xBF, 0x00, 0x00, 0xBF, 0x00, 0x00, 0xBF, 0x51, 0xC3, 0xD0, 0xED, 0x4A, 0xFD, 0xED, 0x6A, 0xFF,
    0xED, 0x6A, 0xFF, 0xED, 0x6A, 0xFF, 0xED, 0x6A, 0xFF, 0xED, 0x4A, 0xFE, 0x6A, 0x64, 0xD8, 0x00,
    0x00, 0xBF, 0x00, 0x00, 0xBF, 0x00, 0x00, 0xBF, 0x00, 0x00, 0xBF, 0x00, 0x00, 0xBF, 0x00, 0x00,
    0xBF, 0x00, 0x00, 0xBF, 0x00, 0x00, 0xBF, 0x00, 0x00, 0xBF, 0x00, 0x00, 0xBF, 0x00, 0x00, 0xBF,
    0x00, 0x00, 0xBF, 0x00, 0x00, 0xBF, 0x00, 0x00, 0xBF, 0x00, 0x00, 0xBF, 0x00, 0x00, 0xBF, 0x1A,
    0x0A, 0xD0, 0x3C, 0xF8, 0xED, 0x4E, 0x5F, 0xFE, 0x4E, 0x7F, 0xFF, 0x4E, 0x7F, 0xFF, 0x4E, 0x7F,
    0xFF, 0x4E, 0x7F, 0xFF, 0x4E, 0x7F, 0xFF, 0x4E, 0x7F, 0xFF, 0x4E, 0x7F, 0xFF, 0x4E, 0x7F, 0xFF,
    0x4E, 0x7F, 0xFF, 0x4E, 0x7F, 0xFF, 0x4E, 0x7F, 0xFF, 0x4E, 0x7F, 0xFF, 0x4E, 0x7F, 0xFF, 0x4E,
    0x7F, 0xFF, 0x4E, 0x7F, 0xFF, 0x4E, 0x7F, 0xFF, 0x4E, 0x7F, 0xFF, 0x4E, 0x7F, 0xFF, 0x4E, 0x7F,
    0xFF, 0x4E, 0x7F, 0xFF, 0x4E, 0x7F, 0xFF, 0x4E, 0x7F, 0xFF, 0x4E, 0x7F, 0xFF, 0x4E, 0x7F, 0xFF,
    0x4E, 0x7F, 0xFF, 0x4E, 0x7F, 0xFF, 0x4E, 0x7F, 0xFF, 0x4E, 0x7F, 0xFF, 0x4E, 0x7F, 0xFF, 0x4E,
    0x7F, 0xFF, 0x4E, 0x7F, 0xFF, 0x4E, 0x7F, 0xFF, 0x4E, 0x7F, 0xFF, 0x4E, 0x7F, 0xFF, 0x4E, 0x7F,
    0xFF, 0x4E, 0x7F, 0xFF, 0x4E, 0x7F, 0xFF, 0x4D, 0xFD, 0xF9, 0x2B, 0xB2, 0xDF, 0x08, 0xA3, 0xC5,
    0x00, 0x00, 0xBF, 0x00, 0x00, 0xBF, 0x00, 0x00, 0xBF, 0x00, 0x00, 0xBF, 0x00, 0x00, 0xBF, 0x00,
    0x00, 0xBF, 0x00, 0x00, 0xBF, 0x00, 0x00, 0xBF, 0x00, 0x00, 0xBF, 0x00, 0x00, 0xBF, 0x00, 0x00,
    0xBF, 0x00, 0x00, 0xBF, 0x00, 0x00, 0xBF, 0x00, 0x00, 0xBF, 0x00, 0x00, 0xBF, 0x00, 0x00, 0xBF,
    0x00, 0x00, 0xBF, 0x00, 0x00, 0xBF, 0x00, 0x00, 0xBF, 0x00, 0x00, 0xBF, 0x00, 0x00, 0xBF, 0x00,
    0x00, 0xBF, 0x00, 0x00, 0xBF, 0x00, 0x00, 0xBF, 0x00, 0x00, 0xBF, 0x00, 0x00, 0xBF, 0x00, 0x00,
    0xBF, 0x00, 0x00, 0xBF, 0x00, 0x00, 0xBF, 0x00, 0x00, 0xBF, 0x00, 0x00, 0xBF, 0x00, 0x00, 0xBF,
    0x00, 0x00, 0xBF, 0x00, 0x00, 0xBF, 0x00, 0x00, 0xBF, 0x00, 0x00, 0xBF, 0x00, 0x00, 0xBF, 0x00,
    0x00, 0xBF, 0x00, 0x00, 0xBF, 0x00, 0x00, 0xBF, 0x00, 0x00, 0xBF, 0x00, 0x00, 0xBF, 0x07, 0x42,
    0xF8, 0x07, 0xE2, 0xFF, 0x07, 0xE2, 0xFF, 0x07, 0xE2, 0xFF, 0x07, 0xE2, 0xFF, 0x07, 0xE2, 0xFF,
    0x07, 0xE2, 0xFF, 0x07, 0xE2, 0xFF, 0x07, 0xE2, 0xFF, 0x07, 0xE2, 0xFF, 0x07, 0xE2, 0xFF, 0x07,
    0x42, 0xF8, 0x00, 0x00, 0xBF, 0x00, 0x00, 0xBF, 0x00, 0x00, 0xBF, 0x00, 0x00, 0xBF, 0x00, 0x00,
    0xBF, 0x00, 0x00, 0xBF, 0x00, 0x00, 0xBF, 0x00, 0x00, 0xBF, 0x00, 0x00, 0xBF, 0x00, 0x00, 0xBF,
    0x00, 0x00, 0xBF, 0x00, 0x00, 0xBF, 0x00, 0x00, 0xBF, 0x00, 0x00, 0xBF, 0x00, 0x00, 0xBF, 0x00,
    0x00, 0xBF, 0x00, 0x00, 0xBF, 0x00, 0x00, 0xBF, 0x00, 0x00, 0xBF, 0x00, 0x00, 0xBF, 0x00, 0x00,
    0xBF, 0x00, 0x00, 0xBF, 0x00, 0x00, 0xBF, 0x00, 0x00, 0xBF, 0x00, 0x00, 0xBF, 0x00, 0x00, 0xBF,
    0x00, 0x00, 0xBF, 0x00, 0x00, 0xBF, 0x00, 0x00, 0xBF, 0x00, 0x00, 0xBF, 0x00, 0x00, 0xBF, 0x00,
    0x00, 0xBF, 0x00, 0x00, 0xBF, 0x00, 0x00, 0xBF, 0x00, 0x00, 0xBF, 0x00, 0x00, 0xBF, 0x00, 0x00,
    0xBF, 0x00, 0x00, 0xBF, 0x00, 0x00, 0xBF, 0x00, 0x00, 0xBF, 0x00, 0x00, 0xBF, 0x00, 0x00, 0xBF,
    0x00, 0x00, 0xBF, 0x00, 0x00, 0xBF, 0x00, 0x00, 0xBF, 0x00, 0x00, 0xBF, 0x00, 0x00, 0xBF, 0x00,
    0x00, 0xBF, 0x00, 0x00, 0xBF, 0x00, 0x00, 0xBF, 0x00, 0x00, 0xBF, 0x00, 0x00, 0xBF, 0x00, 0x00,
    0xBF, 0x00, 0x00, 0xBF, 0x00, 0x00, 0xBF, 0x00, 0x00, 0xBF, 0x00, 0x00, 0xBF, 0x00, 0x00, 0xBF,
    0x00, 0x00, 0xBF, 0x00, 0x00, 0xBF, 0x00, 0x00, 0xBF, 0x00, 0x00, 0xBF, 0x00, 0x00, 0xBF, 0x00,
    0x00, 0xBF, 0x00, 0x00, 0xBF, 0x00, 0x00, 0xBF, 0x00, 0x00, 0xBF, 0x00, 0x00, 0xBF, 0x00, 0x00,
    0xBF, 0x00, 0x00, 0xBF, 0x00, 0x00, 0xBF, 0x00, 0x00, 0xBF, 0x00, 0x00, 0xBF, 0x00, 0x00, 0xBF,
    0x00, 0x00, 0xBF, 0x00, 0x00, 0xBF, 0x00, 0x00, 0xBF, 0x00, 0x00, 0xBF, 0x00, 0x00, 0xBF, 0x00,
    0x00, 0xBF, 0x00, 0x00, 0xBF, 0x00, 0x00, 0xBF, 0x00, 0x00, 0xBF, 0x00, 0x00, 0xBF, 0x00, 0x00,
    0xBF, 0x00, 0x00, 0xBF, 0x00, 0x00, 0xBF, 0x00, 0x00, 0xBF, 0x00, 0x00, 0xBF, 0x00, 0x00, 0xBF,
    0x00, 0x00, 0xBF, 0x00, 0x00, 0xBF, 0x00, 0x00, 0xBF, 0x00, 0x00, 0xBF, 0x00, 0x00, 0xBF, 0x00,
    0x00, 0xBF, 0x00, 0x00, 0xBF, 0x00, 0x00, 0xBF, 0x00, 0x00, 0xBF, 0x00, 0x00, 0xBF, 0x00, 0x00,
    0xBF, 0x00, 0x00, 0xBF, 0x00, 0x00, 0xBF, 0x00, 0x00, 0xBF, 0x00, 0x00, 0xBF, 0x00, 0x00, 0xBF,
    0x00, 0x00, 0xBF, 0x00, 0x00, 0xBF, 0x00, 0x00, 0xBF, 0x00, 0x00, 0xBF, 0x00, 0x00, 0xBF, 0x00,
    0x00, 0xBF, 0x00, 0x00, 0xBF, 0x00, 0x00, 0xBF, 0x00, 0x00, 0xBF, 0x00, 0x00, 0xBF, 0x00, 0x00,
    0xBF, 0x00, 0x00, 0xBF, 0x00, 0x00, 0xBF, 0x00, 0x00, 0xBF, 0x00, 0x00, 0xBF, 0x00, 0x00, 0xBF,
    0x00, 0x00, 0xBF, 0x00, 0x00, 0xBF, 0x00, 0x00, 0xBF, 0x00, 0x00, 0xBF, 0x00, 0x00, 0xBF, 0x00,
    0x00, 0xBF, 0x00, 0x00, 0xBF, 0x00, 0x00, 0xBF, 0x00, 0x00, 0xBF, 0x00, 0x00, 0xBF, 0x00, 0x00,
    0xBF, 0x00, 0x00, 0xBF, 0x00, 0x00, 0xBF, 0x00, 0x00, 0xBF, 0x00, 0x00, 0xBF, 0x00, 0x00, 0xBF,
    0x00, 0x00, 0xBF, 0x00, 0x00, 0xBF, 0x00, 0x00, 0xBF, 0x00, 0x00, 0xBF, 0x00, 0x00, 0xBF, 0x00,
    0x00, 0xBF, 0x00, 0x00, 0xBF, 0x00, 0x00, 0xBF, 0x00, 0x00, 0xBF, 0x00, 0x00, 0xBF, 0x00, 0x00,
    0xBF, 0x00, 0x00, 0xBF, 0x00, 0x00, 0xBF, 0x00, 0x00, 0xBF, 0x00, 0x00, 0xBF, 0x00, 0x00, 0xBF,
    0x00, 0x00, 0xBF, 0x00, 0x00, 0xBF, 0x00, 0x00, 0xBF, 0x00, 0x00, 0xBF, 0x00, 0x00, 0xBF, 0x00,
    0x00, 0xBF, 0x00, 0x00, 0xBF, 0x00, 0x00, 0xBF, 0x00, 0x00, 0xBF, 0x00, 0x00, 0xBF, 0x00, 0x00,
    0xBF, 0x00, 0x00, 0xBF, 0x00, 0x00, 0xBF, 0x00, 0x00, 0xBF, 0x00, 0x00, 0xBF, 0x00, 0x00, 0xBF,
    0x00, 0x00, 0xBF, 0x00, 0x00, 0xBF, 0x00, 0x00, 0xBF, 0x00, 0x00, 0xBF, 0x00, 0x00, 0xBF, 0x00,
    0x00, 0xBF, 0x00, 0x00, 0xBF, 0x00, 0x00, 0xBF, 0x00, 0x00, 0xBF, 0x00, 0x00, 0xBF, 0x00, 0x00,
    0xBF, 0x00, 0x00, 0xBF, 0x00, 0x00, 0xBF, 0x00, 0x00, 0xBF, 0x00, 0x00, 0xBF, 0x00, 0x00, 0xBF,
    0x00, 0x00, 0xBF, 0x00, 0x00, 0xBF, 0x00, 0x00, 0xBF, 0x00, 0x00, 0xBF, 0x49, 0xA3, 0xCF, 0xCC,
    0x89, 0xF2, 0xED, 0x4A, 0xFE, 0xED, 0x4A, 0xFE, 0xD4, 0xA9, 0xF5, 0x5A, 0x24, 0xD4, 0x00, 0x00,
    0xBF, 0x00, 0x00, 0xBF, 0x00, 0x00, 0xBF, 0x00, 0x00, 0xBF, 0x00, 0x00, 0xBF, 0x00, 0x00, 0xBF,
    0x00, 0x00, 0xBF, 0x00, 0x00, 0xBF, 0x00, 0x00, 0xBF, 0x00, 0x00, 0xBF, 0x00, 0x00, 0xBF, 0x00,
    0x00, 0xBF, 0x00, 0x00, 0xBF, 0x00, 0x00, 0xBF, 0x00, 0x00, 0xBF, 0x00, 0x00, 0xBF, 0x00, 0x00,
    0xBF, 0x00, 0x00, 0xBF, 0x00, 0x00, 0xBF, 0x11, 0x67, 0xCA, 0x34, 0x14, 0xE3, 0x4E, 0x1E, 0xFA,
    0x4E, 0x7F, 0xFF, 0x4E, 0x7F, 0xFF, 0x4E, 0x7F, 0xFF, 0x4E, 0x7F, 0xFF, 0x4E, 0x7F, 0xFF, 0x4E,
    0x7F, 0xFF, 0x4E, 0x7F, 0xFF, 0x4E, 0x7F, 0xFF, 0x4E, 0x7F, 0xFF, 0x4E, 0x7F, 0xFF, 0x4E, 0x7F,
    0xFF, 0x4E, 0x7F, 0xFF, 0x4E, 0x7F, 0xFF, 0x4E, 0x7F, 0xFF, 0x4E, 0x7F, 0xFF, 0x4E, 0x7F, 0xFF,
    0x4E, 0x7F, 0xFF, 0x4E, 0x7F, 0xFF, 0x4E, 0x7F, 0xFF, 0x4E, 0x7F, 0xFF, 0x4E, 0x7F, 0xFF, 0x4E,
    0x7F, 0xFF, 0x4E, 0x7F, 0xFF, 0x4E, 0x7F, 0xFF, 0x4E, 0x7F, 0xFF, 0x4E, 0x7F, 0xFF, 0x4E, 0x7F,
    0xFF, 0x4E, 0x7F, 0xFF, 0x4E, 0x7F, 0xFF, 0x4E, 0x7F, 0xFF, 0x4E, 0x7F, 0xFF, 0x4E, 0x7F, 0xFF,
    0x4E, 0x5F, 0xFE, 0x3D, 0x5A, 0xF0, 0x22, 0xCE, 0xD7, 0x00, 0x62, 0xC2, 0x00, 0x00, 0xBF, 0x00,
    0x00, 0xBF, 0x00, 0x00, 0xBF, 0x00, 0x00, 0xBF, 0x00, 0x00, 0xBF, 0x00, 0x00, 0xBF, 0x00, 0x00,
    0xBF, 0x00, 0x00, 0xBF, 0x00, 0x00, 0xBF, 0x00, 0x00, 0xBF, 0x00, 0x00, 0xBF, 0x00, 0x00, 0xBF,
    0x00, 0x00, 0xBF, 0x00, 0x00, 0xBF, 0x00, 0x00, 0xBF, 0x00, 0x00, 0xBF, 0x00, 0x00, 0xBF, 0x00,
    0x00, 0xBF, 0x00, 0x00, 0xBF, 0x00, 0x00, 0xBF, 0x00, 0x00, 0xBF, 0x00, 0x00, 0xBF, 0x00, 0x00,
    0xBF, 0x00, 0x00, 0xBF, 0x00, 0x00, 0xBF, 0x00, 0x00, 0xBF, 0x00, 0x00, 0xBF, 0x00, 0x00, 0xBF,
    0x00, 0x00, 0xBF, 0x00, 0x00, 0xBF, 0x00, 0x00, 0xBF, 0x00, 0x00, 0xBF, 0x00, 0x00, 0xBF, 0x00,
    0x00, 0xBF, 0x00, 0x00, 0xBF, 0x00, 0x00, 0xBF, 0x00, 0x00, 0xBF, 0x00, 0x00, 0xBF, 0x00, 0x00,
    0xBF, 0x00, 0x00, 0xBF, 0x00, 0x00, 0xBF, 0x00, 0x00, 0xBF, 0x00, 0x00, 0xBF, 0x00, 0x00, 0xBF,
    0x07, 0x42, 0xF8, 0x07, 0xE2, 0xFF, 0x07, 0xE2, 0xFF, 0x07, 0xE2, 0xFF, 0x07, 0xE2, 0xFF, 0x07,
    0xE2, 0xFF, 0x07, 0xE2, 0xFE, 0x07, 0xE2, 0xFF, 0x07, 0xE2, 0xFF, 0x07, 0xE2, 0xFF, 0x07, 0xE2,
    0xFF, 0x07, 0x42, 0xF9, 0x00, 0x00, 0xBF, 0x00, 0x00, 0xBF, 0x00, 0x00, 0xBF, 0x00, 0x00, 0xBF,
    0x00, 0x00, 0xBF, 0x00, 0x00, 0xBF, 0x00, 0x00, 0xBF, 0x00, 0x00, 0xBF, 0x00, 0x00, 0xBF, 0x00,
    0x00, 0xBF, 0x00, 0x00, 0xBF, 0x00, 0x00, 0xBF, 0x00, 0x00, 0xBF, 0x00, 0x00, 0xBF, 0x00, 0x00,
    0xBF, 0x00, 0x00, 0xBF, 0x00, 0x00, 0xBF, 0x00, 0x00, 0xBF, 0x00, 0x00, 0xBF, 0x00, 0x00, 0xBF,
    0x00, 0x00, 0xBF, 0x00, 0x00, 0xBF, 0x00, 0x00, 0xBF, 0x00, 0x00, 0xBF, 0x00, 0x00, 0xBF, 0x00,
    0x00, 0xBF, 0x00, 0x00, 0xBF, 0x00, 0x00, 0xBF, 0x00, 0x00, 0xBF, 0x00, 0x00, 0xBF, 0x00, 0x00,
    0xBF, 0x00, 0x00, 0xBF, 0x00, 0x00, 0xBF, 0x00, 0x00, 0xBF, 0x00, 0x00, 0xBF, 0x00, 0x00, 0xBF,
    0x00, 0x00, 0xBF, 0x00, 0x00, 0xBF, 0x00, 0x00, 0xBF, 0x00, 0x00, 0xBF, 0x00, 0x00, 0xBF, 0x00,
    0x00, 0xBF, 0x00, 0x00, 0xBF, 0x00, 0x00, 0xBF, 0x00, 0x00, 0xBF, 0x00, 0x00, 0xBF, 0x00, 0x00,
    0xBF, 0x00, 0x00, 0xBF, 0x00, 0x00, 0xBF, 0x00, 0x00, 0xBF, 0x00, 0x00, 0xBF, 0x00, 0x00, 0xBF,
    0x00, 0x00, 0xBF, 0x00, 0x00, 0xBF, 0x00, 0x00, 0xBF, 0x00, 0x00, 0xBF, 0x00, 0x00, 0xBF, 0x00,
    0x00, 0xBF, 0x00, 0x00, 0xBF, 0x00, 0x00, 0xBF, 0x00, 0x00, 0xBF, 0x00, 0x00, 0xBF, 0x00, 0x00,
    0xBF, 0x00, 0x00, 0xBF, 0x00, 0x00, 0xBF, 0x00, 0x00, 0xBF, 0x00, 0x00, 0xBF, 0x00, 0x00, 0xBF,
    0x00, 0x00, 0xBF, 0x00, 0x00, 0xBF, 0x00, 0x00, 0xBF, 0x00, 0x00, 0xBF, 0x00, 0x00, 0xBF, 0x00,
    0x00, 0xBF, 0x00, 0x00, 0xBF, 0x00, 0x00, 0xBF, 0x00, 0x00, 0xBF, 0x00, 0x00, 0xBF, 0x00, 0x00,
    0xBF, 0x00, 0x00, 0xBF, 0x00, 0x00, 0xBF, 0x00, 0x00, 0xBF, 0x00, 0x00, 0xBF, 0x00, 0x00, 0xBF,
    0x00, 0x00, 0xBF, 0x00, 0x00, 0xBF, 0x00, 0x00, 0xBF, 0x00, 0x00, 0xBF, 0x00, 0x00, 0xBF, 0x00,
    0x00, 0xBF, 0x00, 0x00, 0xBF, 0x00, 0x00, 0xBF, 0x00, 0x00, 0xBF, 0x00, 0x00, 0xBF, 0x00, 0x00,
    0xBF, 0x00, 0x00, 0xBF, 0x00, 0x00, 0xBF, 0x00, 0x00, 0xBF, 0x00, 0x00, 0xBF, 0x00, 0x00, 0xBF,
    0x00, 0x00, 0xBF, 0x00, 0x00, 0xBF, 0x00, 0x00, 0xBF, 0x00, 0x00, 0xBF, 0x00, 0x00, 0xBF, 0x00,
    0x00, 0xBF, 0x00, 0x00, 0xBF, 0x00, 0x00, 0xBF, 0x00, 0x00, 0xBF, 0x00, 0x00, 0xBF, 0x00, 0x00,
    0xBF, 0x00, 0x00, 0xBF, 0x00, 0x00, 0xBF, 0x00, 0x00, 0xBF, 0x00, 0x00, 0xBF, 0x00, 0x00, 0xBF,
    0x00, 0x00, 0xBF, 0x00, 0x00, 0xBF, 0x00, 0x00, 0xBF, 0x00, 0x00, 0xBF, 0x00, 0x00, 0xBF, 0x00,
    0x00, 0xBF, 0x00, 0x00, 0xBF, 0x00, 0x00, 0xBF, 0x00, 0x00, 0xBF, 0x00, 0x00, 0xBF, 0x00, 0x00,
    0xBF, 0x00, 0x00, 0xBF, 0x00, 0x00, 0xBF, 0x00, 0x00, 0xBF, 0x00, 0x00, 0xBF, 0x00, 0x00, 0xBF,
    0x00, 0x00, 0xBF, 0x00, 0x00, 0xBF, 0x00, 0x00, 0xBF, 0x00, 0x00, 0xBF, 0x00, 0x00, 0xBF, 0x00,
    0x00, 0xBF, 0x00, 0x00, 0xBF, 0x00, 0x00, 0xBF, 0x00, 0x00, 0xBF, 0x00, 0x00, 0xBF, 0x00, 0x00,
    0xBF, 0x00, 0x00, 0xBF, 0x00, 0x00, 0xBF, 0x00, 0x00, 0xBF, 0x00, 0x00, 0xBF, 0x00, 0x00, 0xBF,
    0x00, 0x00, 0xBF, 0x00, 0x00, 0xBF, 0x00, 0x00, 0xBF, 0x00, 0x00, 0xBF, 0x00, 0x00, 0xBF, 0x00,
    0x00, 0xBF, 0x00, 0x00, 0xBF, 0x00, 0x00, 0xBF, 0x00, 0x00, 0xBF, 0x00, 0x00, 0xBF, 0x00, 0x00,
    0xBF, 0x00, 0x00, 0xBF, 0x00, 0x00, 0xBF, 0x00, 0x00, 0xBF, 0x00, 0x00, 0xBF, 0x00, 0x00, 0xBF,
    0x00, 0x00, 0xBF, 0x00, 0x00, 0xBF, 0x00, 0x00, 0xBF, 0x00, 0x00, 0xBF, 0x00, 0x00, 0xBF, 0x00,
    0x00, 0xBF, 0x00, 0x00, 0xBF, 0x00, 0x00, 0xBF, 0x00, 0x00, 0xBF, 0x00, 0x00, 0xBF, 0x00, 0x00,
    0xBF, 0x00, 0x00, 0xBF, 0x00, 0x00, 0xBF, 0x00, 0x00, 0xBF, 0x00, 0x00, 0xBF, 0x00, 0x00, 0xBF,
    0x00, 0x00, 0xBF, 0x00, 0x00, 0xBF, 0x00, 0x00, 0xBF, 0x00, 0x00, 0xBF, 0x00, 0x00, 0xBF, 0x00,
    0x00, 0xBF, 0x00, 0x00, 0xBF, 0x00, 0x00, 0xBF, 0x00, 0x00, 0xBF, 0x00, 0x00, 0xBF, 0x00, 0x00,
    0xBF, 0x00, 0x00, 0xBF, 0x18, 0x81, 0xC4, 0x18, 0xA1, 0xC5, 0x00, 0x00, 0xBF, 0x00, 0x00, 0xBF,
    0x00, 0x00, 0xBF, 0x00, 0x00, 0xBF, 0x00, 0x00, 0xBF, 0x00, 0x00, 0xBF, 0x00, 0x00, 0xBF, 0x00,
    0x00, 0xBF, 0x00, 0x00, 0xBF, 0x00, 0x00, 0xBF, 0x00, 0x00, 0xBF, 0x00, 0x00, 0xBF, 0x00, 0x00,
    0xBF, 0x00, 0x00, 0xBF, 0x00, 0x00, 0xBF, 0x00, 0x00, 0xBF, 0x00, 0x00, 0xBF, 0x00, 0x00, 0xBF,
    0x00, 0x00, 0xBF, 0x00, 0x00, 0xBF, 0x00, 0x00, 0xBF, 0x00, 0x00, 0xBF, 0x00, 0x00, 0xBF, 0x00,
    0x41, 0xC2, 0x1A, 0x6B, 0xD3, 0x34, 0x96, 0xE8, 0x4E, 0x1E, 0xFA, 0x4E, 0x7F, 0xFF, 0x4E, 0x7F,
    0xFF, 0x4E, 0x7F, 0xFF, 0x4E, 0x7F, 0xFF, 0x4E, 0x7F, 0xFF, 0x4E, 0x7F, 0xFF, 0x4E, 0x7F, 0xFF,
    0x4E, 0x7F, 0xFF, 0x4E, 0x7F, 0xFF, 0x4E, 0x7F, 0xFF, 0x4E, 0x7F, 0xFF, 0x4E, 0x7F, 0xFF, 0x4E,
    0x7F, 0xFF, 0x4E, 0x7F, 0xFF, 0x4E, 0x7F, 0xFF, 0x4E, 0x7F, 0xFF, 0x4E, 0x7F, 0xFF, 0x4E, 0x7F,
    0xFF, 0x4E, 0x7F, 0xFF, 0x4E, 0x7F, 0xFF, 0x4E, 0x7F, 0xFF, 0x4E, 0x7F, 0xFF, 0x4E, 0x7F, 0xFF,
    0x4E, 0x7F, 0xFF, 0x4E, 0x7F, 0xFF, 0x4E, 0x7F, 0xFF, 0x4E, 0x5F, 0xFE, 0x45, 0x7B, 0xF3, 0x2B,
    0x91, 0xDE, 0x09, 0x46, 0xC9, 0x00, 0x00, 0xBF, 0x00, 0x00, 0xBF, 0x00, 0x00, 0xBF, 0x00, 0x00,
    0xBF, 0x00, 0x00, 0xBF, 0x00, 0x00, 0xBF, 0x00, 0x00, 0xBF, 0x00, 0x00, 0xBF, 0x00, 0x00, 0xBF,
    0x00, 0x00, 0xBF, 0x00, 0x00, 0xBF, 0x00, 0x00, 0xBF, 0x00, 0x00, 0xBF, 0x00, 0x00, 0xBF, 0x00,
    0x00, 0xBF, 0x00, 0x00, 0xBF, 0x00, 0x00, 0xBF, 0x00, 0x00, 0xBF, 0x00, 0x00, 0xBF, 0x00, 0x00,
    0xBF, 0x00, 0x00, 0xBF, 0x00, 0x00, 0xBF, 0x00, 0x00, 0xBF, 0x00, 0x00, 0xBF, 0x00, 0x00, 0xBF,
    0x00, 0x00, 0xBF, 0x00, 0x00, 0xBF, 0x00, 0x00, 0xBF, 0x00, 0x00, 0xBF, 0x00, 0x00, 0xBF, 0x00,
    0x00, 0xBF, 0x00, 0x00, 0xBF, 0x00, 0x00, 0xBF, 0x00, 0x00, 0xBF, 0x00, 0x00, 0xBF, 0x00, 0x00,
    0xBF, 0x00, 0x00, 0xBF, 0x00, 0x00, 0xBF, 0x00, 0x00, 0xBF, 0x00, 0x00, 0xBF, 0x00, 0x00, 0xBF,
    0x00, 0x00, 0xBF, 0x00, 0x00, 0xBF, 0x00, 0x00, 0xBF, 0x00, 0x00, 0xBF, 0x00, 0x00, 0xBF, 0x00,
    0x00, 0xBF, 0x07, 0x42, 0xF9, 0x07, 0xE2, 0xFF, 0x07, 0xE2, 0xFF, 0x07, 0xE2, 0xFF, 0x07, 0xE2,
    0xFF, 0x07, 0xE2, 0xFE, 0x07, 0xE2, 0xEB, 0x07, 0xE2, 0xFF, 0x07, 0xE2, 0xFF, 0x07, 0xE2, 0xFF,
    0x07, 0xE2, 0xFF, 0x07, 0xC2, 0xFD, 0x00, 0x00, 0xBF, 0x00, 0x00, 0xBF, 0x00, 0x00, 0xBF, 0x00,
    0x00, 0xBF, 0x00, 0x00, 0xBF, 0x00, 0x00, 0xBF, 0x00, 0x00, 0xBF, 0x00, 0x00, 0xBF, 0x00, 0x00,
    0xBF, 0x00, 0x00, 0xBF, 0x00, 0x00, 0xBF, 0x00, 0x00, 0xBF, 0x00, 0x00, 0xBF, 0x00, 0x00, 0xBF,
    0x00, 0x00, 0xBF, 0x00, 0x00, 0xBF, 0x00, 0x00, 0xBF, 0x00, 0x00, 0xBF, 0x00, 0x00, 0xBF, 0x00,
    0x00, 0xBF, 0x00, 0x00, 0xBF, 0x00, 0x00, 0xBF, 0x00, 0x00, 0xBF, 0x00, 0x00, 0xBF, 0x00, 0x00,
    0xBF, 0x00, 0x00, 0xBF, 0x00, 0x00, 0xBF, 0x00, 0x00, 0xBF, 0x00, 0x00, 0xBF, 0x00, 0x00, 0xBF,
    0x00, 0x00, 0xBF, 0x00, 0x00, 0xBF, 0x00, 0x00, 0xBF, 0x00, 0x00, 0xBF, 0x00, 0x00, 0xBF, 0x00,
    0x00, 0xBF, 0x00, 0x00, 0xBF, 0x00, 0x00, 0xBF, 0x00, 0x00, 0xBF, 0x00, 0x00, 0xBF, 0x00, 0x00,
    0xBF, 0x00, 0x00, 0xBF, 0x00, 0x00, 0xBF, 0x00, 0x00, 0xBF, 0x00, 0x00, 0xBF, 0x00, 0x00, 0xBF,
    0x00, 0x00, 0xBF, 0x00, 0x00, 0xBF, 0x00, 0x00, 0xBF, 0x00, 0x00, 0xBF, 0x00, 0x00, 0xBF, 0x00,
    0x00, 0xBF, 0x00, 0x00, 0xBF, 0x00, 0x00, 0xBF, 0x00, 0x00, 0xBF, 0x00, 0x00, 0xBF, 0x00, 0x00,
    0xBF, 0x00, 0x00, 0xBF, 0x00, 0x00, 0xBF, 0x00, 0x00, 0xBF, 0x00, 0x00, 0xBF, 0x00, 0x00, 0xBF,
    0x00, 0x00, 0xBF, 0x00, 0x00, 0xBF, 0x00, 0x00, 0xBF, 0x00, 0x00, 0xBF, 0x00, 0x00, 0xBF, 0x00,
    0x00, 0xBF, 0x00, 0x00, 0xBF, 0x00, 0x00, 0xBF, 0x00, 0x00, 0xBF, 0x00, 0x00, 0xBF, 0x00, 0x00,
    0xBF, 0x00, 0x00, 0xBF, 0x00, 0x00, 0xBF, 0x00, 0x00, 0xBF, 0x00, 0x00, 0xBF, 0x00, 0x00, 0xBF,
    0x00, 0x00, 0xBF, 0x00, 0x00, 0xBF, 0x00, 0x00, 0xBF, 0x00, 0x00, 0xBF, 0x00, 0x00, 0xBF, 0x00,
    0x00, 0xBF, 0x00, 0x00, 0xBF, 0x00, 0x00, 0xBF, 0x00, 0x00, 0xBF, 0x00, 0x00, 0xBF, 0x00, 0x00,
    0xBF, 0x00, 0x00, 0xBF, 0x00, 0x00, 0xBF, 0x00, 0x00, 0xBF, 0x00, 0x00, 0xBF, 0x00, 0x00, 0xBF,
    0x00, 0x00, 0xBF, 0x00, 0x00, 0xBF, 0x00, 0x00, 0xBF, 0x00, 0x00, 0xBF, 0x00, 0x00, 0xBF, 0x00,
    0x00, 0xBF, 0x00, 0x00, 0xBF, 0x00, 0x00, 0xBF, 0x00, 0x00, 0xBF, 0x00, 0x00, 0xBF, 0x00, 0x00,
    0xBF, 0x00, 0x00, 0xBF, 0x00, 0x00, 0xBF, 0x00, 0x00, 0xBF, 0x00, 0x00, 0xBF, 0x00, 0x00, 0xBF,
    0x00, 0x00, 0xBF, 0x00, 0x00, 0xBF, 0x00, 0x00, 0xBF, 0x00, 0x00, 0xBF, 0x00, 0x00, 0xBF, 0x00,
    0x00, 0xBF, 0x00, 0x00, 0xBF, 0x00, 0x00, 0xBF, 0x00, 0x00, 0xBF, 0x00, 0x00, 0xBF, 0x00, 0x00,
    0xBF, 0x00, 0x00, 0xBF, 0x00, 0x00, 0xBF, 0x00, 0x00, 0xBF, 0x00, 0x00, 0xBF, 0x00, 0x00, 0xBF,
    0x00, 0x00, 0xBF, 0x00, 0x00, 0xBF, 0x00, 0x00, 0xBF, 0x00, 0x00, 0xBF, 0x00, 0x00, 0xBF, 0x00,
    0x00, 0xBF, 0x00, 0x00, 0xBF, 0x00, 0x00, 0xBF, 0x00, 0x00, 0xBF, 0x00, 0x00, 0xBF, 0x00, 0x00,
    0xBF, 0x00, 0x00, 0xBF, 0x00, 0x00, 0xBF, 0x00, 0x00, 0xBF, 0x00, 0x00, 0xBF, 0x00, 0x00, 0xBF,
    0x00, 0x00, 0xBF, 0x00, 0x00, 0xBF, 0x00, 0x00, 0xBF, 0x00, 0x00, 0xBF, 0x00, 0x00, 0xBF, 0x00,
    0x00, 0xBF, 0x00, 0x00, 0xBF, 0x00, 0x00, 0xBF, 0x00, 0x00, 0xBF, 0x00, 0x00, 0xBF, 0x00, 0x00,
    0xBF, 0x00, 0x00, 0xBF, 0x00, 0x00, 0xBF, 0x00, 0x00, 0xBF, 0x00, 0x00, 0xBF, 0x00, 0x00, 0xBF,
    0x00, 0x00, 0xBF, 0x00, 0x00, 0xBF, 0x00, 0x00, 0xBF, 0x00, 0x00, 0xBF, 0x00, 0x00, 0xBF, 0x00,
    0x00, 0xBF, 0x00, 0x00, 0xBF, 0x00, 0x00, 0xBF, 0x00, 0x00, 0xBF, 0x00, 0x00, 0xBF, 0x00, 0x00,
    0xBF, 0x00, 0x00, 0xBF, 0x00, 0x00, 0xBF, 0x00, 0x00, 0xBF, 0x00, 0x00, 0xBF, 0x00, 0x00, 0xBF,
    0x00, 0x00, 0xBF, 0x00, 0x00, 0xBF, 0x00, 0x00, 0xBF, 0x00, 0x00, 0xBF, 0x00, 0x00, 0xBF, 0x00,
    0x00, 0xBF, 0x00, 0x00, 0xBF, 0x00, 0x00, 0xBF, 0x00, 0x00, 0xBF, 0x00, 0x00, 0xBF, 0x00, 0x00,
    0xBF, 0x00, 0x00, 0xBF, 0x00, 0x00, 0xBF, 0x00, 0x00, 0xBF, 0x00, 0x00, 0xBF, 0x00, 0x00, 0xBF,
    0x00, 0x00, 0xBF, 0x00, 0x00, 0xBF, 0x00, 0x00, 0xBF, 0x00, 0x00, 0xBF, 0x00, 0x00, 0xBF, 0x00,
    0x00, 0xBF, 0x00, 0x00, 0xBF, 0x00, 0x00, 0xBF, 0x00, 0x00, 0xBF, 0x00, 0x00, 0xBF, 0x00, 0x00,
    0xBF, 0x00, 0x00, 0xBF, 0x00, 0x00, 0xBF, 0x00, 0x00, 0xBF, 0x00, 0x00, 0xBF, 0x00, 0x00, 0xBF,
    0x00, 0x00, 0xBF, 0x00, 0x00, 0xBF, 0x00, 0x00, 0xBF, 0x00, 0x00, 0xBF, 0x00, 0x00, 0xBF, 0x00,
    0x00, 0xBF, 0x00, 0x00, 0xBF, 0x00, 0x00, 0xBF, 0x00, 0x00, 0xBF, 0x00, 0x00, 0xBF, 0x00, 0x00,
    0xBF, 0x00, 0x00, 0xBF, 0x00, 0x00, 0xBF, 0x00, 0x00, 0xBF, 0x00, 0x21, 0xC1, 0x11, 0xC9, 0xCE,
    0x2B, 0xB2, 0xDF, 0x3D, 0x19, 0xEE, 0x4E, 0x1E, 0xFB, 0x4E, 0x5F, 0xFF, 0x4E, 0x7F, 0xFF, 0x4E,
    0x7F, 0xFF, 0x4E, 0x7F, 0xFF, 0x4E, 0x7F, 0xFF, 0x4E, 0x7F, 0xFF, 0x4E, 0x7F, 0xFF, 0x4E, 0x7F,
    0xFF, 0x4E, 0x7F, 0xFF, 0x4E, 0x7F, 0xFF, 0x4E, 0x7F, 0xFF, 0x4E, 0x7F, 0xFF, 0x4E, 0x7F, 0xFF,
    0x4E, 0x7F, 0xFF, 0x4E, 0x7F, 0xFF, 0x4E, 0x7F, 0xFF, 0x4E, 0x7F, 0xFF, 0x4E, 0x7F, 0xFF, 0x4E,
    0x5F, 0xFE, 0x45, 0xBC, 0xF6, 0x34, 0x76, 0xE7, 0x22, 0xEE, 0xD8, 0x08, 0xE4, 0xC7, 0x00, 0x00,
    0xBF, 0x00, 0x00, 0xBF, 0x00, 0x00, 0xBF, 0x00, 0x00, 0xBF, 0x00, 0x00, 0xBF, 0x00, 0x00, 0xBF,
    0x00, 0x00, 0xBF, 0x00, 0x00, 0xBF, 0x00, 0x00, 0xBF, 0x00, 0x00, 0xBF, 0x00, 0x00, 0xBF, 0x00,
    0x00, 0xBF, 0x00, 0x00, 0xBF, 0x00, 0x00, 0xBF, 0x00, 0x00, 0xBF, 0x00, 0x00, 0xBF, 0x00, 0x00,
    0xBF, 0x00, 0x00, 0xBF, 0x00, 0x00, 0xBF, 0x00, 0x00, 0xBF, 0x00, 0x00, 0xBF, 0x00, 0x00, 0xBF,
    0x00, 0x00, 0xBF, 0x00, 0x00, 0xBF, 0x00, 0x00, 0xBF, 0x00, 0x00, 0xBF, 0x00, 0x00, 0xBF, 0x00,
    0x00, 0xBF, 0x00, 0x00, 0xBF, 0x00, 0x00, 0xBF, 0x00, 0x00, 0xBF, 0x00, 0x00, 0xBF, 0x00, 0x00,
    0xBF, 0x00, 0x00, 0xBF, 0x00, 0x00, 0xBF, 0x00, 0x00, 0xBF, 0x00, 0x00, 0xBF, 0x00, 0x00, 0xBF,
    0x00, 0x00, 0xBF, 0x00, 0x00, 0xBF, 0x00, 0x00, 0xBF, 0x00, 0x00, 0xBF, 0x00, 0x00, 0xBF, 0x00,
    0x00, 0xBF, 0x00, 0x00, 0xBF, 0x00, 0x00, 0xBF, 0x00, 0x00, 0xBF, 0x00, 0x00, 0xBF, 0x00, 0x00,
    0xBF, 0x00, 0x00, 0xBF, 0x07, 0xC2, 0xFD, 0x07, 0xE2, 0xFF, 0x07, 0xE2, 0xFF, 0x07, 0xE2, 0xFF,
    0x07, 0xE2, 0xFF, 0x07, 0xE2, 0xE9, 0x07, 0xE2, 0xD1, 0x07, 0xE2, 0xFF, 0x07, 0xE2, 0xFF, 0x07,
    0xE2, 0xFF, 0x07, 0xE2, 0xFF, 0x07, 0xE2, 0xFF, 0x00, 0xC0, 0xC4, 0x00, 0x00, 0xBF, 0x00, 0x00,
    0xBF, 0x00, 0x00, 0xBF, 0x00, 0x00, 0xBF, 0x00, 0x00, 0xBF, 0x00, 0x00, 0xBF, 0x00, 0x00, 0xBF,
    0x00, 0x00, 0xBF, 0x00, 0x00, 0xBF, 0x00, 0x00, 0xBF, 0x00, 0x00, 0xBF, 0x00, 0x00, 0xBF, 0x00,
    0x00, 0xBF, 0x00, 0x00, 0xBF, 0x00, 0x00, 0xBF, 0x00, 0x00, 0xBF, 0x00, 0x00, 0xBF, 0x00, 0x00,
    0xBF, 0x00, 0x00, 0xBF, 0x00, 0x00, 0xBF, 0x00, 0x00, 0xBF, 0x00, 0x00, 0xBF, 0x00, 0x00, 0xBF,
    0x00, 0x00, 0xBF, 0x00, 0x00, 0xBF, 0x00, 0x00, 0xBF, 0x00, 0x00, 0xBF, 0x00, 0x00, 0xBF, 0x00,
    0x00, 0xBF, 0x00, 0x00, 0xBF, 0x00, 0x00, 0xBF, 0x00, 0x00, 0xBF, 0x00, 0x00, 0xBF, 0x00, 0x00,
    0xBF, 0x00, 0x00, 0xBF, 0x00, 0x00, 0xBF, 0x00, 0x00, 0xBF, 0x00, 0x00, 0xBF, 0x00, 0x00, 0xBF,
    0x00, 0x00, 0xBF, 0x00, 0x00, 0xBF, 0x00, 0x00, 0xBF, 0x00, 0x00, 0xBF, 0x00, 0x00, 0xBF, 0x00,
    0x00, 0xBF, 0x00, 0x00, 0xBF, 0x00, 0x00, 0xBF, 0x00, 0x00, 0xBF, 0x00, 0x00, 0xBF, 0x00, 0x00,
    0xBF, 0x00, 0x00, 0xBF, 0x00, 0x00, 0xBF, 0x00, 0x00, 0xBF, 0x00, 0x00, 0xBF, 0x00, 0x00, 0xBF,
    0x00, 0x00, 0xBF, 0x00, 0x00, 0xBF, 0x00, 0x00, 0xBF, 0x00, 0x00, 0xBF, 0x00, 0x00, 0xBF, 0x00,
    0x00, 0xBF, 0x00, 0x00, 0xBF, 0x00, 0x00, 0xBF, 0x00, 0x00, 0xBF, 0x00, 0x00, 0xBF, 0x00, 0x00,
    0xBF, 0x00, 0x00, 0xBF, 0x00, 0x00, 0xBF, 0x00, 0x00, 0xBF, 0x00, 0x00, 0xBF, 0x00, 0x00, 0xBF,
    0x00, 0x00, 0xBF, 0x00, 0x00, 0xBF, 0x00, 0x00, 0xBF, 0x00, 0x00, 0xBF, 0x00, 0x00, 0xBF, 0x00,
    0x00, 0xBF, 0x00, 0x00, 0xBF, 0x00, 0x00, 0xBF, 0x00, 0x00, 0xBF, 0x00, 0x00, 0xBF, 0x00, 0x00,
    0xBF, 0x00, 0x00, 0xBF, 0x00, 0x00, 0xBF, 0x00, 0x00, 0xBF, 0x00, 0x00, 0xBF, 0x00, 0x00, 0xBF,
    0x00, 0x00, 0xBF, 0x00, 0x00, 0xBF, 0x00, 0x00, 0xBF, 0x00, 0x00, 0xBF, 0x00, 0x00, 0xBF, 0x00,
    0x00, 0xBF, 0x00, 0x00, 0xBF, 0x00, 0x00, 0xBF, 0x00, 0x00, 0xBF, 0x00, 0x00, 0xBF, 0x00, 0x00,
    0xBF, 0x00, 0x00, 0xBF, 0x00, 0x00, 0xBF, 0x00, 0x00, 0xBF, 0x00, 0x00, 0xBF, 0x00, 0x00, 0xBF,
    0x00, 0x00, 0xBF, 0x00, 0x00, 0xBF, 0x00, 0x00, 0xBF, 0x00, 0x00, 0xBF, 0x00, 0x00, 0xBF, 0x00,
    0x00, 0xBF, 0x00, 0x00, 0xBF, 0x00, 0x00, 0xBF, 0x00, 0x00, 0xBF, 0x00, 0x00, 0xBF, 0x00, 0x00,
    0xBF, 0x00, 0x00, 0xBF, 0x00, 0x00, 0xBF, 0x00, 0x00, 0xBF, 0x00, 0x00, 0xBF, 0x00, 0x00, 0xBF,
    0x00, 0x00, 0xBF, 0x00, 0x00, 0xBF, 0x00, 0x00, 0xBF, 0x00, 0x00, 0xBF, 0x00, 0x00, 0xBF, 0x00,
    0x00, 0xBF, 0x00, 0x00, 0xBF, 0x00, 0x00, 0xBF, 0x00, 0x00, 0xBF, 0x00, 0x00, 0xBF, 0x00, 0x00,
    0xBF, 0x00, 0x00, 0xBF, 0x00, 0x00, 0xBF, 0x00, 0x00, 0xBF, 0x00, 0x00, 0xBF, 0x00, 0x00, 0xBF,
    0x00, 0x00, 0xBF, 0x00, 0x00, 0xBF, 0x00, 0x00, 0xBF, 0x00, 0x00, 0xBF, 0x00, 0x00, 0xBF, 0x00,
    0x00, 0xBF, 0x00, 0x00, 0xBF, 0x00, 0x00, 0xBF, 0x00, 0x00, 0xBF, 0x00, 0x00, 0xBF, 0x00, 0x00,
    0xBF, 0x00, 0x00, 0xBF, 0x00, 0x00, 0xBF, 0x00, 0x00, 0xBF, 0x00, 0x00, 0xBF, 0x00, 0x00, 0xBF,
    0x00, 0x00, 0xBF, 0x00, 0x00, 0xBF, 0x00, 0x00, 0xBF, 0x00, 0x00, 0xBF, 0x00, 0x00, 0xBF, 0x00,
    0x00, 0xBF, 0x00, 0x00, 0xBF, 0x00, 0x00, 0xBF, 0x00, 0x00, 0xBF, 0x00, 0x00, 0xBF, 0x00, 0x00,
    0xBF, 0x00, 0x00, 0xBF, 0x00, 0x00, 0xBF, 0x00, 0x00, 0xBF, 0x00, 0x00, 0xBF, 0x00, 0x00, 0xBF,
    0x00, 0x00, 0xBF, 0x00, 0x00, 0xBF, 0x00, 0x00, 0xBF, 0x00, 0x00, 0xBF, 0x00, 0x00, 0xBF, 0x00,
    0x00, 0xBF, 0x00, 0x00, 0xBF, 0x00, 0x00, 0xBF, 0x00, 0x00, 0xBF, 0x00, 0x00, 0xBF, 0x00, 0x00,
    0xBF, 0x00, 0x00, 0xBF, 0x00, 0x00, 0xBF, 0x00, 0x00, 0xBF, 0x00, 0x00, 0xBF, 0x00, 0x00, 0xBF,
    0x00, 0x00, 0xBF, 0x00, 0x00, 0xBF, 0x00, 0x00, 0xBF, 0x00, 0x00, 0xBF, 0x00, 0x00, 0xBF, 0x00,
    0x00, 0xBF, 0x00, 0x00, 0xBF, 0x00, 0x00, 0xBF, 0x00, 0x00, 0xBF, 0x00, 0x00, 0xBF, 0x00, 0x00,
    0xBF, 0x00, 0x00, 0xBF, 0x00, 0x00, 0xBF, 0x00, 0x00, 0xBF, 0x00, 0x00, 0xBF, 0x00, 0x00, 0xBF,
    0x00, 0x00, 0xBF, 0x00, 0x00, 0xBF, 0x00, 0x00, 0xBF, 0x00, 0x00, 0xBF, 0x00, 0x00, 0xBF, 0x00,
    0x00, 0xBF, 0x00, 0x00, 0xBF, 0x00, 0x00, 0xBF, 0x00, 0x00, 0xBF, 0x00, 0x00, 0xBF, 0x00, 0x00,
    0xBF, 0x00, 0x00, 0xBF, 0x00, 0x00, 0xBF, 0x00, 0x00, 0xBF, 0x00, 0x00, 0xBF, 0x00, 0x00, 0xBF,
    0x00, 0x00, 0xBF, 0x00, 0x00, 0xBF, 0x00, 0x00, 0xBF, 0x00, 0x00, 0xBF, 0x00, 0x00, 0xBF, 0x00,
    0x00, 0xBF, 0x00, 0x00, 0xBF, 0x00, 0x00, 0xBF, 0x00, 0x21, 0xC1, 0x11, 0x46, 0xC9, 0x1A, 0x6C,
    0xD4, 0x2B, 0x71, 0xDD, 0x34, 0x35, 0xE5, 0x3C, 0xD8, 0xEC, 0x45, 0x5A, 0xF2, 0x45, 0xDC, 0xF7,
    0x4E, 0x1E, 0xFA, 0x4E, 0x3E, 0xFC, 0x4E, 0x3F, 0xFC, 0x4E, 0x1E, 0xFB, 0x45, 0xDD, 0xF9, 0x45,
    0x9B, 0xF4, 0x3D, 0x19, 0xEF, 0x34, 0x96, 0xE8, 0x2B, 0xF3, 0xE1, 0x23, 0x0E, 0xD8, 0x11, 0xE9,
    0xCF, 0x08, 0xA3, 0xC4, 0x00, 0x00, 0xBF, 0x00, 0x00, 0xBF, 0x00, 0x00, 0xBF, 0x00, 0x00, 0xBF,
    0x00, 0x00, 0xBF, 0x00, 0x00, 0xBF, 0x00, 0x00, 0xBF, 0x00, 0x00, 0xBF, 0x00, 0x00, 0xBF, 0x00,
    0x00, 0xBF, 0x00, 0x00, 0xBF, 0x00, 0x00, 0xBF, 0x00, 0x00, 0xBF, 0x00, 0x00, 0xBF, 0x00, 0x00,
    0xBF, 0x00, 0x00, 0xBF, 0x00, 0x00, 0xBF, 0x00, 0x00, 0xBF, 0x00, 0x00, 0xBF, 0x00, 0x00, 0xBF,
    0x00, 0x00, 0xBF, 0x00, 0x00, 0xBF, 0x00, 0x00, 0xBF, 0x00, 0x00, 0xBF, 0x00, 0x00, 0xBF, 0x00,
    0x00, 0xBF, 0x00, 0x00, 0xBF, 0x00, 0x00, 0xBF, 0x00, 0x00, 0xBF, 0x00, 0x00, 0xBF, 0x00, 0x00,
    0xBF, 0x00, 0x00, 0xBF, 0x00, 0x00, 0xBF, 0x00, 0x00, 0xBF, 0x00, 0x00, 0xBF, 0x00, 0x00, 0xBF,
    0x00, 0x00, 0xBF, 0x00, 0x00, 0xBF, 0x00, 0x00, 0xBF, 0x00, 0x00, 0xBF, 0x00, 0x00, 0xBF, 0x00,
    0x00, 0xBF, 0x00, 0x00, 0xBF, 0x00, 0x00, 0xBF, 0x00, 0x00, 0xBF, 0x00, 0x00, 0xBF, 0x00, 0x00,
    0xBF, 0x00, 0x00, 0xBF, 0x00, 0x00, 0xBF, 0x00, 0x00, 0xBF, 0x00, 0x00, 0xBF, 0x00, 0x00, 0xBF,
    0x00, 0x00, 0xBF, 0x00, 0xE0, 0xC5, 0x07, 0xE2, 0xFF, 0x07, 0xE2, 0xFF, 0x07, 0xE2, 0xFF, 0x07,
    0xE2, 0xFF, 0x07, 0xE2, 0xFF, 0x07, 0xE2, 0xD0, 0x07, 0xE3, 0xB8, 0x07, 0xE2, 0xFF, 0x07, 0xE2,
    0xFF, 0x07, 0xE2, 0xFF, 0x07, 0xE2, 0xFF, 0x07, 0xE2, 0xFF, 0x03, 0x21, 0xD4, 0x00, 0x00, 0xBF,
    0x00, 0x00, 0xBF, 0x00, 0x00, 0xBF, 0x00, 0x00, 0xBF, 0x00, 0x00, 0xBF, 0x00, 0x00, 0xBF, 0x00,
    0x00, 0xBF, 0x00, 0x00, 0xBF, 0x00, 0x00, 0xBF, 0x00, 0x00, 0xBF, 0x00, 0x00, 0xBF, 0x00, 0x00,
    0xBF, 0x00, 0x00, 0xBF, 0x00, 0x00, 0xBF, 0x00, 0x00, 0xBF, 0x00, 0x00, 0xBF, 0x00, 0x00, 0xBF,
    0x00, 0x00, 0xBF, 0x00, 0x00, 0xBF, 0x00, 0x00, 0xBF, 0x00, 0x00, 0xBF, 0x00, 0x00, 0xBF, 0x00,
    0x00, 0xBF, 0x00, 0x00, 0xBF, 0x00, 0x00, 0xBF, 0x00, 0x00, 0xBF, 0x00, 0x00, 0xBF, 0x00, 0x00,
    0xBF, 0x00, 0x00, 0xBF, 0x00, 0x00, 0xBF, 0x00, 0x00, 0xBF, 0x00, 0x00, 0xBF, 0x00, 0x00, 0xBF,
    0x00, 0x00, 0xBF, 0x00, 0x00, 0xBF, 0x00, 0x00, 0xBF, 0x00, 0x00, 0xBF, 0x00, 0x00, 0xBF, 0x00,
    0x00, 0xBF, 0x00, 0x00, 0xBF, 0x00, 0x00, 0xBF, 0x00, 0x00, 0xBF, 0x00, 0x00, 0xBF, 0x00, 0x00,
    0xBF, 0x00, 0x00, 0xBF, 0x00, 0x00, 0xBF, 0x00, 0x00, 0xBF, 0x00, 0x00, 0xBF, 0x00, 0x00, 0xBF,
    0x00, 0x00, 0xBF, 0x00, 0x00, 0xBF, 0x00, 0x00, 0xBF, 0x00, 0x00, 0xBF, 0x00, 0x00, 0xBF, 0x00,
    0x00, 0xBF, 0x00, 0x00, 0xBF, 0x00, 0x00, 0xBF, 0x00, 0x00, 0xBF, 0x00, 0x00, 0xBF, 0x00, 0x00,
    0xBF, 0x00, 0x00, 0xBF, 0x00, 0x00, 0xBF, 0x00, 0x00, 0xBF, 0x00, 0x00, 0xBF, 0x00, 0x00, 0xBF,
    0x00, 0x00, 0xBF, 0x00, 0x00, 0xBF, 0x00, 0x00, 0xBF, 0x00, 0x00, 0xBF, 0x00, 0x00, 0xBF, 0x00,
    0x00, 0xBF, 0x00, 0x00, 0xBF, 0x00, 0x00, 0xBF, 0x00, 0x00, 0xBF, 0x00, 0x00, 0xBF, 0x00, 0x00,
    0xBF, 0x00, 0x00, 0xBF, 0x00, 0x00, 0xBF, 0x00, 0x00, 0xBF, 0x00, 0x00, 0xBF, 0x00, 0x00, 0xBF,
    0x00, 0x00, 0xBF, 0x00, 0x00, 0xBF, 0x00, 0x00, 0xBF, 0x00, 0x00, 0xBF, 0x00, 0x00, 0xBF, 0x00,
    0x00, 0xBF, 0x00, 0x00, 0xBF, 0x00, 0x00, 0xBF, 0x00, 0x00, 0xBF, 0x00, 0x00, 0xBF, 0x00, 0x00,
    0xBF, 0x00, 0x00, 0xBF, 0x00, 0x00, 0xBF, 0x00, 0x00, 0xBF, 0x00, 0x00, 0xBF, 0x00, 0x00, 0xBF,
    0x00, 0x00, 0xBF, 0x00, 0x00, 0xBF, 0x00, 0x00, 0xBF, 0x00, 0x00, 0xBF, 0x00, 0x00, 0xBF, 0x00,
    0x00, 0xBF, 0x00, 0x00, 0xBF, 0x00, 0x00, 0xBF, 0x00, 0x00, 0xBF, 0x00, 0x00, 0xBF, 0x00, 0x00,
    0xBF, 0x00, 0x00, 0xBF, 0x00, 0x00, 0xBF, 0x00, 0x00, 0xBF, 0x00, 0x00, 0xBF, 0x00, 0x00, 0xBF,
    0x00, 0x00, 0xBF, 0x00, 0x00, 0xBF, 0x00, 0x00, 0xBF, 0x00, 0x00, 0xBF, 0x00, 0x00, 0xBF, 0x00,
    0x00, 0xBF, 0x00, 0x00, 0xBF, 0x00, 0x00, 0xBF, 0x00, 0x00, 0xBF, 0x00, 0x00, 0xBF, 0x00, 0x00,
    0xBF, 0x00, 0x00, 0xBF, 0x00, 0x00, 0xBF, 0x00, 0x00, 0xBF, 0x00, 0x00, 0xBF, 0x00, 0x00, 0xBF,
    0x00, 0x00, 0xBF, 0x00, 0x00, 0xBF, 0x00, 0x00, 0xBF, 0x00, 0x00, 0xBF, 0x00, 0x00, 0xBF, 0x00,
    0x00, 0xBF, 0x00, 0x00, 0xBF, 0x00, 0x00, 0xBF, 0x00, 0x00, 0xBF, 0x00, 0x00, 0xBF, 0x00, 0x00,
    0xBF, 0x00, 0x00, 0xBF, 0x00, 0x00, 0xBF, 0x00, 0x00, 0xBF, 0x00, 0x00, 0xBF, 0x00, 0x00, 0xBF,
    0x00, 0x00, 0xBF, 0x00, 0x00, 0xBF, 0x00, 0x00, 0xBF, 0x00, 0x00, 0xBF, 0x00, 0x00, 0xBF, 0x00,
    0x00, 0xBF, 0x00, 0x00, 0xBF, 0x00, 0x00, 0xBF, 0x00, 0x00, 0xBF, 0x00, 0x00, 0xBF, 0x00, 0x00,
    0xBF, 0x00, 0x00, 0xBF, 0x00, 0x00, 0xBF, 0x00, 0x00, 0xBF, 0x00, 0x00, 0xBF, 0x00, 0x00, 0xBF,
    0x00, 0x00, 0xBF, 0x00, 0x00, 0xBF, 0x00, 0x00, 0xBF, 0x00, 0x00, 0xBF, 0x00, 0x00, 0xBF, 0x00,
    0x00, 0xBF, 0x00, 0x00, 0xBF, 0x00, 0x00, 0xBF, 0x00, 0x00, 0xBF, 0x00, 0x00, 0xBF, 0x00, 0x00,
    0xBF, 0x00, 0x00, 0xBF, 0x00, 0x00, 0xBF, 0x00, 0x00, 0xBF, 0x00, 0x00, 0xBF, 0x00, 0x00, 0xBF,
    0x00, 0x00, 0xBF, 0x00, 0x00, 0xBF, 0x00, 0x00, 0xBF, 0x00, 0x00, 0xBF, 0x00, 0x00, 0xBF, 0x00,
    0x00, 0xBF, 0x00, 0x00, 0xBF, 0x00, 0x00, 0xBF, 0x00, 0x00, 0xBF, 0x00, 0x00, 0xBF, 0x00, 0x00,
    0xBF, 0x00, 0x00, 0xBF, 0x00, 0x00, 0xBF, 0x00, 0x00, 0xBF, 0x00, 0x00, 0xBF, 0x00, 0x00, 0xBF,
    0x00, 0x00, 0xBF, 0x00, 0x00, 0xBF, 0x00, 0x00, 0xBF, 0x00, 0x00, 0xBF, 0x00, 0x00, 0xBF, 0x00,
    0x00, 0xBF, 0x00, 0x00, 0xBF, 0x00, 0x00, 0xBF, 0x00, 0x00, 0xBF, 0x00, 0x00, 0xBF, 0x00, 0x00,
    0xBF, 0x00, 0x00, 0xBF, 0x00, 0x00, 0xBF, 0x00, 0x00, 0xBF, 0x00, 0x00, 0xBF, 0x00, 0x00, 0xBF,
    0x00, 0x00, 0xBF, 0x00, 0x00, 0xBF, 0x00, 0x00, 0xBF, 0x00, 0x00, 0xBF, 0x00, 0x00, 0xBF, 0x00,
    0x00, 0xBF, 0x00, 0x00, 0xBF, 0x00, 0x00, 0xBF, 0x00, 0x00, 0xBF, 0x00, 0x00, 0xBF, 0x00, 0x00,
    0xBF, 0x00, 0x00, 0xBF, 0x00, 0x00, 0xBF, 0x00, 0x00, 0xBF, 0x00, 0x00, 0xBF, 0x00, 0x00, 0xBF,
    0x00, 0x00, 0xBF, 0x00, 0x00, 0xBF, 0x00, 0x00, 0xBF, 0x00, 0x00, 0xBF, 0x00, 0x00, 0xBF, 0x00,
    0x00, 0xBF, 0x00, 0x00, 0xBF, 0x00, 0x00, 0xBF, 0x00, 0x00, 0xBF, 0x00, 0x00, 0xBF, 0x00, 0x00,
    0xBF, 0x00, 0x00, 0xBF, 0x00, 0x00, 0xBF, 0x00, 0x00, 0xBF, 0x00, 0x00, 0xBF, 0x00, 0x00, 0xBF,
    0x00, 0x00, 0xBF, 0x00, 0x00, 0xBF, 0x00, 0x00, 0xBF, 0x00, 0x00, 0xBF, 0x00, 0x00, 0xBF, 0x00,
    0x00, 0xBF, 0x00, 0x00, 0xBF, 0x00, 0x00, 0xBF, 0x00, 0x00, 0xBF, 0x00, 0x00, 0xBF, 0x00, 0x00,
    0xBF, 0x00, 0x00, 0xBF, 0x00, 0x00, 0xBF, 0x00, 0x00, 0xBF, 0x00, 0x00, 0xBF, 0x00, 0x00, 0xBF,
    0x00, 0x00, 0xBF, 0x00, 0x00, 0xBF, 0x00, 0x00, 0xBF, 0x00, 0x00, 0xBF, 0x00, 0x00, 0xBF, 0x00,
    0x00, 0xBF, 0x00, 0x00, 0xBF, 0x00, 0x00, 0xBF, 0x00, 0x00, 0xBF, 0x00, 0x00, 0xBF, 0x00, 0x00,
    0xBF, 0x00, 0x00, 0xBF, 0x00, 0x00, 0xBF, 0x00, 0x00, 0xBF, 0x00, 0x00, 0xBF, 0x00, 0x00, 0xBF,
    0x00, 0x00, 0xBF, 0x00, 0x00, 0xBF, 0x00, 0x00, 0xBF, 0x00, 0x00, 0xBF, 0x00, 0x00, 0xBF, 0x00,
    0x00, 0xBF, 0x00, 0x00, 0xBF, 0x00, 0x00, 0xBF, 0x00, 0x00, 0xBF, 0x00, 0x00, 0xBF, 0x00, 0x00,
    0xBF, 0x00, 0x00, 0xBF, 0x00, 0x00, 0xBF, 0x00, 0x00, 0xBF, 0x00, 0x00, 0xBF, 0x00, 0x00, 0xBF,
    0x00, 0x00, 0xBF, 0x00, 0x00, 0xBF, 0x00, 0x00, 0xBF, 0x00, 0x00, 0xBF, 0x00, 0x00, 0xBF, 0x00,
    0x00, 0xBF, 0x00, 0x00, 0xBF, 0x03, 0x21, 0xD4, 0x07, 0xE2, 0xFF, 0x07, 0xE2, 0xFF, 0x07, 0xE2,
    0xFF, 0x07, 0xE2, 0xFF, 0x07, 0xE2, 0xFF, 0x07, 0xE3, 0xB7, 0x07, 0xE3, 0x82, 0x07, 0xE2, 0xFF,
    0x07, 0xE2, 0xFF, 0x07, 0xE2, 0xFF, 0x07, 0xE2, 0xFF, 0x07, 0xE2, 0xFF, 0x05, 0x82, 0xE8, 0x00,
    0x00, 0xBF, 0x00, 0x00, 0xBF, 0x00, 0x00, 0xBF, 0x00, 0x00, 0xBF, 0x00, 0x00, 0xBF, 0x00, 0x00,
    0xBF, 0x00, 0x00, 0xBF, 0x00, 0x00, 0xBF, 0x00, 0x00, 0xBF, 0x00, 0x00, 0xBF, 0x00, 0x00, 0xBF,
    0x00, 0x00, 0xBF, 0x00, 0x00, 0xBF, 0x00, 0x00, 0xBF, 0x00, 0x00, 0xBF, 0x00, 0x00, 0xBF, 0x00,
    0x00, 0xBF, 0x00, 0x00, 0xBF, 0x00, 0x00, 0xBF, 0x00, 0x00, 0xBF, 0x00, 0x00, 0xBF, 0x00, 0x00,
    0xBF, 0x00, 0x00, 0xBF, 0x00, 0x00, 0xBF, 0x00, 0x00, 0xBF, 0x00, 0x00, 0xBF, 0x00, 0x00, 0xBF,
    0x00, 0x00, 0xBF, 0x00, 0x00, 0xBF, 0x00, 0x00, 0xBF, 0x00, 0x00, 0xBF, 0x00, 0x00, 0xBF, 0x00,
    0x00, 0xBF, 0x00, 0x00, 0xBF, 0x00, 0x00, 0xBF, 0x00, 0x00, 0xBF, 0x00, 0x00, 0xBF, 0x00, 0x00,
    0xBF, 0x00, 0x00, 0xBF, 0x00, 0x00, 0xBF, 0x00, 0x00, 0xBF, 0x00, 0x00, 0xBF, 0x00, 0x00, 0xBF,
    0x00, 0x00, 0xBF, 0x00, 0x00, 0xBF, 0x00, 0x00, 0xBF, 0x00, 0x00, 0xBF, 0x00, 0x00, 0xBF, 0x00,
    0x00, 0xBF, 0x00, 0x00, 0xBF, 0x00, 0x00, 0xBF, 0x00, 0x00, 0xBF, 0x00, 0x00, 0xBF, 0x00, 0x00,
    0xBF, 0x00, 0x00, 0xBF, 0x00, 0x00, 0xBF, 0x00, 0x00, 0xBF, 0x00, 0x00, 0xBF, 0x00, 0x00, 0xBF,
    0x00, 0x00, 0xBF, 0x00, 0x00, 0xBF, 0x00, 0x00, 0xBF, 0x00, 0x00, 0xBF, 0x00, 0x00, 0xBF, 0x00,
    0x00, 0xBF, 0x00, 0x00, 0xBF, 0x00, 0x00, 0xBF, 0x00, 0x00, 0xBF, 0x00, 0x00, 0xBF, 0x00, 0x00,
    0xBF, 0x00, 0x00, 0xBF, 0x00, 0x00, 0xBF, 0x00, 0x00, 0xBF, 0x00, 0x00, 0xBF, 0x00, 0x00, 0xBF,
    0x00, 0x00, 0xBF, 0x00, 0x00, 0xBF, 0x00, 0x00, 0xBF, 0x00, 0x00, 0xBF, 0x00, 0x00, 0xBF, 0x00,
    0x00, 0xBF, 0x00, 0x00, 0xBF, 0x00, 0x00, 0xBF, 0x00, 0x00, 0xBF, 0x00, 0x00, 0xBF, 0x00, 0x00,
    0xBF, 0x00, 0x00, 0xBF, 0x00, 0x00, 0xBF, 0x00, 0x00, 0xBF, 0x00, 0x00, 0xBF, 0x00, 0x00, 0xBF,
    0x00, 0x00, 0xBF, 0x00, 0x00, 0xBF, 0x00, 0x00, 0xBF, 0x00, 0x00, 0xBF, 0x00, 0x00, 0xBF, 0x00,
    0x00, 0xBF, 0x00, 0x00, 0xBF, 0x00, 0x00, 0xBF, 0x00, 0x00, 0xBF, 0x00, 0x00, 0xBF, 0x00, 0x00,
    0xBF, 0x00, 0x00, 0xBF, 0x00, 0x00, 0xBF, 0x00, 0x00, 0xBF, 0x00, 0x00, 0xBF, 0x00, 0x00, 0xBF,
    0x00, 0x00, 0xBF, 0x00, 0x00, 0xBF, 0x00, 0x00, 0xBF, 0x00, 0x00, 0xBF, 0x00, 0x00, 0xBF, 0x00,
    0x00, 0xBF, 0x00, 0x00, 0xBF, 0x00, 0x00, 0xBF, 0x00, 0x00, 0xBF, 0x00, 0x00, 0xBF, 0x00, 0x00,
    0xBF, 0x00, 0x00, 0xBF, 0x00, 0x00, 0xBF, 0x00, 0x00, 0xBF, 0x00, 0x00, 0xBF, 0x00, 0x00, 0xBF,
    0x00, 0x00, 0xBF, 0x00, 0x00, 0xBF, 0x00, 0x00, 0xBF, 0x00, 0x00, 0xBF, 0x00, 0x00, 0xBF, 0x00,
    0x00, 0xBF, 0x00, 0x00, 0xBF, 0x00, 0x00, 0xBF, 0x00, 0x00, 0xBF, 0x00, 0x00, 0xBF, 0x00, 0x00,
    0xBF, 0x00, 0x00, 0xBF, 0x00, 0x00, 0xBF, 0x00, 0x00, 0xBF, 0x00, 0x00, 0xBF, 0x00, 0x00, 0xBF,
    0x00, 0x00, 0xBF, 0x00, 0x00, 0xBF, 0x00, 0x00, 0xBF, 0x00, 0x00, 0xBF, 0x00, 0x00, 0xBF, 0x00,
    0x00, 0xBF, 0x00, 0x00, 0xBF, 0x00, 0x00, 0xBF, 0x00, 0x00, 0xBF, 0x00, 0x00, 0xBF, 0x00, 0x00,
    0xBF, 0x00, 0x00, 0xBF, 0x00, 0x00, 0xBF, 0x00, 0x00, 0xBF, 0x00, 0x00, 0xBF, 0x00, 0x00, 0xBF,
    0x00, 0x00, 0xBF, 0x00, 0x00, 0xBF, 0x00, 0x00, 0xBF, 0x00, 0x00, 0xBF, 0x00, 0x00, 0xBF, 0x00,
    0x00, 0xBF, 0x00, 0x00, 0xBF, 0x00, 0x00, 0xBF, 0x00, 0x00, 0xBF, 0x00, 0x00, 0xBF, 0x00, 0x00,
    0xBF, 0x00, 0x00, 0xBF, 0x00, 0x00, 0xBF, 0x00, 0x00, 0xBF, 0x00, 0x00, 0xBF, 0x00, 0x00, 0xBF,
    0x00, 0x00, 0xBF, 0x00, 0x00, 0xBF, 0x00, 0x00, 0xBF, 0x00, 0x00, 0xBF, 0x00, 0x00, 0xBF, 0x00,
    0x00, 0xBF, 0x00, 0x00, 0xBF, 0x00, 0x00, 0xBF, 0x00, 0x00, 0xBF, 0x00, 0x00, 0xBF, 0x00, 0x00,
    0xBF, 0x00, 0x00, 0xBF, 0x00, 0x00, 0xBF, 0x00, 0x00, 0xBF, 0x00, 0x00, 0xBF, 0x00, 0x00, 0xBF,
    0x00, 0x00, 0xBF, 0x00, 0x00, 0xBF, 0x00, 0x00, 0xBF, 0x00, 0x00, 0xBF, 0x00, 0x00, 0xBF, 0x00,
    0x00, 0xBF, 0x00, 0x00, 0xBF, 0x00, 0x00, 0xBF, 0x00, 0x00, 0xBF, 0x00, 0x00, 0xBF, 0x00, 0x00,
    0xBF, 0x00, 0x00, 0xBF, 0x00, 0x00, 0xBF, 0x00, 0x00, 0xBF, 0x00, 0x00, 0xBF, 0x00, 0x00, 0xBF,
    0x00, 0x00, 0xBF, 0x00, 0x00, 0xBF, 0x00, 0x00, 0xBF, 0x00, 0x00, 0xBF, 0x00, 0x00, 0xBF, 0x00,
    0x00, 0xBF, 0x00, 0x00, 0xBF, 0x00, 0x00, 0xBF, 0x00, 0x00, 0xBF, 0x00, 0x00, 0xBF, 0x00, 0x00,
    0xBF, 0x00, 0x00, 0xBF, 0x00, 0x00, 0xBF, 0x00, 0x00, 0xBF, 0x00, 0x00, 0xBF, 0x00, 0x00, 0xBF,
    0x00, 0x00, 0xBF, 0x00, 0x00, 0xBF, 0x00, 0x00, 0xBF, 0x00, 0x00, 0xBF, 0x00, 0x00, 0xBF, 0x00,
    0x00, 0xBF, 0x00, 0x00, 0xBF, 0x00, 0x00, 0xBF, 0x00, 0x00, 0xBF, 0x00, 0x00, 0xBF, 0x00, 0x00,
    0xBF, 0x00, 0x00, 0xBF, 0x00, 0x00, 0xBF, 0x00, 0x00, 0xBF, 0x00, 0x00, 0xBF, 0x00, 0x00, 0xBF,
    0x00, 0x00, 0xBF, 0x00, 0x00, 0xBF, 0x00, 0x00, 0xBF, 0x00, 0x00, 0xBF, 0x00, 0x00, 0xBF, 0x00,
    0x00, 0xBF, 0x00, 0x00, 0xBF, 0x00, 0x00, 0xBF, 0x00, 0x00, 0xBF, 0x00, 0x00, 0xBF, 0x00, 0x00,
    0xBF, 0x00, 0x00, 0xBF, 0x00, 0x00, 0xBF, 0x00, 0x00, 0xBF, 0x00, 0x00, 0xBF, 0x00, 0x00, 0xBF,
    0x00, 0x00, 0xBF, 0x00, 0x00, 0xBF, 0x00, 0x00, 0xBF, 0x00, 0x00, 0xBF, 0x00, 0x00, 0xBF, 0x00,
    0x00, 0xBF, 0x00, 0x00, 0xBF, 0x00, 0x00, 0xBF, 0x00, 0x00, 0xBF, 0x00, 0x00, 0xBF, 0x00, 0x00,
    0xBF, 0x00, 0x00, 0xBF, 0x00, 0x00, 0xBF, 0x00, 0x00, 0xBF, 0x00, 0x00, 0xBF, 0x00, 0x00, 0xBF,
    0x00, 0x00, 0xBF, 0x00, 0x00, 0xBF, 0x00, 0x00, 0xBF, 0x00, 0x00, 0xBF, 0x00, 0x00, 0xBF, 0x00,
    0x00, 0xBF, 0x00, 0x00, 0xBF, 0x00, 0x00, 0xBF, 0x00, 0x00, 0xBF, 0x00, 0x00, 0xBF, 0x00, 0x00,
    0xBF, 0x00, 0x00, 0xBF, 0x00, 0x00, 0xBF, 0x00, 0x00, 0xBF, 0x00, 0x00, 0xBF, 0x00, 0x00, 0xBF,
    0x00, 0x00, 0xBF, 0x00, 0x00, 0xBF, 0x00, 0x00, 0xBF, 0x00, 0x00, 0xBF, 0x00, 0x00, 0xBF, 0x00,
    0x00, 0xBF, 0x00, 0x00, 0xBF, 0x00, 0x00, 0xBF, 0x00, 0x00, 0xBF, 0x00, 0x00, 0xBF, 0x00, 0x00,
    0xBF, 0x00, 0x00, 0xBF, 0x00, 0x00, 0xBF, 0x05, 0xA2, 0xE9, 0x07, 0xE2, 0xFF, 0x07, 0xE2, 0xFF,
    0x07, 0xE2, 0xFF, 0x07, 0xE2, 0xFF, 0x07, 0xE2, 0xFF, 0x07, 0xE3, 0x81, 0x07, 0xE3, 0x33, 0x07,
    0xE2, 0xFF, 0x07, 0xE2, 0xFF, 0x07, 0xE2, 0xFF, 0x07, 0xE2, 0xFF, 0x07, 0xE2, 0xFF, 0x07, 0xC2,
    0xFE, 0x01, 0x60, 0xC8, 0x00, 0x00, 0xBF, 0x00, 0x00, 0xBF, 0x00, 0x00, 0xBF, 0x00, 0x00, 0xBF,
    0x00, 0x00, 0xBF, 0x00, 0x00, 0xBF, 0x00, 0x00, 0xBF, 0x00, 0x00, 0xBF, 0x00, 0x00, 0xBF, 0x00,
    0x00, 0xBF, 0x00, 0x00, 0xBF, 0x00, 0x00, 0xBF, 0x00, 0x00, 0xBF, 0x00, 0x00, 0xBF, 0x00, 0x00,
    0xBF, 0x00, 0x00, 0xBF, 0x00, 0x00, 0xBF, 0x00, 0x00, 0xBF, 0x00, 0x00, 0xBF, 0x00, 0x00, 0xBF,
    0x00, 0x00, 0xBF, 0x00, 0x00, 0xBF, 0x00, 0x00, 0xBF, 0x00, 0x00, 0xBF, 0x00, 0x00, 0xBF, 0x00,
    0x00, 0xBF, 0x00, 0x00, 0xBF, 0x00, 0x00, 0xBF, 0x00, 0x00, 0xBF, 0x00, 0x00, 0xBF, 0x00, 0x00,
    0xBF, 0x00, 0x00, 0xBF, 0x00, 0x00, 0xBF, 0x00, 0x00, 0xBF, 0x00, 0x00, 0xBF, 0x00, 0x00, 0xBF,
    0x00, 0x00, 0xBF, 0x00, 0x00, 0xBF, 0x00, 0x00, 0xBF, 0x00, 0x00, 0xBF, 0x00, 0x00, 0xBF, 0x00,
    0x00, 0xBF, 0x00, 0x00, 0xBF, 0x00, 0x00, 0xBF, 0x00, 0x00, 0xBF, 0x00, 0x00, 0xBF, 0x00, 0x00,
    0xBF, 0x00, 0x00, 0xBF, 0x00, 0x00, 0xBF, 0x00, 0x00, 0xBF, 0x00, 0x00, 0xBF, 0x00, 0x00, 0xBF,
    0x00, 0x00, 0xBF, 0x00, 0x00, 0xBF, 0x00, 0x00, 0xBF, 0x00, 0x00, 0xBF, 0x00, 0x00, 0xBF, 0x00,
    0x00, 0xBF, 0x00, 0x00, 0xBF, 0x00, 0x00, 0xBF, 0x00, 0x00, 0xBF, 0x00, 0x00, 0xBF, 0x00, 0x00,
    0xBF, 0x00, 0x00, 0xBF, 0x00, 0x00, 0xBF, 0x00, 0x00, 0xBF, 0x00, 0x00, 0xBF, 0x00, 0x00, 0xBF,
    0x00, 0x00, 0xBF, 0x00, 0x00, 0xBF, 0x00, 0x00, 0xBF, 0x00, 0x00, 0xBF, 0x00, 0x00, 0xBF, 0x00,
    0x00, 0xBF, 0x00, 0x00, 0xBF, 0x00, 0x00, 0xBF, 0x00, 0x00, 0xBF, 0x00, 0x00, 0xBF, 0x00, 0x00,
    0xBF, 0x00, 0x00, 0xBF, 0x00, 0x00, 0xBF, 0x00, 0x00, 0xBF, 0x00, 0x00, 0xBF, 0x00, 0x00, 0xBF,
    0x00, 0x00, 0xBF, 0x00, 0x00, 0xBF, 0x00, 0x00, 0xBF, 0x00, 0x00, 0xBF, 0x00, 0x00, 0xBF, 0x00,
    0x00, 0xBF, 0x00, 0x00, 0xBF, 0x00, 0x00, 0xBF, 0x00, 0x00, 0xBF, 0x00, 0x00, 0xBF, 0x00, 0x00,
    0xBF, 0x00, 0x00, 0xBF, 0x00, 0x00, 0xBF, 0x00, 0x00, 0xBF, 0x00, 0x00, 0xBF, 0x00, 0x00, 0xBF,
    0x00, 0x00, 0xBF, 0x00, 0x00, 0xBF, 0x00, 0x00, 0xBF, 0x00, 0x00, 0xBF, 0x00, 0x00, 0xBF, 0x00,
    0x00, 0xBF, 0x00, 0x00, 0xBF, 0x00, 0x00, 0xBF, 0x00, 0x00, 0xBF, 0x00, 0x00, 0xBF, 0x00, 0x00,
    0xBF, 0x00, 0x00, 0xBF, 0x00, 0x00, 0xBF, 0x00, 0x00, 0xBF, 0x00, 0x00, 0xBF, 0x00, 0x00, 0xBF,
    0x00, 0x00, 0xBF, 0x00, 0x00, 0xBF, 0x00, 0x00, 0xBF, 0x00, 0x00, 0xBF, 0x00, 0x00, 0xBF, 0x00,
    0x00, 0xBF, 0x00, 0x00, 0xBF, 0x00, 0x00, 0xBF, 0x00, 0x00, 0xBF, 0x00, 0x00, 0xBF, 0x00, 0x00,
    0xBF, 0x00, 0x00, 0xBF, 0x00, 0x00, 0xBF, 0x00, 0x00, 0xBF, 0x00, 0x00, 0xBF, 0x00, 0x00, 0xBF,
    0x00, 0x00, 0xBF, 0x00, 0x00, 0xBF, 0x00, 0x00, 0xBF, 0x00, 0x00, 0xBF, 0x00, 0x00, 0xBF, 0x00,
    0x00, 0xBF, 0x00, 0x00, 0xBF, 0x00, 0x00, 0xBF, 0x00, 0x00, 0xBF, 0x00, 0x00, 0xBF, 0x00, 0x00,
    0xBF, 0x00, 0x00, 0xBF, 0x00, 0x00, 0xBF, 0x00, 0x00, 0xBF, 0x00, 0x00, 0xBF, 0x00, 0x00, 0xBF,
    0x00, 0x00, 0xBF, 0x00, 0x00, 0xBF, 0x00, 0x00, 0xBF, 0x00, 0x00, 0xBF, 0x00, 0x00, 0xBF, 0x00,
    0x00, 0xBF, 0x00, 0x00, 0xBF, 0x00, 0x00, 0xBF, 0x00, 0x00, 0xBF, 0x00, 0x00, 0xBF, 0x00, 0x00,
    0xBF, 0x00, 0x00, 0xBF, 0x00, 0x00, 0xBF, 0x00, 0x00, 0xBF, 0x00, 0x00, 0xBF, 0x00, 0x00, 0xBF,
    0x00, 0x00, 0xBF, 0x00, 0x00, 0xBF, 0x00, 0x00, 0xBF, 0x00, 0x00, 0xBF, 0x00, 0x00, 0xBF, 0x00,
    0x00, 0xBF, 0x00, 0x00, 0xBF, 0x00, 0x00, 0xBF, 0x00, 0x00, 0xBF, 0x00, 0x00, 0xBF, 0x00, 0x00,
    0xBF, 0x00, 0x00, 0xBF, 0x00, 0x00, 0xBF, 0x00, 0x00, 0xBF, 0x00, 0x00, 0xBF, 0x00, 0x00, 0xBF,
    0x00, 0x00, 0xBF, 0x00, 0x00, 0xBF, 0x00, 0x00, 0xBF, 0x00, 0x00, 0xBF, 0x00, 0x00, 0xBF, 0x00,
    0x00, 0xBF, 0x00, 0x00, 0xBF, 0x00, 0x00, 0xBF, 0x00, 0x00, 0xBF, 0x00, 0x00, 0xBF, 0x00, 0x00,
    0xBF, 0x00, 0x00, 0xBF, 0x00, 0x00, 0xBF, 0x00, 0x00, 0xBF, 0x00, 0x00, 0xBF, 0x00, 0x00, 0xBF,
    0x00, 0x00, 0xBF, 0x00, 0x00, 0xBF, 0x00, 0x00, 0xBF, 0x00, 0x00, 0xBF, 0x00, 0x00, 0xBF, 0x00,
    0x00, 0xBF, 0x00, 0x00, 0xBF, 0x00, 0x00, 0xBF, 0x00, 0x00, 0xBF, 0x00, 0x00, 0xBF, 0x00, 0x00,
    0xBF, 0x00, 0x00, 0xBF, 0x00, 0x00, 0xBF, 0x00, 0x00, 0xBF, 0x00, 0x00, 0xBF, 0x00, 0x00, 0xBF,
    0x00, 0x00, 0xBF, 0x00, 0x00, 0xBF, 0x00, 0x00, 0xBF, 0x00, 0x00, 0xBF, 0x00, 0x00, 0xBF, 0x00,
    0x00, 0xBF, 0x00, 0x00, 0xBF, 0x00, 0x00, 0xBF, 0x00, 0x00, 0xBF, 0x00, 0x00, 0xBF, 0x00, 0x00,
    0xBF, 0x00, 0x00, 0xBF, 0x00, 0x00, 0xBF, 0x00, 0x00, 0xBF, 0x00, 0x00, 0xBF, 0x00, 0x00, 0xBF,
    0x00, 0x00, 0xBF, 0x00, 0x00, 0xBF, 0x00, 0x00, 0xBF, 0x00, 0x00, 0xBF, 0x00, 0x00, 0xBF, 0x00,
    0x00, 0xBF, 0x00, 0x00, 0xBF, 0x00, 0x00, 0xBF, 0x00, 0x00, 0xBF, 0x00, 0x00, 0xBF, 0x00, 0x00,
    0xBF, 0x00, 0x00, 0xBF, 0x00, 0x00, 0xBF, 0x00, 0x00, 0xBF, 0x00, 0x00, 0xBF, 0x00, 0x00, 0xBF,
    0x00, 0x00, 0xBF, 0x00, 0x00, 0xBF, 0x00, 0x00, 0xBF, 0x00, 0x00, 0xBF, 0x00, 0x00, 0xBF, 0x00,
    0x00, 0xBF, 0x00, 0x00, 0xBF, 0x00, 0x00, 0xBF, 0x00, 0x00, 0xBF, 0x00, 0x00, 0xBF, 0x00, 0x00,
    0xBF, 0x00, 0x00, 0xBF, 0x00, 0x00, 0xBF, 0x00, 0x00, 0xBF, 0x00, 0x00, 0xBF, 0x00, 0x00, 0xBF,
    0x00, 0x00, 0xBF, 0x00, 0x00, 0xBF, 0x00, 0x00, 0xBF, 0x00, 0x00, 0xBF, 0x00, 0x00, 0xBF, 0x00,
    0x00, 0xBF, 0x00, 0x00, 0xBF, 0x00, 0x00, 0xBF, 0x00, 0x00, 0xBF, 0x00, 0x00, 0xBF, 0x00, 0x00,
    0xBF, 0x00, 0x00, 0xBF, 0x00, 0x00, 0xBF, 0x00, 0x00, 0xBF, 0x00, 0x00, 0xBF, 0x00, 0x00, 0xBF,
    0x00, 0x00, 0xBF, 0x00, 0x00, 0xBF, 0x00, 0x00, 0xBF, 0x00, 0x00, 0xBF, 0x00, 0x00, 0xBF, 0x00,
    0x00, 0xBF, 0x00, 0x00, 0xBF, 0x00, 0x00, 0xBF, 0x00, 0x00, 0xBF, 0x00, 0x00, 0xBF, 0x00, 0x00,
    0xBF, 0x00, 0x00, 0xBF, 0x00, 0x00, 0xBF, 0x00, 0x00, 0xBF, 0x00, 0x00, 0xBF, 0x00, 0x00, 0xBF,
    0x00, 0x00, 0xBF, 0x00, 0x00, 0xBF, 0x01, 0x80, 0xC9, 0x07, 0xC2, 0xFE, 0x07, 0xE2, 0xFF, 0x07,
    0xE2, 0xFF, 0x07, 0xE2, 0xFF, 0x07, 0xE2, 0xFF, 0x07, 0xE2, 0xFF, 0x07, 0xE2, 0x31, 0x07, 0xE0,
    0x01, 0x07, 0xE2, 0xE3, 0x07, 0xE2, 0xFF, 0x07, 0xE2, 0xFF, 0x07, 0xE2, 0xFF, 0x07, 0xE2, 0xFF,
    0x07, 0xE2, 0xFF, 0x05, 0xE2, 0xEB, 0x00, 0x00, 0xBF, 0x00, 0x00, 0xBF, 0x00, 0x00, 0xBF, 0x00,
    0x00, 0xBF, 0x00, 0x00, 0xBF, 0x00, 0x00, 0xBF, 0x00, 0x00, 0xBF, 0x00, 0x00, 0xBF, 0x00, 0x00,
    0xBF, 0x00, 0x00, 0xBF, 0x00, 0x00, 0xBF, 0x00, 0x00, 0xBF, 0x00, 0x00, 0xBF, 0x00, 0x00, 0xBF,
    0x00, 0x00, 0xBF, 0x00, 0x00, 0xBF, 0x00, 0x00, 0xBF, 0x00, 0x00, 0xBF, 0x00, 0x00, 0xBF, 0x00,
    0x00, 0xBF, 0x00, 0x00, 0xBF, 0x00, 0x00, 0xBF, 0x00, 0x00, 0xBF, 0x00, 0x00, 0xBF, 0x00, 0x00,
    0xBF, 0x00, 0x00, 0xBF, 0x00, 0x00, 0xBF, 0x00, 0x00, 0xBF, 0x00, 0x00, 0xBF, 0x00, 0x00, 0xBF,
    0x00, 0x00, 0xBF, 0x00, 0x00, 0xBF, 0x00, 0x00, 0xBF, 0x00, 0x00, 0xBF, 0x00, 0x00, 0xBF, 0x00,
    0x00, 0xBF, 0x00, 0x00, 0xBF, 0x00, 0x00, 0xBF, 0x00, 0x00, 0xBF, 0x00, 0x00, 0xBF, 0x00, 0x00,
    0xBF, 0x00, 0x00, 0xBF, 0x00, 0x00, 0xBF, 0x00, 0x00, 0xBF, 0x00, 0x00, 0xBF, 0x00, 0x00, 0xBF,
    0x00, 0x00, 0xBF, 0x00, 0x00, 0xBF, 0x00, 0x00, 0xBF, 0x00, 0x00, 0xBF, 0x00, 0x00, 0xBF, 0x00,
    0x00, 0xBF, 0x00, 0x00, 0xBF, 0x00, 0x00, 0xBF, 0x00, 0x00, 0xBF, 0x00, 0x00, 0xBF, 0x00, 0x00,
    0xBF, 0x00, 0x00, 0xBF, 0x00, 0x00, 0xBF, 0x00, 0x00, 0xBF, 0x00, 0x00, 0xBF, 0x00, 0x00, 0xBF,
    0x00, 0x00, 0xBF, 0x00, 0x00, 0xBF, 0x00, 0x00, 0xBF, 0x00, 0x00, 0xBF, 0x00, 0x00, 0xBF, 0x00,
    0x00, 0xBF, 0x00, 0x00, 0xBF, 0x00, 0x00, 0xBF, 0x00, 0x00, 0xBF, 0x00, 0x00, 0xBF, 0x00, 0x00,
    0xBF, 0x00, 0x00, 0xBF, 0x00, 0x00, 0xBF, 0x00, 0x00, 0xBF, 0x00, 0x00, 0xBF, 0x00, 0x00, 0xBF,
    0x00, 0x00, 0xBF, 0x00, 0x00, 0xBF, 0x00, 0x00, 0xBF, 0x00, 0x00, 0xBF, 0x00, 0x00, 0xBF, 0x00,
    0x00, 0xBF, 0x00, 0x00, 0xBF, 0x00, 0x00, 0xBF, 0x00, 0x00, 0xBF, 0x00, 0x00, 0xBF, 0x00, 0x00,
    0xBF, 0x00, 0x00, 0xBF, 0x00, 0x00, 0xBF, 0x00, 0x00, 0xBF, 0x00, 0x00, 0xBF, 0x00, 0x00, 0xBF,
    0x00, 0x00, 0xBF, 0x00, 0x00, 0xBF, 0x00, 0x00, 0xBF, 0x00, 0x00, 0xBF, 0x00, 0x00, 0xBF, 0x00,
    0x00, 0xBF, 0x00, 0x00, 0xBF, 0x00, 0x00, 0xBF, 0x00, 0x00, 0xBF, 0x00, 0x00, 0xBF, 0x00, 0x00,
    0xBF, 0x00, 0x00, 0xBF, 0x00, 0x00, 0xBF, 0x00, 0x00, 0xBF, 0x00, 0x00, 0xBF, 0x00, 0x00, 0xBF,
    0x00, 0x00, 0xBF, 0x00, 0x00, 0xBF, 0x00, 0x00, 0xBF, 0x00, 0x00, 0xBF, 0x00, 0x00, 0xBF, 0x00,
    0x00, 0xBF, 0x00, 0x00, 0xBF, 0x00, 0x00, 0xBF, 0x00, 0x00, 0xBF, 0x00, 0x00, 0xBF, 0x00, 0x00,
    0xBF, 0x00, 0x00, 0xBF, 0x00, 0x00, 0xBF, 0x00, 0x00, 0xBF, 0x00, 0x00, 0xBF, 0x00, 0x00, 0xBF,
    0x00, 0x00, 0xBF, 0x00, 0x00, 0xBF, 0x00, 0x00, 0xBF, 0x00, 0x00, 0xBF, 0x00, 0x00, 0xBF, 0x00,
    0x00, 0xBF, 0x00, 0x00, 0xBF, 0x00, 0x00, 0xBF, 0x00, 0x00, 0xBF, 0x00, 0x00, 0xBF, 0x00, 0x00,
    0xBF, 0x00, 0x00, 0xBF, 0x00, 0x00, 0xBF, 0x00, 0x00, 0xBF, 0x00, 0x00, 0xBF, 0x00, 0x00, 0xBF,
    0x00, 0x00, 0xBF, 0x00, 0x00, 0xBF, 0x00, 0x00, 0xBF, 0x00, 0x00, 0xBF, 0x00, 0x00, 0xBF, 0x00,
    0x00, 0xBF, 0x00, 0x00, 0xBF, 0x00, 0x00, 0xBF, 0x00, 0x00, 0xBF, 0x00, 0x00, 0xBF, 0x00, 0x00,
    0xBF, 0x00, 0x00, 0xBF, 0x00, 0x00, 0xBF, 0x00, 0x00, 0xBF, 0x00, 0x00, 0xBF, 0x00, 0x00, 0xBF,
    0x00, 0x00, 0xBF, 0x00, 0x00, 0xBF, 0x00, 0x00, 0xBF, 0x00, 0x00, 0xBF, 0x00, 0x00, 0xBF, 0x00,
    0x00, 0xBF, 0x00, 0x00, 0xBF, 0x00, 0x00, 0xBF, 0x00, 0x00, 0xBF, 0x00, 0x00, 0xBF, 0x00, 0x00,
    0xBF, 0x00, 0x00, 0xBF, 0x00, 0x00, 0xBF, 0x00, 0x00, 0xBF, 0x00, 0x00, 0xBF, 0x00, 0x00, 0xBF,
    0x00, 0x00, 0xBF, 0x00, 0x00, 0xBF, 0x00, 0x00, 0xBF, 0x00, 0x00, 0xBF, 0x00, 0x00, 0xBF, 0x00,
    0x00, 0xBF, 0x00, 0x00, 0xBF, 0x00, 0x00, 0xBF, 0x00, 0x00, 0xBF, 0x00, 0x00, 0xBF, 0x00, 0x00,
    0xBF, 0x00, 0x00, 0xBF, 0x00, 0x00, 0xBF, 0x00, 0x00, 0xBF, 0x00, 0x00, 0xBF, 0x00, 0x00, 0xBF,
    0x00, 0x00, 0xBF, 0x00, 0x00, 0xBF, 0x00, 0x00, 0xBF, 0x00, 0x00, 0xBF, 0x00, 0x00, 0xBF, 0x00,
    0x00, 0xBF, 0x00, 0x00, 0xBF, 0x00, 0x00, 0xBF, 0x00, 0x00, 0xBF, 0x00, 0x00, 0xBF, 0x00, 0x00,
    0xBF, 0x00, 0x00, 0xBF, 0x00, 0x00, 0xBF, 0x00, 0x00, 0xBF, 0x00, 0x00, 0xBF, 0x00, 0x00, 0xBF,
    0x00, 0x00, 0xBF, 0x00, 0x00, 0xBF, 0x00, 0x00, 0xBF, 0x00, 0x00, 0xBF, 0x00, 0x00, 0xBF, 0x00,
    0x00, 0xBF, 0x00, 0x00, 0xBF, 0x00, 0x00, 0xBF, 0x00, 0x00, 0xBF, 0x00, 0x00, 0xBF, 0x00, 0x00,
    0xBF, 0x00, 0x00, 0xBF, 0x00, 0x00, 0xBF, 0x00, 0x00, 0xBF, 0x00, 0x00, 0xBF, 0x00, 0x00, 0xBF,
    0x00, 0x00, 0xBF, 0x00, 0x00, 0xBF, 0x00, 0x00, 0xBF, 0x00, 0x00, 0xBF, 0x00, 0x00, 0xBF, 0x00,
    0x00, 0xBF, 0x00, 0x00, 0xBF, 0x00, 0x00, 0xBF, 0x00, 0x00, 0xBF, 0x00, 0x00, 0xBF, 0x00, 0x00,
    0xBF, 0x00, 0x00, 0xBF, 0x00, 0x00, 0xBF, 0x00, 0x00, 0xBF, 0x00, 0x00, 0xBF, 0x00, 0x00, 0xBF,
    0x00, 0x00, 0xBF, 0x00, 0x00, 0xBF, 0x00, 0x00, 0xBF, 0x00, 0x00, 0xBF, 0x00, 0x00, 0xBF, 0x00,
    0x00, 0xBF, 0x00, 0x00, 0xBF, 0x00, 0x00, 0xBF, 0x00, 0x00, 0xBF, 0x00, 0x00, 0xBF, 0x00, 0x00,
    0xBF, 0x00, 0x00, 0xBF, 0x00, 0x00, 0xBF, 0x00, 0x00, 0xBF, 0x00, 0x00, 0xBF, 0x00, 0x00, 0xBF,
    0x00, 0x00, 0xBF, 0x00, 0x00, 0xBF, 0x00, 0x00, 0xBF, 0x00, 0x00, 0xBF, 0x00, 0x00, 0xBF, 0x00,
    0x00, 0xBF, 0x00, 0x00, 0xBF, 0x00, 0x00, 0xBF, 0x00, 0x00, 0xBF, 0x00, 0x00, 0xBF, 0x00, 0x00,
    0xBF, 0x00, 0x00, 0xBF, 0x00, 0x00, 0xBF, 0x00, 0x00, 0xBF, 0x00, 0x00, 0xBF, 0x00, 0x00, 0xBF,
    0x00, 0x00, 0xBF, 0x00, 0x00, 0xBF, 0x00, 0x00, 0xBF, 0x00, 0x00, 0xBF, 0x00, 0x00, 0xBF, 0x00,
    0x00, 0xBF, 0x00, 0x00, 0xBF, 0x00, 0x00, 0xBF, 0x00, 0x00, 0xBF, 0x00, 0x00, 0xBF, 0x00, 0x00,
    0xBF, 0x00, 0x00, 0xBF, 0x00, 0x00, 0xBF, 0x00, 0x00, 0xBF, 0x00, 0x00, 0xBF, 0x00, 0x00, 0xBF,
    0x00, 0x00, 0xBF, 0x00, 0x00, 0xBF, 0x00, 0x00, 0xBF, 0x00, 0x00, 0xBF, 0x00, 0x00, 0xBF, 0x00,
    0x00, 0xBF, 0x00, 0x00, 0xBF, 0x00, 0x00, 0xBF, 0x06, 0x02, 0xEC, 0x07, 0xE2, 0xFF, 0x07, 0xE2,
    0xFF, 0x07, 0xE2, 0xFF, 0x07, 0xE2, 0xFF, 0x07, 0xE2, 0xFF, 0x07, 0xE2, 0xE1, 0x07, 0xE0, 0x01,
    0x00, 0x00, 0x00, 0x07, 0xE2, 0x79, 0x07, 0xE2, 0xFF, 0x07, 0xE2, 0xFF, 0x07, 0xE2, 0xFF, 0x07,
    0xE2, 0xFF, 0x07, 0xE2, 0xFF, 0x07, 0xE2, 0xFF, 0x04, 0x61, 0xDE, 0x00, 0x00, 0xBF, 0x00, 0x00,
    0xBF, 0x00, 0x00, 0xBF, 0x00, 0x00, 0xBF, 0x00, 0x00, 0xBF, 0x00, 0x00, 0xBF, 0x00, 0x00, 0xBF,
    0x00, 0x00, 0xBF, 0x00, 0x00, 0xBF, 0x00, 0x00, 0xBF, 0x00, 0x00, 0xBF, 0x00, 0x00, 0xBF, 0x00,
    0x00, 0xBF, 0x00, 0x00, 0xBF, 0x00, 0x00, 0xBF, 0x00, 0x00, 0xBF, 0x00, 0x00, 0xBF, 0x00, 0x00,
    0xBF, 0x00, 0x00, 0xBF, 0x00, 0x00, 0xBF, 0x00, 0x00, 0xBF, 0x00, 0x00, 0xBF, 0x00, 0x00, 0xBF,
    0x00, 0x00, 0xBF, 0x00, 0x00, 0xBF, 0x00, 0x00, 0xBF, 0x00, 0x00, 0xBF, 0x00, 0x00, 0xBF, 0x00,
    0x00, 0xBF, 0x00, 0x00, 0xBF, 0x00, 0x00, 0xBF, 0x00, 0x00, 0xBF, 0x00, 0x00, 0xBF, 0x00, 0x00,
    0xBF, 0x00, 0x00, 0xBF, 0x00, 0x00, 0xBF, 0x00, 0x00, 0xBF, 0x00, 0x00, 0xBF, 0x00, 0x00, 0xBF,
    0x00, 0x00, 0xBF, 0x00, 0x00, 0xBF, 0x00, 0x00, 0xBF, 0x00, 0x00, 0xBF, 0x00, 0x00, 0xBF, 0x00,
    0x00, 0xBF, 0x00, 0x00, 0xBF, 0x00, 0x00, 0xBF, 0x00, 0x00, 0xBF, 0x00, 0x00, 0xBF, 0x00, 0x00,
    0xBF, 0x00, 0x00, 0xBF, 0x00, 0x00, 0xBF, 0x00, 0x00, 0xBF, 0x00, 0x00, 0xBF, 0x00, 0x00, 0xBF,
    0x00, 0x00, 0xBF, 0x00, 0x00, 0xBF, 0x00, 0x00, 0xBF, 0x00, 0x00, 0xBF, 0x00, 0x00, 0xBF, 0x00,
    0x00, 0xBF, 0x00, 0x00, 0xBF, 0x00, 0x00, 0xBF, 0x00, 0x00, 0xBF, 0x00, 0x00, 0xBF, 0x00, 0x00,
    0xBF, 0x00, 0x00, 0xBF, 0x00, 0x00, 0xBF, 0x00, 0x00, 0xBF, 0x00, 0x00, 0xBF, 0x00, 0x00, 0xBF,
    0x00, 0x00, 0xBF, 0x00, 0x00, 0xBF, 0x00, 0x00, 0xBF, 0x00, 0x00, 0xBF, 0x00, 0x00, 0xBF, 0x00,
    0x00, 0xBF, 0x00, 0x00, 0xBF, 0x00, 0x00, 0xBF, 0x00, 0x00, 0xBF, 0x00, 0x00, 0xBF, 0x00, 0x00,
    0xBF, 0x00, 0x00, 0xBF, 0x00, 0x00, 0xBF, 0x00, 0x00, 0xBF, 0x00, 0x00, 0xBF, 0x00, 0x00, 0xBF,
    0x00, 0x00, 0xBF, 0x00, 0x00, 0xBF, 0x00, 0x00, 0xBF, 0x00, 0x00, 0xBF, 0x00, 0x00, 0xBF, 0x00,
    0x00, 0xBF, 0x00, 0x00, 0xBF, 0x00, 0x00, 0xBF, 0x00, 0x00, 0xBF, 0x00, 0x00, 0xBF, 0x00, 0x00,
    0xBF, 0x00, 0x00, 0xBF, 0x00, 0x00, 0xBF, 0x00, 0x00, 0xBF, 0x00, 0x00, 0xBF, 0x00, 0x00, 0xBF,
    0x00, 0x00, 0xBF, 0x00, 0x00, 0xBF, 0x00, 0x00, 0xBF, 0x00, 0x00, 0xBF, 0x00, 0x00, 0xBF, 0x00,
    0x00, 0xBF, 0x00, 0x00, 0xBF, 0x00, 0x00, 0xBF, 0x00, 0x00, 0xBF, 0x00, 0x00, 0xBF, 0x00, 0x00,
    0xBF, 0x00, 0x00, 0xBF, 0x00, 0x00, 0xBF, 0x00, 0x00, 0xBF, 0x00, 0x00, 0xBF, 0x00, 0x00, 0xBF,
    0x00, 0x00, 0xBF, 0x00, 0x00, 0xBF, 0x00, 0x00, 0xBF, 0x00, 0x00, 0xBF, 0x00, 0x00, 0xBF, 0x00,
    0x00, 0xBF, 0x00, 0x00, 0xBF, 0x00, 0x00, 0xBF, 0x00, 0x00, 0xBF, 0x00, 0x00, 0xBF, 0x00, 0x00,
    0xBF, 0x00, 0x00, 0xBF, 0x00, 0x00, 0xBF, 0x00, 0x00, 0xBF, 0x00, 0x00, 0xBF, 0x00, 0x00, 0xBF,
    0x00, 0x00, 0xBF, 0x00, 0x00, 0xBF, 0x00, 0x00, 0xBF, 0x00, 0x00, 0xBF, 0x00, 0x00, 0xBF, 0x00,
    0x00, 0xBF, 0x00, 0x00, 0xBF, 0x00, 0x00, 0xBF, 0x00, 0x00, 0xBF, 0x00, 0x00, 0xBF, 0x00, 0x00,
    0xBF, 0x00, 0x00, 0xBF, 0x00, 0x00, 0xBF, 0x00, 0x00, 0xBF, 0x00, 0x00, 0xBF, 0x00, 0x00, 0xBF,
    0x00, 0x00, 0xBF, 0x00, 0x00, 0xBF, 0x00, 0x00, 0xBF, 0x00, 0x00, 0xBF, 0x00, 0x00, 0xBF, 0x00,
    0x00, 0xBF, 0x00, 0x00, 0xBF, 0x00, 0x00, 0xBF, 0x00, 0x00, 0xBF, 0x00, 0x00, 0xBF, 0x00, 0x00,
    0xBF, 0x00, 0x00, 0xBF, 0x00, 0x00, 0xBF, 0x00, 0x00, 0xBF, 0x00, 0x00, 0xBF, 0x00, 0x00, 0xBF,
    0x00, 0x00, 0xBF, 0x00, 0x00, 0xBF, 0x00, 0x00, 0xBF, 0x00, 0x00, 0xBF, 0x00, 0x00, 0xBF, 0x00,
    0x00, 0xBF, 0x00, 0x00, 0xBF, 0x00, 0x00, 0xBF, 0x00, 0x00, 0xBF, 0x00, 0x00, 0xBF, 0x00, 0x00,
    0xBF, 0x00, 0x00, 0xBF, 0x00, 0x00, 0xBF, 0x00, 0x00, 0xBF, 0x00, 0x00, 0xBF, 0x00, 0x00, 0xBF,
    0x00, 0x00, 0xBF, 0x00, 0x00, 0xBF, 0x00, 0x00, 0xBF, 0x00, 0x00, 0xBF, 0x00, 0x00, 0xBF, 0x00,
    0x00, 0xBF, 0x00, 0x00, 0xBF, 0x00, 0x00, 0xBF, 0x00, 0x00, 0xBF, 0x00, 0x00, 0xBF, 0x00, 0x00,
    0xBF, 0x00, 0x00, 0xBF, 0x00, 0x00, 0xBF, 0x00, 0x00, 0xBF, 0x00, 0x00, 0xBF, 0x00, 0x00, 0xBF,
    0x00, 0x00, 0xBF, 0x00, 0x00, 0xBF, 0x00, 0x00, 0xBF, 0x00, 0x00, 0xBF, 0x00, 0x00, 0xBF, 0x00,
    0x00, 0xBF, 0x00, 0x00, 0xBF, 0x00, 0x00, 0xBF, 0x00, 0x00, 0xBF, 0x00, 0x00, 0xBF, 0x00, 0x00,
    0xBF, 0x00, 0x00, 0xBF, 0x00, 0x00, 0xBF, 0x00, 0x00, 0xBF, 0x00, 0x00, 0xBF, 0x00, 0x00, 0xBF,
    0x00, 0x00, 0xBF, 0x00, 0x00, 0xBF, 0x00, 0x00, 0xBF, 0x00, 0x00, 0xBF, 0x00, 0x00, 0xBF, 0x00,
    0x00, 0xBF, 0x00, 0x00, 0xBF, 0x00, 0x00, 0xBF, 0x00, 0x00, 0xBF, 0x00, 0x00, 0xBF, 0x00, 0x00,
    0xBF, 0x00, 0x00, 0xBF, 0x00, 0x00, 0xBF, 0x00, 0x00, 0xBF, 0x00, 0x00, 0xBF, 0x00, 0x00, 0xBF,
    0x00, 0x00, 0xBF, 0x00, 0x00, 0xBF, 0x00, 0x00, 0xBF, 0x00, 0x00, 0xBF, 0x00, 0x00, 0xBF, 0x00,
    0x00, 0xBF, 0x00, 0x00, 0xBF, 0x00, 0x00, 0xBF, 0x00, 0x00, 0xBF, 0x00, 0x00, 0xBF, 0x00, 0x00,
    0xBF, 0x00, 0x00, 0xBF, 0x00, 0x00, 0xBF, 0x00, 0x00, 0xBF, 0x00, 0x00, 0xBF, 0x00, 0x00, 0xBF,
    0x00, 0x00, 0xBF, 0x00, 0x00, 0xBF, 0x00, 0x00, 0xBF, 0x00, 0x00, 0xBF, 0x00, 0x00, 0xBF, 0x00,
    0x00, 0xBF, 0x00, 0x00, 0xBF, 0x00, 0x00, 0xBF, 0x00, 0x00, 0xBF, 0x00, 0x00, 0xBF, 0x00, 0x00,
    0xBF, 0x00, 0x00, 0xBF, 0x00, 0x00, 0xBF, 0x00, 0x00, 0xBF, 0x00, 0x00, 0xBF, 0x00, 0x00, 0xBF,
    0x00, 0x00, 0xBF, 0x00, 0x00, 0xBF, 0x00, 0x00, 0xBF, 0x00, 0x00, 0xBF, 0x00, 0x00, 0xBF, 0x00,
    0x00, 0xBF, 0x00, 0x00, 0xBF, 0x00, 0x00, 0xBF, 0x00, 0x00, 0xBF, 0x00, 0x00, 0xBF, 0x00, 0x00,
    0xBF, 0x00, 0x00, 0xBF, 0x00, 0x00, 0xBF, 0x00, 0x00, 0xBF, 0x00, 0x00, 0xBF, 0x00, 0x00, 0xBF,
    0x00, 0x00, 0xBF, 0x00, 0x00, 0xBF, 0x00, 0x00, 0xBF, 0x00, 0x00, 0xBF, 0x00, 0x00, 0xBF, 0x00,
    0x00, 0xBF, 0x00, 0x00, 0xBF, 0x00, 0x00, 0xBF, 0x00, 0x00, 0xBF, 0x00, 0x00, 0xBF, 0x00, 0x00,
    0xBF, 0x00, 0x00, 0xBF, 0x00, 0x00, 0xBF, 0x04, 0x61, 0xDE, 0x07, 0xE2, 0xFF, 0x07, 0xE2, 0xFF,
    0x07, 0xE2, 0xFF, 0x07, 0xE2, 0xFF, 0x07, 0xE2, 0xFF, 0x07, 0xE2, 0xFF, 0x07, 0xE3, 0x77, 0x00,
    0x00, 0x00, 0x00, 0x00, 0x00, 0x07, 0xE3, 0x0A, 0x07, 0xE2, 0xE5, 0x07, 0xE2, 0xFF, 0x07, 0xE2,
    0xFF, 0x07, 0xE2, 0xFF, 0x07, 0xE2, 0xFF, 0x07, 0xE2, 0xFF, 0x07, 0xE2, 0xFE, 0x04, 0x61, 0xDE,
    0x00, 0x00, 0xBF, 0x00, 0x00, 0xBF, 0x00, 0x00, 0xBF, 0x00, 0x00, 0xBF, 0x00, 0x00, 0xBF, 0x00,
    0x00, 0xBF, 0x00, 0x00, 0xBF, 0x00, 0x00, 0xBF, 0x00, 0x00, 0xBF, 0x00, 0x00, 0xBF, 0x00, 0x00,
    0xBF, 0x00, 0x00, 0xBF, 0x00, 0x00, 0xBF, 0x00, 0x00, 0xBF, 0x00, 0x00, 0xBF, 0x00, 0x00, 0xBF,
    0x00, 0x00, 0xBF, 0x00, 0x00, 0xBF, 0x00, 0x00, 0xBF, 0x00, 0x00, 0xBF, 0x00, 0x00, 0xBF, 0x00,
    0x00, 0xBF, 0x00, 0x00, 0xBF, 0x00, 0x00, 0xBF, 0x00, 0x00, 0xBF, 0x00, 0x00, 0xBF, 0x00, 0x00,
    0xBF, 0x00, 0x00, 0xBF, 0x00, 0x00, 0xBF, 0x00, 0x00, 0xBF, 0x00, 0x00, 0xBF, 0x00, 0x00, 0xBF,
    0x00, 0x00, 0xBF, 0x00, 0x00, 0xBF, 0x00, 0x00, 0xBF, 0x00, 0x00, 0xBF, 0x00, 0x00, 0xBF, 0x00,
    0x00, 0xBF, 0x00, 0x00, 0xBF, 0x00, 0x00, 0xBF, 0x00, 0x00, 0xBF, 0x00, 0x00, 0xBF, 0x00, 0x00,
    0xBF, 0x00, 0x00, 0xBF, 0x00, 0x00, 0xBF, 0x00, 0x00, 0xBF, 0x00, 0x00, 0xBF, 0x00, 0x00, 0xBF,
    0x00, 0x00, 0xBF, 0x00, 0x00, 0xBF, 0x00, 0x00, 0xBF, 0x00, 0x00, 0xBF, 0x00, 0x00, 0xBF, 0x00,
    0x00, 0xBF, 0x00, 0x00, 0xBF, 0x00, 0x00, 0xBF, 0x00, 0x00, 0xBF, 0x00, 0x00, 0xBF, 0x00, 0x00,
    0xBF, 0x00, 0x00, 0xBF, 0x00, 0x00, 0xBF, 0x00, 0x00, 0xBF, 0x00, 0x00, 0xBF, 0x00, 0x00, 0xBF,
    0x00, 0x00, 0xBF, 0x00, 0x00, 0xBF, 0x00, 0x00, 0xBF, 0x00, 0x00, 0xBF, 0x00, 0x00, 0xBF, 0x00,
    0x00, 0xBF, 0x00, 0x00, 0xBF, 0x00, 0x00, 0xBF, 0x00, 0x00, 0xBF, 0x00, 0x00, 0xBF, 0x00, 0x00,
    0xBF, 0x00, 0x00, 0xBF, 0x00, 0x00, 0xBF, 0x00, 0x00, 0xBF, 0x00, 0x00, 0xBF, 0x00, 0x00, 0xBF,
    0x00, 0x00, 0xBF, 0x00, 0x00, 0xBF, 0x00, 0x00, 0xBF, 0x00, 0x00, 0xBF, 0x00, 0x00, 0xBF, 0x00,
    0x00, 0xBF, 0x00, 0x00, 0xBF, 0x00, 0x00, 0xBF, 0x00, 0x00, 0xBF, 0x00, 0x00, 0xBF, 0x00, 0x00,
    0xBF, 0x00, 0x00, 0xBF, 0x00, 0x00, 0xBF, 0x00, 0x00, 0xBF, 0x00, 0x00, 0xBF, 0x00, 0x00, 0xBF,
    0x00, 0x00, 0xBF, 0x00, 0x00, 0xBF, 0x00, 0x00, 0xBF, 0x00, 0x00, 0xBF, 0x00, 0x00, 0xBF, 0x00,
    0x00, 0xBF, 0x00, 0x00, 0xBF, 0x00, 0x00, 0xBF, 0x00, 0x00, 0xBF, 0x00, 0x00, 0xBF, 0x00, 0x00,
    0xBF, 0x00, 0x00, 0xBF, 0x00, 0x00, 0xBF, 0x00, 0x00, 0xBF, 0x00, 0x00, 0xBF, 0x00, 0x00, 0xBF,
    0x00, 0x00, 0xBF, 0x00, 0x00, 0xBF, 0x00, 0x00, 0xBF, 0x00, 0x00, 0xBF, 0x00, 0x00, 0xBF, 0x00,
    0x00, 0xBF, 0x00, 0x00, 0xBF, 0x00, 0x00, 0xBF, 0x00, 0x00, 0xBF, 0x00, 0x00, 0xBF, 0x00, 0x00,
    0xBF, 0x00, 0x00, 0xBF, 0x00, 0x00, 0xBF, 0x00, 0x00, 0xBF, 0x00, 0x00, 0xBF, 0x00, 0x00, 0xBF,
    0x00, 0x00, 0xBF, 0x00, 0x00, 0xBF, 0x00, 0x00, 0xBF, 0x00, 0x00, 0xBF, 0x00, 0x00, 0xBF, 0x00,
    0x00, 0xBF, 0x00, 0x00, 0xBF, 0x00, 0x00, 0xBF, 0x00, 0x00, 0xBF, 0x00, 0x00, 0xBF, 0x00, 0x00,
    0xBF, 0x00, 0x00, 0xBF, 0x00, 0x00, 0xBF, 0x00, 0x00, 0xBF, 0x00, 0x00, 0xBF, 0x00, 0x00, 0xBF,
    0x00, 0x00, 0xBF, 0x00, 0x00, 0xBF, 0x00, 0x00, 0xBF, 0x00, 0x00, 0xBF, 0x00, 0x00, 0xBF, 0x00,
    0x00, 0xBF, 0x00, 0x00, 0xBF, 0x00, 0x00, 0xBF, 0x00, 0x00, 0xBF, 0x00, 0x00, 0xBF, 0x00, 0x00,
    0xBF, 0x00, 0x00, 0xBF, 0x00, 0x00, 0xBF, 0x00, 0x00, 0xBF, 0x00, 0x00, 0xBF, 0x00, 0x00, 0xBF,
    0x00, 0x00, 0xBF, 0x00, 0x00, 0xBF, 0x00, 0x00, 0xBF, 0x00, 0x00, 0xBF, 0x00, 0x00, 0xBF, 0x00,
    0x00, 0xBF, 0x00, 0x00, 0xBF, 0x00, 0x00, 0xBF, 0x00, 0x00, 0xBF, 0x00, 0x00, 0xBF, 0x00, 0x00,
    0xBF, 0x00, 0x00, 0xBF, 0x00, 0x00, 0xBF, 0x00, 0x00, 0xBF, 0x00, 0x00, 0xBF, 0x00, 0x00, 0xBF,
    0x00, 0x00, 0xBF, 0x00, 0x00, 0xBF, 0x00, 0x00, 0xBF, 0x00, 0x00, 0xBF, 0x00, 0x00, 0xBF, 0x00,
    0x00, 0xBF, 0x00, 0x00, 0xBF, 0x00, 0x00, 0xBF, 0x00, 0x00, 0xBF, 0x00, 0x00, 0xBF, 0x00, 0x00,
    0xBF, 0x00, 0x00, 0xBF, 0x00, 0x00, 0xBF, 0x00, 0x00, 0xBF, 0x00, 0x00, 0xBF, 0x00, 0x00, 0xBF,
    0x00, 0x00, 0xBF, 0x00, 0x00, 0xBF, 0x00, 0x00, 0xBF, 0x00, 0x00, 0xBF, 0x00, 0x00, 0xBF, 0x00,
    0x00, 0xBF, 0x00, 0x00, 0xBF, 0x00, 0x00, 0xBF, 0x00, 0x00, 0xBF, 0x00, 0x00, 0xBF, 0x00, 0x00,
    0xBF, 0x00, 0x00, 0xBF, 0x00, 0x00, 0xBF, 0x00, 0x00, 0xBF, 0x00, 0x00, 0xBF, 0x00, 0x00, 0xBF,
    0x00, 0x00, 0xBF, 0x00, 0x00, 0xBF, 0x00, 0x00, 0xBF, 0x00, 0x00, 0xBF, 0x00, 0x00, 0xBF, 0x00,
    0x00, 0xBF, 0x00, 0x00, 0xBF, 0x00, 0x00, 0xBF, 0x00, 0x00, 0xBF, 0x00, 0x00, 0xBF, 0x00, 0x00,
    0xBF, 0x00, 0x00, 0xBF, 0x00, 0x00, 0xBF, 0x00, 0x00, 0xBF, 0x00, 0x00, 0xBF, 0x00, 0x00, 0xBF,
    0x00, 0x00, 0xBF, 0x00, 0x00, 0xBF, 0x00, 0x00, 0xBF, 0x00, 0x00, 0xBF, 0x00, 0x00, 0xBF, 0x00,
    0x00, 0xBF, 0x00, 0x00, 0xBF, 0x00, 0x00, 0xBF, 0x00, 0x00, 0xBF, 0x00, 0x00, 0xBF, 0x00, 0x00,
    0xBF, 0x00, 0x00, 0xBF, 0x00, 0x00, 0xBF, 0x00, 0x00, 0xBF, 0x00, 0x00, 0xBF, 0x00, 0x00, 0xBF,
    0x00, 0x00, 0xBF, 0x00, 0x00, 0xBF, 0x00, 0x00, 0xBF, 0x00, 0x00, 0xBF, 0x00, 0x00, 0xBF, 0x00,
    0x00, 0xBF, 0x00, 0x00, 0xBF, 0x00, 0x00, 0xBF, 0x00, 0x00, 0xBF, 0x00, 0x00, 0xBF, 0x00, 0x00,
    0xBF, 0x00, 0x00, 0xBF, 0x00, 0x00, 0xBF, 0x00, 0x00, 0xBF, 0x00, 0x00, 0xBF, 0x00, 0x00, 0xBF,
    0x00, 0x00, 0xBF, 0x00, 0x00, 0xBF, 0x00, 0x00, 0xBF, 0x00, 0x00, 0xBF, 0x00, 0x00, 0xBF, 0x00,
    0x00, 0xBF, 0x00, 0x00, 0xBF, 0x00, 0x00, 0xBF, 0x00, 0x00, 0xBF, 0x00, 0x00, 0xBF, 0x00, 0x00,
    0xBF, 0x00, 0x00, 0xBF, 0x00, 0x00, 0xBF, 0x00, 0x00, 0xBF, 0x00, 0x00, 0xBF, 0x00, 0x00, 0xBF,
    0x00, 0x00, 0xBF, 0x00, 0x00, 0xBF, 0x00, 0x00, 0xBF, 0x00, 0x00, 0xBF, 0x00, 0x00, 0xBF, 0x00,
    0x00, 0xBF, 0x00, 0x00, 0xBF, 0x00, 0x00, 0xBF, 0x00, 0x00, 0xBF, 0x00, 0x00, 0xBF, 0x00, 0x00,
    0xBF, 0x00, 0x00, 0xBF, 0x00, 0x00, 0xBF, 0x00, 0x00, 0xBF, 0x00, 0x00, 0xBF, 0x00, 0x00, 0xBF,
    0x00, 0x00, 0xBF, 0x00, 0x00, 0xBF, 0x04, 0x61, 0xDE, 0x07, 0xE2, 0xFF, 0x07, 0xE2, 0xFF, 0x07,
    0xE2, 0xFF, 0x07, 0xE2, 0xFF, 0x07, 0xE2, 0xFF, 0x07, 0xE2, 0xFF, 0x07, 0xE2, 0xE3, 0x07, 0xE3,
    0x09, 0x00, 0x00, 0x00, 0x00, 0x00, 0x00, 0x00, 0x00, 0x00, 0x07, 0xE2, 0x64, 0x07, 0xE2, 0xFF,
    0x07, 0xE2, 0xFF, 0x07, 0xE2, 0xFF, 0x07, 0xE2, 0xFF, 0x07, 0xE2, 0xFF, 0x07, 0xE2, 0xFF, 0x07,
    0xE2, 0xFF, 0x05, 0xE2, 0xEB, 0x01, 0x60, 0xC8, 0x00, 0x00, 0xBF, 0x00, 0x00, 0xBF, 0x00, 0x00,
    0xBF, 0x00, 0x00, 0xBF, 0x00, 0x00, 0xBF, 0x00, 0x00, 0xBF, 0x00, 0x00, 0xBF, 0x00, 0x00, 0xBF,
    0x00, 0x00, 0xBF, 0x00, 0x00, 0xBF, 0x00, 0x00, 0xBF, 0x00, 0x00, 0xBF, 0x00, 0x00, 0xBF, 0x00,
    0x00, 0xBF, 0x00, 0x00, 0xBF, 0x00, 0x00, 0xBF, 0x00, 0x00, 0xBF, 0x00, 0x00, 0xBF, 0x00, 0x00,
    0xBF, 0x00, 0x00, 0xBF, 0x00, 0x00, 0xBF, 0x00, 0x00, 0xBF, 0x00, 0x00, 0xBF, 0x00, 0x00, 0xBF,
    0x00, 0x00, 0xBF, 0x00, 0x00, 0xBF, 0x00, 0x00, 0xBF, 0x00, 0x00, 0xBF, 0x00, 0x00, 0xBF, 0x00,
    0x00, 0xBF, 0x00, 0x00, 0xBF, 0x00, 0x00, 0xBF, 0x00, 0x00, 0xBF, 0x00, 0x00, 0xBF, 0x00, 0x00,
    0xBF, 0x00, 0x00, 0xBF, 0x00, 0x00, 0xBF, 0x00, 0x00, 0xBF, 0x00, 0x00, 0xBF, 0x00, 0x00, 0xBF,
    0x00, 0x00, 0xBF, 0x00, 0x00, 0xBF, 0x00, 0x00, 0xBF, 0x00, 0x00, 0xBF, 0x00, 0x00, 0xBF, 0x00,
    0x00, 0xBF, 0x00, 0x00, 0xBF, 0x00, 0x00, 0xBF, 0x00, 0x00, 0xBF, 0x00, 0x00, 0xBF, 0x00, 0x00,
    0xBF, 0x00, 0x00, 0xBF, 0x00, 0x00, 0xBF, 0x00, 0x00, 0xBF, 0x00, 0x00, 0xBF, 0x00, 0x00, 0xBF,
    0x00, 0x00, 0xBF, 0x00, 0x00, 0xBF, 0x00, 0x00, 0xBF, 0x00, 0x00, 0xBF, 0x00, 0x00, 0xBF, 0x00,
    0x00, 0xBF, 0x00, 0x00, 0xBF, 0x00, 0x00, 0xBF, 0x00, 0x00, 0xBF, 0x00, 0x00, 0xBF, 0x00, 0x00,
    0xBF, 0x00, 0x00, 0xBF, 0x00, 0x00, 0xBF, 0x00, 0x00, 0xBF, 0x00, 0x00, 0xBF, 0x00, 0x00, 0xBF,
    0x00, 0x00, 0xBF, 0x00, 0x00, 0xBF, 0x00, 0x00, 0xBF, 0x00, 0x00, 0xBF, 0x00, 0x00, 0xBF, 0x00,
    0x00, 0xBF, 0x00, 0x00, 0xBF, 0x00, 0x00, 0xBF, 0x00, 0x00, 0xBF, 0x00, 0x00, 0xBF, 0x00, 0x00,
    0xBF, 0x00, 0x00, 0xBF, 0x00, 0x00, 0xBF, 0x00, 0x00, 0xBF, 0x00, 0x00, 0xBF, 0x00, 0x00, 0xBF,
    0x00, 0x00, 0xBF, 0x00, 0x00, 0xBF, 0x00, 0x00, 0xBF, 0x00, 0x00, 0xBF, 0x00, 0x00, 0xBF, 0x00,
    0x00, 0xBF, 0x00, 0x00, 0xBF, 0x00, 0x00, 0xBF, 0x00, 0x00, 0xBF, 0x00, 0x00, 0xBF, 0x00, 0x00,
    0xBF, 0x00, 0x00, 0xBF, 0x00, 0x00, 0xBF, 0x00, 0x00, 0xBF, 0x00, 0x00, 0xBF, 0x00, 0x00, 0xBF,
    0x00, 0x00, 0xBF, 0x00, 0x00, 0xBF, 0x00, 0x00, 0xBF, 0x00, 0x00, 0xBF, 0x00, 0x00, 0xBF, 0x00,
    0x00, 0xBF, 0x00, 0x00, 0xBF, 0x00, 0x00, 0xBF, 0x00, 0x00, 0xBF, 0x00, 0x00, 0xBF, 0x00, 0x00,
    0xBF, 0x00, 0x00, 0xBF, 0x00, 0x00, 0xBF, 0x00, 0x00, 0xBF, 0x00, 0x00, 0xBF, 0x00, 0x00, 0xBF,
    0x00, 0x00, 0xBF, 0x00, 0x00, 0xBF, 0x00, 0x00, 0xBF, 0x00, 0x00, 0xBF, 0x00, 0x00, 0xBF, 0x00,
    0x00, 0xBF, 0x00, 0x00, 0xBF, 0x00, 0x00, 0xBF, 0x00, 0x00, 0xBF, 0x00, 0x00, 0xBF, 0x00, 0x00,
    0xBF, 0x00, 0x00, 0xBF, 0x00, 0x00, 0xBF, 0x00, 0x00, 0xBF, 0x00, 0x00, 0xBF, 0x00, 0x00, 0xBF,
    0x00, 0x00, 0xBF, 0x00, 0x00, 0xBF, 0x00, 0x00, 0xBF, 0x00, 0x00, 0xBF, 0x00, 0x00, 0xBF, 0x00,
    0x00, 0xBF, 0x00, 0x00, 0xBF, 0x00, 0x00, 0xBF, 0x00, 0x00, 0xBF, 0x00, 0x00, 0xBF, 0x00, 0x00,
    0xBF, 0x00, 0x00, 0xBF, 0x00, 0x00, 0xBF, 0x00, 0x00, 0xBF, 0x00, 0x00, 0xBF, 0x00, 0x00, 0xBF,
    0x00, 0x00, 0xBF, 0x00, 0x00, 0xBF, 0x00, 0x00, 0xBF, 0x00, 0x00, 0xBF, 0x00, 0x00, 0xBF, 0x00,
    0x00, 0xBF, 0x00, 0x00, 0xBF, 0x00, 0x00, 0xBF, 0x00, 0x00, 0xBF, 0x00, 0x00, 0xBF, 0x00, 0x00,
    0xBF, 0x00, 0x00, 0xBF, 0x00, 0x00, 0xBF, 0x00, 0x00, 0xBF, 0x00, 0x00, 0xBF, 0x00, 0x00, 0xBF,
    0x00, 0x00, 0xBF, 0x00, 0x00, 0xBF, 0x00, 0x00, 0xBF, 0x00, 0x00, 0xBF, 0x00, 0x00, 0xBF, 0x00,
    0x00, 0xBF, 0x00, 0x00, 0xBF, 0x00, 0x00, 0xBF, 0x00, 0x00, 0xBF, 0x00, 0x00, 0xBF, 0x00, 0x00,
    0xBF, 0x00, 0x00, 0xBF, 0x00, 0x00, 0xBF, 0x00, 0x00, 0xBF, 0x00, 0x00, 0xBF, 0x00, 0x00, 0xBF,
    0x00, 0x00, 0xBF, 0x00, 0x00, 0xBF, 0x00, 0x00, 0xBF, 0x00, 0x00, 0xBF, 0x00, 0x00, 0xBF, 0x00,
    0x00, 0xBF, 0x00, 0x00, 0xBF, 0x00, 0x00, 0xBF, 0x00, 0x00, 0xBF, 0x00, 0x00, 0xBF, 0x00, 0x00,
    0xBF, 0x00, 0x00, 0xBF, 0x00, 0x00, 0xBF, 0x00, 0x00, 0xBF, 0x00, 0x00, 0xBF, 0x00, 0x00, 0xBF,
    0x00, 0x00, 0xBF, 0x00, 0x00, 0xBF, 0x00, 0x00, 0xBF, 0x00, 0x00, 0xBF, 0x00, 0x00, 0xBF, 0x00,
    0x00, 0xBF, 0x00, 0x00, 0xBF, 0x00, 0x00, 0xBF, 0x00, 0x00, 0xBF, 0x00, 0x00, 0xBF, 0x00, 0x00,
    0xBF, 0x00, 0x00, 0xBF, 0x00, 0x00, 0xBF, 0x00, 0x00, 0xBF, 0x00, 0x00, 0xBF, 0x00, 0x00, 0xBF,
    0x00, 0x00, 0xBF, 0x00, 0x00, 0xBF, 0x00, 0x00, 0xBF, 0x00, 0x00, 0xBF, 0x00, 0x00, 0xBF, 0x00,
    0x00, 0xBF, 0x00, 0x00, 0xBF, 0x00, 0x00, 0xBF, 0x00, 0x00, 0xBF, 0x00, 0x00, 0xBF, 0x00, 0x00,
    0xBF, 0x00, 0x00, 0xBF, 0x00, 0x00, 0xBF, 0x00, 0x00, 0xBF, 0x00, 0x00, 0xBF, 0x00, 0x00, 0xBF,
    0x00, 0x00, 0xBF, 0x00, 0x00, 0xBF, 0x00, 0x00, 0xBF, 0x00, 0x00, 0xBF, 0x00, 0x00, 0xBF, 0x00,
    0x00, 0xBF, 0x00, 0x00, 0xBF, 0x00, 0x00, 0xBF, 0x00, 0x00, 0xBF, 0x00, 0x00, 0xBF, 0x00, 0x00,
    0xBF, 0x00, 0x00, 0xBF, 0x00, 0x00, 0xBF, 0x00, 0x00, 0xBF, 0x00, 0x00, 0xBF, 0x00, 0x00, 0xBF,
    0x00, 0x00, 0xBF, 0x00, 0x00, 0xBF, 0x00, 0x00, 0xBF, 0x00, 0x00, 0xBF, 0x00, 0x00, 0xBF, 0x00,
    0x00, 0xBF, 0x00, 0x00, 0xBF, 0x00, 0x00, 0xBF, 0x00, 0x00, 0xBF, 0x00, 0x00, 0xBF, 0x00, 0x00,
    0xBF, 0x00, 0x00, 0xBF, 0x00, 0x00, 0xBF, 0x00, 0x00, 0xBF, 0x00, 0x00, 0xBF, 0x00, 0x00, 0xBF,
    0x00, 0x00, 0xBF, 0x00, 0x00, 0xBF, 0x00, 0x00, 0xBF, 0x00, 0x00, 0xBF, 0x00, 0x00, 0xBF, 0x00,
    0x00, 0xBF, 0x00, 0x00, 0xBF, 0x00, 0x00, 0xBF, 0x00, 0x00, 0xBF, 0x00, 0x00, 0xBF, 0x00, 0x00,
    0xBF, 0x00, 0x00, 0xBF, 0x00, 0x00, 0xBF, 0x00, 0x00, 0xBF, 0x00, 0x00, 0xBF, 0x00, 0x00, 0xBF,
    0x00, 0x00, 0xBF, 0x00, 0x00, 0xBF, 0x00, 0x00, 0xBF, 0x00, 0x00, 0xBF, 0x00, 0x00, 0xBF, 0x00,
    0x00, 0xBF, 0x01, 0x60, 0xC8, 0x05, 0xE2, 0xEC, 0x07, 0xE2, 0xFF, 0x07, 0xE2, 0xFF, 0x07, 0xE2,
    0xFF, 0x07, 0xE2, 0xFF, 0x07, 0xE2, 0xFF, 0x07, 0xE2, 0xFF, 0x07, 0xE2, 0xFF, 0x07, 0xE3, 0x60,
    0x00, 0x00, 0x00, 0x00, 0x00, 0x00, 0x00, 0x00, 0x00, 0x00, 0x00, 0x00, 0x07, 0xE0, 0x01, 0x07,
    0xE2, 0xA8, 0x07, 0xE2, 0xFF, 0x07, 0xE2, 0xFF, 0x07, 0xE2, 0xFF, 0x07, 0xE2, 0xFF, 0x07, 0xE2,
    0xFF, 0x07, 0xE2, 0xFF, 0x07, 0xE2, 0xFF, 0x07, 0xC2, 0xFE, 0x05, 0xA2, 0xE9, 0x03, 0x21, 0xD4,
    0x00, 0xE0, 0xC5, 0x00, 0x00, 0xBF, 0x00, 0x00, 0xBF, 0x00, 0x00, 0xBF, 0x00, 0x00, 0xBF, 0x00,
    0x00, 0xBF, 0x00, 0x00, 0xBF, 0x00, 0x00, 0xBF, 0x00, 0x00, 0xBF, 0x00, 0x00, 0xBF, 0x00, 0x00,
    0xBF, 0x00, 0x00, 0xBF, 0x00, 0x00, 0xBF, 0x00, 0x00, 0xBF, 0x00, 0x00, 0xBF, 0x00, 0x00, 0xBF,
    0x00, 0x00, 0xBF, 0x00, 0x00, 0xBF, 0x00, 0x00, 0xBF, 0x00, 0x00, 0xBF, 0x00, 0x00, 0xBF, 0x00,
    0x00, 0xBF, 0x00, 0x00, 0xBF, 0x00, 0x00, 0xBF, 0x00, 0x00, 0xBF, 0x00, 0x00, 0xBF, 0x00, 0x00,
    0xBF, 0x00, 0x00, 0xBF, 0x00, 0x00, 0xBF, 0x00, 0x00, 0xBF, 0x00, 0x00, 0xBF, 0x00, 0x00, 0xBF,
    0x00, 0x00, 0xBF, 0x00, 0x00, 0xBF, 0x00, 0x00, 0xBF, 0x00, 0x00, 0xBF, 0x00, 0x00, 0xBF, 0x00,
    0x00, 0xBF, 0x00, 0x00, 0xBF, 0x00, 0x00, 0xBF, 0x00, 0x00, 0xBF, 0x00, 0x00, 0xBF, 0x00, 0x00,
    0xBF, 0x00, 0x00, 0xBF, 0x00, 0x00, 0xBF, 0x00, 0x00, 0xBF, 0x00, 0x00, 0xBF, 0x00, 0x00, 0xBF,
    0x00, 0x00, 0xBF, 0x00, 0x00, 0xBF, 0x00, 0x00, 0xBF, 0x00, 0x00, 0xBF, 0x00, 0x00, 0xBF, 0x00,
    0x00, 0xBF, 0x00, 0x00, 0xBF, 0x00, 0x00, 0xBF, 0x00, 0x00, 0xBF, 0x00, 0x00, 0xBF, 0x00, 0x00,
    0xBF, 0x00, 0x00, 0xBF, 0x00, 0x00, 0xBF, 0x00, 0x00, 0xBF, 0x00, 0x00, 0xBF, 0x00, 0x00, 0xBF,
    0x00, 0x00, 0xBF, 0x00, 0x00, 0xBF, 0x00, 0x00, 0xBF, 0x00, 0x00, 0xBF, 0x00, 0x00, 0xBF, 0x00,
    0x00, 0xBF, 0x00, 0x00, 0xBF, 0x00, 0x00, 0xBF, 0x00, 0x00, 0xBF, 0x00, 0x00, 0xBF, 0x00, 0x00,
    0xBF, 0x00, 0x00, 0xBF, 0x00, 0x00, 0xBF, 0x00, 0x00, 0xBF, 0x00, 0x00, 0xBF, 0x00, 0x00, 0xBF,
    0x00, 0x00, 0xBF, 0x00, 0x00, 0xBF, 0x00, 0x00, 0xBF, 0x00, 0x00, 0xBF, 0x00, 0x00, 0xBF, 0x00,
    0x00, 0xBF, 0x00, 0x00, 0xBF, 0x00, 0x00, 0xBF, 0x00, 0x00, 0xBF, 0x00, 0x00, 0xBF, 0x00, 0x00,
    0xBF, 0x00, 0x00, 0xBF, 0x00, 0x00, 0xBF, 0x00, 0x00, 0xBF, 0x00, 0x00, 0xBF, 0x00, 0x00, 0xBF,
    0x00, 0x00, 0xBF, 0x00, 0x00, 0xBF, 0x00, 0x00, 0xBF, 0x00, 0x00, 0xBF, 0x00, 0x00, 0xBF, 0x00,
    0x00, 0xBF, 0x00, 0x00, 0xBF, 0x00, 0x00, 0xBF, 0x00, 0x00, 0xBF, 0x00, 0x00, 0xBF, 0x00, 0x00,
    0xBF, 0x00, 0x00, 0xBF, 0x00, 0x00, 0xBF, 0x00, 0x00, 0xBF, 0x00, 0x00, 0xBF, 0x00, 0x00, 0xBF,
    0x00, 0x00, 0xBF, 0x00, 0x00, 0xBF, 0x00, 0x00, 0xBF, 0x00, 0x00, 0xBF, 0x00, 0x00, 0xBF, 0x00,
    0x00, 0xBF, 0x00, 0x00, 0xBF, 0x00, 0x00, 0xBF, 0x00, 0x00, 0xBF, 0x00, 0x00, 0xBF, 0x00, 0x00,
    0xBF, 0x00, 0x00, 0xBF, 0x00, 0x00, 0xBF, 0x00, 0x00, 0xBF, 0x00, 0x00, 0xBF, 0x00, 0x00, 0xBF,
    0x00, 0x00, 0xBF, 0x00, 0x00, 0xBF, 0x00, 0x00, 0xBF, 0x00, 0x00, 0xBF, 0x00, 0x00, 0xBF, 0x00,
    0x00, 0xBF, 0x00, 0x00, 0xBF, 0x00, 0x00, 0xBF, 0x00, 0x00, 0xBF, 0x00, 0x00, 0xBF, 0x00, 0x00,
    0xBF, 0x00, 0x00, 0xBF, 0x00, 0x00, 0xBF, 0x00, 0x00, 0xBF, 0x00, 0x00, 0xBF, 0x00, 0x00, 0xBF,
    0x00, 0x00, 0xBF, 0x00, 0x00, 0xBF, 0x00, 0x00, 0xBF, 0x00, 0x00, 0xBF, 0x00, 0x00, 0xBF, 0x00,
    0x00, 0xBF, 0x00, 0x00, 0xBF, 0x00, 0x00, 0xBF, 0x00, 0x00, 0xBF, 0x00, 0x00, 0xBF, 0x00, 0x00,
    0xBF, 0x00, 0x00, 0xBF, 0x00, 0x00, 0xBF, 0x00, 0x00, 0xBF, 0x00, 0x00, 0xBF, 0x00, 0x00, 0xBF,
    0x00, 0x00, 0xBF, 0x00, 0x00, 0xBF, 0x00, 0x00, 0xBF, 0x00, 0x00, 0xBF, 0x00, 0x00, 0xBF, 0x00,
    0x00, 0xBF, 0x00, 0x00, 0xBF, 0x00, 0x00, 0xBF, 0x00, 0x00, 0xBF, 0x00, 0x00, 0xBF, 0x00, 0x00,
    0xBF, 0x00, 0x00, 0xBF, 0x00, 0x00, 0xBF, 0x00, 0x00, 0xBF, 0x00, 0x00, 0xBF, 0x00, 0x00, 0xBF,
    0x00, 0x00, 0xBF, 0x00, 0x00, 0xBF, 0x00, 0x00, 0xBF, 0x00, 0x00, 0xBF, 0x00, 0x00, 0xBF, 0x00,
    0x00, 0xBF, 0x00, 0x00, 0xBF, 0x00, 0x00, 0xBF, 0x00, 0x00, 0xBF, 0x00, 0x00, 0xBF, 0x00, 0x00,
    0xBF, 0x00, 0x00, 0xBF, 0x00, 0x00, 0xBF, 0x00, 0x00, 0xBF, 0x00, 0x00, 0xBF, 0x00, 0x00, 0xBF,
    0x00, 0x00, 0xBF, 0x00, 0x00, 0xBF, 0x00, 0x00, 0xBF, 0x00, 0x00, 0xBF, 0x00, 0x00, 0xBF, 0x00,
    0x00, 0xBF, 0x00, 0x00, 0xBF, 0x00, 0x00, 0xBF, 0x00, 0x00, 0xBF, 0x00, 0x00, 0xBF, 0x00, 0x00,
    0xBF, 0x00, 0x00, 0xBF, 0x00, 0x00, 0xBF, 0x00, 0x00, 0xBF, 0x00, 0x00, 0xBF, 0x00, 0x00, 0xBF,
    0x00, 0x00, 0xBF, 0x00, 0x00, 0xBF, 0x00, 0x00, 0xBF, 0x00, 0x00, 0xBF, 0x00, 0x00, 0xBF, 0x00,
    0x00, 0xBF, 0x00, 0x00, 0xBF, 0x00, 0x00, 0xBF, 0x00, 0x00, 0xBF, 0x00, 0x00, 0xBF, 0x00, 0x00,
    0xBF, 0x00, 0x00, 0xBF, 0x00, 0x00, 0xBF, 0x00, 0x00, 0xBF, 0x00, 0x00, 0xBF, 0x00, 0x00, 0xBF,
    0x00, 0x00, 0xBF, 0x00, 0x00, 0xBF, 0x00, 0x00, 0xBF, 0x00, 0x00, 0xBF, 0x00, 0x00, 0xBF, 0x00,
    0x00, 0xBF, 0x00, 0x00, 0xBF, 0x00, 0x00, 0xBF, 0x00, 0x00, 0xBF, 0x00, 0x00, 0xBF, 0x00, 0x00,
    0xBF, 0x00, 0x00, 0xBF, 0x00, 0x00, 0xBF, 0x00, 0x00, 0xBF, 0x00, 0x00, 0xBF, 0x00, 0x00, 0xBF,
    0x00, 0x00, 0xBF, 0x00, 0x00, 0xBF, 0x00, 0x00, 0xBF, 0x00, 0x00, 0xBF, 0x00, 0x00, 0xBF, 0x00,
    0x00, 0xBF, 0x00, 0x00, 0xBF, 0x00, 0x00, 0xBF, 0x00, 0x00, 0xBF, 0x00, 0x00, 0xBF, 0x00, 0x00,
    0xBF, 0x00, 0x00, 0xBF, 0x00, 0x00, 0xBF, 0x00, 0x00, 0xBF, 0x00, 0x00, 0xBF, 0x00, 0x00, 0xBF,
    0x00, 0x00, 0xBF, 0x00, 0x00, 0xBF, 0x00, 0x00, 0xBF, 0x00, 0x00, 0xBF, 0x00, 0x00, 0xBF, 0x00,
    0x00, 0xBF, 0x00, 0x00, 0xBF, 0x00, 0x00, 0xBF, 0x00, 0x00, 0xBF, 0x00, 0x00, 0xBF, 0x00, 0x00,
    0xBF, 0x00, 0x00, 0xBF, 0x00, 0x00, 0xBF, 0x00, 0x00, 0xBF, 0x00, 0x00, 0xBF, 0x00, 0x00, 0xBF,
    0x00, 0x00, 0xBF, 0x00, 0x00, 0xBF, 0x00, 0x00, 0xBF, 0x00, 0x00, 0xBF, 0x00, 0x00, 0xBF, 0x00,
    0x00, 0xBF, 0x00, 0x00, 0xBF, 0x00, 0x00, 0xBF, 0x00, 0x00, 0xBF, 0x00, 0xE0, 0xC5, 0x03, 0x21,
    0xD4, 0x05, 0xA2, 0xE9, 0x07, 0xC2, 0xFE, 0x07, 0xE2, 0xFF, 0x07, 0xE2, 0xFF, 0x07, 0xE2, 0xFF,
    0x07, 0xE2, 0xFF, 0x07, 0xE2, 0xFF, 0x07, 0xE2, 0xFF, 0x07, 0xE2, 0xFF, 0x07, 0xE2, 0xA5, 0x07,
    0xE0, 0x01, 0x00, 0x00, 0x00, 0x00, 0x00, 0x00, 0x00, 0x00, 0x00, 0x00, 0x00, 0x00, 0x00, 0x00,
    0x00, 0x07, 0xE3, 0x0A, 0x07, 0xE2, 0xCD, 0x07, 0xE2, 0xFF, 0x07, 0xE2, 0xFF, 0x07, 0xE2, 0xFF,
    0x07, 0xE2, 0xFF, 0x07, 0xE2, 0xFF, 0x07, 0xE2, 0xFF, 0x07, 0xE2, 0xFF, 0x07, 0xE2, 0xFF, 0x07,
    0xE2, 0xFF, 0x07, 0xE2, 0xFF, 0x07, 0xC2, 0xFE, 0x07, 0x82, 0xFB, 0x07, 0x82, 0xFB, 0x07, 0x82,
    0xFB, 0x07, 0x82, 0xFB, 0x07, 0x82, 0xFB, 0x07, 0x82, 0xFB, 0x07, 0x82, 0xFB, 0x07, 0x82, 0xFB,
    0x07, 0x82, 0xFB, 0x07, 0x82, 0xFB, 0x07, 0x82, 0xFB, 0x07, 0x82, 0xFB, 0x07, 0x82, 0xFB, 0x07,
    0x82, 0xFB, 0x07, 0x82, 0xFB, 0x07, 0x82, 0xFB, 0x07, 0x82, 0xFB, 0x07, 0x82, 0xFB, 0x07, 0x82,
    0xFB, 0x07, 0x82, 0xFB, 0x07, 0x82, 0xFB, 0x07, 0x82, 0xFB, 0x07, 0x82, 0xFB, 0x07, 0x82, 0xFB,
    0x07, 0x82, 0xFB, 0x07, 0x82, 0xFB, 0x07, 0x82, 0xFB, 0x07, 0x82, 0xFB, 0x07, 0x82, 0xFB, 0x07,
    0x82, 0xFB, 0x07, 0x82, 0xFB, 0x07, 0x82, 0xFB, 0x07, 0x82, 0xFB, 0x07, 0x82, 0xFB, 0x07, 0x82,
    0xFB, 0x07, 0x82, 0xFB, 0x07, 0x82, 0xFB, 0x07, 0x82, 0xFB, 0x07, 0x82, 0xFB, 0x07, 0x82, 0xFB,
    0x07, 0x82, 0xFB, 0x07, 0x82, 0xFB, 0x07, 0x82, 0xFB, 0x07, 0x82, 0xFB, 0x07, 0x82, 0xFB, 0x07,
    0x82, 0xFB, 0x07, 0x82, 0xFB, 0x07, 0x82, 0xFB, 0x07, 0x82, 0xFB, 0x07, 0x82, 0xFB, 0x07, 0x82,
    0xFB, 0x07, 0x82, 0xFB, 0x07, 0x82, 0xFB, 0x07, 0x82, 0xFB, 0x07, 0x82, 0xFB, 0x07, 0x82, 0xFB,
    0x07, 0x82, 0xFB, 0x07, 0x82, 0xFB, 0x07, 0x82, 0xFB, 0x07, 0x82, 0xFB, 0x07, 0x82, 0xFB, 0x07,
    0x82, 0xFB, 0x07, 0x82, 0xFB, 0x07, 0x82, 0xFB, 0x07, 0x82, 0xFB, 0x07, 0x82, 0xFB, 0x07, 0x82,
    0xFB, 0x07, 0x82, 0xFB, 0x07, 0x82, 0xFB, 0x07, 0x82, 0xFB, 0x07, 0x82, 0xFB, 0x07, 0x82, 0xFB,
    0x07, 0x82, 0xFB, 0x07, 0x82, 0xFB, 0x07, 0x82, 0xFB, 0x07, 0x82, 0xFB, 0x07, 0x82, 0xFB, 0x07,
    0x82, 0xFB, 0x07, 0x82, 0xFB, 0x07, 0x82, 0xFB, 0x07, 0x82, 0xFB, 0x07, 0x82, 0xFB, 0x07, 0x82,
    0xFB, 0x07, 0x82, 0xFB, 0x07, 0x82, 0xFB, 0x07, 0x82, 0xFB, 0x07, 0x82, 0xFB, 0x07, 0x82, 0xFB,
    0x07, 0x82, 0xFB, 0x07, 0x82, 0xFB, 0x07, 0x82, 0xFB, 0x07, 0x82, 0xFB, 0x07, 0x82, 0xFB, 0x07,
    0x82, 0xFB, 0x07, 0x82, 0xFB, 0x07, 0x82, 0xFB, 0x07, 0x82, 0xFB, 0x07, 0x82, 0xFB, 0x07, 0x82,
    0xFB, 0x07, 0x82, 0xFB, 0x07, 0x82, 0xFB, 0x07, 0x82, 0xFB, 0x07, 0x82, 0xFB, 0x07, 0x82, 0xFB,
    0x07, 0x82, 0xFB, 0x07, 0x82, 0xFB, 0x07, 0x82, 0xFB, 0x07, 0x82, 0xFB, 0x07, 0x82, 0xFB, 0x07,
    0x82, 0xFB, 0x07, 0x82, 0xFB, 0x07, 0x82, 0xFB, 0x07, 0x82, 0xFB, 0x07, 0x82, 0xFB, 0x07, 0x82,
    0xFB, 0x07, 0x82, 0xFB, 0x07, 0x82, 0xFB, 0x07, 0x82, 0xFB, 0x07, 0x82, 0xFB, 0x07, 0x82, 0xFB,
    0x07, 0x82, 0xFB, 0x07, 0x82, 0xFB, 0x07, 0x82, 0xFB, 0x07, 0x82, 0xFB, 0x07, 0x82, 0xFB, 0x07,
    0x82, 0xFB, 0x07, 0x82, 0xFB, 0x07, 0x82, 0xFB, 0x07, 0x82, 0xFB, 0x07, 0x82, 0xFB, 0x07, 0x82,
    0xFB, 0x07, 0x82, 0xFB, 0x07, 0x82, 0xFB, 0x07, 0x82, 0xFB, 0x07, 0x82, 0xFB, 0x07, 0x82, 0xFB,
    0x07, 0x82, 0xFB, 0x07, 0x82, 0xFB, 0x07, 0x82, 0xFB, 0x07, 0x82, 0xFB, 0x07, 0x82, 0xFB, 0x07,
    0x82, 0xFB, 0x07, 0x82, 0xFB, 0x07, 0x82, 0xFB, 0x07, 0x82, 0xFB, 0x07, 0x82, 0xFB, 0x07, 0x82,
    0xFB, 0x07, 0x82, 0xFB, 0x07, 0x82, 0xFB, 0x07, 0x82, 0xFB, 0x07, 0x82, 0xFB, 0x07, 0x82, 0xFB,
    0x07, 0x82, 0xFB, 0x07, 0x82, 0xFB, 0x07, 0x82, 0xFB, 0x07, 0x82, 0xFB, 0x07, 0x82, 0xFB, 0x07,
    0x82, 0xFB, 0x07, 0x82, 0xFB, 0x07, 0x82, 0xFB, 0x07, 0x82, 0xFB, 0x07, 0x82, 0xFB, 0x07, 0x82,
    0xFB, 0x07, 0x82, 0xFB, 0x07, 0x82, 0xFB, 0x07, 0x82, 0xFB, 0x07, 0x82, 0xFB, 0x07, 0x82, 0xFB,
    0x07, 0x82, 0xFB, 0x07, 0x82, 0xFB, 0x07, 0x82, 0xFB, 0x07, 0x82, 0xFB, 0x07, 0x82, 0xFB, 0x07,
    0x82, 0xFB, 0x07, 0x82, 0xFB, 0x07, 0x82, 0xFB, 0x07, 0x82, 0xFB, 0x07, 0x82, 0xFB, 0x07, 0x82,
    0xFB, 0x07, 0x82, 0xFB, 0x07, 0x82, 0xFB, 0x07, 0x82, 0xFB, 0x07, 0x82, 0xFB, 0x07, 0x82, 0xFB,
    0x07, 0x82, 0xFB, 0x07, 0x82, 0xFB, 0x07, 0x82, 0xFB, 0x07, 0x82, 0xFB, 0x07, 0x82, 0xFB, 0x07,
    0x82, 0xFB, 0x07, 0x82, 0xFB, 0x07, 0x82, 0xFB, 0x07, 0x82, 0xFB, 0x07, 0x82, 0xFB, 0x07, 0x82,
    0xFB, 0x07, 0x82, 0xFB, 0x07, 0x82, 0xFB, 0x07, 0x82, 0xFB, 0x07, 0x82, 0xFB, 0x07, 0x82, 0xFB,
    0x07, 0x82, 0xFB, 0x07, 0x82, 0xFB, 0x07, 0x82, 0xFB, 0x07, 0x82, 0xFB, 0x07, 0x82, 0xFB, 0x07,
    0x82, 0xFB, 0x07, 0x82, 0xFB, 0x07, 0x82, 0xFB, 0x07, 0x82, 0xFB, 0x07, 0x82, 0xFB, 0x07, 0x82,
    0xFB, 0x07, 0x82, 0xFB, 0x07, 0x82, 0xFB, 0x07, 0x82, 0xFB, 0x07, 0x82, 0xFB, 0x07, 0x82, 0xFB,
    0x07, 0x82, 0xFB, 0x07, 0x82, 0xFB, 0x07, 0x82, 0xFB, 0x07, 0x82, 0xFB, 0x07, 0x82, 0xFB, 0x07,
    0x82, 0xFB, 0x07, 0x82, 0xFB, 0x07, 0x82, 0xFB, 0x07, 0x82, 0xFB, 0x07, 0x82, 0xFB, 0x07, 0x82,
    0xFB, 0x07, 0x82, 0xFB, 0x07, 0x82, 0xFB, 0x07, 0x82, 0xFB, 0x07, 0x82, 0xFB, 0x07, 0x82, 0xFB,
    0x07, 0x82, 0xFB, 0x07, 0x82, 0xFB, 0x07, 0x82, 0xFB, 0x07, 0x82, 0xFB, 0x07, 0x82, 0xFB, 0x07,
    0x82, 0xFB, 0x07, 0x82, 0xFB, 0x07, 0x82, 0xFB, 0x07, 0x82, 0xFB, 0x07, 0x82, 0xFB, 0x07, 0x82,
    0xFB, 0x07, 0x82, 0xFB, 0x07, 0x82, 0xFB, 0x07, 0x82, 0xFB, 0x07, 0x82, 0xFB, 0x07, 0x82, 0xFB,
    0x07, 0x82, 0xFB, 0x07, 0x82, 0xFB, 0x07, 0x82, 0xFB, 0x07, 0x82, 0xFB, 0x07, 0x82, 0xFB, 0x07,
    0x82, 0xFB, 0x07, 0x82, 0xFB, 0x07, 0x82, 0xFB, 0x07, 0x82, 0xFB, 0x07, 0x82, 0xFB, 0x07, 0x82,
    0xFB, 0x07, 0x82, 0xFB, 0x07, 0x82, 0xFB, 0x07, 0x82, 0xFB, 0x07, 0x82, 0xFB, 0x07, 0x82, 0xFB,
    0x07, 0x82, 0xFB, 0x07, 0x82, 0xFB, 0x07, 0x82, 0xFB, 0x07, 0x82, 0xFB, 0x07, 0x82, 0xFB, 0x07,
    0x82, 0xFB, 0x07, 0x82, 0xFB, 0x07, 0x82, 0xFB, 0x07, 0x82, 0xFB, 0x07, 0x82, 0xFB, 0x07, 0x82,
    0xFB, 0x07, 0x82, 0xFB, 0x07, 0x82, 0xFB, 0x07, 0x82, 0xFB, 0x07, 0xC2, 0xFE, 0x07, 0xE2, 0xFF,
    0x07, 0xE2, 0xFF, 0x07, 0xE2, 0xFF, 0x07, 0xE2, 0xFF, 0x07, 0xE2, 0xFF, 0x07, 0xE2, 0xFF, 0x07,
    0xE2, 0xFF, 0x07, 0xE2, 0xFF, 0x07, 0xE2, 0xFF, 0x07, 0xE2, 0xFF, 0x07, 0xE2, 0xCB, 0x07, 0xE3,
    0x09, 0x00, 0x00, 0x00, 0x00, 0x00, 0x00, 0x00, 0x00, 0x00, 0x00, 0x00, 0x00, 0x00, 0x00, 0x00,
    0x00, 0x00, 0x00, 0x00, 0x00, 0x00, 0x07, 0xE2, 0x19, 0x07, 0xE2, 0xCC, 0x07, 0xE2, 0xFF, 0x07,
    0xE2, 0xFF, 0x07, 0xE2, 0xFF, 0x07, 0xE2, 0xFF, 0x07, 0xE2, 0xFF, 0x07, 0xE2, 0xFF, 0x07, 0xE2,
    0xFF, 0x07, 0xE2, 0xFF, 0x07, 0xE2, 0xFF, 0x07, 0xE2, 0xFF, 0x07, 0xE2, 0xFF, 0x07, 0xE2, 0xFF,
    0x07, 0xE2, 0xFF, 0x07, 0xE2, 0xFF, 0x07, 0xE2, 0xFF, 0x07, 0xE2, 0xFF, 0x07, 0xE2, 0xFF, 0x07,
    0xE2, 0xFF, 0x07, 0xE2, 0xFF, 0x07, 0xE2, 0xFF, 0x07, 0xE2, 0xFF, 0x07, 0xE2, 0xFF, 0x07, 0xE2,
    0xFF, 0x07, 0xE2, 0xFF, 0x07, 0xE2, 0xFF, 0x07, 0xE2, 0xFF, 0x07, 0xE2, 0xFF, 0x07, 0xE2, 0xFF,
    0x07, 0xE2, 0xFF, 0x07, 0xE2, 0xFF, 0x07, 0xE2, 0xFF, 0x07, 0xE2, 0xFF, 0x07, 0xE2, 0xFF, 0x07,
    0xE2, 0xFF, 0x07, 0xE2, 0xFF, 0x07, 0xE2, 0xFF, 0x07, 0xE2, 0xFF, 0x07, 0xE2, 0xFF, 0x07, 0xE2,
    0xFF, 0x07, 0xE2, 0xFF, 0x07, 0xE2, 0xFF, 0x07, 0xE2, 0xFF, 0x07, 0xE2, 0xFF, 0x07, 0xE2, 0xFF,
    0x07, 0xE2, 0xFF, 0x07, 0xE2, 0xFF, 0x07, 0xE2, 0xFF, 0x07, 0xE2, 0xFF, 0x07, 0xE2, 0xFF, 0x07,
    0xE2, 0xFF, 0x07, 0xE2, 0xFF, 0x07, 0xE2, 0xFF, 0x07, 0xE2, 0xFF, 0x07, 0xE2, 0xFF, 0x07, 0xE2,
    0xFF, 0x07, 0xE2, 0xFF, 0x07, 0xE2, 0xFF, 0x07, 0xE2, 0xFF, 0x07, 0xE2, 0xFF, 0x07, 0xE2, 0xFF,
    0x07, 0xE2, 0xFF, 0x07, 0xE2, 0xFF, 0x07, 0xE2, 0xFF, 0x07, 0xE2, 0xFF, 0x07, 0xE2, 0xFF, 0x07,
    0xE2, 0xFF, 0x07, 0xE2, 0xFF, 0x07, 0xE2, 0xFF, 0x07, 0xE2, 0xFF, 0x07, 0xE2, 0xFF, 0x07, 0xE2,
    0xFF, 0x07, 0xE2, 0xFF, 0x07, 0xE2, 0xFF, 0x07, 0xE2, 0xFF, 0x07, 0xE2, 0xFF, 0x07, 0xE2, 0xFF,
    0x07, 0xE2, 0xFF, 0x07, 0xE2, 0xFF, 0x07, 0xE2, 0xFF, 0x07, 0xE2, 0xFF, 0x07, 0xE2, 0xFF, 0x07,
    0xE2, 0xFF, 0x07, 0xE2, 0xFF, 0x07, 0xE2, 0xFF, 0x07, 0xE2, 0xFF, 0x07, 0xE2, 0xFF, 0x07, 0xE2,
    0xFF, 0x07, 0xE2, 0xFF, 0x07, 0xE2, 0xFF, 0x07, 0xE2, 0xFF, 0x07, 0xE2, 0xFF, 0x07, 0xE2, 0xFF,
    0x07, 0xE2, 0xFF, 0x07, 0xE2, 0xFF, 0x07, 0xE2, 0xFF, 0x07, 0xE2, 0xFF, 0x07, 0xE2, 0xFF, 0x07,
    0xE2, 0xFF, 0x07, 0xE2, 0xFF, 0x07, 0xE2, 0xFF, 0x07, 0xE2, 0xFF, 0x07, 0xE2, 0xFF, 0x07, 0xE2,
    0xFF, 0x07, 0xE2, 0xFF, 0x07, 0xE2, 0xFF, 0x07, 0xE2, 0xFF, 0x07, 0xE2, 0xFF, 0x07, 0xE2, 0xFF,
    0x07, 0xE2, 0xFF, 0x07, 0xE2, 0xFF, 0x07, 0xE2, 0xFF, 0x07, 0xE2, 0xFF, 0x07, 0xE2, 0xFF, 0x07,
    0xE2, 0xFF, 0x07, 0xE2, 0xFF, 0x07, 0xE2, 0xFF, 0x07, 0xE2, 0xFF, 0x07, 0xE2, 0xFF, 0x07, 0xE2,
    0xFF, 0x07, 0xE2, 0xFF, 0x07, 0xE2, 0xFF, 0x07, 0xE2, 0xFF, 0x07, 0xE2, 0xFF, 0x07, 0xE2, 0xFF,
    0x07, 0xE2, 0xFF, 0x07, 0xE2, 0xFF, 0x07, 0xE2, 0xFF, 0x07, 0xE2, 0xFF, 0x07, 0xE2, 0xFF, 0x07,
    0xE2, 0xFF, 0x07, 0xE2, 0xFF, 0x07, 0xE2, 0xFF, 0x07, 0xE2, 0xFF, 0x07, 0xE2, 0xFF, 0x07, 0xE2,
    0xFF, 0x07, 0xE2, 0xFF, 0x07, 0xE2, 0xFF, 0x07, 0xE2, 0xFF, 0x07, 0xE2, 0xFF, 0x07, 0xE2, 0xFF,
    0x07, 0xE2, 0xFF, 0x07, 0xE2, 0xFF, 0x07, 0xE2, 0xFF, 0x07, 0xE2, 0xFF, 0x07, 0xE2, 0xFF, 0x07,
    0xE2, 0xFF, 0x07, 0xE2, 0xFF, 0x07, 0xE2, 0xFF, 0x07, 0xE2, 0xFF, 0x07, 0xE2, 0xFF, 0x07, 0xE2,
    0xFF, 0x07, 0xE2, 0xFF, 0x07, 0xE2, 0xFF, 0x07, 0xE2, 0xFF, 0x07, 0xE2, 0xFF, 0x07, 0xE2, 0xFF,
    0x07, 0xE2, 0xFF, 0x07, 0xE2, 0xFF, 0x07, 0xE2, 0xFF, 0x07, 0xE2, 0xFF, 0x07, 0xE2, 0xFF, 0x07,
    0xE2, 0xFF, 0x07, 0xE2, 0xFF, 0x07, 0xE2, 0xFF, 0x07, 0xE2, 0xFF, 0x07, 0xE2, 0xFF, 0x07, 0xE2,
    0xFF, 0x07, 0xE2, 0xFF, 0x07, 0xE2, 0xFF, 0x07, 0xE2, 0xFF, 0x07, 0xE2, 0xFF, 0x07, 0xE2, 0xFF,
    0x07, 0xE2, 0xFF, 0x07, 0xE2, 0xFF, 0x07, 0xE2, 0xFF, 0x07, 0xE2, 0xFF, 0x07, 0xE2, 0xFF, 0x07,
    0xE2, 0xFF, 0x07, 0xE2, 0xFF, 0x07, 0xE2, 0xFF, 0x07, 0xE2, 0xFF, 0x07, 0xE2, 0xFF, 0x07, 0xE2,
    0xFF, 0x07, 0xE2, 0xFF, 0x07, 0xE2, 0xFF, 0x07, 0xE2, 0xFF, 0x07, 0xE2, 0xFF, 0x07, 0xE2, 0xFF,
    0x07, 0xE2, 0xFF, 0x07, 0xE2, 0xFF, 0x07, 0xE2, 0xFF, 0x07, 0xE2, 0xFF, 0x07, 0xE2, 0xFF, 0x07,
    0xE2, 0xFF, 0x07, 0xE2, 0xFF, 0x07, 0xE2, 0xFF, 0x07, 0xE2, 0xFF, 0x07, 0xE2, 0xFF, 0x07, 0xE2,
    0xFF, 0x07, 0xE2, 0xFF, 0x07, 0xE2, 0xFF, 0x07, 0xE2, 0xFF, 0x07, 0xE2, 0xFF, 0x07, 0xE2, 0xFF,
    0x07, 0xE2, 0xFF, 0x07, 0xE2, 0xFF, 0x07, 0xE2, 0xFF, 0x07, 0xE2, 0xFF, 0x07, 0xE2, 0xFF, 0x07,
    0xE2, 0xFF, 0x07, 0xE2, 0xFF, 0x07, 0xE2, 0xFF, 0x07, 0xE2, 0xFF, 0x07, 0xE2, 0xFF, 0x07, 0xE2,
    0xFF, 0x07, 0xE2, 0xFF, 0x07, 0xE2, 0xFF, 0x07, 0xE2, 0xFF, 0x07, 0xE2, 0xFF, 0x07, 0xE2, 0xFF,
    0x07, 0xE2, 0xFF, 0x07, 0xE2, 0xFF, 0x07, 0xE2, 0xFF, 0x07, 0xE2, 0xFF, 0x07, 0xE2, 0xFF, 0x07,
    0xE2, 0xFF, 0x07, 0xE2, 0xFF, 0x07, 0xE2, 0xFF, 0x07, 0xE2, 0xFF, 0x07, 0xE2, 0xFF, 0x07, 0xE2,
    0xFF, 0x07, 0xE2, 0xFF, 0x07, 0xE2, 0xFF, 0x07, 0xE2, 0xFF, 0x07, 0xE2, 0xFF, 0x07, 0xE2, 0xFF,
    0x07, 0xE2, 0xFF, 0x07, 0xE2, 0xFF, 0x07, 0xE2, 0xFF, 0x07, 0xE2, 0xFF, 0x07, 0xE2, 0xFF, 0x07,
    0xE2, 0xFF, 0x07, 0xE2, 0xFF, 0x07, 0xE2, 0xFF, 0x07, 0xE2, 0xFF, 0x07, 0xE2, 0xFF, 0x07, 0xE2,
    0xFF, 0x07, 0xE2, 0xFF, 0x07, 0xE2, 0xFF, 0x07, 0xE2, 0xFF, 0x07, 0xE2, 0xFF, 0x07, 0xE2, 0xFF,
    0x07, 0xE2, 0xFF, 0x07, 0xE2, 0xFF, 0x07, 0xE2, 0xFF, 0x07, 0xE2, 0xFF, 0x07, 0xE2, 0xFF, 0x07,
    0xE2, 0xFF, 0x07, 0xE2, 0xFF, 0x07, 0xE2, 0xFF, 0x07, 0xE2, 0xFF, 0x07, 0xE2, 0xFF, 0x07, 0xE2,
    0xFF, 0x07, 0xE2, 0xFF, 0x07, 0xE2, 0xFF, 0x07, 0xE2, 0xFF, 0x07, 0xE2, 0xFF, 0x07, 0xE2, 0xFF,
    0x07, 0xE2, 0xFF, 0x07, 0xE2, 0xFF, 0x07, 0xE2, 0xFF, 0x07, 0xE2, 0xFF, 0x07, 0xE2, 0xFF, 0x07,
    0xE2, 0xFF, 0x07, 0xE2, 0xFF, 0x07, 0xE2, 0xFF, 0x07, 0xE2, 0xFF, 0x07, 0xE2, 0xFF, 0x07, 0xE2,
    0xFF, 0x07, 0xE2, 0xFF, 0x07, 0xE2, 0xFF, 0x07, 0xE2, 0xFF, 0x07, 0xE2, 0xFF, 0x07, 0xE2, 0xFF,
    0x07, 0xE2, 0xFF, 0x07, 0xE2, 0xFF, 0x07, 0xE2, 0xFF, 0x07, 0xE2, 0xFF, 0x07, 0xE2, 0xFF, 0x07,
    0xE2, 0xFF, 0x07, 0xE2, 0xFF, 0x07, 0xE2, 0xFF, 0x07, 0xE2, 0xFF, 0x07, 0xE2, 0xFF, 0x07, 0xE2,
    0xFF, 0x07, 0xE2, 0xFF, 0x07, 0xE2, 0xFF, 0x07, 0xE2, 0xFF, 0x07, 0xE2, 0xCC, 0x07, 0xE2, 0x19,
    0x00, 0x00, 0x00, 0x00, 0x00, 0x00, 0x00, 0x00, 0x00, 0x00, 0x00, 0x00, 0x00, 0x00, 0x00, 0x00,
    0x00, 0x00, 0x00, 0x00, 0x00, 0x00, 0x00, 0x00, 0x00, 0x00, 0x00, 0x07, 0xE4, 0x08, 0x07, 0xE3,
    0xA2, 0x07, 0xE2, 0xFF, 0x07, 0xE2, 0xFF, 0x07, 0xE2, 0xFF, 0x07, 0xE2, 0xFF, 0x07, 0xE2, 0xFF,
    0x07, 0xE2, 0xFF, 0x07, 0xE2, 0xFF, 0x07, 0xE2, 0xFF, 0x07, 0xE2, 0xFF, 0x07, 0xE2, 0xFF, 0x07,
    0xE2, 0xFF, 0x07, 0xE2, 0xFF, 0x07, 0xE2, 0xFF, 0x07, 0xE2, 0xFF, 0x07, 0xE2, 0xFF, 0x07, 0xE2,
    0xFF, 0x07, 0xE2, 0xFF, 0x07, 0xE2, 0xFF, 0x07, 0xE2, 0xFF, 0x07, 0xE2, 0xFF, 0x07, 0xE2, 0xFF,
    0x07, 0xE2, 0xFF, 0x07, 0xE2, 0xFF, 0x07, 0xE2, 0xFF, 0x07, 0xE2, 0xFF, 0x07, 0xE2, 0xFF, 0x07,
    0xE2, 0xFF, 0x07, 0xE2, 0xFF, 0x07, 0xE2, 0xFF, 0x07, 0xE2, 0xFF, 0x07, 0xE2, 0xFF, 0x07, 0xE2,
    0xFF, 0x07, 0xE2, 0xFF, 0x07, 0xE2, 0xFF, 0x07, 0xE2, 0xFF, 0x07, 0xE2, 0xFF, 0x07, 0xE2, 0xFF,
    0x07, 0xE2, 0xFF, 0x07, 0xE2, 0xFF, 0x07, 0xE2, 0xFF, 0x07, 0xE2, 0xFF, 0x07, 0xE2, 0xFF, 0x07,
    0xE2, 0xFF, 0x07, 0xE2, 0xFF, 0x07, 0xE2, 0xFF, 0x07, 0xE2, 0xFF, 0x07, 0xE2, 0xFF, 0x07, 0xE2,
    0xFF, 0x07, 0xE2, 0xFF, 0x07, 0xE2, 0xFF, 0x07, 0xE2, 0xFF, 0x07, 0xE2, 0xFF, 0x07, 0xE2, 0xFF,
    0x07, 0xE2, 0xFF, 0x07, 0xE2, 0xFF, 0x07, 0xE2, 0xFF, 0x07, 0xE2, 0xFF, 0x07, 0xE2, 0xFF, 0x07,
    0xE2, 0xFF, 0x07, 0xE2, 0xFF, 0x07, 0xE2, 0xFF, 0x07, 0xE2, 0xFF, 0x07, 0xE2, 0xFF, 0x07, 0xE2,
    0xFF, 0x07, 0xE2, 0xFF, 0x07, 0xE2, 0xFF, 0x07, 0xE2, 0xFF, 0x07, 0xE2, 0xFF, 0x07, 0xE2, 0xFF,
    0x07, 0xE2, 0xFF, 0x07, 0xE2, 0xFF, 0x07, 0xE2, 0xFF, 0x07, 0xE2, 0xFF, 0x07, 0xE2, 0xFF, 0x07,
    0xE2, 0xFF, 0x07, 0xE2, 0xFF, 0x07, 0xE2, 0xFF, 0x07, 0xE2, 0xFF, 0x07, 0xE2, 0xFF, 0x07, 0xE2,
    0xFF, 0x07, 0xE2, 0xFF, 0x07, 0xE2, 0xFF, 0x07, 0xE2, 0xFF, 0x07, 0xE2, 0xFF, 0x07, 0xE2, 0xFF,
    0x07, 0xE2, 0xFF, 0x07, 0xE2, 0xFF, 0x07, 0xE2, 0xFF, 0x07, 0xE2, 0xFF, 0x07, 0xE2, 0xFF, 0x07,
    0xE2, 0xFF, 0x07, 0xE2, 0xFF, 0x07, 0xE2, 0xFF, 0x07, 0xE2, 0xFF, 0x07, 0xE2, 0xFF, 0x07, 0xE2,
    0xFF, 0x07, 0xE2, 0xFF, 0x07, 0xE2, 0xFF, 0x07, 0xE2, 0xFF, 0x07, 0xE2, 0xFF, 0x07, 0xE2, 0xFF,
    0x07, 0xE2, 0xFF, 0x07, 0xE2, 0xFF, 0x07, 0xE2, 0xFF, 0x07, 0xE2, 0xFF, 0x07, 0xE2, 0xFF, 0x07,
    0xE2, 0xFF, 0x07, 0xE2, 0xFF, 0x07, 0xE2, 0xFF, 0x07, 0xE2, 0xFF, 0x07, 0xE2, 0xFF, 0x07, 0xE2,
    0xFF, 0x07, 0xE2, 0xFF, 0x07, 0xE2, 0xFF, 0x07, 0xE2, 0xFF, 0x07, 0xE2, 0xFF, 0x07, 0xE2, 0xFF,
    0x07, 0xE2, 0xFF, 0x07, 0xE2, 0xFF, 0x07, 0xE2, 0xFF, 0x07, 0xE2, 0xFF, 0x07, 0xE2, 0xFF, 0x07,
    0xE2, 0xFF, 0x07, 0xE2, 0xFF, 0x07, 0xE2, 0xFF, 0x07, 0xE2, 0xFF, 0x07, 0xE2, 0xFF, 0x07, 0xE2,
    0xFF, 0x07, 0xE2, 0xFF, 0x07, 0xE2, 0xFF, 0x07, 0xE2, 0xFF, 0x07, 0xE2, 0xFF, 0x07, 0xE2, 0xFF,
    0x07, 0xE2, 0xFF, 0x07, 0xE2, 0xFF, 0x07, 0xE2, 0xFF, 0x07, 0xE2, 0xFF, 0x07, 0xE2, 0xFF, 0x07,
    0xE2, 0xFF, 0x07, 0xE2, 0xFF, 0x07, 0xE2, 0xFF, 0x07, 0xE2, 0xFF, 0x07, 0xE2, 0xFF, 0x07, 0xE2,
    0xFF, 0x07, 0xE2, 0xFF, 0x07, 0xE2, 0xFF, 0x07, 0xE2, 0xFF, 0x07, 0xE2, 0xFF, 0x07, 0xE2, 0xFF,
    0x07, 0xE2, 0xFF, 0x07, 0xE2, 0xFF, 0x07, 0xE2, 0xFF, 0x07, 0xE2, 0xFF, 0x07, 0xE2, 0xFF, 0x07,
    0xE2, 0xFF, 0x07, 0xE2, 0xFF, 0x07, 0xE2, 0xFF, 0x07, 0xE2, 0xFF, 0x07, 0xE2, 0xFF, 0x07, 0xE2,
    0xFF, 0x07, 0xE2, 0xFF, 0x07, 0xE2, 0xFF, 0x07, 0xE2, 0xFF, 0x07, 0xE2, 0xFF, 0x07, 0xE2, 0xFF,
    0x07, 0xE2, 0xFF, 0x07, 0xE2, 0xFF, 0x07, 0xE2, 0xFF, 0x07, 0xE2, 0xFF, 0x07, 0xE2, 0xFF, 0x07,
    0xE2, 0xFF, 0x07, 0xE2, 0xFF, 0x07, 0xE2, 0xFF, 0x07, 0xE2, 0xFF, 0x07, 0xE2, 0xFF, 0x07, 0xE2,
    0xFF, 0x07, 0xE2, 0xFF, 0x07, 0xE2, 0xFF, 0x07, 0xE2, 0xFF, 0x07, 0xE2, 0xFF, 0x07, 0xE2, 0xFF,
    0x07, 0xE2, 0xFF, 0x07, 0xE2, 0xFF, 0x07, 0xE2, 0xFF, 0x07, 0xE2, 0xFF, 0x07, 0xE2, 0xFF, 0x07,
    0xE2, 0xFF, 0x07, 0xE2, 0xFF, 0x07, 0xE2, 0xFF, 0x07, 0xE2, 0xFF, 0x07, 0xE2, 0xFF, 0x07, 0xE2,
    0xFF, 0x07, 0xE2, 0xFF, 0x07, 0xE2, 0xFF, 0x07, 0xE2, 0xFF, 0x07, 0xE2, 0xFF, 0x07, 0xE2, 0xFF,
    0x07, 0xE2, 0xFF, 0x07, 0xE2, 0xFF, 0x07, 0xE2, 0xFF, 0x07, 0xE2, 0xFF, 0x07, 0xE2, 0xFF, 0x07,
    0xE2, 0xFF, 0x07, 0xE2, 0xFF, 0x07, 0xE2, 0xFF, 0x07, 0xE2, 0xFF, 0x07, 0xE2, 0xFF, 0x07, 0xE2,
    0xFF, 0x07, 0xE2, 0xFF, 0x07, 0xE2, 0xFF, 0x07, 0xE2, 0xFF, 0x07, 0xE2, 0xFF, 0x07, 0xE2, 0xFF,
    0x07, 0xE2, 0xFF, 0x07, 0xE2, 0xFF, 0x07, 0xE2, 0xFF, 0x07, 0xE2, 0xFF, 0x07, 0xE2, 0xFF, 0x07,
    0xE2, 0xFF, 0x07, 0xE2, 0xFF, 0x07, 0xE2, 0xFF, 0x07, 0xE2, 0xFF, 0x07, 0xE2, 0xFF, 0x07, 0xE2,
    0xFF, 0x07, 0xE2, 0xFF, 0x07, 0xE2, 0xFF, 0x07, 0xE2, 0xFF, 0x07, 0xE2, 0xFF, 0x07, 0xE2, 0xFF,
    0x07, 0xE2, 0xFF, 0x07, 0xE2, 0xFF, 0x07, 0xE2, 0xFF, 0x07, 0xE2, 0xFF, 0x07, 0xE2, 0xFF, 0x07,
    0xE2, 0xFF, 0x07, 0xE2, 0xFF, 0x07, 0xE2, 0xFF, 0x07, 0xE2, 0xFF, 0x07, 0xE2, 0xFF, 0x07, 0xE2,
    0xFF, 0x07, 0xE2, 0xFF, 0x07, 0xE2, 0xFF, 0x07, 0xE2, 0xFF, 0x07, 0xE2, 0xFF, 0x07, 0xE2, 0xFF,
    0x07, 0xE2, 0xFF, 0x07, 0xE2, 0xFF, 0x07, 0xE2, 0xFF, 0x07, 0xE2, 0xFF, 0x07, 0xE2, 0xFF, 0x07,
    0xE2, 0xFF, 0x07, 0xE2, 0xFF, 0x07, 0xE2, 0xFF, 0x07, 0xE2, 0xFF, 0x07, 0xE2, 0xFF, 0x07, 0xE2,
    0xFF, 0x07, 0xE2, 0xFF, 0x07, 0xE2, 0xFF, 0x07, 0xE2, 0xFF, 0x07, 0xE2, 0xFF, 0x07, 0xE2, 0xFF,
    0x07, 0xE2, 0xFF, 0x07, 0xE2, 0xFF, 0x07, 0xE2, 0xFF, 0x07, 0xE2, 0xFF, 0x07, 0xE2, 0xFF, 0x07,
    0xE2, 0xFF, 0x07, 0xE2, 0xFF, 0x07, 0xE2, 0xFF, 0x07, 0xE2, 0xFF, 0x07, 0xE2, 0xFF, 0x07, 0xE2,
    0xFF, 0x07, 0xE2, 0xFF, 0x07, 0xE2, 0xFF, 0x07, 0xE2, 0xFF, 0x07, 0xE2, 0xFF, 0x07, 0xE2, 0xFF,
    0x07, 0xE2, 0xFF, 0x07, 0xE2, 0xFF, 0x07, 0xE2, 0xFF, 0x07, 0xE2, 0xFF, 0x07, 0xE2, 0xFF, 0x07,
    0xE2, 0xFF, 0x07, 0xE2, 0xFF, 0x07, 0xE2, 0xFF, 0x07, 0xE2, 0xFF, 0x07, 0xE2, 0xFF, 0x07, 0xE2,
    0xFF, 0x07, 0xE2, 0xFF, 0x07, 0xE2, 0xFF, 0x07, 0xE2, 0xFF, 0x07, 0xE2, 0xFF, 0x07, 0xE2, 0xFF,
    0x07, 0xE2, 0xFF, 0x07, 0xE2, 0xFF, 0x07, 0xE2, 0xFF, 0x07, 0xE2, 0xA9, 0x07, 0xE3, 0x0A, 0x00,
    0x00, 0x00, 0x00, 0x00, 0x00, 0x00, 0x00, 0x00, 0x00, 0x00, 0x00, 0x00, 0x00, 0x00, 0x00, 0x00,
    0x00, 0x00, 0x00, 0x00, 0x00, 0x00, 0x00, 0x00, 0x00, 0x00, 0x00, 0x00, 0x00, 0x00, 0x00, 0x00,
    0x07, 0xE0, 0x01, 0x07, 0xE2, 0x63, 0x07, 0xE2, 0xE4, 0x07, 0xE2, 0xFF, 0x07, 0xE2, 0xFF, 0x07,
    0xE2, 0xFF, 0x07, 0xE2, 0xFF, 0x07, 0xE2, 0xFF, 0x07, 0xE2, 0xFF, 0x07, 0xE2, 0xFF, 0x07, 0xE2,
    0xFF, 0x07, 0xE2, 0xFF, 0x07, 0xE2, 0xFF, 0x07, 0xE2, 0xFF, 0x07, 0xE2, 0xFF, 0x07, 0xE2, 0xFF,
    0x07, 0xE2, 0xFF, 0x07, 0xE2, 0xFF, 0x07, 0xE2, 0xFF, 0x07, 0xE2, 0xFF, 0x07, 0xE2, 0xFF, 0x07,
    0xE2, 0xFF, 0x07, 0xE2, 0xFF, 0x07, 0xE2, 0xFF, 0x07, 0xE2, 0xFF, 0x07, 0xE2, 0xFF, 0x07, 0xE2,
    0xFF, 0x07, 0xE2, 0xFF, 0x07, 0xE2, 0xFF, 0x07, 0xE2, 0xFF, 0x07, 0xE2, 0xFF, 0x07, 0xE2, 0xFF,
    0x07, 0xE2, 0xFF, 0x07, 0xE2, 0xFF, 0x07, 0xE2, 0xFF, 0x07, 0xE2, 0xFF, 0x07, 0xE2, 0xFF, 0x07,
    0xE2, 0xFF, 0x07, 0xE2, 0xFF, 0x07, 0xE2, 0xFF, 0x07, 0xE2, 0xFF, 0x07, 0xE2, 0xFF, 0x07, 0xE2,
    0xFF, 0x07, 0xE2, 0xFF, 0x07, 0xE2, 0xFF, 0x07, 0xE2, 0xFF, 0x07, 0xE2, 0xFF, 0x07, 0xE2, 0xFF,
    0x07, 0xE2, 0xFF, 0x07, 0xE2, 0xFF, 0x07, 0xE2, 0xFF, 0x07, 0xE2, 0xFF, 0x07, 0xE2, 0xFF, 0x07,
    0xE2, 0xFF, 0x07, 0xE2, 0xFF, 0x07, 0xE2, 0xFF, 0x07, 0xE2, 0xFF, 0x07, 0xE2, 0xFF, 0x07, 0xE2,
    0xFF, 0x07, 0xE2, 0xFF, 0x07, 0xE2, 0xFF, 0x07, 0xE2, 0xFF, 0x07, 0xE2, 0xFF, 0x07, 0xE2, 0xFF,
    0x07, 0xE2, 0xFF, 0x07, 0xE2, 0xFF, 0x07, 0xE2, 0xFF, 0x07, 0xE2, 0xFF, 0x07, 0xE2, 0xFF, 0x07,
    0xE2, 0xFF, 0x07, 0xE2, 0xFF, 0x07, 0xE2, 0xFF, 0x07, 0xE2, 0xFF, 0x07, 0xE2, 0xFF, 0x07, 0xE2,
    0xFF, 0x07, 0xE2, 0xFF, 0x07, 0xE2, 0xFF, 0x07, 0xE2, 0xFF, 0x07, 0xE2, 0xFF, 0x07, 0xE2, 0xFF,
    0x07, 0xE2, 0xFF, 0x07, 0xE2, 0xFF, 0x07, 0xE2, 0xFF, 0x07, 0xE2, 0xFF, 0x07, 0xE2, 0xFF, 0x07,
    0xE2, 0xFF, 0x07, 0xE2, 0xFF, 0x07, 0xE2, 0xFF, 0x07, 0xE2, 0xFF, 0x07, 0xE2, 0xFF, 0x07, 0xE2,
    0xFF, 0x07, 0xE2, 0xFF, 0x07, 0xE2, 0xFF, 0x07, 0xE2, 0xFF, 0x07, 0xE2, 0xFF, 0x07, 0xE2, 0xFF,
    0x07, 0xE2, 0xFF, 0x07, 0xE2, 0xFF, 0x07, 0xE2, 0xFF, 0x07, 0xE2, 0xFF, 0x07, 0xE2, 0xFF, 0x07,
    0xE2, 0xFF, 0x07, 0xE2, 0xFF, 0x07, 0xE2, 0xFF, 0x07, 0xE2, 0xFF, 0x07, 0xE2, 0xFF, 0x07, 0xE2,
    0xFF, 0x07, 0xE2, 0xFF, 0x07, 0xE2, 0xFF, 0x07, 0xE2, 0xFF, 0x07, 0xE2, 0xFF, 0x07, 0xE2, 0xFF,
    0x07, 0xE2, 0xFF, 0x07, 0xE2, 0xFF, 0x07, 0xE2, 0xFF, 0x07, 0xE2, 0xFF, 0x07, 0xE2, 0xFF, 0x07,
    0xE2, 0xFF, 0x07, 0xE2, 0xFF, 0x07, 0xE2, 0xFF, 0x07, 0xE2, 0xFF, 0x07, 0xE2, 0xFF, 0x07, 0xE2,
    0xFF, 0x07, 0xE2, 0xFF, 0x07, 0xE2, 0xFF, 0x07, 0xE2, 0xFF, 0x07, 0xE2, 0xFF, 0x07, 0xE2, 0xFF,
    0x07, 0xE2, 0xFF, 0x07, 0xE2, 0xFF, 0x07, 0xE2, 0xFF, 0x07, 0xE2, 0xFF, 0x07, 0xE2, 0xFF, 0x07,
    0xE2, 0xFF, 0x07, 0xE2, 0xFF, 0x07, 0xE2, 0xFF, 0x07, 0xE2, 0xFF, 0x07, 0xE2, 0xFF, 0x07, 0xE2,
    0xFF, 0x07, 0xE2, 0xFF, 0x07, 0xE2, 0xFF, 0x07, 0xE2, 0xFF, 0x07, 0xE2, 0xFF, 0x07, 0xE2, 0xFF,
    0x07, 0xE2, 0xFF, 0x07, 0xE2, 0xFF, 0x07, 0xE2, 0xFF, 0x07, 0xE2, 0xFF, 0x07, 0xE2, 0xFF, 0x07,
    0xE2, 0xFF, 0x07, 0xE2, 0xFF, 0x07, 0xE2, 0xFF, 0x07, 0xE2, 0xFF, 0x07, 0xE2, 0xFF, 0x07, 0xE2,
    0xFF, 0x07, 0xE2, 0xFF, 0x07, 0xE2, 0xFF, 0x07, 0xE2, 0xFF, 0x07, 0xE2, 0xFF, 0x07, 0xE2, 0xFF,
    0x07, 0xE2, 0xFF, 0x07, 0xE2, 0xFF, 0x07, 0xE2, 0xFF, 0x07, 0xE2, 0xFF, 0x07, 0xE2, 0xFF, 0x07,
    0xE2, 0xFF, 0x07, 0xE2, 0xFF, 0x07, 0xE2, 0xFF, 0x07, 0xE2, 0xFF, 0x07, 0xE2, 0xFF, 0x07, 0xE2,
    0xFF, 0x07, 0xE2, 0xFF, 0x07, 0xE2, 0xFF, 0x07, 0xE2, 0xFF, 0x07, 0xE2, 0xFF, 0x07, 0xE2, 0xFF,
    0x07, 0xE2, 0xFF, 0x07, 0xE2, 0xFF, 0x07, 0xE2, 0xFF, 0x07, 0xE2, 0xFF, 0x07, 0xE2, 0xFF, 0x07,
    0xE2, 0xFF, 0x07, 0xE2, 0xFF, 0x07, 0xE2, 0xFF, 0x07, 0xE2, 0xFF, 0x07, 0xE2, 0xFF, 0x07, 0xE2,
    0xFF, 0x07, 0xE2, 0xFF, 0x07, 0xE2, 0xFF, 0x07, 0xE2, 0xFF, 0x07, 0xE2, 0xFF, 0x07, 0xE2, 0xFF,
    0x07, 0xE2, 0xFF, 0x07, 0xE2, 0xFF, 0x07, 0xE2, 0xFF, 0x07, 0xE2, 0xFF, 0x07, 0xE2, 0xFF, 0x07,
    0xE2, 0xFF, 0x07, 0xE2, 0xFF, 0x07, 0xE2, 0xFF, 0x07, 0xE2, 0xFF, 0x07, 0xE2, 0xFF, 0x07, 0xE2,
    0xFF, 0x07, 0xE2, 0xFF, 0x07, 0xE2, 0xFF, 0x07, 0xE2, 0xFF, 0x07, 0xE2, 0xFF, 0x07, 0xE2, 0xFF,
    0x07, 0xE2, 0xFF, 0x07, 0xE2, 0xFF, 0x07, 0xE2, 0xFF, 0x07, 0xE2, 0xFF, 0x07, 0xE2, 0xFF, 0x07,
    0xE2, 0xFF, 0x07, 0xE2, 0xFF, 0x07, 0xE2, 0xFF, 0x07, 0xE2, 0xFF, 0x07, 0xE2, 0xFF, 0x07, 0xE2,
    0xFF, 0x07, 0xE2, 0xFF, 0x07, 0xE2, 0xFF, 0x07, 0xE2, 0xFF, 0x07, 0xE2, 0xFF, 0x07, 0xE2, 0xFF,
    0x07, 0xE2, 0xFF, 0x07, 0xE2, 0xFF, 0x07, 0xE2, 0xFF, 0x07, 0xE2, 0xFF, 0x07, 0xE2, 0xFF, 0x07,
    0xE2, 0xFF, 0x07, 0xE2, 0xFF, 0x07, 0xE2, 0xFF, 0x07, 0xE2, 0xFF, 0x07, 0xE2, 0xFF, 0x07, 0xE2,
    0xFF, 0x07, 0xE2, 0xFF, 0x07, 0xE2, 0xFF, 0x07, 0xE2, 0xFF, 0x07, 0xE2, 0xFF, 0x07, 0xE2, 0xFF,
    0x07, 0xE2, 0xFF, 0x07, 0xE2, 0xFF, 0x07, 0xE2, 0xFF, 0x07, 0xE2, 0xFF, 0x07, 0xE2, 0xFF, 0x07,
    0xE2, 0xFF, 0x07, 0xE2, 0xFF, 0x07, 0xE2, 0xFF, 0x07, 0xE2, 0xFF, 0x07, 0xE2, 0xFF, 0x07, 0xE2,
    0xFF, 0x07, 0xE2, 0xFF, 0x07, 0xE2, 0xFF, 0x07, 0xE2, 0xFF, 0x07, 0xE2, 0xFF, 0x07, 0xE2, 0xFF,
    0x07, 0xE2, 0xFF, 0x07, 0xE2, 0xFF, 0x07, 0xE2, 0xFF, 0x07, 0xE2, 0xFF, 0x07, 0xE2, 0xFF, 0x07,
    0xE2, 0xFF, 0x07, 0xE2, 0xFF, 0x07, 0xE2, 0xFF, 0x07, 0xE2, 0xFF, 0x07, 0xE2, 0xFF, 0x07, 0xE2,
    0xFF, 0x07, 0xE2, 0xFF, 0x07, 0xE2, 0xFF, 0x07, 0xE2, 0xFF, 0x07, 0xE2, 0xFF, 0x07, 0xE2, 0xFF,
    0x07, 0xE2, 0xFF, 0x07, 0xE2, 0xFF, 0x07, 0xE2, 0xFF, 0x07, 0xE2, 0xFF, 0x07, 0xE2, 0xFF, 0x07,
    0xE2, 0xFF, 0x07, 0xE2, 0xFF, 0x07, 0xE2, 0xFF, 0x07, 0xE2, 0xFF, 0x07, 0xE2, 0xFF, 0x07, 0xE2,
    0xFF, 0x07, 0xE2, 0xFF, 0x07, 0xE2, 0xFF, 0x07, 0xE2, 0xFF, 0x07, 0xE2, 0xFF, 0x07, 0xE2, 0xFF,
    0x07, 0xE2, 0xFF, 0x07, 0xE2, 0xFF, 0x07, 0xE2, 0xFF, 0x07, 0xE2, 0xFF, 0x07, 0xE2, 0xFF, 0x07,
    0xE2, 0xFF, 0x07, 0xE2, 0xFF, 0x07, 0xE2, 0xE4, 0x07, 0xE2, 0x62, 0x07, 0xE0, 0x01, 0x00, 0x00,
    0x00, 0x00, 0x00, 0x00, 0x00, 0x00, 0x00, 0x00, 0x00, 0x00, 0x00, 0x00, 0x00, 0x00, 0x00, 0x00,
    0x00, 0x00, 0x00, 0x00, 0x00, 0x00, 0x00, 0x00, 0x00, 0x00, 0x00, 0x00, 0x00, 0x00, 0x00, 0x00,
    0x00, 0x00, 0x00, 0x00, 0x00, 0x00, 0x00, 0x00, 0x07, 0xE3, 0x0A, 0x07, 0xE2, 0x79, 0x07, 0xE2,
    0xE2, 0x07, 0xE2, 0xFF, 0x07, 0xE2, 0xFF, 0x07, 0xE2, 0xFF, 0x07, 0xE2, 0xFF, 0x07, 0xE2, 0xFF,
    0x07, 0xE2, 0xFF, 0x07, 0xE2, 0xFF, 0x07, 0xE2, 0xFF, 0x07, 0xE2, 0xFF, 0x07, 0xE2, 0xFF, 0x07,
    0xE2, 0xFF, 0x07, 0xE2, 0xFF, 0x07, 0xE2, 0xFF, 0x07, 0xE2, 0xFF, 0x07, 0xE2, 0xFF, 0x07, 0xE2,
    0xFF, 0x07, 0xE2, 0xFF, 0x07, 0xE2, 0xFF, 0x07, 0xE2, 0xFF, 0x07, 0xE2, 0xFF, 0x07, 0xE2, 0xFF,
    0x07, 0xE2, 0xFF, 0x07, 0xE2, 0xFF, 0x07, 0xE2, 0xFF, 0x07, 0xE2, 0xFF, 0x07, 0xE2, 0xFF, 0x07,
    0xE2, 0xFF, 0x07, 0xE2, 0xFF, 0x07, 0xE2, 0xFF, 0x07, 0xE2, 0xFF, 0x07, 0xE2, 0xFF, 0x07, 0xE2,
    0xFF, 0x07, 0xE2, 0xFF, 0x07, 0xE2, 0xFF, 0x07, 0xE2, 0xFF, 0x07, 0xE2, 0xFF, 0x07, 0xE2, 0xFF,
    0x07, 0xE2, 0xFF, 0x07, 0xE2, 0xFF, 0x07, 0xE2, 0xFF, 0x07, 0xE2, 0xFF, 0x07, 0xE2, 0xFF, 0x07,
    0xE2, 0xFF, 0x07, 0xE2, 0xFF, 0x07, 0xE2, 0xFF, 0x07, 0xE2, 0xFF, 0x07, 0xE2, 0xFF, 0x07, 0xE2,
    0xFF, 0x07, 0xE2, 0xFF, 0x07, 0xE2, 0xFF, 0x07, 0xE2, 0xFF, 0x07, 0xE2, 0xFF, 0x07, 0xE2, 0xFF,
    0x07, 0xE2, 0xFF, 0x07, 0xE2, 0xFF, 0x07, 0xE2, 0xFF, 0x07, 0xE2, 0xFF, 0x07, 0xE2, 0xFF, 0x07,
    0xE2, 0xFF, 0x07, 0xE2, 0xFF, 0x07, 0xE2, 0xFF, 0x07, 0xE2, 0xFF, 0x07, 0xE2, 0xFF, 0x07, 0xE2,
    0xFF, 0x07, 0xE2, 0xFF, 0x07, 0xE2, 0xFF, 0x07, 0xE2, 0xFF, 0x07, 0xE2, 0xFF, 0x07, 0xE2, 0xFF,
    0x07, 0xE2, 0xFF, 0x07, 0xE2, 0xFF, 0x07, 0xE2, 0xFF, 0x07, 0xE2, 0xFF, 0x07, 0xE2, 0xFF, 0x07,
    0xE2, 0xFF, 0x07, 0xE2, 0xFF, 0x07, 0xE2, 0xFF, 0x07, 0xE2, 0xFF, 0x07, 0xE2, 0xFF, 0x07, 0xE2,
    0xFF, 0x07, 0xE2, 0xFF, 0x07, 0xE2, 0xFF, 0x07, 0xE2, 0xFF, 0x07, 0xE2, 0xFF, 0x07, 0xE2, 0xFF,
    0x07, 0xE2, 0xFF, 0x07, 0xE2, 0xFF, 0x07, 0xE2, 0xFF, 0x07, 0xE2, 0xFF, 0x07, 0xE2, 0xFF, 0x07,
    0xE2, 0xFF, 0x07, 0xE2, 0xFF, 0x07, 0xE2, 0xFF, 0x07, 0xE2, 0xFF, 0x07, 0xE2, 0xFF, 0x07, 0xE2,
    0xFF, 0x07, 0xE2, 0xFF, 0x07, 0xE2, 0xFF, 0x07, 0xE2, 0xFF, 0x07, 0xE2, 0xFF, 0x07, 0xE2, 0xFF,
    0x07, 0xE2, 0xFF, 0x07, 0xE2, 0xFF, 0x07, 0xE2, 0xFF, 0x07, 0xE2, 0xFF, 0x07, 0xE2, 0xFF, 0x07,
    0xE2, 0xFF, 0x07, 0xE2, 0xFF, 0x07, 0xE2, 0xFF, 0x07, 0xE2, 0xFF, 0x07, 0xE2, 0xFF, 0x07, 0xE2,
    0xFF, 0x07, 0xE2, 0xFF, 0x07, 0xE2, 0xFF, 0x07, 0xE2, 0xFF, 0x07, 0xE2, 0xFF, 0x07, 0xE2, 0xFF,
    0x07, 0xE2, 0xFF, 0x07, 0xE2, 0xFF, 0x07, 0xE2, 0xFF, 0x07, 0xE2, 0xFF, 0x07, 0xE2, 0xFF, 0x07,
    0xE2, 0xFF, 0x07, 0xE2, 0xFF, 0x07, 0xE2, 0xFF, 0x07, 0xE2, 0xFF, 0x07, 0xE2, 0xFF, 0x07, 0xE2,
    0xFF, 0x07, 0xE2, 0xFF, 0x07, 0xE2, 0xFF, 0x07, 0xE2, 0xFF, 0x07, 0xE2, 0xFF, 0x07, 0xE2, 0xFF,
    0x07, 0xE2, 0xFF, 0x07, 0xE2, 0xFF, 0x07, 0xE2, 0xFF, 0x07, 0xE2, 0xFF, 0x07, 0xE2, 0xFF, 0x07,
    0xE2, 0xFF, 0x07, 0xE2, 0xFF, 0x07, 0xE2, 0xFF, 0x07, 0xE2, 0xFF, 0x07, 0xE2, 0xFF, 0x07, 0xE2,
    0xFF, 0x07, 0xE2, 0xFF, 0x07, 0xE2, 0xFF, 0x07, 0xE2, 0xFF, 0x07, 0xE2, 0xFF, 0x07, 0xE2, 0xFF,
    0x07, 0xE2, 0xFF, 0x07, 0xE2, 0xFF, 0x07, 0xE2, 0xFF, 0x07, 0xE2, 0xFF, 0x07, 0xE2, 0xFF, 0x07,
    0xE2, 0xFF, 0x07, 0xE2, 0xFF, 0x07, 0xE2, 0xFF, 0x07, 0xE2, 0xFF, 0x07, 0xE2, 0xFF, 0x07, 0xE2,
    0xFF, 0x07, 0xE2, 0xFF, 0x07, 0xE2, 0xFF, 0x07, 0xE2, 0xFF, 0x07, 0xE2, 0xFF, 0x07, 0xE2, 0xFF,
    0x07, 0xE2, 0xFF, 0x07, 0xE2, 0xFF, 0x07, 0xE2, 0xFF, 0x07, 0xE2, 0xFF, 0x07, 0xE2, 0xFF, 0x07,
    0xE2, 0xFF, 0x07, 0xE2, 0xFF, 0x07, 0xE2, 0xFF, 0x07, 0xE2, 0xFF, 0x07, 0xE2, 0xFF, 0x07, 0xE2,
    0xFF, 0x07, 0xE2, 0xFF, 0x07, 0xE2, 0xFF, 0x07, 0xE2, 0xFF, 0x07, 0xE2, 0xFF, 0x07, 0xE2, 0xFF,
    0x07, 0xE2, 0xFF, 0x07, 0xE2, 0xFF, 0x07, 0xE2, 0xFF, 0x07, 0xE2, 0xFF, 0x07, 0xE2, 0xFF, 0x07,
    0xE2, 0xFF, 0x07, 0xE2, 0xFF, 0x07, 0xE2, 0xFF, 0x07, 0xE2, 0xFF, 0x07, 0xE2, 0xFF, 0x07, 0xE2,
    0xFF, 0x07, 0xE2, 0xFF, 0x07, 0xE2, 0xFF, 0x07, 0xE2, 0xFF, 0x07, 0xE2, 0xFF, 0x07, 0xE2, 0xFF,
    0x07, 0xE2, 0xFF, 0x07, 0xE2, 0xFF, 0x07, 0xE2, 0xFF, 0x07, 0xE2, 0xFF, 0x07, 0xE2, 0xFF, 0x07,
    0xE2, 0xFF, 0x07, 0xE2, 0xFF, 0x07, 0xE2, 0xFF, 0x07, 0xE2, 0xFF, 0x07, 0xE2, 0xFF, 0x07, 0xE2,
    0xFF, 0x07, 0xE2, 0xFF, 0x07, 0xE2, 0xFF, 0x07, 0xE2, 0xFF, 0x07, 0xE2, 0xFF, 0x07, 0xE2, 0xFF,
    0x07, 0xE2, 0xFF, 0x07, 0xE2, 0xFF, 0x07, 0xE2, 0xFF, 0x07, 0xE2, 0xFF, 0x07, 0xE2, 0xFF, 0x07,
    0xE2, 0xFF, 0x07, 0xE2, 0xFF, 0x07, 0xE2, 0xFF, 0x07, 0xE2, 0xFF, 0x07, 0xE2, 0xFF, 0x07, 0xE2,
    0xFF, 0x07, 0xE2, 0xFF, 0x07, 0xE2, 0xFF, 0x07, 0xE2, 0xFF, 0x07, 0xE2, 0xFF, 0x07, 0xE2, 0xFF,
    0x07, 0xE2, 0xFF, 0x07, 0xE2, 0xFF, 0x07, 0xE2, 0xFF, 0x07, 0xE2, 0xFF, 0x07, 0xE2, 0xFF, 0x07,
    0xE2, 0xFF, 0x07, 0xE2, 0xFF, 0x07, 0xE2, 0xFF, 0x07, 0xE2, 0xFF, 0x07, 0xE2, 0xFF, 0x07, 0xE2,
    0xFF, 0x07, 0xE2, 0xFF, 0x07, 0xE2, 0xFF, 0x07, 0xE2, 0xFF, 0x07, 0xE2, 0xFF, 0x07, 0xE2, 0xFF,
    0x07, 0xE2, 0xFF, 0x07, 0xE2, 0xFF, 0x07, 0xE2, 0xFF, 0x07, 0xE2, 0xFF, 0x07, 0xE2, 0xFF, 0x07,
    0xE2, 0xFF, 0x07, 0xE2, 0xFF, 0x07, 0xE2, 0xFF, 0x07, 0xE2, 0xFF, 0x07, 0xE2, 0xFF, 0x07, 0xE2,
    0xFF, 0x07, 0xE2, 0xFF, 0x07, 0xE2, 0xFF, 0x07, 0xE2, 0xFF, 0x07, 0xE2, 0xFF, 0x07, 0xE2, 0xFF,
    0x07, 0xE2, 0xFF, 0x07, 0xE2, 0xFF, 0x07, 0xE2, 0xFF, 0x07, 0xE2, 0xFF, 0x07, 0xE2, 0xFF, 0x07,
    0xE2, 0xFF, 0x07, 0xE2, 0xFF, 0x07, 0xE2, 0xFF, 0x07, 0xE2, 0xFF, 0x07, 0xE2, 0xFF, 0x07, 0xE2,
    0xFF, 0x07, 0xE2, 0xFF, 0x07, 0xE2, 0xFF, 0x07, 0xE2, 0xFF, 0x07, 0xE2, 0xFF, 0x07, 0xE2, 0xFF,
    0x07, 0xE2, 0xFF, 0x07, 0xE2, 0xFF, 0x07, 0xE2, 0xFF, 0x07, 0xE2, 0xFF, 0x07, 0xE2, 0xFF, 0x07,
    0xE2, 0xFF, 0x07, 0xE2, 0xFF, 0x07, 0xE2, 0xFF, 0x07, 0xE2, 0xFF, 0x07, 0xE2, 0xFF, 0x07, 0xE2,
    0xFF, 0x07, 0xE2, 0xE2, 0x07, 0xE2, 0x79, 0x07, 0xE3, 0x0A, 0x00, 0x00, 0x00, 0x00, 0x00, 0x00,
    0x00, 0x00, 0x00, 0x00, 0x00, 0x00, 0x00, 0x00, 0x00, 0x00, 0x00, 0x00, 0x00, 0x00, 0x00, 0x00,
    0x00, 0x00, 0x00, 0x00, 0x00, 0x00, 0x00, 0x00, 0x00, 0x00, 0x00, 0x00, 0x00, 0x00, 0x00, 0x00,
    0x00, 0x00, 0x00, 0x00, 0x00, 0x00, 0x00, 0x00, 0x00, 0x00, 0x00, 0x00, 0x00, 0x00, 0x00, 0x00,
    0x07, 0xE0, 0x01, 0x07, 0xE3, 0x33, 0x07, 0xE3, 0x82, 0x07, 0xE2, 0xB5, 0x07, 0xE2, 0xD2, 0x07,
    0xE2, 0xE9, 0x07, 0xE2, 0xFF, 0x07, 0xE2, 0xFF, 0x07, 0xE2, 0xFF, 0x07, 0xE2, 0xFF, 0x07, 0xE2,
    0xFF, 0x07, 0xE2, 0xFF, 0x07, 0xE2, 0xFF, 0x07, 0xE2, 0xFF, 0x07, 0xE2, 0xFF, 0x07, 0xE2, 0xFF,
    0x07, 0xE2, 0xFF, 0x07, 0xE2, 0xFF, 0x07, 0xE2, 0xFF, 0x07, 0xE2, 0xFF, 0x07, 0xE2, 0xFF, 0x07,
    0xE2, 0xFF, 0x07, 0xE2, 0xFF, 0x07, 0xE2, 0xFF, 0x07, 0xE2, 0xFF, 0x07, 0xE2, 0xFF, 0x07, 0xE2,
    0xFF, 0x07, 0xE2, 0xFF, 0x07, 0xE2, 0xFF, 0x07, 0xE2, 0xFF, 0x07, 0xE2, 0xFF, 0x07, 0xE2, 0xFF,
    0x07, 0xE2, 0xFF, 0x07, 0xE2, 0xFF, 0x07, 0xE2, 0xFF, 0x07, 0xE2, 0xFF, 0x07, 0xE2, 0xFF, 0x07,
    0xE2, 0xFF, 0x07, 0xE2, 0xFF, 0x07, 0xE2, 0xFF, 0x07, 0xE2, 0xFF, 0x07, 0xE2, 0xFF, 0x07, 0xE2,
    0xFF, 0x07, 0xE2, 0xFF, 0x07, 0xE2, 0xFF, 0x07, 0xE2, 0xFF, 0x07, 0xE2, 0xFF, 0x07, 0xE2, 0xFF,
    0x07, 0xE2, 0xFF, 0x07, 0xE2, 0xFF, 0x07, 0xE2, 0xFF, 0x07, 0xE2, 0xFF, 0x07, 0xE2, 0xFF, 0x07,
    0xE2, 0xFF, 0x07, 0xE2, 0xFF, 0x07, 0xE2, 0xFF, 0x07, 0xE2, 0xFF, 0x07, 0xE2, 0xFF, 0x07, 0xE2,
    0xFF, 0x07, 0xE2, 0xFF, 0x07, 0xE2, 0xFF, 0x07, 0xE2, 0xFF, 0x07, 0xE2, 0xFF, 0x07, 0xE2, 0xFF,
    0x07, 0xE2, 0xFF, 0x07, 0xE2, 0xFF, 0x07, 0xE2, 0xFF, 0x07, 0xE2, 0xFF, 0x07, 0xE2, 0xFF, 0x07,
    0xE2, 0xFF, 0x07, 0xE2, 0xFF, 0x07, 0xE2, 0xFF, 0x07, 0xE2, 0xFF, 0x07, 0xE2, 0xFF, 0x07, 0xE2,
    0xFF, 0x07, 0xE2, 0xFF, 0x07, 0xE2, 0xFF, 0x07, 0xE2, 0xFF, 0x07, 0xE2, 0xFF, 0x07, 0xE2, 0xFF,
    0x07, 0xE2, 0xFF, 0x07, 0xE2, 0xFF, 0x07, 0xE2, 0xFF, 0x07, 0xE2, 0xFF, 0x07, 0xE2, 0xFF, 0x07,
    0xE2, 0xFF, 0x07, 0xE2, 0xFF, 0x07, 0xE2, 0xFF, 0x07, 0xE2, 0xFF, 0x07, 0xE2, 0xFF, 0x07, 0xE2,
    0xFF, 0x07, 0xE2, 0xFF, 0x07, 0xE2, 0xFF, 0x07, 0xE2, 0xFF, 0x07, 0xE2, 0xFF, 0x07, 0xE2, 0xFF,
    0x07, 0xE2, 0xFF, 0x07, 0xE2, 0xFF, 0x07, 0xE2, 0xFF, 0x07, 0xE2, 0xFF, 0x07, 0xE2, 0xFF, 0x07,
    0xE2, 0xFF, 0x07, 0xE2, 0xFF, 0x07, 0xE2, 0xFF, 0x07, 0xE2, 0xFF, 0x07, 0xE2, 0xFF, 0x07, 0xE2,
    0xFF, 0x07, 0xE2, 0xFF, 0x07, 0xE2, 0xFF, 0x07, 0xE2, 0xFF, 0x07, 0xE2, 0xFF, 0x07, 0xE2, 0xFF,
    0x07, 0xE2, 0xFF, 0x07, 0xE2, 0xFF, 0x07, 0xE2, 0xFF, 0x07, 0xE2, 0xFF, 0x07, 0xE2, 0xFF, 0x07,
    0xE2, 0xFF, 0x07, 0xE2, 0xFF, 0x07, 0xE2, 0xFF, 0x07, 0xE2, 0xFF, 0x07, 0xE2, 0xFF, 0x07, 0xE2,
    0xFF, 0x07, 0xE2, 0xFF, 0x07, 0xE2, 0xFF, 0x07, 0xE2, 0xFF, 0x07, 0xE2, 0xFF, 0x07, 0xE2, 0xFF,
    0x07, 0xE2, 0xFF, 0x07, 0xE2, 0xFF, 0x07, 0xE2, 0xFF, 0x07, 0xE2, 0xFF, 0x07, 0xE2, 0xFF, 0x07,
    0xE2, 0xFF, 0x07, 0xE2, 0xFF, 0x07, 0xE2, 0xFF, 0x07, 0xE2, 0xFF, 0x07, 0xE2, 0xFF, 0x07, 0xE2,
    0xFF, 0x07, 0xE2, 0xFF, 0x07, 0xE2, 0xFF, 0x07, 0xE2, 0xFF, 0x07, 0xE2, 0xFF, 0x07, 0xE2, 0xFF,
    0x07, 0xE2, 0xFF, 0x07, 0xE2, 0xFF, 0x07, 0xE2, 0xFF, 0x07, 0xE2, 0xFF, 0x07, 0xE2, 0xFF, 0x07,
    0xE2, 0xFF, 0x07, 0xE2, 0xFF, 0x07, 0xE2, 0xFF, 0x07, 0xE2, 0xFF, 0x07, 0xE2, 0xFF, 0x07, 0xE2,
    0xFF, 0x07, 0xE2, 0xFF, 0x07, 0xE2, 0xFF, 0x07, 0xE2, 0xFF, 0x07, 0xE2, 0xFF, 0x07, 0xE2, 0xFF,
    0x07, 0xE2, 0xFF, 0x07, 0xE2, 0xFF, 0x07, 0xE2, 0xFF, 0x07, 0xE2, 0xFF, 0x07, 0xE2, 0xFF, 0x07,
    0xE2, 0xFF, 0x07, 0xE2, 0xFF, 0x07, 0xE2, 0xFF, 0x07, 0xE2, 0xFF, 0x07, 0xE2, 0xFF, 0x07, 0xE2,
    0xFF, 0x07, 0xE2, 0xFF, 0x07, 0xE2, 0xFF, 0x07, 0xE2, 0xFF, 0x07, 0xE2, 0xFF, 0x07, 0xE2, 0xFF,
    0x07, 0xE2, 0xFF, 0x07, 0xE2, 0xFF, 0x07, 0xE2, 0xFF, 0x07, 0xE2, 0xFF, 0x07, 0xE2, 0xFF, 0x07,
    0xE2, 0xFF, 0x07, 0xE2, 0xFF, 0x07, 0xE2, 0xFF, 0x07, 0xE2, 0xFF, 0x07, 0xE2, 0xFF, 0x07, 0xE2,
    0xFF, 0x07, 0xE2, 0xFF, 0x07, 0xE2, 0xFF, 0x07, 0xE2, 0xFF, 0x07, 0xE2, 0xFF, 0x07, 0xE2, 0xFF,
    0x07, 0xE2, 0xFF, 0x07, 0xE2, 0xFF, 0x07, 0xE2, 0xFF, 0x07, 0xE2, 0xFF, 0x07, 0xE2, 0xFF, 0x07,
    0xE2, 0xFF, 0x07, 0xE2, 0xFF, 0x07, 0xE2, 0xFF, 0x07, 0xE2, 0xFF, 0x07, 0xE2, 0xFF, 0x07, 0xE2,
    0xFF, 0x07, 0xE2, 0xFF, 0x07, 0xE2, 0xFF, 0x07, 0xE2, 0xFF, 0x07, 0xE2, 0xFF, 0x07, 0xE2, 0xFF,
    0x07, 0xE2, 0xFF, 0x07, 0xE2, 0xFF, 0x07, 0xE2, 0xFF, 0x07, 0xE2, 0xFF, 0x07, 0xE2, 0xFF, 0x07,
    0xE2, 0xFF, 0x07, 0xE2, 0xFF, 0x07, 0xE2, 0xFF, 0x07, 0xE2, 0xFF, 0x07, 0xE2, 0xFF, 0x07, 0xE2,
    0xFF, 0x07, 0xE2, 0xFF, 0x07, 0xE2, 0xFF, 0x07, 0xE2, 0xFF, 0x07, 0xE2, 0xFF, 0x07, 0xE2, 0xFF,
    0x07, 0xE2, 0xFF, 0x07, 0xE2, 0xFF, 0x07, 0xE2, 0xFF, 0x07, 0xE2, 0xFF, 0x07, 0xE2, 0xFF, 0x07,
    0xE2, 0xFF, 0x07, 0xE2, 0xFF, 0x07, 0xE2, 0xFF, 0x07, 0xE2, 0xFF, 0x07, 0xE2, 0xFF, 0x07, 0xE2,
    0xFF, 0x07, 0xE2, 0xFF, 0x07, 0xE2, 0xFF, 0x07, 0xE2, 0xFF, 0x07, 0xE2, 0xFF, 0x07, 0xE2, 0xFF,
    0x07, 0xE2, 0xFF, 0x07, 0xE2, 0xFF, 0x07, 0xE2, 0xFF, 0x07, 0xE2, 0xFF, 0x07, 0xE2, 0xFF, 0x07,
    0xE2, 0xFF, 0x07, 0xE2, 0xFF, 0x07, 0xE2, 0xFF, 0x07, 0xE2, 0xFF, 0x07, 0xE2, 0xFF, 0x07, 0xE2,
    0xFF, 0x07, 0xE2, 0xFF, 0x07, 0xE2, 0xFF, 0x07, 0xE2, 0xFF, 0x07, 0xE2, 0xFF, 0x07, 0xE2, 0xFF,
    0x07, 0xE2, 0xFF, 0x07, 0xE2, 0xFF, 0x07, 0xE2, 0xFF, 0x07, 0xE2, 0xFF, 0x07, 0xE2, 0xFF, 0x07,
    0xE2, 0xFF, 0x07, 0xE2, 0xFF, 0x07, 0xE2, 0xFF, 0x07, 0xE2, 0xFF, 0x07, 0xE2, 0xFF, 0x07, 0xE2,
    0xFF, 0x07, 0xE2, 0xFF, 0x07, 0xE2, 0xFF, 0x07, 0xE2, 0xFF, 0x07, 0xE2, 0xFF, 0x07, 0xE2, 0xFF,
    0x07, 0xE2, 0xFF, 0x07, 0xE2, 0xFF, 0x07, 0xE2, 0xFF, 0x07, 0xE2, 0xFF, 0x07, 0xE2, 0xFF, 0x07,
    0xE2, 0xFF, 0x07, 0xE2, 0xFF, 0x07, 0xE2, 0xFF, 0x07, 0xE2, 0xFF, 0x07, 0xE2, 0xFF, 0x07, 0xE2,
    0xFF, 0x07, 0xE2, 0xFF, 0x07, 0xE2, 0xE9, 0x07, 0xE2, 0xD2, 0x07, 0xE2, 0xB5, 0x07, 0xE3, 0x82,
    0x07, 0xE3, 0x33, 0x07, 0xE0, 0x01, 0x00, 0x00, 0x00, 0x00, 0x00, 0x00, 0x00, 0x00, 0x00, 0x00,
    0x00, 0x00, 0x00, 0x00, 0x00, 0x00, 0x00, 0x00, 0x00, 0x00, 0x00, 0x00, 0x00, 0x00, 0x00, 0x00,
    0x00, 0x00, 0x00, 0x00,

};

const lv_img_dsc_t ui_img_found_block_png = {
    .header.always_zero = 0,
    .header.w = 310,
    .header.h = 130,
    .data_size = sizeof(ui_img_found_block_png_data),
    .header.cf = LV_IMG_CF_TRUE_COLOR_ALPHA,
    .data = ui_img_found_block_png_data
};
